mlbam_id,group,season,sport_id,team_name,league_name,atBats,baseOnBalls,caughtStealing,doubles,gamesPlayed,hitByPitch,hits,homeRuns,intentionalWalks,plateAppearances,runs,sacFlies,stolenBases,triples,game_date
660644,hitting,2021,11,Durham Bulls,Triple-A East,4,1,0,0,1,0,2,0,0,5,1,0,0,0,2021-05-04
660644,hitting,2021,11,Durham Bulls,Triple-A East,4,1,0,0,1,0,2,1,0,5,2,0,1,0,2021-05-05
660644,hitting,2021,11,Durham Bulls,Triple-A East,4,0,0,0,1,0,2,1,0,4,1,0,0,0,2021-05-06
660644,hitting,2021,11,Durham Bulls,Triple-A East,4,2,0,0,1,0,1,0,0,6,1,0,0,0,2021-05-07
660644,hitting,2021,11,Durham Bulls,Triple-A East,5,1,1,0,1,0,3,2,0,6,3,0,0,0,2021-05-08
660644,hitting,2021,11,Durham Bulls,Triple-A East,1,1,0,0,1,0,0,0,0,2,0,0,0,0,2021-05-09
660644,hitting,2021,11,Durham Bulls,Triple-A East,5,0,0,0,1,0,1,0,0,5,0,0,0,0,2021-05-11
660644,hitting,2021,11,Durham Bulls,Triple-A East,4,0,0,0,1,0,1,0,0,4,0,0,0,0,2021-05-13
660644,hitting,2021,11,Durham Bulls,Triple-A East,4,0,0,0,1,0,1,0,0,4,1,0,1,0,2021-05-13
660644,hitting,2021,11,Durham Bulls,Triple-A East,3,1,0,1,1,0,1,0,0,4,1,0,0,0,2021-05-14
660644,hitting,2021,11,Durham Bulls,Triple-A East,4,2,0,0,1,0,1,1,0,6,2,0,1,0,2021-05-15
660644,hitting,2021,11,Durham Bulls,Triple-A East,5,0,0,0,1,0,0,0,0,5,0,0,0,0,2021-05-16
660644,hitting,2021,11,Durham Bulls,Triple-A East,4,0,0,0,1,0,1,0,0,4,1,0,0,0,2021-05-18
660644,hitting,2021,11,Durham Bulls,Triple-A East,5,0,0,0,1,0,3,1,0,5,1,0,1,0,2021-05-19
660644,hitting,2021,11,Durham Bulls,Triple-A East,4,1,0,0,1,0,1,0,0,5,1,0,3,0,2021-05-20
660644,hitting,2021,11,Durham Bulls,Triple-A East,5,0,0,0,1,0,2,1,0,5,1,0,0,0,2021-05-22
660644,hitting,2021,11,Durham Bulls,Triple-A East,4,0,0,0,1,0,0,0,0,4,1,0,0,0,2021-05-23
660644,hitting,2021,11,Durham Bulls,Triple-A East,6,0,0,2,1,0,3,0,0,6,2,0,1,0,2021-05-25
660644,hitting,2021,11,Durham Bulls,Triple-A East,2,2,0,0,1,0,0,0,0,4,1,0,1,0,2021-05-26
660644,hitting,2021,11,Durham Bulls,Triple-A East,4,1,0,0,1,0,1,0,0,5,0,0,0,0,2021-05-27
660644,hitting,2021,11,Durham Bulls,Triple-A East,5,0,0,0,1,0,2,0,0,5,0,0,0,0,2021-05-29
660644,hitting,2021,11,Durham Bulls,Triple-A East,3,1,0,0,1,0,0,0,0,4,0,0,0,0,2021-05-30
660644,hitting,2021,11,Durham Bulls,Triple-A East,4,1,1,0,1,0,0,0,0,5,0,0,0,0,2021-06-01
660644,hitting,2021,11,Durham Bulls,Triple-A East,4,1,0,0,1,0,2,0,0,5,3,0,2,0,2021-06-02
660644,hitting,2021,11,Durham Bulls,Triple-A East,4,0,0,0,1,0,1,0,0,4,1,0,1,0,2021-06-03
660644,hitting,2021,11,Durham Bulls,Triple-A East,4,1,0,1,1,0,1,0,0,5,1,0,1,0,2021-06-05
660644,hitting,2021,11,Durham Bulls,Triple-A East,0,1,0,0,1,0,0,0,0,1,1,0,0,0,2021-06-06
660644,hitting,2021,11,Durham Bulls,Triple-A East,4,0,0,1,1,0,1,0,0,4,1,0,0,0,2021-06-08
660644,hitting,2021,11,Durham Bulls,Triple-A East,3,1,0,1,1,0,1,0,0,5,1,1,1,0,2021-06-09
660644,hitting,2021,11,Durham Bulls,Triple-A East,3,1,0,0,1,0,0,0,0,4,0,0,0,0,2021-06-10
660644,hitting,2021,11,Durham Bulls,Triple-A East,5,0,0,1,1,0,1,0,0,5,0,0,0,0,2021-06-11
660644,hitting,2021,11,Durham Bulls,Triple-A East,4,0,0,0,1,0,0,0,0,4,0,0,0,0,2021-06-13
660644,hitting,2021,11,Durham Bulls,Triple-A East,4,0,0,0,1,0,0,0,0,4,0,0,0,0,2021-06-15
660644,hitting,2021,11,Durham Bulls,Triple-A East,4,1,0,0,1,0,0,0,0,5,1,0,0,0,2021-06-16
660644,hitting,2021,11,Durham Bulls,Triple-A East,4,0,0,0,1,0,0,0,0,4,0,0,0,0,2021-06-18
660644,hitting,2021,11,Durham Bulls,Triple-A East,5,0,0,0,1,0,3,1,0,5,2,0,0,0,2021-06-19
660644,hitting,2021,11,Durham Bulls,Triple-A East,5,0,0,1,1,0,2,1,0,5,2,0,0,0,2021-06-20
660644,hitting,2021,11,Durham Bulls,Triple-A East,4,0,0,0,1,0,0,0,0,4,0,0,0,0,2021-06-22
660644,hitting,2021,11,Durham Bulls,Triple-A East,5,0,0,0,1,0,0,0,0,5,0,0,0,0,2021-06-23
660644,hitting,2021,11,Durham Bulls,Triple-A East,1,0,0,0,1,0,0,0,0,1,0,0,0,0,2021-06-24
660644,hitting,2021,11,Durham Bulls,Triple-A East,5,0,0,0,1,0,0,0,0,5,0,0,0,0,2021-06-25
660644,hitting,2021,11,Durham Bulls,Triple-A East,4,0,0,0,1,0,0,0,0,5,0,0,0,0,2021-06-26
660644,hitting,2021,11,Durham Bulls,Triple-A East,5,0,0,0,1,0,1,0,0,5,1,0,0,1,2021-06-27
660644,hitting,2021,11,Durham Bulls,Triple-A East,3,2,0,2,1,0,3,0,0,5,1,0,0,0,2021-06-29
660644,hitting,2021,11,Durham Bulls,Triple-A East,4,0,0,0,1,0,0,0,0,4,0,0,0,0,2021-06-30
660644,hitting,2021,11,Durham Bulls,Triple-A East,3,1,1,0,1,0,1,0,0,4,1,0,0,0,2021-07-01
660644,hitting,2021,11,Durham Bulls,Triple-A East,5,0,0,1,1,0,2,0,0,5,0,0,0,0,2021-07-02
660644,hitting,2021,11,Durham Bulls,Triple-A East,4,1,1,0,1,0,2,0,0,5,0,0,0,0,2021-07-03
660644,hitting,2021,11,Durham Bulls,Triple-A East,0,0,0,0,1,0,0,0,0,0,1,0,1,0,2021-07-04
665833,hitting,2021,11,Indianapolis Indians,Triple-A East,3,1,0,0,1,0,1,1,0,4,1,0,1,0,2021-09-22
665833,hitting,2021,11,Indianapolis Indians,Triple-A East,4,0,0,0,1,0,0,0,0,4,0,0,0,0,2021-09-23
665833,hitting,2021,11,Indianapolis Indians,Triple-A East,4,1,0,0,1,0,3,1,0,5,3,0,0,0,2021-09-24
665833,hitting,2021,11,Indianapolis Indians,Triple-A East,3,3,0,0,1,0,2,1,0,6,4,0,0,0,2021-09-26
665833,hitting,2021,11,Indianapolis Indians,Triple-A East,5,0,0,1,1,0,4,1,0,5,2,0,0,0,2021-09-29
665833,hitting,2021,11,Indianapolis Indians,Triple-A East,2,3,0,0,1,0,1,1,0,5,1,0,0,0,2021-09-30
665833,hitting,2021,12,Altoona Curve,Double-A Northeast,4,0,0,0,1,0,2,0,0,4,1,0,0,0,2021-05-04
665833,hitting,2021,12,Altoona Curve,Double-A Northeast,5,0,0,0,1,0,0,0,0,5,0,0,0,0,2021-05-05
665833,hitting,2021,12,Altoona Curve,Double-A Northeast,3,0,0,0,1,0,0,0,0,3,0,0,0,0,2021-05-06
665833,hitting,2021,12,Altoona Curve,Double-A Northeast,5,0,0,1,1,0,2,0,0,5,0,0,0,0,2021-05-07
665833,hitting,2021,12,Altoona Curve,Double-A Northeast,4,0,0,0,1,0,1,1,0,4,1,0,0,0,2021-05-11
665833,hitting,2021,12,Altoona Curve,Double-A Northeast,3,2,0,0,1,0,1,1,0,5,2,0,0,0,2021-05-12
665833,hitting,2021,12,Altoona Curve,Double-A Northeast,6,0,0,0,1,0,2,0,0,6,1,0,0,1,2021-05-13
665833,hitting,2021,12,Altoona Curve,Double-A Northeast,5,0,0,1,1,0,1,0,0,5,0,0,0,0,2021-05-14
665833,hitting,2021,12,Altoona Curve,Double-A Northeast,4,0,0,0,1,0,1,0,0,4,0,0,0,0,2021-05-18
665833,hitting,2021,12,Altoona Curve,Double-A Northeast,4,0,0,0,1,0,0,0,0,4,0,0,0,0,2021-05-19
665833,hitting,2021,12,Altoona Curve,Double-A Northeast,3,2,0,1,1,0,1,0,0,5,1,0,0,0,2021-05-20
665833,hitting,2021,12,Altoona Curve,Double-A Northeast,3,1,0,0,1,0,0,0,0,4,1,0,1,0,2021-05-21
665833,hitting,2021,12,Altoona Curve,Double-A Northeast,4,0,1,0,1,1,2,0,0,5,0,0,0,0,2021-05-22
665833,hitting,2021,12,Altoona Curve,Double-A Northeast,5,0,0,0,1,0,1,0,0,5,0,0,0,0,2021-05-23
665833,hitting,2021,12,Altoona Curve,Double-A Northeast,4,0,0,0,1,0,0,0,0,4,0,0,1,0,2021-05-25
665833,hitting,2021,12,Altoona Curve,Double-A Northeast,4,0,0,0,1,0,1,0,0,4,1,0,1,0,2021-05-26
665833,hitting,2021,12,Altoona Curve,Double-A Northeast,5,0,0,0,1,0,2,1,0,5,1,0,0,0,2021-05-27
665833,hitting,2021,12,Altoona Curve,Double-A Northeast,2,0,0,1,1,0,1,0,0,3,1,0,0,0,2021-05-29
665833,hitting,2021,12,Altoona Curve,Double-A Northeast,3,0,1,0,1,0,1,1,0,3,1,0,0,0,2021-05-29
665833,hitting,2021,12,Altoona Curve,Double-A Northeast,2,3,0,0,1,0,1,0,0,5,2,0,0,1,2021-05-30
665833,hitting,2021,12,Altoona Curve,Double-A Northeast,4,0,0,0,1,0,1,0,0,4,0,0,1,0,2021-06-01
665833,hitting,2021,12,Altoona Curve,Double-A Northeast,5,0,0,0,1,0,4,1,0,5,2,0,3,0,2021-06-02
665833,hitting,2021,12,Altoona Curve,Double-A Northeast,5,0,0,0,1,0,1,0,0,5,0,0,0,0,2021-06-03
665833,hitting,2021,12,Altoona Curve,Double-A Northeast,4,0,0,1,1,0,2,0,0,4,0,0,0,0,2021-06-04
665833,hitting,2021,12,Altoona Curve,Double-A Northeast,6,0,0,0,1,0,1,0,0,6,1,0,0,0,2021-06-05
665833,hitting,2021,12,Altoona Curve,Double-A Northeast,3,1,0,0,1,0,0,0,0,4,2,0,0,0,2021-06-08
665833,hitting,2021,12,Altoona Curve,Double-A Northeast,3,2,0,0,1,0,2,1,0,5,3,0,0,0,2021-06-09
665833,hitting,2021,12,Altoona Curve,Double-A Northeast,4,0,0,0,1,0,1,1,0,4,1,0,0,0,2021-06-11
665833,hitting,2021,12,Altoona Curve,Double-A Northeast,3,0,0,0,1,0,1,0,0,3,0,0,0,0,2021-06-12
665833,hitting,2021,12,Altoona Curve,Double-A Northeast,3,0,0,1,1,0,3,1,0,3,2,0,0,0,2021-06-12
665833,hitting,2021,12,Altoona Curve,Double-A Northeast,4,0,0,0,1,0,1,0,0,4,1,0,0,0,2021-06-13
665833,hitting,2021,12,Altoona Curve,Double-A Northeast,5,0,0,1,1,0,1,0,0,5,0,0,0,0,2021-06-15
665833,hitting,2021,12,Altoona Curve,Double-A Northeast,5,0,0,0,1,0,1,0,0,5,1,0,0,0,2021-06-16
665833,hitting,2021,12,Altoona Curve,Double-A Northeast,5,0,0,0,1,0,1,0,0,5,2,0,1,1,2021-06-17
665833,hitting,2021,12,Altoona Curve,Double-A Northeast,4,0,0,0,1,0,2,0,0,4,1,0,0,0,2021-06-18
665833,hitting,2021,12,Altoona Curve,Double-A Northeast,5,0,0,2,1,0,3,0,0,5,1,0,0,0,2021-06-19
665833,hitting,2021,12,Altoona Curve,Double-A Northeast,4,0,0,0,1,0,0,0,0,4,0,0,0,0,2021-06-20
665833,hitting,2021,12,Altoona Curve,Double-A Northeast,4,1,0,0,1,0,2,0,0,5,1,0,1,0,2021-06-22
665833,hitting,2021,12,Altoona Curve,Double-A Northeast,3,2,0,0,1,0,0,0,0,5,1,0,0,0,2021-06-23
665833,hitting,2021,12,Altoona Curve,Double-A Northeast,4,1,0,0,1,0,0,0,0,5,0,0,0,0,2021-06-24
665833,hitting,2021,12,Altoona Curve,Double-A Northeast,4,0,0,1,1,0,1,0,0,4,0,0,0,0,2021-06-25
665833,hitting,2021,12,Altoona Curve,Double-A Northeast,4,0,0,0,1,0,1,0,0,4,1,0,1,0,2021-06-27
665833,hitting,2021,12,Altoona Curve,Double-A Northeast,4,0,0,0,1,0,1,1,0,4,1,0,0,0,2021-06-30
665833,hitting,2021,12,Altoona Curve,Double-A Northeast,5,0,0,2,1,0,3,0,0,5,3,0,0,0,2021-08-20
665833,hitting,2021,12,Altoona Curve,Double-A Northeast,4,1,0,0,1,0,0,0,0,5,0,0,0,0,2021-08-22
665833,hitting,2021,12,Altoona Curve,Double-A Northeast,5,0,0,0,1,0,3,0,0,5,4,0,2,0,2021-08-24
665833,hitting,2021,12,Altoona Curve,Double-A Northeast,3,0,0,0,1,0,0,0,0,3,0,0,0,0,2021-08-26
665833,hitting,2021,12,Altoona Curve,Double-A Northeast,3,1,0,0,1,0,0,0,0,4,1,0,0,0,2021-08-28
665833,hitting,2021,12,Altoona Curve,Double-A Northeast,4,0,0,0,1,0,2,0,0,4,0,0,1,0,2021-08-31
665833,hitting,2021,12,Altoona Curve,Double-A Northeast,4,0,0,0,1,0,1,0,0,5,0,1,1,0,2021-09-01
665833,hitting,2021,12,Altoona Curve,Double-A Northeast,4,0,0,0,1,0,0,0,0,4,0,0,0,0,2021-09-03
665833,hitting,2021,12,Altoona Curve,Double-A Northeast,5,0,0,0,1,0,2,0,0,5,0,0,0,1,2021-09-04
665833,hitting,2021,12,Altoona Curve,Double-A Northeast,4,1,0,0,1,0,1,1,0,5,2,0,0,0,2021-09-05
665833,hitting,2021,12,Altoona Curve,Double-A Northeast,3,1,1,0,1,0,1,0,0,4,1,0,1,0,2021-09-07
665833,hitting,2021,12,Altoona Curve,Double-A Northeast,5,0,0,1,1,0,2,0,0,5,2,0,0,0,2021-09-09
665833,hitting,2021,12,Altoona Curve,Double-A Northeast,5,0,0,0,1,0,0,0,0,5,0,0,0,0,2021-09-10
665833,hitting,2021,12,Altoona Curve,Double-A Northeast,5,0,0,0,1,0,3,0,0,5,1,0,2,1,2021-09-11
665833,hitting,2021,12,Altoona Curve,Double-A Northeast,1,0,0,0,1,0,0,0,0,1,0,0,0,0,2021-09-14
665833,hitting,2021,12,Altoona Curve,Double-A Northeast,5,0,0,0,1,0,1,1,0,5,1,0,0,0,2021-09-15
665833,hitting,2021,12,Altoona Curve,Double-A Northeast,4,0,0,0,1,0,1,1,0,4,1,0,0,0,2021-09-16
665833,hitting,2021,12,Altoona Curve,Double-A Northeast,3,1,0,0,1,0,0,0,0,4,0,0,1,0,2021-09-17
665833,hitting,2021,12,Altoona Curve,Double-A Northeast,5,0,0,2,1,0,3,0,0,5,1,0,0,0,2021-09-18
666139,hitting,2021,11,Durham Bulls,Triple-A East,4,0,0,0,1,0,0,0,0,4,0,0,0,0,2021-05-04
666139,hitting,2021,11,Durham Bulls,Triple-A East,4,0,0,0,1,0,0,0,0,4,0,0,0,0,2021-05-05
666139,hitting,2021,11,Durham Bulls,Triple-A East,4,0,0,0,1,0,1,0,0,4,1,0,0,0,2021-05-06
666139,hitting,2021,11,Durham Bulls,Triple-A East,6,0,0,1,1,0,3,2,0,6,2,0,0,0,2021-05-07
666139,hitting,2021,11,Durham Bulls,Triple-A East,5,0,0,1,1,0,2,1,0,5,1,0,0,0,2021-05-09
666139,hitting,2021,11,Durham Bulls,Triple-A East,3,1,0,0,1,0,1,0,0,4,1,0,1,0,2021-05-11
666139,hitting,2021,11,Durham Bulls,Triple-A East,4,0,0,0,1,0,1,0,0,4,0,0,1,0,2021-05-13
666139,hitting,2021,11,Durham Bulls,Triple-A East,3,0,0,1,1,0,2,1,0,3,2,0,0,0,2021-05-13
666139,hitting,2021,11,Durham Bulls,Triple-A East,4,0,0,0,1,0,1,0,0,4,1,0,0,1,2021-05-18
666139,hitting,2021,11,Durham Bulls,Triple-A East,4,0,0,1,1,0,1,0,0,5,0,1,0,0,2021-05-19
666139,hitting,2021,11,Durham Bulls,Triple-A East,1,0,0,0,1,0,0,0,0,1,0,0,0,0,2021-05-20
666139,hitting,2021,11,Durham Bulls,Triple-A East,4,0,0,0,1,0,1,1,0,4,1,0,0,0,2021-05-21
666139,hitting,2021,11,Durham Bulls,Triple-A East,4,1,0,1,1,0,2,0,0,5,2,0,0,0,2021-05-22
666139,hitting,2021,11,Durham Bulls,Triple-A East,4,0,0,0,1,0,1,1,0,4,1,0,0,0,2021-05-23
666139,hitting,2021,11,Durham Bulls,Triple-A East,6,0,0,0,1,0,3,1,0,6,2,0,0,0,2021-05-25
666139,hitting,2021,11,Durham Bulls,Triple-A East,4,0,0,0,1,0,1,0,0,4,1,0,0,0,2021-05-26
666139,hitting,2021,11,Durham Bulls,Triple-A East,4,1,0,0,1,0,1,0,0,5,1,0,0,0,2021-05-27
666139,hitting,2021,11,Durham Bulls,Triple-A East,5,0,0,0,1,0,2,0,0,5,1,0,0,0,2021-05-28
666139,hitting,2021,11,Durham Bulls,Triple-A East,3,1,0,0,1,0,0,0,0,4,0,0,0,0,2021-05-30
666139,hitting,2021,11,Durham Bulls,Triple-A East,5,0,0,0,1,0,0,0,0,5,0,0,0,0,2021-06-01
666139,hitting,2021,11,Durham Bulls,Triple-A East,4,1,0,1,1,0,2,0,0,5,1,0,1,0,2021-06-02
666139,hitting,2021,11,Durham Bulls,Triple-A East,3,0,0,0,1,1,1,1,0,4,1,0,0,0,2021-06-03
666139,hitting,2021,11,Durham Bulls,Triple-A East,4,0,0,0,1,0,2,0,0,4,0,0,1,0,2021-06-05
666139,hitting,2021,11,Durham Bulls,Triple-A East,3,1,0,1,1,0,1,0,0,4,0,0,0,0,2021-06-06
666139,hitting,2021,11,Durham Bulls,Triple-A East,2,2,0,0,1,0,1,0,0,4,1,0,0,0,2021-06-08
666139,hitting,2021,11,Durham Bulls,Triple-A East,4,1,0,1,1,0,1,0,0,5,2,0,2,0,2021-06-09
666139,hitting,2021,11,Durham Bulls,Triple-A East,1,0,0,0,1,0,1,1,0,1,1,0,0,0,2021-06-10
666139,hitting,2021,11,Durham Bulls,Triple-A East,4,0,0,1,1,0,2,0,0,4,0,0,0,0,2021-06-11
666139,hitting,2021,11,Durham Bulls,Triple-A East,5,0,0,1,1,0,1,0,0,5,1,0,0,0,2021-06-12
666139,hitting,2021,11,Durham Bulls,Triple-A East,3,0,0,0,1,0,0,0,0,3,0,0,0,0,2021-06-13
666139,hitting,2021,11,Durham Bulls,Triple-A East,3,0,0,0,1,0,1,0,0,4,0,1,0,0,2021-06-15
666139,hitting,2021,11,Durham Bulls,Triple-A East,5,0,0,0,1,0,2,0,0,5,0,0,0,0,2021-06-16
666139,hitting,2021,11,Durham Bulls,Triple-A East,4,1,0,0,1,0,1,0,0,5,0,0,1,0,2021-06-17
666139,hitting,2021,11,Durham Bulls,Triple-A East,4,0,0,2,1,0,2,0,0,4,1,0,0,0,2021-06-18
666139,hitting,2021,11,Durham Bulls,Triple-A East,4,1,0,0,1,0,1,0,0,5,0,0,0,0,2021-06-19
666139,hitting,2021,11,Durham Bulls,Triple-A East,3,1,0,0,1,0,1,0,0,4,1,0,1,0,2021-06-22
666139,hitting,2021,11,Durham Bulls,Triple-A East,3,1,0,0,1,0,0,0,0,4,0,0,0,0,2021-06-23
666139,hitting,2021,11,Durham Bulls,Triple-A East,4,1,0,0,1,0,1,0,0,5,0,0,0,0,2021-06-24
666139,hitting,2021,11,Durham Bulls,Triple-A East,3,2,0,0,1,0,0,0,0,5,0,0,1,0,2021-06-25
666139,hitting,2021,11,Durham Bulls,Triple-A East,5,0,0,0,1,0,1,0,0,5,0,0,0,0,2021-06-27
666139,hitting,2021,11,Durham Bulls,Triple-A East,5,0,0,1,1,0,1,0,0,5,0,0,0,0,2021-06-29
666139,hitting,2021,11,Durham Bulls,Triple-A East,4,0,0,0,1,0,1,0,0,4,0,0,0,0,2021-06-30
666139,hitting,2021,11,Durham Bulls,Triple-A East,3,1,0,0,1,0,1,0,0,4,0,0,0,0,2021-07-01
666139,hitting,2021,11,Durham Bulls,Triple-A East,4,1,0,1,1,0,1,0,0,5,1,0,1,0,2021-07-02
666139,hitting,2021,11,Durham Bulls,Triple-A East,4,1,0,0,1,0,2,0,0,5,1,0,1,0,2021-07-03
666139,hitting,2021,11,Durham Bulls,Triple-A East,4,0,0,0,1,0,1,0,0,4,1,0,0,0,2021-07-04
666139,hitting,2021,11,Durham Bulls,Triple-A East,4,1,0,0,1,0,1,0,0,5,2,0,1,0,2021-07-06
666139,hitting,2021,11,Durham Bulls,Triple-A East,6,0,0,1,1,0,2,0,0,6,1,0,0,0,2021-07-07
666139,hitting,2021,11,Durham Bulls,Triple-A East,2,2,0,0,1,0,1,0,0,4,0,0,0,0,2021-07-09
666139,hitting,2021,11,Durham Bulls,Triple-A East,5,0,0,0,1,0,0,0,0,5,0,0,0,0,2021-07-10
666139,hitting,2021,11,Durham Bulls,Triple-A East,0,0,0,0,1,0,0,0,0,0,0,0,0,0,2021-07-11
666139,hitting,2021,11,Durham Bulls,Triple-A East,4,0,0,1,1,0,3,2,0,4,2,0,0,0,2021-07-13
666139,hitting,2021,11,Durham Bulls,Triple-A East,2,1,0,0,1,0,0,0,0,4,0,1,0,0,2021-07-14
666139,hitting,2021,11,Durham Bulls,Triple-A East,4,1,0,0,1,0,1,1,0,5,1,0,0,0,2021-07-15
666139,hitting,2021,11,Durham Bulls,Triple-A East,4,0,0,0,1,0,0,0,0,4,0,0,1,0,2021-07-16
666139,hitting,2021,11,Durham Bulls,Triple-A East,4,0,0,1,1,0,2,1,0,4,2,0,0,0,2021-07-17
666139,hitting,2021,11,Durham Bulls,Triple-A East,2,1,0,0,1,0,0,0,0,4,1,1,0,0,2021-07-18
666139,hitting,2021,11,Durham Bulls,Triple-A East,3,1,0,0,1,0,0,0,0,4,1,0,1,0,2021-07-20
666139,hitting,2021,11,Durham Bulls,Triple-A East,3,1,0,0,1,0,0,0,0,4,1,0,0,0,2021-07-21
666139,hitting,2021,11,Durham Bulls,Triple-A East,3,1,0,0,1,0,1,1,0,4,1,0,1,0,2021-07-22
666139,hitting,2021,11,Durham Bulls,Triple-A East,4,0,0,0,1,0,0,0,0,4,0,0,0,0,2021-07-23
666139,hitting,2021,11,Durham Bulls,Triple-A East,5,0,0,0,1,0,2,0,0,5,2,0,0,1,2021-07-25
666139,hitting,2021,11,Durham Bulls,Triple-A East,4,0,0,0,1,0,0,0,0,4,0,0,0,0,2021-07-27
666139,hitting,2021,11,Durham Bulls,Triple-A East,3,0,0,1,1,0,2,0,0,3,0,0,0,0,2021-07-28
666139,hitting,2021,11,Durham Bulls,Triple-A East,2,1,0,0,1,0,0,0,0,3,0,0,0,0,2021-07-28
666139,hitting,2021,11,Durham Bulls,Triple-A East,5,0,0,0,1,0,1,0,0,5,0,0,0,0,2021-07-29
666139,hitting,2021,11,Durham Bulls,Triple-A East,1,0,0,0,1,0,0,0,0,1,0,0,0,0,2021-07-30
666139,hitting,2021,11,Durham Bulls,Triple-A East,4,1,0,0,1,0,1,0,0,5,1,0,0,0,2021-07-31
666139,hitting,2021,11,Durham Bulls,Triple-A East,5,0,0,1,1,0,2,0,0,5,0,0,1,0,2021-08-01
666139,hitting,2021,11,Durham Bulls,Triple-A East,5,0,0,0,1,0,2,1,0,5,1,0,0,0,2021-08-03
666139,hitting,2021,11,Durham Bulls,Triple-A East,3,1,0,0,1,0,0,0,0,4,1,0,0,0,2021-08-04
666139,hitting,2021,11,Durham Bulls,Triple-A East,4,0,0,1,1,0,3,0,0,4,0,0,1,0,2021-08-05
666139,hitting,2021,11,Durham Bulls,Triple-A East,3,1,0,0,1,0,1,1,0,4,2,0,1,0,2021-08-06
666139,hitting,2021,11,Durham Bulls,Triple-A East,3,2,0,0,1,0,1,1,0,5,2,0,0,0,2021-08-07
666139,hitting,2021,11,Durham Bulls,Triple-A East,4,0,0,0,1,0,0,0,0,4,0,0,0,0,2021-08-08
666139,hitting,2021,11,Durham Bulls,Triple-A East,0,3,0,0,1,0,0,0,0,3,1,0,1,0,2021-08-11
666139,hitting,2021,11,Durham Bulls,Triple-A East,4,0,0,0,1,0,0,0,0,4,0,0,0,0,2021-08-12
666139,hitting,2021,11,Durham Bulls,Triple-A East,4,1,0,0,1,0,0,0,0,5,2,0,0,0,2021-08-13
666139,hitting,2021,11,Durham Bulls,Triple-A East,5,0,0,1,1,0,1,0,0,5,1,0,0,0,2021-08-14
666139,hitting,2021,11,Durham Bulls,Triple-A East,4,0,0,0,1,0,2,0,0,4,1,0,0,0,2021-08-15
666139,hitting,2021,11,Durham Bulls,Triple-A East,4,0,0,0,1,0,1,1,0,4,1,0,0,0,2021-08-17
666139,hitting,2021,11,Durham Bulls,Triple-A East,4,1,0,0,1,0,1,1,0,5,1,0,0,0,2021-08-18
666139,hitting,2021,11,Durham Bulls,Triple-A East,4,0,0,0,1,0,1,1,0,5,1,1,0,0,2021-08-19
666139,hitting,2021,11,Durham Bulls,Triple-A East,2,2,0,0,1,0,0,0,0,4,1,0,0,0,2021-08-21
666139,hitting,2021,11,Durham Bulls,Triple-A East,3,1,0,0,1,0,0,0,0,4,0,0,1,0,2021-08-22
666139,hitting,2021,11,Durham Bulls,Triple-A East,4,1,0,0,1,0,1,0,0,5,2,0,0,0,2021-08-24
666139,hitting,2021,11,Durham Bulls,Triple-A East,4,0,0,0,1,0,2,0,0,5,1,1,1,0,2021-08-25
666139,hitting,2021,11,Durham Bulls,Triple-A East,4,0,0,0,1,0,0,0,0,4,0,0,0,0,2021-08-26
666139,hitting,2021,11,Durham Bulls,Triple-A East,4,0,0,0,1,0,1,0,0,4,0,0,0,0,2021-08-28
666139,hitting,2021,11,Durham Bulls,Triple-A East,2,1,0,0,1,0,0,0,0,3,1,0,0,0,2021-08-28
666139,hitting,2021,11,Durham Bulls,Triple-A East,0,1,0,0,1,0,0,0,0,1,1,0,0,0,2021-08-29
666139,hitting,2021,11,Durham Bulls,Triple-A East,5,0,0,1,1,0,2,1,0,5,2,0,0,0,2021-08-31
666139,hitting,2021,11,Durham Bulls,Triple-A East,4,1,0,1,1,0,2,0,0,5,1,0,0,0,2021-09-01
666139,hitting,2021,11,Durham Bulls,Triple-A East,3,1,0,0,1,0,2,0,0,4,1,0,0,0,2021-09-02
666139,hitting,2021,11,Durham Bulls,Triple-A East,3,2,0,0,1,0,1,0,1,5,0,0,0,0,2021-09-03
666139,hitting,2021,11,Durham Bulls,Triple-A East,4,0,0,1,1,0,3,0,0,4,1,0,2,0,2021-09-04
666139,hitting,2021,11,Durham Bulls,Triple-A East,3,1,0,0,1,0,0,0,0,4,0,0,1,0,2021-09-05
666139,hitting,2021,11,Durham Bulls,Triple-A East,3,1,0,0,1,0,2,0,0,4,0,0,0,0,2021-09-07
666310,hitting,2022,11,Columbus Clippers,International League,3,1,0,0,1,0,0,0,0,4,0,0,0,0,2022-06-21
666310,hitting,2022,11,Columbus Clippers,International League,4,1,0,0,1,0,0,0,0,5,1,0,0,0,2022-06-22
666310,hitting,2022,11,Columbus Clippers,International League,4,0,0,0,1,0,1,0,0,5,0,1,0,0,2022-06-24
666310,hitting,2022,11,Columbus Clippers,International League,4,0,0,0,1,0,1,0,0,4,0,0,0,0,2022-06-25
666310,hitting,2022,11,Columbus Clippers,International League,5,0,0,0,1,0,1,1,0,5,1,0,0,0,2022-06-26
666310,hitting,2022,11,Columbus Clippers,International League,4,0,0,0,1,0,0,0,0,4,0,0,0,0,2022-06-28
666310,hitting,2022,11,Columbus Clippers,International League,4,2,0,2,1,0,3,0,0,6,2,0,0,0,2022-06-29
666310,hitting,2022,11,Columbus Clippers,International League,4,1,0,0,1,0,0,0,0,5,1,0,0,0,2022-06-30
666310,hitting,2022,11,Columbus Clippers,International League,4,2,0,1,1,0,3,1,0,6,1,0,0,0,2022-07-01
666310,hitting,2022,11,Columbus Clippers,International League,4,1,0,1,1,0,3,0,0,5,3,0,1,0,2022-07-02
666310,hitting,2022,11,Columbus Clippers,International League,3,1,0,0,1,0,2,0,0,4,0,0,0,0,2022-07-04
666310,hitting,2022,11,Columbus Clippers,International League,3,1,0,0,1,0,0,0,0,4,1,0,0,0,2022-07-06
666310,hitting,2022,11,Columbus Clippers,International League,4,0,0,0,1,0,1,1,0,4,1,0,0,0,2022-07-07
666310,hitting,2022,11,Columbus Clippers,International League,1,2,0,0,1,1,0,0,0,4,0,0,0,0,2022-07-08
666310,hitting,2022,11,Columbus Clippers,International League,4,0,0,0,1,0,2,1,0,4,1,0,0,0,2022-07-10
666310,hitting,2022,11,Columbus Clippers,International League,4,0,0,0,1,0,1,0,0,4,0,0,0,0,2022-07-12
666310,hitting,2022,11,Columbus Clippers,International League,2,1,0,0,1,1,1,0,0,4,0,0,0,0,2022-07-13
666310,hitting,2022,11,Columbus Clippers,International League,3,1,0,0,1,0,1,0,0,4,1,0,1,0,2022-07-15
666310,hitting,2022,11,Columbus Clippers,International League,1,2,0,0,1,1,0,0,0,4,1,0,0,0,2022-07-16
666310,hitting,2022,11,Columbus Clippers,International League,4,0,0,1,1,0,1,0,0,4,1,0,0,0,2022-07-22
666310,hitting,2022,11,Columbus Clippers,International League,5,0,0,0,1,0,2,0,0,5,2,0,0,2,2022-07-23
666310,hitting,2022,11,Columbus Clippers,International League,3,1,0,1,1,0,1,0,0,4,1,0,0,0,2022-07-26
666310,hitting,2022,11,Columbus Clippers,International League,3,0,0,0,1,0,0,0,0,3,0,0,0,0,2022-07-27
666310,hitting,2022,11,Columbus Clippers,International League,3,0,0,0,1,0,1,0,0,3,0,0,1,0,2022-07-28
666310,hitting,2022,11,Columbus Clippers,International League,5,0,0,0,1,0,1,1,0,5,1,0,0,0,2022-07-29
666310,hitting,2022,11,Columbus Clippers,International League,4,0,0,0,1,1,1,0,0,5,0,0,1,0,2022-07-30
666310,hitting,2022,11,Columbus Clippers,International League,3,1,0,0,1,0,1,0,0,4,0,0,0,0,2022-08-02
666310,hitting,2022,11,Columbus Clippers,International League,4,0,0,0,1,0,1,1,0,4,1,0,0,0,2022-08-03
666310,hitting,2022,11,Columbus Clippers,International League,4,0,0,1,1,0,1,0,0,4,1,0,0,0,2022-08-04
666310,hitting,2022,11,Columbus Clippers,International League,4,1,0,0,1,0,1,0,0,5,1,0,0,0,2022-08-05
666310,hitting,2022,11,Columbus Clippers,International League,4,0,0,0,1,0,1,1,0,4,1,0,0,0,2022-08-06
666310,hitting,2022,11,Columbus Clippers,International League,2,2,0,0,1,0,0,0,0,4,0,0,0,0,2022-08-07
666310,hitting,2022,11,Columbus Clippers,International League,4,1,0,0,1,0,0,0,0,5,0,0,1,0,2022-08-09
666310,hitting,2022,11,Columbus Clippers,International League,3,1,0,0,1,0,0,0,0,4,0,0,1,0,2022-08-10
666310,hitting,2022,11,Columbus Clippers,International League,5,0,0,1,1,0,2,0,0,5,0,0,0,0,2022-08-11
666310,hitting,2022,11,Columbus Clippers,International League,3,1,0,0,1,0,0,0,0,4,0,0,0,0,2022-08-12
666310,hitting,2022,11,Columbus Clippers,International League,5,0,0,0,1,0,1,0,0,5,0,0,0,0,2022-08-13
666310,hitting,2022,11,Columbus Clippers,International League,5,0,0,0,1,0,0,0,0,5,1,0,0,0,2022-08-14
666310,hitting,2022,11,Columbus Clippers,International League,3,2,0,0,1,0,0,0,0,5,1,0,0,0,2022-08-16
666310,hitting,2022,11,Columbus Clippers,International League,4,0,0,0,1,0,1,0,0,4,0,0,0,0,2022-08-17
666310,hitting,2022,11,Columbus Clippers,International League,3,0,1,0,1,0,2,1,0,3,1,0,0,0,2022-08-19
666310,hitting,2022,11,Columbus Clippers,International League,3,0,0,0,1,0,1,0,0,3,0,0,0,0,2022-08-20
666310,hitting,2022,11,Columbus Clippers,International League,5,0,0,0,1,1,1,0,0,6,2,0,0,0,2022-08-23
666310,hitting,2022,11,Columbus Clippers,International League,4,0,0,1,1,0,2,0,0,4,0,0,0,0,2022-08-24
666310,hitting,2022,11,Columbus Clippers,International League,4,0,0,0,1,0,1,0,0,4,0,0,0,0,2022-08-26
666310,hitting,2022,11,Columbus Clippers,International League,3,2,0,1,1,0,1,0,0,5,1,0,1,0,2022-08-27
666310,hitting,2022,11,Columbus Clippers,International League,3,2,0,0,1,0,1,0,0,5,2,0,1,0,2022-08-28
666310,hitting,2022,11,Columbus Clippers,International League,4,0,0,0,1,0,0,0,0,4,0,0,0,0,2022-08-30
666310,hitting,2022,11,Columbus Clippers,International League,4,0,0,1,1,0,1,0,0,4,0,0,1,0,2022-08-31
666310,hitting,2022,11,Columbus Clippers,International League,2,1,0,0,1,1,0,0,0,4,0,0,0,0,2022-09-01
666310,hitting,2022,11,Columbus Clippers,International League,4,0,0,0,1,0,1,0,0,4,1,0,0,0,2022-09-02
666310,hitting,2022,11,Columbus Clippers,International League,4,0,0,0,1,0,0,0,0,4,0,0,0,0,2022-09-04
666310,hitting,2022,11,Columbus Clippers,International League,4,0,0,0,1,0,2,2,0,4,2,0,0,0,2022-09-06
666310,hitting,2022,11,Columbus Clippers,International League,4,1,0,0,1,0,1,1,0,5,1,0,0,0,2022-09-07
666310,hitting,2022,11,Columbus Clippers,International League,5,1,0,0,1,0,0,0,0,6,0,0,0,0,2022-09-08
666310,hitting,2022,11,Columbus Clippers,International League,4,0,0,1,1,0,1,0,0,4,0,0,0,0,2022-09-09
666310,hitting,2022,11,Columbus Clippers,International League,4,0,0,1,1,0,1,0,0,5,1,1,0,0,2022-09-10
666310,hitting,2022,11,Columbus Clippers,International League,4,0,0,0,1,0,1,1,0,4,1,0,0,0,2022-09-13
666310,hitting,2022,11,Columbus Clippers,International League,3,0,0,0,1,0,1,0,0,3,0,0,0,0,2022-09-14
666310,hitting,2022,11,Columbus Clippers,International League,4,1,0,0,1,0,0,0,0,5,1,0,0,0,2022-09-15
666310,hitting,2022,11,Columbus Clippers,International League,4,0,0,0,1,0,1,1,0,4,1,0,0,0,2022-09-17
666310,hitting,2022,11,Columbus Clippers,International League,4,0,0,0,1,0,1,0,0,4,0,0,0,0,2022-09-18
666310,hitting,2022,11,Columbus Clippers,International League,3,1,0,0,1,0,1,0,0,4,0,0,0,0,2022-09-20
666310,hitting,2022,11,Columbus Clippers,International League,5,0,0,1,1,0,2,0,0,5,1,0,0,0,2022-09-25
666310,hitting,2022,11,Columbus Clippers,International League,6,0,0,0,1,0,3,2,0,6,2,0,0,0,2022-09-26
666310,hitting,2022,11,Columbus Clippers,International League,3,2,0,0,1,0,1,0,0,5,2,0,0,0,2022-09-28
666310,hitting,2022,12,Akron RubberDucks,Eastern League,3,0,0,0,1,0,0,0,0,3,0,0,0,0,2022-04-08
666310,hitting,2022,12,Akron RubberDucks,Eastern League,2,2,0,0,1,0,0,0,0,4,0,0,0,0,2022-04-09
666310,hitting,2022,12,Akron RubberDucks,Eastern League,4,0,0,1,1,0,2,0,0,4,0,0,0,0,2022-04-10
666310,hitting,2022,12,Akron RubberDucks,Eastern League,3,1,0,0,1,0,1,0,0,4,0,0,0,1,2022-04-12
666310,hitting,2022,12,Akron RubberDucks,Eastern League,3,0,0,0,1,1,1,0,0,4,0,0,0,0,2022-04-13
666310,hitting,2022,12,Akron RubberDucks,Eastern League,3,1,0,0,1,0,1,0,0,4,0,0,1,0,2022-04-14
666310,hitting,2022,12,Akron RubberDucks,Eastern League,4,0,0,0,1,0,1,0,0,4,0,0,1,0,2022-04-16
666310,hitting,2022,12,Akron RubberDucks,Eastern League,5,0,0,0,1,0,1,0,0,5,0,0,0,0,2022-04-19
666310,hitting,2022,12,Akron RubberDucks,Eastern League,3,0,0,0,1,0,0,0,0,3,0,0,0,0,2022-04-20
666310,hitting,2022,12,Akron RubberDucks,Eastern League,3,1,0,0,1,0,0,0,0,4,1,0,0,0,2022-04-21
666310,hitting,2022,12,Akron RubberDucks,Eastern League,4,1,0,0,1,0,2,1,0,5,2,0,0,1,2022-04-23
666310,hitting,2022,12,Akron RubberDucks,Eastern League,4,1,0,0,1,0,1,0,0,5,0,0,2,0,2022-04-24
666310,hitting,2022,12,Akron RubberDucks,Eastern League,4,0,0,0,1,0,1,0,0,4,1,0,0,0,2022-04-26
666310,hitting,2022,12,Akron RubberDucks,Eastern League,1,1,0,0,1,0,0,0,0,2,1,0,1,0,2022-04-29
666310,hitting,2022,12,Akron RubberDucks,Eastern League,4,0,0,0,1,0,1,0,0,4,0,0,1,0,2022-04-30
666310,hitting,2022,12,Akron RubberDucks,Eastern League,3,0,0,0,1,0,0,0,0,3,0,0,0,0,2022-05-01
666310,hitting,2022,12,Akron RubberDucks,Eastern League,3,2,0,0,1,0,1,0,0,5,0,0,0,0,2022-05-03
666310,hitting,2022,12,Akron RubberDucks,Eastern League,1,0,0,0,1,0,0,0,0,1,0,0,0,0,2022-05-04
666310,hitting,2022,12,Akron RubberDucks,Eastern League,3,1,0,0,1,0,0,0,0,4,0,0,0,0,2022-05-06
666310,hitting,2022,12,Akron RubberDucks,Eastern League,2,3,0,1,1,0,2,0,0,5,3,0,1,0,2022-05-07
666310,hitting,2022,12,Akron RubberDucks,Eastern League,3,2,0,0,1,0,1,0,0,5,0,0,0,0,2022-05-08
666310,hitting,2022,12,Akron RubberDucks,Eastern League,1,3,0,0,1,0,0,0,0,4,0,0,0,0,2022-05-10
666310,hitting,2022,12,Akron RubberDucks,Eastern League,4,0,0,0,1,0,1,0,0,4,0,0,0,0,2022-05-11
666310,hitting,2022,12,Akron RubberDucks,Eastern League,3,1,0,1,1,0,1,0,0,4,2,0,0,0,2022-05-13
666310,hitting,2022,12,Akron RubberDucks,Eastern League,2,0,0,0,1,0,0,0,0,2,0,0,0,0,2022-05-15
666310,hitting,2022,12,Akron RubberDucks,Eastern League,4,1,1,0,1,0,2,1,0,5,2,0,0,0,2022-05-17
666310,hitting,2022,12,Akron RubberDucks,Eastern League,4,1,0,2,1,0,2,0,0,5,2,0,0,0,2022-05-18
666310,hitting,2022,12,Akron RubberDucks,Eastern League,4,0,0,0,1,0,2,0,0,6,1,2,0,0,2022-05-19
666310,hitting,2022,12,Akron RubberDucks,Eastern League,4,1,0,1,1,1,2,0,0,6,0,0,0,0,2022-05-21
666310,hitting,2022,12,Akron RubberDucks,Eastern League,5,0,0,0,1,0,1,1,0,5,1,0,0,0,2022-05-22
666310,hitting,2022,12,Akron RubberDucks,Eastern League,5,0,0,0,1,0,2,0,0,5,2,0,0,0,2022-05-24
666310,hitting,2022,12,Akron RubberDucks,Eastern League,2,3,0,0,1,0,0,0,0,5,2,0,0,0,2022-05-25
666310,hitting,2022,12,Akron RubberDucks,Eastern League,4,0,0,0,1,0,0,0,0,4,0,0,0,0,2022-05-26
666310,hitting,2022,12,Akron RubberDucks,Eastern League,3,2,0,0,1,0,1,0,0,5,1,0,1,0,2022-05-28
666310,hitting,2022,12,Akron RubberDucks,Eastern League,4,0,0,0,1,0,0,0,0,4,0,0,0,0,2022-05-29
666310,hitting,2022,12,Akron RubberDucks,Eastern League,4,1,0,1,1,0,1,0,0,5,0,0,0,0,2022-05-31
666310,hitting,2022,12,Akron RubberDucks,Eastern League,2,3,0,0,1,0,0,0,0,5,0,0,1,0,2022-06-02
666310,hitting,2022,12,Akron RubberDucks,Eastern League,2,1,1,0,1,0,1,0,0,3,0,0,0,0,2022-06-03
666310,hitting,2022,12,Akron RubberDucks,Eastern League,3,1,0,0,1,0,0,0,0,4,0,0,0,0,2022-06-03
666310,hitting,2022,12,Akron RubberDucks,Eastern League,3,1,0,0,1,0,0,0,0,4,0,0,0,0,2022-06-04
666310,hitting,2022,12,Akron RubberDucks,Eastern League,2,2,0,0,1,0,1,0,0,4,1,0,1,0,2022-06-05
666310,hitting,2022,12,Akron RubberDucks,Eastern League,3,1,0,2,1,1,2,0,0,5,0,0,0,0,2022-06-07
666310,hitting,2022,12,Akron RubberDucks,Eastern League,2,2,0,0,1,0,2,0,0,4,0,0,0,0,2022-06-08
666310,hitting,2022,12,Akron RubberDucks,Eastern League,4,0,0,0,1,0,0,0,0,4,0,0,0,0,2022-06-09
666310,hitting,2022,12,Akron RubberDucks,Eastern League,4,1,0,1,1,0,3,1,0,5,3,0,0,0,2022-06-10
666310,hitting,2022,12,Akron RubberDucks,Eastern League,5,0,0,0,1,0,0,0,0,5,0,0,0,0,2022-06-11
666310,hitting,2022,12,Akron RubberDucks,Eastern League,4,1,0,0,1,0,1,1,0,5,1,0,0,0,2022-06-14
666310,hitting,2022,12,Akron RubberDucks,Eastern League,5,0,0,0,1,0,3,1,0,5,3,0,1,0,2022-06-15
666310,hitting,2022,12,Akron RubberDucks,Eastern League,3,1,1,1,1,0,1,0,0,4,0,0,0,0,2022-06-16
666310,hitting,2022,12,Akron RubberDucks,Eastern League,3,1,0,0,1,0,0,0,0,4,0,0,0,0,2022-06-17
666310,hitting,2022,12,Akron RubberDucks,Eastern League,4,0,0,1,1,0,1,0,0,4,0,0,0,0,2022-06-18
666310,hitting,2022,12,Akron RubberDucks,Eastern League,3,1,0,0,1,0,0,0,0,4,0,0,0,0,2022-06-19
668472,hitting,2022,11,Omaha Storm Chasers,International League,4,1,0,0,1,0,0,0,0,5,0,0,0,0,2022-04-05
668472,hitting,2022,11,Omaha Storm Chasers,International League,4,0,0,0,1,0,1,1,0,4,1,0,0,0,2022-04-07
668472,hitting,2022,11,Omaha Storm Chasers,International League,4,0,0,0,1,0,2,1,0,4,1,0,0,0,2022-04-07
668472,hitting,2022,11,Omaha Storm Chasers,International League,4,0,0,0,1,0,0,0,0,4,0,0,0,0,2022-04-08
668472,hitting,2022,11,Omaha Storm Chasers,International League,4,0,0,0,1,0,1,1,0,4,1,0,0,0,2022-04-09
668472,hitting,2022,11,Omaha Storm Chasers,International League,4,0,0,0,1,0,0,0,0,4,0,0,0,0,2022-04-10
668472,hitting,2022,11,Omaha Storm Chasers,International League,5,0,0,0,1,0,1,0,0,5,1,0,0,0,2022-04-12
668472,hitting,2022,11,Omaha Storm Chasers,International League,4,0,0,0,1,0,0,0,0,4,0,0,0,0,2022-04-13
668472,hitting,2022,11,Omaha Storm Chasers,International League,5,0,0,0,1,0,2,0,0,5,0,0,1,0,2022-04-14
668472,hitting,2022,11,Omaha Storm Chasers,International League,2,2,0,0,1,0,0,0,0,4,2,0,0,0,2022-04-15
668472,hitting,2022,11,Omaha Storm Chasers,International League,3,1,0,0,1,1,1,0,0,5,1,0,1,0,2022-04-16
668472,hitting,2022,11,Omaha Storm Chasers,International League,4,0,0,1,1,0,2,0,0,4,1,0,0,1,2022-04-17
668472,hitting,2022,11,Omaha Storm Chasers,International League,4,0,0,0,1,0,0,0,0,4,0,0,0,0,2022-04-19
668472,hitting,2022,11,Omaha Storm Chasers,International League,4,1,0,1,1,0,2,0,0,6,0,1,0,0,2022-04-22
668472,hitting,2022,11,Omaha Storm Chasers,International League,4,0,0,0,1,0,0,0,0,4,0,0,0,0,2022-04-23
668472,hitting,2022,11,Omaha Storm Chasers,International League,4,1,0,0,1,0,2,0,0,5,1,0,0,0,2022-04-24
668472,hitting,2022,11,Omaha Storm Chasers,International League,4,0,0,0,1,0,0,0,0,4,0,0,0,0,2022-04-26
668472,hitting,2022,11,Omaha Storm Chasers,International League,4,0,0,0,1,0,0,0,0,4,0,0,0,0,2022-04-27
668472,hitting,2022,11,Omaha Storm Chasers,International League,4,1,0,1,1,0,2,0,0,5,0,0,0,0,2022-04-28
668472,hitting,2022,11,Omaha Storm Chasers,International League,4,1,0,0,1,0,3,1,0,5,4,0,0,0,2022-04-30
668472,hitting,2022,11,Omaha Storm Chasers,International League,4,0,0,0,1,0,2,1,0,4,1,0,0,0,2022-05-01
668472,hitting,2022,11,Omaha Storm Chasers,International League,4,0,0,0,1,0,1,0,0,4,0,0,0,0,2022-05-03
668472,hitting,2022,11,Omaha Storm Chasers,International League,1,0,0,0,1,1,0,0,0,2,0,0,0,0,2022-05-04
668472,hitting,2022,11,Omaha Storm Chasers,International League,1,2,0,0,1,1,0,0,0,4,0,0,1,0,2022-05-12
668472,hitting,2022,11,Omaha Storm Chasers,International League,5,1,0,0,1,0,0,0,0,6,0,0,0,0,2022-05-13
668472,hitting,2022,11,Omaha Storm Chasers,International League,1,3,0,0,1,0,0,0,0,4,2,0,1,0,2022-05-14
668472,hitting,2022,11,Omaha Storm Chasers,International League,4,0,0,0,1,0,0,0,0,4,0,0,0,0,2022-05-15
668472,hitting,2022,11,Omaha Storm Chasers,International League,4,1,0,0,1,0,1,0,0,5,1,0,0,0,2022-05-17
668472,hitting,2022,11,Omaha Storm Chasers,International League,5,0,0,1,1,0,1,0,0,5,2,0,0,0,2022-05-18
668472,hitting,2022,11,Omaha Storm Chasers,International League,3,2,0,0,1,0,2,2,0,5,3,0,0,0,2022-05-19
668472,hitting,2022,11,Omaha Storm Chasers,International League,2,3,0,0,1,0,0,0,0,5,1,0,0,0,2022-05-20
668472,hitting,2022,11,Omaha Storm Chasers,International League,3,2,0,0,1,0,0,0,0,5,0,0,0,0,2022-05-21
668472,hitting,2022,11,Omaha Storm Chasers,International League,4,1,0,0,1,0,1,0,0,5,2,0,0,0,2022-05-22
668472,hitting,2022,11,Omaha Storm Chasers,International League,2,2,0,0,1,0,0,0,0,4,0,0,0,0,2022-05-24
668472,hitting,2022,11,Omaha Storm Chasers,International League,6,1,0,0,1,0,2,1,0,7,3,0,0,0,2022-05-25
668472,hitting,2022,11,Omaha Storm Chasers,International League,4,0,0,0,1,0,0,0,0,4,0,0,0,0,2022-05-27
668472,hitting,2022,11,Omaha Storm Chasers,International League,2,0,0,0,1,1,1,0,0,3,0,0,0,0,2022-05-28
668472,hitting,2022,11,Omaha Storm Chasers,International League,4,0,0,1,1,0,1,0,0,4,0,0,0,0,2022-05-28
668472,hitting,2022,11,Omaha Storm Chasers,International League,5,0,0,0,1,0,2,1,0,5,1,0,0,0,2022-05-29
668472,hitting,2022,11,Omaha Storm Chasers,International League,4,0,0,0,1,0,0,0,0,4,0,0,0,0,2022-05-31
668472,hitting,2022,11,Omaha Storm Chasers,International League,4,0,0,0,1,0,1,1,0,4,1,0,0,0,2022-06-01
668472,hitting,2022,11,Omaha Storm Chasers,International League,3,1,0,0,1,0,0,0,0,4,0,0,0,0,2022-06-02
668472,hitting,2022,11,Omaha Storm Chasers,International League,3,1,0,0,1,0,0,0,0,4,0,0,0,0,2022-06-03
668472,hitting,2022,11,Omaha Storm Chasers,International League,4,0,0,0,1,1,1,0,0,5,1,0,0,0,2022-06-04
668472,hitting,2022,11,Omaha Storm Chasers,International League,2,1,0,0,1,0,0,0,0,3,0,0,0,0,2022-06-07
668472,hitting,2022,11,Omaha Storm Chasers,International League,4,0,0,1,1,1,1,0,0,5,0,0,1,0,2022-06-08
668472,hitting,2022,11,Omaha Storm Chasers,International League,5,1,0,0,1,0,2,0,0,6,2,0,0,0,2022-06-09
668472,hitting,2022,11,Omaha Storm Chasers,International League,5,0,0,0,1,0,1,0,0,5,0,0,0,1,2022-06-10
668472,hitting,2022,11,Omaha Storm Chasers,International League,3,0,0,0,1,1,0,0,0,4,1,0,0,0,2022-06-11
668472,hitting,2022,11,Omaha Storm Chasers,International League,5,0,0,0,1,0,2,1,0,5,1,0,0,0,2022-06-12
668472,hitting,2022,11,Omaha Storm Chasers,International League,4,1,0,0,1,0,0,0,0,5,0,0,0,0,2022-06-14
668472,hitting,2022,11,Omaha Storm Chasers,International League,3,0,0,0,1,0,0,0,0,4,0,1,0,0,2022-06-15
668472,hitting,2022,11,Omaha Storm Chasers,International League,5,0,0,0,1,0,2,0,0,5,0,0,0,1,2022-06-16
668472,hitting,2022,11,Omaha Storm Chasers,International League,4,1,1,0,1,0,1,0,0,5,0,0,0,0,2022-06-17
668472,hitting,2022,11,Omaha Storm Chasers,International League,3,1,0,1,1,1,1,0,0,5,1,0,0,0,2022-06-18
668472,hitting,2022,11,Omaha Storm Chasers,International League,4,1,0,1,1,0,2,0,0,5,0,0,0,0,2022-06-21
668472,hitting,2022,11,Omaha Storm Chasers,International League,4,1,0,0,1,0,2,0,0,5,2,0,0,0,2022-06-22
668472,hitting,2022,11,Omaha Storm Chasers,International League,3,1,0,1,1,0,1,0,0,4,1,0,0,0,2022-06-23
668472,hitting,2022,11,Omaha Storm Chasers,International League,4,1,0,0,1,0,0,0,0,5,1,0,0,0,2022-06-24
668472,hitting,2022,11,Omaha Storm Chasers,International League,3,1,0,0,1,1,2,0,0,5,0,0,1,0,2022-06-25
668472,hitting,2022,11,Omaha Storm Chasers,International League,5,1,0,1,1,0,1,0,0,6,2,0,0,0,2022-06-26
668472,hitting,2022,11,Omaha Storm Chasers,International League,4,1,0,0,1,0,2,1,0,5,2,0,0,0,2022-06-28
668472,hitting,2022,11,Omaha Storm Chasers,International League,4,1,0,0,1,0,0,0,0,5,1,0,0,0,2022-06-29
668472,hitting,2022,11,Omaha Storm Chasers,International League,4,1,0,0,1,0,1,1,0,5,1,0,0,0,2022-06-30
668472,hitting,2022,11,Omaha Storm Chasers,International League,4,0,0,0,1,0,1,0,0,4,1,0,2,0,2022-07-01
668472,hitting,2022,11,Omaha Storm Chasers,International League,4,1,0,0,1,0,0,0,0,5,1,0,0,0,2022-07-02
668472,hitting,2022,11,Omaha Storm Chasers,International League,4,0,0,0,1,0,0,0,0,4,0,0,0,0,2022-07-03
668472,hitting,2022,11,Omaha Storm Chasers,International League,7,0,0,0,1,0,3,1,0,7,2,0,0,0,2022-07-04
668472,hitting,2022,11,Omaha Storm Chasers,International League,4,0,0,0,1,0,0,0,0,4,0,0,0,0,2022-07-06
668472,hitting,2022,11,Omaha Storm Chasers,International League,1,3,0,0,1,0,1,1,0,4,1,0,0,0,2022-07-06
668472,hitting,2022,11,Omaha Storm Chasers,International League,3,1,0,0,1,0,2,0,0,4,1,0,0,0,2022-07-07
668472,hitting,2022,11,Omaha Storm Chasers,International League,3,1,1,0,1,0,1,0,0,4,0,0,0,0,2022-07-08
668472,hitting,2022,11,Omaha Storm Chasers,International League,3,1,0,0,1,0,1,1,0,4,1,0,0,0,2022-07-09
668472,hitting,2022,11,Omaha Storm Chasers,International League,3,2,0,0,1,0,1,1,0,5,2,0,0,0,2022-07-10
668709,hitting,2022,11,Jacksonville Jumbo Shrimp,International League,2,1,0,0,1,1,0,0,0,4,0,0,0,0,2022-04-05
668709,hitting,2022,11,Jacksonville Jumbo Shrimp,International League,4,0,0,1,1,0,1,0,0,4,1,0,0,0,2022-04-06
668709,hitting,2022,11,Jacksonville Jumbo Shrimp,International League,4,0,0,0,1,0,0,0,0,4,0,0,0,0,2022-04-07
668709,hitting,2022,11,Jacksonville Jumbo Shrimp,International League,2,2,0,0,1,0,0,0,0,4,2,0,0,0,2022-04-08
668709,hitting,2022,11,Jacksonville Jumbo Shrimp,International League,3,1,0,0,1,0,1,0,0,4,0,0,0,0,2022-04-09
668709,hitting,2022,11,Jacksonville Jumbo Shrimp,International League,4,0,0,0,1,0,0,0,0,4,0,0,0,0,2022-04-10
668709,hitting,2022,11,Jacksonville Jumbo Shrimp,International League,4,1,0,0,1,0,1,0,0,5,1,0,0,0,2022-04-12
668709,hitting,2022,11,Jacksonville Jumbo Shrimp,International League,4,0,0,0,1,0,1,0,0,4,0,0,0,0,2022-04-13
668709,hitting,2022,11,Jacksonville Jumbo Shrimp,International League,3,2,0,0,1,0,1,1,0,5,1,0,0,0,2022-04-15
668709,hitting,2022,11,Jacksonville Jumbo Shrimp,International League,4,1,0,0,1,0,1,0,0,5,2,0,0,0,2022-04-16
668709,hitting,2022,11,Jacksonville Jumbo Shrimp,International League,4,1,0,0,1,0,0,0,0,5,0,0,0,0,2022-04-17
668709,hitting,2022,11,Jacksonville Jumbo Shrimp,International League,3,0,0,0,1,1,0,0,0,4,1,0,0,0,2022-04-19
668709,hitting,2022,11,Jacksonville Jumbo Shrimp,International League,4,0,0,1,1,0,1,0,0,4,1,0,0,0,2022-04-20
668709,hitting,2022,11,Jacksonville Jumbo Shrimp,International League,4,1,0,0,1,0,1,0,0,5,1,0,0,0,2022-04-21
668709,hitting,2022,11,Jacksonville Jumbo Shrimp,International League,4,0,0,0,1,0,0,0,0,4,0,0,0,0,2022-04-22
668709,hitting,2022,11,Jacksonville Jumbo Shrimp,International League,2,2,0,0,1,0,1,0,0,4,0,0,0,0,2022-04-24
668709,hitting,2022,11,Jacksonville Jumbo Shrimp,International League,5,0,0,0,1,0,1,1,0,5,1,0,0,0,2022-04-26
668709,hitting,2022,11,Jacksonville Jumbo Shrimp,International League,3,1,0,0,1,0,0,0,0,4,0,0,0,0,2022-04-27
668709,hitting,2022,11,Jacksonville Jumbo Shrimp,International League,3,1,0,0,1,0,1,1,0,4,2,0,0,0,2022-04-28
668709,hitting,2022,11,Jacksonville Jumbo Shrimp,International League,5,0,0,1,1,0,2,0,0,5,2,0,0,0,2022-04-29
668709,hitting,2022,11,Jacksonville Jumbo Shrimp,International League,3,1,0,0,1,0,1,0,0,4,1,0,0,0,2022-04-30
668709,hitting,2022,11,Jacksonville Jumbo Shrimp,International League,5,0,0,0,1,0,1,0,0,5,0,0,0,0,2022-05-01
668709,hitting,2022,11,Jacksonville Jumbo Shrimp,International League,5,0,0,1,1,0,2,0,0,5,1,0,0,0,2022-05-03
668709,hitting,2022,11,Jacksonville Jumbo Shrimp,International League,2,2,0,0,1,0,1,0,0,4,0,0,0,0,2022-05-04
668709,hitting,2022,11,Jacksonville Jumbo Shrimp,International League,2,2,0,0,1,0,1,1,0,4,2,0,0,0,2022-05-06
668709,hitting,2022,11,Jacksonville Jumbo Shrimp,International League,4,1,0,1,1,0,3,1,0,5,2,0,0,0,2022-05-06
668709,hitting,2022,11,Jacksonville Jumbo Shrimp,International League,4,1,0,0,1,0,2,1,0,5,2,0,0,0,2022-05-07
668709,hitting,2022,11,Jacksonville Jumbo Shrimp,International League,4,0,0,0,1,0,0,0,0,4,0,0,0,0,2022-05-08
668709,hitting,2022,11,Jacksonville Jumbo Shrimp,International League,3,0,0,0,1,1,0,0,0,4,0,0,0,0,2022-05-10
668709,hitting,2022,11,Jacksonville Jumbo Shrimp,International League,3,1,0,0,1,0,0,0,0,4,0,0,0,0,2022-05-11
668709,hitting,2022,11,Jacksonville Jumbo Shrimp,International League,2,2,0,0,1,0,0,0,0,4,0,0,0,0,2022-05-12
668709,hitting,2022,11,Jacksonville Jumbo Shrimp,International League,4,0,0,0,1,0,1,0,0,4,0,0,0,0,2022-05-13
668709,hitting,2022,11,Jacksonville Jumbo Shrimp,International League,5,0,0,0,1,0,1,1,0,5,1,0,0,0,2022-05-15
668709,hitting,2022,11,Jacksonville Jumbo Shrimp,International League,2,2,0,0,1,0,0,0,0,4,1,0,0,0,2022-05-17
668709,hitting,2022,11,Jacksonville Jumbo Shrimp,International League,3,1,0,0,1,0,0,0,0,4,0,0,0,0,2022-05-18
668709,hitting,2022,11,Jacksonville Jumbo Shrimp,International League,3,1,0,0,1,0,0,0,0,4,1,0,0,0,2022-05-19
668709,hitting,2022,11,Jacksonville Jumbo Shrimp,International League,5,0,0,0,1,0,0,0,0,5,0,0,0,0,2022-05-20
668709,hitting,2022,11,Jacksonville Jumbo Shrimp,International League,3,0,0,1,1,0,1,0,0,3,0,0,0,0,2022-05-22
668709,hitting,2022,11,Jacksonville Jumbo Shrimp,International League,4,0,0,0,1,0,1,0,0,4,1,0,0,0,2022-05-24
668709,hitting,2022,11,Jacksonville Jumbo Shrimp,International League,2,3,0,0,1,0,0,0,0,5,0,0,0,0,2022-05-25
668709,hitting,2022,11,Jacksonville Jumbo Shrimp,International League,3,2,0,0,1,0,2,0,0,5,2,0,0,0,2022-05-26
668709,hitting,2022,11,Jacksonville Jumbo Shrimp,International League,3,1,0,0,1,0,0,0,0,4,0,0,0,0,2022-05-27
668709,hitting,2022,11,Jacksonville Jumbo Shrimp,International League,4,0,0,0,1,0,1,1,0,4,1,0,0,0,2022-05-29
668709,hitting,2022,11,Jacksonville Jumbo Shrimp,International League,5,0,0,0,1,0,0,0,0,5,0,0,0,0,2022-05-31
668709,hitting,2022,11,Jacksonville Jumbo Shrimp,International League,4,1,0,0,1,0,1,1,0,5,1,0,0,0,2022-06-01
668709,hitting,2022,11,Jacksonville Jumbo Shrimp,International League,4,1,0,1,1,0,2,0,0,5,0,0,0,0,2022-06-02
668709,hitting,2022,11,Jacksonville Jumbo Shrimp,International League,5,0,0,0,1,0,0,0,0,5,0,0,0,0,2022-06-03
668709,hitting,2022,11,Jacksonville Jumbo Shrimp,International League,4,2,0,1,1,0,3,1,0,6,2,0,0,0,2022-06-04
668709,hitting,2022,11,Jacksonville Jumbo Shrimp,International League,4,0,0,0,1,0,0,0,0,4,0,0,0,0,2022-06-05
668709,hitting,2022,11,Jacksonville Jumbo Shrimp,International League,2,2,0,0,1,0,0,0,0,4,0,0,0,0,2022-06-07
668709,hitting,2022,11,Jacksonville Jumbo Shrimp,International League,3,1,0,0,1,0,0,0,0,4,0,0,0,0,2022-06-08
668709,hitting,2022,11,Jacksonville Jumbo Shrimp,International League,3,0,0,0,1,0,0,0,0,3,0,0,0,0,2022-06-09
668709,hitting,2022,11,Jacksonville Jumbo Shrimp,International League,3,1,0,1,1,0,1,0,0,4,0,0,0,0,2022-06-10
668709,hitting,2022,11,Jacksonville Jumbo Shrimp,International League,2,1,0,0,1,0,1,1,0,3,1,0,0,0,2022-06-11
668709,hitting,2022,11,Jacksonville Jumbo Shrimp,International League,3,1,0,0,1,0,2,2,0,4,2,0,0,0,2022-06-12
668709,hitting,2022,11,Jacksonville Jumbo Shrimp,International League,5,0,1,0,1,0,1,0,0,5,0,0,1,0,2022-06-14
668709,hitting,2022,11,Jacksonville Jumbo Shrimp,International League,3,2,0,0,1,0,0,0,0,5,0,0,0,0,2022-06-15
668709,hitting,2022,11,Jacksonville Jumbo Shrimp,International League,4,1,0,0,1,0,1,1,0,5,1,0,0,0,2022-06-16
668709,hitting,2022,11,Jacksonville Jumbo Shrimp,International League,3,1,0,0,1,0,0,0,0,4,0,0,0,0,2022-06-17
668709,hitting,2022,11,Jacksonville Jumbo Shrimp,International League,4,1,0,1,1,0,1,0,0,5,0,0,0,0,2022-06-18
668709,hitting,2022,11,Jacksonville Jumbo Shrimp,International League,5,0,0,0,1,0,1,0,0,5,1,0,0,0,2022-06-19
668709,hitting,2022,11,Jacksonville Jumbo Shrimp,International League,4,0,0,0,1,0,2,1,0,4,2,0,0,0,2022-06-21
668709,hitting,2022,11,Jacksonville Jumbo Shrimp,International League,2,1,0,0,1,1,0,0,0,4,0,0,0,0,2022-06-22
668709,hitting,2022,11,Jacksonville Jumbo Shrimp,International League,4,0,0,0,1,0,0,0,0,4,0,0,0,0,2022-06-23
668709,hitting,2022,11,Jacksonville Jumbo Shrimp,International League,4,0,0,0,1,0,2,0,0,4,1,0,0,0,2022-06-24
668709,hitting,2022,11,Jacksonville Jumbo Shrimp,International League,4,0,0,0,1,0,1,0,0,4,1,0,0,0,2022-06-26
668709,hitting,2022,11,Jacksonville Jumbo Shrimp,International League,3,1,0,0,1,0,1,0,0,4,1,0,0,0,2022-06-28
668709,hitting,2022,11,Jacksonville Jumbo Shrimp,International League,4,0,0,0,1,0,2,1,0,4,2,0,0,0,2022-06-29
668709,hitting,2022,11,Jacksonville Jumbo Shrimp,International League,4,0,0,0,1,0,1,1,0,4,1,0,0,0,2022-06-30
668709,hitting,2022,11,Jacksonville Jumbo Shrimp,International League,3,1,0,0,1,0,1,0,0,4,0,0,0,0,2022-07-01
668709,hitting,2022,11,Jacksonville Jumbo Shrimp,International League,5,0,0,0,1,0,1,0,0,5,0,0,0,0,2022-07-02
668709,hitting,2022,11,Jacksonville Jumbo Shrimp,International League,4,0,0,0,1,0,1,0,0,4,1,0,0,0,2022-07-03
668709,hitting,2022,11,Jacksonville Jumbo Shrimp,International League,3,0,0,0,1,0,2,0,0,3,0,0,0,0,2022-07-04
668709,hitting,2022,11,Jacksonville Jumbo Shrimp,International League,3,1,0,0,1,0,0,0,0,4,0,0,0,0,2022-07-06
668709,hitting,2022,11,Jacksonville Jumbo Shrimp,International League,4,0,0,0,1,0,0,0,0,4,0,0,0,0,2022-07-07
668709,hitting,2022,11,Jacksonville Jumbo Shrimp,International League,2,2,0,0,1,0,1,0,0,4,0,0,0,0,2022-07-08
668709,hitting,2022,11,Jacksonville Jumbo Shrimp,International League,3,1,0,0,1,0,0,0,0,4,0,0,0,0,2022-07-09
668709,hitting,2022,11,Jacksonville Jumbo Shrimp,International League,4,0,0,0,1,0,0,0,0,4,0,0,0,0,2022-07-10
668709,hitting,2022,11,Jacksonville Jumbo Shrimp,International League,4,0,0,0,1,0,1,1,0,4,1,0,0,0,2022-07-12
668709,hitting,2022,11,Jacksonville Jumbo Shrimp,International League,3,1,0,0,1,1,1,1,0,5,2,0,0,0,2022-07-13
668709,hitting,2022,11,Jacksonville Jumbo Shrimp,International League,3,1,0,0,1,0,1,0,0,4,1,0,0,0,2022-07-14
668709,hitting,2022,11,Jacksonville Jumbo Shrimp,International League,5,0,0,1,1,0,1,0,0,5,0,0,0,0,2022-07-15
668709,hitting,2022,11,Jacksonville Jumbo Shrimp,International League,3,2,0,0,1,0,2,1,0,5,2,0,0,0,2022-07-16
668709,hitting,2022,11,Jacksonville Jumbo Shrimp,International League,4,0,0,1,1,0,1,0,0,4,0,0,0,0,2022-07-17
668709,hitting,2022,11,Jacksonville Jumbo Shrimp,International League,5,0,0,1,1,0,2,0,0,5,1,0,0,0,2022-07-22
668904,hitting,2022,11,St. Paul Saints,International League,4,1,0,0,1,0,1,0,0,5,1,0,1,0,2022-04-05
668904,hitting,2022,11,St. Paul Saints,International League,5,0,0,1,1,0,2,0,0,5,2,0,1,0,2022-04-06
668904,hitting,2022,11,St. Paul Saints,International League,5,0,0,0,1,0,0,0,0,5,1,0,1,0,2022-04-08
668904,hitting,2022,11,St. Paul Saints,International League,3,3,0,1,1,0,2,1,0,6,2,0,0,0,2022-04-09
668904,hitting,2022,11,St. Paul Saints,International League,4,0,1,1,1,2,1,0,0,6,2,0,0,0,2022-04-10
668904,hitting,2022,11,St. Paul Saints,International League,2,0,0,0,1,0,0,0,0,2,0,0,0,0,2022-04-12
668904,hitting,2022,11,St. Paul Saints,International League,3,0,0,0,1,0,0,0,0,3,0,0,0,0,2022-04-13
668904,hitting,2022,11,St. Paul Saints,International League,3,0,0,1,1,0,2,0,0,4,1,1,0,0,2022-04-15
668904,hitting,2022,11,St. Paul Saints,International League,5,0,0,2,1,0,3,0,0,5,2,0,0,1,2022-04-16
668904,hitting,2022,11,St. Paul Saints,International League,4,0,0,0,1,0,2,0,0,4,1,0,0,0,2022-04-17
668904,hitting,2022,11,St. Paul Saints,International League,4,0,0,0,1,0,0,0,0,4,0,0,0,0,2022-04-19
668904,hitting,2022,11,St. Paul Saints,International League,3,1,0,1,1,0,2,0,0,4,0,0,0,0,2022-04-20
668904,hitting,2022,11,St. Paul Saints,International League,2,2,0,0,1,0,0,0,0,4,0,0,0,0,2022-04-21
668904,hitting,2022,11,St. Paul Saints,International League,4,2,0,0,1,0,1,0,0,6,2,0,0,0,2022-04-22
668904,hitting,2022,11,St. Paul Saints,International League,4,0,0,0,1,0,1,1,0,4,1,0,0,0,2022-04-23
668904,hitting,2022,11,St. Paul Saints,International League,4,0,0,0,1,0,0,0,0,4,0,0,0,0,2022-04-24
668904,hitting,2022,11,St. Paul Saints,International League,5,0,0,1,1,0,2,0,0,5,0,0,0,0,2022-04-26
668904,hitting,2022,11,St. Paul Saints,International League,4,1,0,1,1,0,2,0,0,5,0,0,0,0,2022-04-27
668904,hitting,2022,11,St. Paul Saints,International League,4,0,0,0,1,0,1,0,0,4,1,0,1,0,2022-04-28
668904,hitting,2022,11,St. Paul Saints,International League,1,4,0,0,1,0,1,0,0,5,0,0,1,0,2022-04-29
668904,hitting,2022,11,St. Paul Saints,International League,2,1,0,0,1,0,1,1,0,3,1,0,0,0,2022-04-30
668904,hitting,2022,11,St. Paul Saints,International League,4,1,0,0,1,0,0,0,0,5,1,0,1,0,2022-05-03
668904,hitting,2022,11,St. Paul Saints,International League,5,0,0,1,1,0,2,0,0,5,2,0,2,0,2022-05-04
668904,hitting,2022,11,St. Paul Saints,International League,3,1,0,1,1,0,1,0,0,4,1,0,0,0,2022-05-05
668939,hitting,2022,11,Norfolk Tides,International League,3,1,0,0,1,1,1,0,0,5,1,0,0,0,2022-05-06
668939,hitting,2022,11,Norfolk Tides,International League,4,0,0,0,1,0,1,0,0,4,0,0,0,0,2022-05-07
668939,hitting,2022,11,Norfolk Tides,International League,3,1,0,0,1,0,1,0,0,4,0,0,0,0,2022-05-08
668939,hitting,2022,11,Norfolk Tides,International League,2,1,0,0,1,1,0,0,0,4,0,0,0,0,2022-05-10
668939,hitting,2022,11,Norfolk Tides,International League,4,1,0,0,1,0,0,0,0,5,0,0,0,0,2022-05-11
668939,hitting,2022,11,Norfolk Tides,International League,4,0,0,0,1,0,1,1,0,4,1,0,0,0,2022-05-12
668939,hitting,2022,11,Norfolk Tides,International League,4,1,0,0,1,0,2,0,0,5,0,0,0,0,2022-05-13
668939,hitting,2022,11,Norfolk Tides,International League,3,1,0,0,1,0,0,0,0,4,0,0,0,0,2022-05-14
668939,hitting,2022,11,Norfolk Tides,International League,4,0,0,0,1,0,0,0,0,4,0,0,0,0,2022-05-15
668939,hitting,2022,11,Norfolk Tides,International League,4,0,0,0,1,0,1,1,0,4,1,0,0,0,2022-05-17
668939,hitting,2022,11,Norfolk Tides,International League,4,1,0,0,1,0,2,1,0,5,2,0,0,0,2022-05-18
668939,hitting,2022,11,Norfolk Tides,International League,4,0,0,0,1,1,1,0,0,5,0,0,0,0,2022-05-19
668939,hitting,2022,12,Bowie Baysox,Eastern League,4,0,0,1,1,0,1,0,0,4,2,0,0,0,2022-05-03
668939,hitting,2022,12,Bowie Baysox,Eastern League,4,1,0,1,1,0,2,0,0,5,2,0,0,0,2022-05-04
668939,hitting,2022,12,Bowie Baysox,Eastern League,4,1,0,0,1,0,2,0,0,5,1,0,0,0,2022-05-05
668939,hitting,2022,13,Aberdeen IronBirds,South Atlantic League,2,1,0,1,1,0,1,0,0,3,1,0,0,0,2022-04-26
668939,hitting,2022,13,Aberdeen IronBirds,South Atlantic League,4,0,0,0,1,0,0,0,0,4,0,0,0,0,2022-04-27
668939,hitting,2022,13,Aberdeen IronBirds,South Atlantic League,2,1,0,0,1,0,1,0,0,3,0,0,0,0,2022-04-29
668939,hitting,2022,13,Aberdeen IronBirds,South Atlantic League,5,0,0,2,1,0,4,0,0,5,1,0,0,0,2022-04-30
668939,hitting,2022,13,Aberdeen IronBirds,South Atlantic League,1,0,0,0,1,0,0,0,0,2,0,1,0,0,2022-05-01
669004,hitting,2022,11,Omaha Storm Chasers,International League,4,1,0,0,1,0,1,0,0,5,0,0,0,0,2022-04-05
669004,hitting,2022,11,Omaha Storm Chasers,International League,3,1,0,0,1,0,0,0,0,4,0,0,0,0,2022-04-07
669004,hitting,2022,11,Omaha Storm Chasers,International League,4,0,0,0,1,0,0,0,0,4,0,0,0,0,2022-04-08
669004,hitting,2022,11,Omaha Storm Chasers,International League,4,0,0,1,1,0,1,0,0,4,0,0,0,0,2022-04-09
669004,hitting,2022,11,Omaha Storm Chasers,International League,4,0,0,0,1,0,1,1,0,4,1,0,0,0,2022-04-10
669004,hitting,2022,11,Omaha Storm Chasers,International League,4,1,0,0,1,0,1,1,0,5,1,0,0,0,2022-04-12
669004,hitting,2022,11,Omaha Storm Chasers,International League,4,0,0,0,1,0,0,0,0,4,0,0,0,0,2022-04-13
669004,hitting,2022,11,Omaha Storm Chasers,International League,5,0,0,0,1,0,1,0,0,5,1,0,0,0,2022-04-14
669004,hitting,2022,11,Omaha Storm Chasers,International League,2,2,0,0,1,0,0,0,0,4,1,0,0,0,2022-04-15
669004,hitting,2022,11,Omaha Storm Chasers,International League,4,1,0,0,1,0,0,0,0,5,0,0,0,0,2022-04-16
669004,hitting,2022,11,Omaha Storm Chasers,International League,3,1,0,0,1,0,0,0,0,4,1,0,1,0,2022-04-17
669004,hitting,2022,11,Omaha Storm Chasers,International League,3,1,0,0,1,0,1,0,0,4,0,0,1,0,2022-04-19
669004,hitting,2022,11,Omaha Storm Chasers,International League,4,0,0,0,1,0,0,0,0,4,0,0,0,0,2022-04-20
669004,hitting,2022,11,Omaha Storm Chasers,International League,4,0,0,0,1,0,1,0,0,4,1,0,0,0,2022-04-21
669004,hitting,2022,11,Omaha Storm Chasers,International League,4,2,0,0,1,0,1,0,0,6,0,0,1,0,2022-04-22
669004,hitting,2022,11,Omaha Storm Chasers,International League,5,0,0,2,1,0,2,0,0,5,0,0,0,0,2022-04-24
669004,hitting,2022,11,Omaha Storm Chasers,International League,4,0,0,0,1,0,0,0,0,4,0,0,0,0,2022-04-26
669004,hitting,2022,11,Omaha Storm Chasers,International League,4,0,0,0,1,0,0,0,0,4,0,0,0,0,2022-04-27
669004,hitting,2022,11,Omaha Storm Chasers,International League,3,1,0,0,1,0,1,0,0,4,1,0,0,0,2022-04-28
669004,hitting,2022,11,Omaha Storm Chasers,International League,3,2,0,0,1,0,1,0,0,5,0,0,0,0,2022-04-30
669004,hitting,2022,11,Omaha Storm Chasers,International League,3,0,0,1,1,0,1,0,0,3,0,0,0,0,2022-05-01
669127,hitting,2022,11,Las Vegas Aviators,Pacific Coast League,4,0,0,0,1,0,0,0,0,4,0,0,0,0,2022-04-05
669127,hitting,2022,11,Las Vegas Aviators,Pacific Coast League,3,1,0,0,1,0,2,1,0,4,2,0,0,0,2022-04-06
669127,hitting,2022,11,Las Vegas Aviators,Pacific Coast League,4,0,0,0,1,0,2,0,0,4,1,0,0,0,2022-04-07
669127,hitting,2022,11,Las Vegas Aviators,Pacific Coast League,4,0,0,0,1,0,1,1,0,4,1,0,0,0,2022-04-09
669127,hitting,2022,11,Las Vegas Aviators,Pacific Coast League,4,0,0,0,1,0,1,1,0,4,1,0,0,0,2022-04-10
669127,hitting,2022,11,Las Vegas Aviators,Pacific Coast League,1,2,0,0,1,0,0,0,0,3,0,0,0,0,2022-04-13
669127,hitting,2022,11,Las Vegas Aviators,Pacific Coast League,2,2,0,0,1,0,0,0,0,4,0,0,0,0,2022-04-14
669127,hitting,2022,11,Las Vegas Aviators,Pacific Coast League,5,0,0,1,1,0,1,0,0,5,0,0,0,0,2022-04-15
669127,hitting,2022,11,Las Vegas Aviators,Pacific Coast League,4,0,0,0,1,0,0,0,0,4,0,0,0,0,2022-04-16
669127,hitting,2022,11,Las Vegas Aviators,Pacific Coast League,5,0,0,2,1,0,4,0,0,5,1,0,0,0,2022-04-19
669127,hitting,2022,11,Las Vegas Aviators,Pacific Coast League,3,2,0,0,1,0,1,0,0,5,1,0,0,0,2022-04-20
669127,hitting,2022,11,Las Vegas Aviators,Pacific Coast League,5,0,0,0,1,0,3,1,0,5,2,0,0,0,2022-04-21
669127,hitting,2022,11,Las Vegas Aviators,Pacific Coast League,4,0,0,0,1,0,0,0,0,4,0,0,0,0,2022-04-22
669127,hitting,2022,11,Las Vegas Aviators,Pacific Coast League,4,0,0,0,1,0,1,0,0,4,1,0,0,0,2022-04-23
669127,hitting,2022,11,Las Vegas Aviators,Pacific Coast League,3,1,0,0,1,0,1,1,0,4,1,0,0,0,2022-04-24
669127,hitting,2022,11,Las Vegas Aviators,Pacific Coast League,4,1,0,0,1,0,0,0,0,5,0,0,0,0,2022-04-26
669127,hitting,2022,11,Las Vegas Aviators,Pacific Coast League,3,1,0,0,1,0,1,1,0,4,2,0,0,0,2022-04-27
669127,hitting,2022,11,Las Vegas Aviators,Pacific Coast League,3,1,0,0,1,0,1,0,0,4,0,0,0,0,2022-04-28
669127,hitting,2022,11,Las Vegas Aviators,Pacific Coast League,3,1,0,0,1,1,1,1,0,5,1,0,0,0,2022-04-29
669127,hitting,2022,11,Las Vegas Aviators,Pacific Coast League,5,0,0,0,1,0,2,2,0,5,2,0,0,0,2022-04-30
669127,hitting,2022,11,Las Vegas Aviators,Pacific Coast League,3,1,0,0,1,0,2,0,0,4,1,0,0,0,2022-05-01
669127,hitting,2022,11,Las Vegas Aviators,Pacific Coast League,4,1,0,0,1,0,2,1,0,5,1,0,0,0,2022-05-03
669127,hitting,2022,11,Las Vegas Aviators,Pacific Coast League,5,0,0,1,1,0,2,0,0,5,1,0,0,0,2022-05-04
669127,hitting,2022,11,Las Vegas Aviators,Pacific Coast League,3,1,0,0,1,0,1,0,0,4,2,0,0,0,2022-05-05
669127,hitting,2022,11,Las Vegas Aviators,Pacific Coast League,4,0,0,0,1,0,0,0,0,4,0,0,0,0,2022-05-06
669127,hitting,2022,11,Las Vegas Aviators,Pacific Coast League,5,0,0,0,1,0,1,1,0,5,2,0,0,0,2022-05-07
669127,hitting,2022,11,Las Vegas Aviators,Pacific Coast League,4,0,0,0,1,0,2,0,0,4,1,0,0,0,2022-05-08
669127,hitting,2022,11,Las Vegas Aviators,Pacific Coast League,3,1,0,0,1,0,1,0,0,4,0,0,0,0,2022-05-10
669127,hitting,2022,11,Las Vegas Aviators,Pacific Coast League,3,1,0,0,1,0,0,0,0,4,0,0,0,0,2022-05-11
669127,hitting,2022,11,Las Vegas Aviators,Pacific Coast League,4,0,0,0,1,0,1,0,0,4,0,0,0,0,2022-05-12
669127,hitting,2022,11,Las Vegas Aviators,Pacific Coast League,5,0,0,0,1,0,1,0,0,5,0,0,0,0,2022-05-13
669127,hitting,2022,11,Las Vegas Aviators,Pacific Coast League,4,0,0,1,1,0,1,0,0,4,0,0,0,0,2022-05-14
669127,hitting,2022,11,Las Vegas Aviators,Pacific Coast League,4,0,0,0,1,1,1,0,0,5,1,0,0,0,2022-05-15
669127,hitting,2022,11,Las Vegas Aviators,Pacific Coast League,4,0,0,0,1,0,0,0,0,4,1,0,0,0,2022-05-17
669127,hitting,2022,11,Las Vegas Aviators,Pacific Coast League,2,2,0,0,1,0,0,0,0,4,1,0,0,0,2022-05-18
669127,hitting,2022,11,Las Vegas Aviators,Pacific Coast League,5,0,0,0,1,0,0,0,0,5,0,0,0,0,2022-05-19
669127,hitting,2022,11,Las Vegas Aviators,Pacific Coast League,5,0,0,1,1,0,1,0,0,5,0,0,0,0,2022-05-21
669127,hitting,2022,11,Las Vegas Aviators,Pacific Coast League,4,0,0,1,1,0,1,0,0,4,1,0,0,0,2022-05-22
669127,hitting,2022,11,Las Vegas Aviators,Pacific Coast League,4,0,0,0,1,0,1,0,0,4,0,0,0,0,2022-05-24
669127,hitting,2022,11,Las Vegas Aviators,Pacific Coast League,4,0,0,0,1,0,0,0,0,4,0,0,0,0,2022-05-25
669127,hitting,2022,11,Las Vegas Aviators,Pacific Coast League,5,0,0,0,1,0,1,0,0,5,1,0,0,0,2022-05-27
669127,hitting,2022,11,Las Vegas Aviators,Pacific Coast League,0,0,0,0,1,0,0,0,0,0,0,0,0,0,2022-05-29
669127,hitting,2022,11,Las Vegas Aviators,Pacific Coast League,6,0,0,0,1,0,3,0,0,6,2,0,1,0,2022-05-31
669127,hitting,2022,11,Las Vegas Aviators,Pacific Coast League,4,0,0,1,1,0,2,0,0,4,1,0,0,0,2022-06-01
669127,hitting,2022,11,Las Vegas Aviators,Pacific Coast League,2,2,0,0,1,0,1,0,0,4,1,0,1,0,2022-06-02
669127,hitting,2022,11,Las Vegas Aviators,Pacific Coast League,5,0,0,0,1,0,0,0,0,5,0,0,0,0,2022-06-03
669127,hitting,2022,11,Las Vegas Aviators,Pacific Coast League,0,0,0,0,1,0,0,0,0,1,0,1,0,0,2022-06-05
669127,hitting,2022,11,Las Vegas Aviators,Pacific Coast League,3,2,0,0,1,0,1,0,0,5,1,0,0,0,2022-06-07
669127,hitting,2022,11,Las Vegas Aviators,Pacific Coast League,3,1,0,1,1,0,1,0,0,4,1,0,0,0,2022-06-08
669127,hitting,2022,11,Las Vegas Aviators,Pacific Coast League,5,0,0,0,1,0,3,0,0,5,2,0,0,1,2022-06-09
669127,hitting,2022,11,Las Vegas Aviators,Pacific Coast League,5,0,0,0,1,0,2,0,0,5,0,0,0,0,2022-06-10
669127,hitting,2022,11,Las Vegas Aviators,Pacific Coast League,3,1,0,0,1,0,0,0,0,4,0,0,0,0,2022-06-11
669127,hitting,2022,11,Las Vegas Aviators,Pacific Coast League,3,1,0,0,1,0,0,0,0,4,0,0,0,0,2022-06-12
669127,hitting,2022,11,Las Vegas Aviators,Pacific Coast League,4,1,0,0,1,0,1,0,0,5,0,0,0,0,2022-06-14
669127,hitting,2022,11,Las Vegas Aviators,Pacific Coast League,4,1,0,1,1,0,1,0,0,5,1,0,0,0,2022-06-16
669127,hitting,2022,11,Las Vegas Aviators,Pacific Coast League,4,1,0,0,1,0,2,1,0,5,2,0,0,0,2022-06-18
669127,hitting,2022,11,Las Vegas Aviators,Pacific Coast League,4,1,0,0,1,0,0,0,0,5,0,0,0,0,2022-06-19
669127,hitting,2022,11,Las Vegas Aviators,Pacific Coast League,4,1,0,0,1,0,1,0,0,5,1,0,0,0,2022-06-21
669127,hitting,2022,11,Las Vegas Aviators,Pacific Coast League,3,1,0,0,1,0,0,0,0,4,1,0,0,0,2022-06-23
669127,hitting,2022,11,Las Vegas Aviators,Pacific Coast League,5,0,0,1,1,0,3,1,0,5,1,0,1,0,2022-06-24
669127,hitting,2022,11,Las Vegas Aviators,Pacific Coast League,5,0,0,0,1,0,0,0,0,5,0,0,0,0,2022-06-25
669127,hitting,2022,11,Las Vegas Aviators,Pacific Coast League,0,0,0,0,1,0,0,0,0,0,0,0,0,0,2022-06-26
669127,hitting,2022,11,Las Vegas Aviators,Pacific Coast League,3,2,0,0,1,0,1,0,0,5,1,0,0,0,2022-06-28
669127,hitting,2022,11,Las Vegas Aviators,Pacific Coast League,2,0,0,0,1,1,0,0,0,3,0,0,1,0,2022-06-30
669127,hitting,2022,11,Las Vegas Aviators,Pacific Coast League,5,0,0,1,1,0,3,0,0,5,0,0,0,1,2022-07-01
669127,hitting,2022,11,Las Vegas Aviators,Pacific Coast League,5,0,0,0,1,0,1,1,0,5,1,0,0,0,2022-07-02
669127,hitting,2022,11,Las Vegas Aviators,Pacific Coast League,5,0,0,0,1,0,1,0,0,5,0,0,0,0,2022-07-03
669127,hitting,2022,11,Las Vegas Aviators,Pacific Coast League,5,0,0,0,1,0,1,0,0,5,0,0,0,0,2022-07-05
669127,hitting,2022,11,Las Vegas Aviators,Pacific Coast League,4,1,0,0,1,0,1,0,0,5,1,0,0,0,2022-07-06
669127,hitting,2022,11,Las Vegas Aviators,Pacific Coast League,4,1,0,0,1,0,1,0,0,5,0,0,1,0,2022-07-08
669127,hitting,2022,11,Las Vegas Aviators,Pacific Coast League,3,2,0,0,1,0,1,1,0,5,1,0,0,0,2022-07-09
669127,hitting,2022,11,Las Vegas Aviators,Pacific Coast League,5,0,0,0,1,0,1,1,0,5,1,0,0,0,2022-07-12
669127,hitting,2022,11,Las Vegas Aviators,Pacific Coast League,5,0,0,0,1,0,2,0,0,5,0,0,0,0,2022-07-13
669127,hitting,2022,11,Las Vegas Aviators,Pacific Coast League,4,0,0,1,1,0,1,0,0,4,0,0,0,0,2022-07-14
669127,hitting,2022,11,Las Vegas Aviators,Pacific Coast League,5,0,0,0,1,0,1,1,0,5,1,0,0,0,2022-07-22
669127,hitting,2022,11,Las Vegas Aviators,Pacific Coast League,4,0,0,0,1,0,0,0,0,4,0,0,0,0,2022-07-23
669127,hitting,2022,11,Las Vegas Aviators,Pacific Coast League,4,0,0,1,1,0,1,0,0,4,1,0,0,0,2022-07-24
669127,hitting,2022,11,Las Vegas Aviators,Pacific Coast League,4,1,1,0,1,0,4,1,0,5,3,0,0,0,2022-07-26
669127,hitting,2022,11,Las Vegas Aviators,Pacific Coast League,4,0,0,1,1,0,2,0,0,5,1,1,0,0,2022-07-27
669127,hitting,2022,11,Las Vegas Aviators,Pacific Coast League,4,0,0,0,1,0,0,0,0,4,0,0,0,0,2022-07-28
669127,hitting,2022,11,Las Vegas Aviators,Pacific Coast League,5,0,0,2,1,0,3,0,0,5,1,0,0,0,2022-07-29
669127,hitting,2022,11,Las Vegas Aviators,Pacific Coast League,5,0,0,0,1,0,1,1,0,5,1,0,0,0,2022-07-30
669127,hitting,2022,11,Las Vegas Aviators,Pacific Coast League,4,1,0,0,1,0,0,0,0,5,0,0,0,0,2022-07-31
669127,hitting,2022,11,Las Vegas Aviators,Pacific Coast League,3,1,0,0,1,0,1,0,0,4,0,0,0,0,2022-08-02
669127,hitting,2022,11,Las Vegas Aviators,Pacific Coast League,5,0,0,0,1,0,0,0,0,5,0,0,0,0,2022-08-03
669127,hitting,2022,11,Las Vegas Aviators,Pacific Coast League,5,0,0,0,1,0,4,0,0,5,1,0,0,0,2022-08-05
669127,hitting,2022,11,Las Vegas Aviators,Pacific Coast League,4,0,0,0,1,0,1,0,0,4,0,0,0,0,2022-08-06
669127,hitting,2022,11,Las Vegas Aviators,Pacific Coast League,3,1,0,1,1,1,2,0,0,5,3,0,0,0,2022-08-09
669127,hitting,2022,11,Las Vegas Aviators,Pacific Coast League,4,0,0,0,1,0,1,0,0,4,0,0,0,0,2022-08-10
669127,hitting,2022,11,Las Vegas Aviators,Pacific Coast League,5,0,0,0,1,0,2,0,0,5,1,0,0,0,2022-08-12
669127,hitting,2022,11,Las Vegas Aviators,Pacific Coast League,3,1,0,1,1,0,1,0,0,4,1,0,0,0,2022-08-13
669127,hitting,2022,11,Las Vegas Aviators,Pacific Coast League,3,0,0,0,1,0,0,0,0,3,0,0,0,0,2022-08-14
669224,hitting,2023,11,Scranton/Wilkes-Barre RailRiders,International League,4,1,0,0,1,0,1,0,0,5,1,0,0,0,2023-07-21
669224,hitting,2023,11,Scranton/Wilkes-Barre RailRiders,International League,3,0,0,0,1,0,1,0,0,3,0,0,0,0,2023-07-22
669224,hitting,2023,11,Scranton/Wilkes-Barre RailRiders,International League,4,0,0,1,1,0,1,0,0,4,0,0,0,0,2023-07-23
669224,hitting,2023,11,Scranton/Wilkes-Barre RailRiders,International League,3,0,0,0,1,0,0,0,0,4,0,1,0,0,2023-07-25
669224,hitting,2023,11,Scranton/Wilkes-Barre RailRiders,International League,3,1,0,1,1,0,1,0,0,4,1,0,0,0,2023-07-26
669224,hitting,2023,11,Scranton/Wilkes-Barre RailRiders,International League,4,1,0,0,1,0,2,0,0,5,0,0,0,0,2023-07-27
669224,hitting,2023,11,Scranton/Wilkes-Barre RailRiders,International League,4,1,0,0,1,0,1,0,0,5,0,0,0,0,2023-07-28
669224,hitting,2023,11,Scranton/Wilkes-Barre RailRiders,International League,5,0,0,0,1,0,1,0,0,5,0,0,0,0,2023-07-29
669224,hitting,2023,11,Scranton/Wilkes-Barre RailRiders,International League,4,1,0,0,1,0,0,0,0,5,0,0,0,0,2023-08-01
669224,hitting,2023,11,Scranton/Wilkes-Barre RailRiders,International League,2,3,0,0,1,0,1,0,0,5,0,0,0,0,2023-08-02
669224,hitting,2023,11,Scranton/Wilkes-Barre RailRiders,International League,4,0,0,1,1,0,1,0,0,4,1,0,0,0,2023-08-03
669224,hitting,2023,11,Scranton/Wilkes-Barre RailRiders,International League,3,1,0,1,1,0,2,0,0,4,1,0,0,0,2023-08-04
669224,hitting,2023,11,Scranton/Wilkes-Barre RailRiders,International League,5,0,0,1,1,0,1,0,0,5,0,0,0,0,2023-08-05
669224,hitting,2023,11,Scranton/Wilkes-Barre RailRiders,International League,2,1,0,0,1,1,0,0,0,4,0,0,0,0,2023-08-06
669224,hitting,2023,11,Scranton/Wilkes-Barre RailRiders,International League,4,0,0,0,1,0,0,0,0,4,0,0,0,0,2023-08-08
669224,hitting,2023,11,Scranton/Wilkes-Barre RailRiders,International League,5,0,0,1,1,0,3,0,0,5,2,0,0,0,2023-08-09
669224,hitting,2023,11,Scranton/Wilkes-Barre RailRiders,International League,3,0,0,1,1,0,1,0,0,3,0,0,0,0,2023-08-10
669224,hitting,2023,11,Scranton/Wilkes-Barre RailRiders,International League,4,0,0,0,1,1,1,0,0,5,0,0,0,0,2023-08-11
669224,hitting,2023,11,Scranton/Wilkes-Barre RailRiders,International League,4,0,0,1,1,0,1,0,0,4,1,0,1,0,2023-08-12
669224,hitting,2023,11,Scranton/Wilkes-Barre RailRiders,International League,4,0,0,0,1,0,0,0,0,4,0,0,0,0,2023-08-13
669224,hitting,2023,11,Scranton/Wilkes-Barre RailRiders,International League,5,0,0,0,1,0,1,1,0,5,1,0,0,0,2023-08-15
669224,hitting,2023,11,Scranton/Wilkes-Barre RailRiders,International League,4,0,0,0,1,0,1,0,0,4,0,0,1,0,2023-08-16
669224,hitting,2023,11,Scranton/Wilkes-Barre RailRiders,International League,3,1,0,0,1,0,0,0,0,4,0,0,0,0,2023-08-18
669224,hitting,2023,11,Scranton/Wilkes-Barre RailRiders,International League,6,0,0,1,1,0,2,1,0,6,1,0,0,0,2023-08-19
669224,hitting,2023,11,Scranton/Wilkes-Barre RailRiders,International League,4,1,0,0,1,0,2,2,0,5,3,0,0,0,2023-08-20
669224,hitting,2023,11,Scranton/Wilkes-Barre RailRiders,International League,4,0,0,0,1,1,0,0,0,5,0,0,0,0,2023-08-22
669224,hitting,2023,11,Scranton/Wilkes-Barre RailRiders,International League,4,0,1,0,1,0,2,0,0,4,2,0,0,0,2023-08-23
669224,hitting,2023,11,Scranton/Wilkes-Barre RailRiders,International League,3,0,0,0,1,0,1,0,0,3,0,0,0,0,2023-08-23
669224,hitting,2023,11,Scranton/Wilkes-Barre RailRiders,International League,3,2,0,0,1,0,0,0,0,5,0,0,0,0,2023-08-25
669224,hitting,2023,11,Scranton/Wilkes-Barre RailRiders,International League,4,0,0,1,1,0,2,0,0,4,1,0,0,0,2023-08-26
669224,hitting,2023,11,Scranton/Wilkes-Barre RailRiders,International League,4,0,0,0,1,0,1,1,0,4,1,0,0,0,2023-08-27
669224,hitting,2023,11,Scranton/Wilkes-Barre RailRiders,International League,4,1,0,0,1,0,1,0,0,5,0,0,0,0,2023-08-29
669224,hitting,2023,11,Scranton/Wilkes-Barre RailRiders,International League,4,1,0,0,1,0,0,0,0,5,0,0,0,0,2023-08-30
669224,hitting,2023,12,Somerset Patriots,Eastern League,3,1,0,1,1,0,1,0,0,4,1,0,0,0,2023-05-02
669224,hitting,2023,12,Somerset Patriots,Eastern League,3,0,0,0,1,0,1,0,0,3,0,0,0,0,2023-05-03
669224,hitting,2023,12,Somerset Patriots,Eastern League,4,0,0,0,1,0,1,1,0,4,1,0,0,0,2023-05-05
669224,hitting,2023,12,Somerset Patriots,Eastern League,4,0,0,0,1,0,1,1,0,4,1,0,0,0,2023-05-06
669224,hitting,2023,12,Somerset Patriots,Eastern League,5,0,0,0,1,0,1,1,0,5,1,0,0,0,2023-05-07
669224,hitting,2023,12,Somerset Patriots,Eastern League,5,0,0,1,1,0,2,1,0,5,2,0,1,0,2023-05-09
669224,hitting,2023,12,Somerset Patriots,Eastern League,3,2,0,0,1,0,0,0,0,5,1,0,0,0,2023-05-10
669224,hitting,2023,12,Somerset Patriots,Eastern League,4,1,0,0,1,0,0,0,0,5,0,0,0,0,2023-05-11
669224,hitting,2023,12,Somerset Patriots,Eastern League,5,0,0,1,1,0,2,0,0,5,1,0,0,0,2023-05-12
669224,hitting,2023,12,Somerset Patriots,Eastern League,4,0,0,0,1,0,0,0,0,4,0,0,0,0,2023-05-13
669224,hitting,2023,12,Somerset Patriots,Eastern League,6,0,0,0,1,0,3,1,0,6,2,0,0,0,2023-05-16
669224,hitting,2023,12,Somerset Patriots,Eastern League,3,1,0,0,1,0,2,1,0,4,2,0,1,0,2023-05-18
669224,hitting,2023,12,Somerset Patriots,Eastern League,4,1,0,0,1,0,0,0,1,5,0,0,0,0,2023-05-19
669224,hitting,2023,12,Somerset Patriots,Eastern League,5,0,0,0,1,0,2,1,0,5,1,0,0,0,2023-05-20
669224,hitting,2023,12,Somerset Patriots,Eastern League,4,1,0,0,1,0,1,0,0,5,0,0,0,0,2023-05-21
669224,hitting,2023,12,Somerset Patriots,Eastern League,4,1,0,0,1,0,0,0,0,5,0,0,0,0,2023-05-23
669224,hitting,2023,12,Somerset Patriots,Eastern League,3,1,0,0,1,0,2,0,0,4,0,0,0,0,2023-05-24
669224,hitting,2023,12,Somerset Patriots,Eastern League,5,0,0,0,1,0,0,0,0,5,0,0,0,0,2023-05-26
669224,hitting,2023,12,Somerset Patriots,Eastern League,4,1,0,1,1,0,1,0,0,5,0,0,0,0,2023-05-27
669224,hitting,2023,12,Somerset Patriots,Eastern League,3,1,0,0,1,0,2,0,0,4,1,0,0,0,2023-05-28
669224,hitting,2023,12,Somerset Patriots,Eastern League,4,0,0,0,1,0,0,0,0,4,0,0,0,0,2023-05-30
669224,hitting,2023,12,Somerset Patriots,Eastern League,3,2,0,0,1,0,0,0,0,5,1,0,0,0,2023-06-01
669224,hitting,2023,12,Somerset Patriots,Eastern League,4,1,0,1,1,0,1,0,0,5,1,0,0,0,2023-06-02
669224,hitting,2023,12,Somerset Patriots,Eastern League,3,1,0,0,1,0,1,1,0,4,1,0,0,0,2023-06-03
669224,hitting,2023,12,Somerset Patriots,Eastern League,5,0,0,0,1,0,3,0,0,5,0,0,0,0,2023-06-04
669224,hitting,2023,12,Somerset Patriots,Eastern League,4,1,0,1,1,0,1,0,0,5,0,0,0,0,2023-06-06
669224,hitting,2023,12,Somerset Patriots,Eastern League,4,1,0,1,1,0,1,0,0,5,0,0,0,0,2023-06-07
669224,hitting,2023,12,Somerset Patriots,Eastern League,4,1,0,0,1,0,0,0,0,5,0,0,0,0,2023-06-09
669224,hitting,2023,12,Somerset Patriots,Eastern League,4,0,0,0,1,0,1,0,0,4,1,0,0,0,2023-06-10
669224,hitting,2023,12,Somerset Patriots,Eastern League,4,1,0,0,1,0,0,0,0,5,0,0,0,0,2023-06-11
669224,hitting,2023,12,Somerset Patriots,Eastern League,4,0,0,1,1,0,1,0,0,4,0,0,0,0,2023-06-13
669224,hitting,2023,12,Somerset Patriots,Eastern League,4,0,0,0,1,0,3,1,0,4,2,0,0,0,2023-06-14
669224,hitting,2023,12,Somerset Patriots,Eastern League,3,1,0,0,1,0,0,0,0,4,0,0,0,0,2023-06-16
669224,hitting,2023,12,Somerset Patriots,Eastern League,3,1,0,0,1,0,0,0,0,4,1,0,0,0,2023-06-17
669224,hitting,2023,12,Somerset Patriots,Eastern League,3,1,0,0,1,0,0,0,0,4,0,0,0,0,2023-06-18
669224,hitting,2023,12,Somerset Patriots,Eastern League,4,0,0,0,1,0,0,0,0,4,0,0,0,0,2023-06-20
669224,hitting,2023,12,Somerset Patriots,Eastern League,4,0,0,0,1,0,1,0,0,4,0,0,0,0,2023-06-21
669224,hitting,2023,12,Somerset Patriots,Eastern League,5,1,0,1,1,0,2,0,1,6,0,0,0,0,2023-06-22
669224,hitting,2023,12,Somerset Patriots,Eastern League,4,0,0,0,1,0,1,1,0,4,1,0,0,0,2023-06-23
669224,hitting,2023,12,Somerset Patriots,Eastern League,4,0,0,1,1,0,1,0,0,4,0,0,0,0,2023-06-24
669224,hitting,2023,12,Somerset Patriots,Eastern League,5,0,0,0,1,0,1,0,0,5,0,0,0,0,2023-06-25
669224,hitting,2023,12,Somerset Patriots,Eastern League,3,1,0,0,1,1,1,0,0,5,0,0,1,0,2023-06-28
669224,hitting,2023,12,Somerset Patriots,Eastern League,4,1,0,2,1,0,2,0,0,5,2,0,1,0,2023-06-29
669224,hitting,2023,12,Somerset Patriots,Eastern League,4,0,0,0,1,0,1,0,0,5,0,1,0,0,2023-07-01
669224,hitting,2023,12,Somerset Patriots,Eastern League,5,0,0,0,1,0,0,0,0,5,1,0,0,0,2023-07-02
669224,hitting,2023,12,Somerset Patriots,Eastern League,2,2,0,1,1,0,1,0,0,4,1,0,0,0,2023-07-03
669224,hitting,2023,12,Somerset Patriots,Eastern League,3,0,0,0,1,0,1,0,0,4,0,1,0,0,2023-07-04
669224,hitting,2023,12,Somerset Patriots,Eastern League,4,0,0,0,1,0,2,1,0,4,1,0,0,0,2023-07-05
669224,hitting,2023,12,Somerset Patriots,Eastern League,4,0,0,0,1,0,0,0,0,4,0,0,0,0,2023-07-06
669224,hitting,2023,12,Somerset Patriots,Eastern League,4,1,0,0,1,0,2,0,0,5,0,0,0,0,2023-07-07
669224,hitting,2023,12,Somerset Patriots,Eastern League,5,0,0,0,1,0,0,0,0,5,0,0,0,0,2023-07-08
669224,hitting,2023,12,Somerset Patriots,Eastern League,3,0,0,1,1,0,1,0,0,3,0,0,0,0,2023-07-09
669224,hitting,2023,12,Somerset Patriots,Eastern League,4,0,0,0,1,0,1,0,0,4,0,0,0,0,2023-07-14
669224,hitting,2023,12,Somerset Patriots,Eastern League,4,0,0,0,1,0,1,0,0,4,0,0,0,0,2023-07-15
669224,hitting,2023,12,Somerset Patriots,Eastern League,3,1,0,0,1,0,0,0,0,5,0,1,0,0,2023-07-16
669224,hitting,2023,12,Somerset Patriots,Eastern League,5,0,0,0,1,0,1,0,0,5,0,0,0,0,2023-07-18
669224,hitting,2023,12,Somerset Patriots,Eastern League,4,0,0,0,1,1,0,0,0,5,1,0,1,0,2023-07-19
669224,hitting,2023,12,Somerset Patriots,Eastern League,4,0,0,0,1,1,0,0,0,5,0,0,0,0,2023-07-20
669224,hitting,2023,14,Tampa Tarpons,Florida State League,4,0,0,0,1,0,1,0,0,4,0,0,0,0,2023-04-25
669224,hitting,2023,14,Tampa Tarpons,Florida State League,2,1,0,0,1,0,0,0,0,3,0,0,0,0,2023-04-26
669224,hitting,2023,14,Tampa Tarpons,Florida State League,4,0,0,0,1,0,2,1,0,4,1,0,0,0,2023-04-28
669224,hitting,2023,14,Tampa Tarpons,Florida State League,3,2,0,0,1,0,0,0,0,5,1,0,0,0,2023-04-29
669224,hitting,2023,14,Tampa Tarpons,Florida State League,4,0,0,0,1,0,0,0,0,4,0,0,0,0,2023-04-30
669304,hitting,2022,11,St. Paul Saints,International League,5,0,0,0,1,0,0,0,0,5,0,0,0,0,2022-04-05
669304,hitting,2022,11,St. Paul Saints,International League,5,0,0,0,1,0,2,1,0,5,1,0,0,0,2022-04-06
669304,hitting,2022,11,St. Paul Saints,International League,5,0,0,0,1,0,1,0,0,5,0,0,0,0,2022-04-07
669304,hitting,2022,11,St. Paul Saints,International League,5,0,0,0,1,0,1,0,0,6,1,1,0,0,2022-04-09
669304,hitting,2022,11,St. Paul Saints,International League,5,0,0,0,1,1,1,0,0,6,0,0,0,0,2022-04-10
669304,hitting,2022,11,St. Paul Saints,International League,3,0,0,2,1,0,2,0,0,3,0,0,0,0,2022-04-12
669304,hitting,2022,11,St. Paul Saints,International League,4,0,0,0,1,0,0,0,0,4,0,0,0,0,2022-04-13
669304,hitting,2022,11,St. Paul Saints,International League,4,0,0,0,1,0,0,0,0,4,0,0,0,0,2022-04-15
669304,hitting,2022,11,St. Paul Saints,International League,5,0,0,1,1,0,3,0,0,5,2,0,0,0,2022-04-16
669304,hitting,2022,11,St. Paul Saints,International League,3,1,0,0,1,0,0,0,0,4,0,0,0,0,2022-04-17
669304,hitting,2022,11,St. Paul Saints,International League,4,0,0,1,1,0,1,0,0,4,0,0,0,0,2022-04-19
669304,hitting,2022,11,St. Paul Saints,International League,5,0,0,2,1,0,2,0,0,5,1,0,0,0,2022-04-20
669304,hitting,2022,11,St. Paul Saints,International League,4,1,0,1,1,0,1,0,0,5,0,0,0,0,2022-04-21
669304,hitting,2022,11,St. Paul Saints,International League,4,1,0,0,1,0,1,0,0,6,1,1,0,0,2022-04-22
669304,hitting,2022,11,St. Paul Saints,International League,4,0,0,0,1,0,0,0,0,4,0,0,0,0,2022-04-23
669304,hitting,2022,11,St. Paul Saints,International League,3,1,0,1,1,0,1,0,0,4,2,0,0,0,2022-04-24
669304,hitting,2022,11,St. Paul Saints,International League,4,0,0,0,1,0,1,0,0,4,0,0,0,0,2022-04-26
669304,hitting,2022,11,St. Paul Saints,International League,4,0,0,1,1,0,2,1,0,4,1,0,0,0,2022-04-27
669304,hitting,2022,11,St. Paul Saints,International League,4,0,0,0,1,0,1,0,0,4,1,0,0,0,2022-04-28
669304,hitting,2022,11,St. Paul Saints,International League,4,1,0,0,1,0,1,0,0,5,0,0,0,0,2022-04-29
669304,hitting,2022,11,St. Paul Saints,International League,2,0,0,1,1,0,1,0,0,3,0,1,0,0,2022-04-30
669357,hitting,2022,11,Memphis Redbirds,International League,3,0,0,0,1,0,0,0,0,3,0,0,0,0,2022-04-05
669357,hitting,2022,11,Memphis Redbirds,International League,3,1,0,0,1,0,0,0,0,4,0,0,0,0,2022-04-06
669357,hitting,2022,11,Memphis Redbirds,International League,3,0,0,0,1,0,0,0,0,3,0,0,0,0,2022-04-07
669357,hitting,2022,11,Memphis Redbirds,International League,4,0,0,0,1,0,2,0,0,4,1,0,0,0,2022-04-08
669357,hitting,2022,11,Memphis Redbirds,International League,4,0,0,0,1,0,2,2,0,4,2,0,0,0,2022-04-10
669357,hitting,2022,11,Memphis Redbirds,International League,3,2,0,0,1,0,1,0,0,5,0,0,0,0,2022-04-12
669357,hitting,2022,11,Memphis Redbirds,International League,6,0,0,0,1,0,5,1,0,6,4,0,0,0,2022-04-13
669357,hitting,2022,11,Memphis Redbirds,International League,4,0,0,0,1,0,1,1,0,4,1,0,0,0,2022-04-14
669357,hitting,2022,11,Memphis Redbirds,International League,4,0,0,0,1,0,1,1,0,4,1,0,0,0,2022-04-16
669357,hitting,2022,11,Memphis Redbirds,International League,3,0,0,0,1,1,1,1,0,4,1,0,0,0,2022-04-17
669357,hitting,2022,11,Memphis Redbirds,International League,4,0,0,0,1,0,1,1,0,4,1,0,0,0,2022-04-19
669357,hitting,2022,11,Memphis Redbirds,International League,4,1,0,0,1,0,1,0,0,5,1,0,0,0,2022-04-20
669357,hitting,2022,11,Memphis Redbirds,International League,4,0,0,0,1,0,1,0,0,4,1,0,0,0,2022-04-21
669357,hitting,2022,11,Memphis Redbirds,International League,4,0,0,0,1,0,1,0,0,4,1,0,0,0,2022-04-23
669357,hitting,2022,11,Memphis Redbirds,International League,4,0,0,0,1,0,1,1,0,4,1,0,0,0,2022-04-24
669357,hitting,2022,11,Memphis Redbirds,International League,4,1,0,1,1,0,1,0,0,6,0,1,1,0,2022-04-26
669357,hitting,2022,11,Memphis Redbirds,International League,5,0,0,1,1,0,4,2,0,5,3,0,0,0,2022-04-27
669357,hitting,2022,11,Memphis Redbirds,International League,4,0,0,0,1,0,1,0,0,4,0,0,0,0,2022-04-28
669357,hitting,2022,11,Memphis Redbirds,International League,4,1,0,0,1,0,1,1,0,5,1,0,0,0,2022-04-30
669357,hitting,2022,11,Memphis Redbirds,International League,4,0,0,0,1,0,0,0,0,4,0,0,0,0,2022-05-01
669357,hitting,2022,11,Memphis Redbirds,International League,4,1,0,0,1,0,1,0,0,5,0,0,0,0,2022-05-03
669357,hitting,2022,11,Memphis Redbirds,International League,4,0,0,0,1,0,0,0,0,4,0,0,0,0,2022-05-04
669357,hitting,2022,11,Memphis Redbirds,International League,4,0,0,1,1,0,1,0,0,4,1,0,0,0,2022-05-06
669357,hitting,2022,11,Memphis Redbirds,International League,4,0,0,0,1,0,1,0,0,4,0,0,0,0,2022-05-06
669357,hitting,2022,11,Memphis Redbirds,International League,3,1,0,0,1,0,1,1,0,4,2,0,0,0,2022-05-07
669357,hitting,2022,11,Memphis Redbirds,International League,4,0,0,0,1,0,2,0,0,4,1,0,1,0,2022-05-08
669357,hitting,2022,11,Memphis Redbirds,International League,3,1,0,0,1,0,0,0,0,4,0,0,0,0,2022-05-10
669357,hitting,2022,11,Memphis Redbirds,International League,4,1,0,0,1,0,0,0,0,5,0,0,0,0,2022-05-11
669357,hitting,2022,11,Memphis Redbirds,International League,4,0,0,0,1,0,1,1,0,4,1,0,0,0,2022-05-12
669357,hitting,2022,11,Memphis Redbirds,International League,3,1,0,0,1,0,0,0,0,4,1,0,0,0,2022-05-13
669357,hitting,2022,11,Memphis Redbirds,International League,4,1,0,0,1,0,1,0,0,5,1,0,0,0,2022-05-14
669357,hitting,2022,11,Memphis Redbirds,International League,5,0,0,0,1,0,2,1,0,5,2,0,1,0,2022-05-15
669357,hitting,2022,11,Memphis Redbirds,International League,5,0,0,1,1,0,3,1,0,5,2,0,0,0,2022-05-17
669357,hitting,2022,11,Memphis Redbirds,International League,4,0,0,0,1,0,3,0,0,4,1,0,0,0,2022-05-18
671213,hitting,2022,11,Worcester Red Sox,International League,4,0,0,0,1,1,0,0,0,5,1,0,0,0,2022-04-05
671213,hitting,2022,11,Worcester Red Sox,International League,4,1,0,0,1,0,1,1,0,5,1,0,0,0,2022-04-06
671213,hitting,2022,11,Worcester Red Sox,International League,4,0,0,0,1,0,0,0,0,4,0,0,0,0,2022-04-07
671213,hitting,2022,11,Worcester Red Sox,International League,4,1,0,1,1,0,2,0,0,5,1,0,0,0,2022-04-08
671213,hitting,2022,11,Worcester Red Sox,International League,3,1,0,0,1,0,0,0,0,5,1,1,0,0,2022-04-10
671213,hitting,2022,11,Worcester Red Sox,International League,3,2,0,0,1,0,1,1,1,5,1,0,0,0,2022-04-12
671213,hitting,2022,11,Worcester Red Sox,International League,4,0,0,0,1,0,2,1,0,4,1,0,0,0,2022-04-13
671213,hitting,2022,11,Worcester Red Sox,International League,3,1,0,0,1,0,0,0,0,4,0,0,0,0,2022-04-15
671213,hitting,2022,11,Worcester Red Sox,International League,2,1,0,0,1,0,0,0,0,3,1,0,0,0,2022-04-15
671213,hitting,2022,11,Worcester Red Sox,International League,4,1,0,0,1,0,3,0,0,5,3,0,0,0,2022-04-16
671213,hitting,2022,11,Worcester Red Sox,International League,4,1,0,1,1,0,2,0,0,5,2,0,0,0,2022-04-17
671213,hitting,2022,11,Worcester Red Sox,International League,3,1,0,0,1,0,0,0,0,4,0,0,0,0,2022-04-20
671213,hitting,2022,11,Worcester Red Sox,International League,4,0,0,0,1,0,0,0,0,4,0,0,0,0,2022-04-20
671213,hitting,2022,11,Worcester Red Sox,International League,4,1,0,0,1,0,1,1,0,5,1,0,0,0,2022-04-21
671213,hitting,2022,11,Worcester Red Sox,International League,4,0,0,1,1,0,1,0,0,4,1,0,0,0,2022-04-22
671213,hitting,2022,11,Worcester Red Sox,International League,4,1,0,0,1,0,3,0,0,5,1,0,0,0,2022-04-23
671213,hitting,2022,11,Worcester Red Sox,International League,3,1,0,0,1,0,0,0,0,4,0,0,0,0,2022-04-24
671213,hitting,2022,11,Worcester Red Sox,International League,3,0,0,0,1,0,0,0,0,3,0,0,0,0,2022-04-27
671213,hitting,2022,11,Worcester Red Sox,International League,3,1,0,0,1,0,0,0,0,4,0,0,0,0,2022-04-27
671213,hitting,2022,11,Worcester Red Sox,International League,4,1,0,0,1,0,0,0,0,5,1,0,0,0,2022-04-28
671213,hitting,2022,11,Worcester Red Sox,International League,4,1,0,0,1,0,1,0,1,5,0,0,0,0,2022-04-29
671213,hitting,2022,11,Worcester Red Sox,International League,5,0,0,1,1,0,3,0,0,5,0,0,0,0,2022-04-30
671213,hitting,2022,11,Worcester Red Sox,International League,4,1,0,1,1,0,2,1,0,5,2,0,0,0,2022-05-01
671213,hitting,2022,11,Worcester Red Sox,International League,4,0,0,1,1,0,1,0,0,4,0,0,0,0,2022-05-04
671213,hitting,2022,11,Worcester Red Sox,International League,2,0,0,0,1,0,0,0,0,3,0,1,0,0,2022-05-05
671213,hitting,2022,11,Worcester Red Sox,International League,3,0,0,1,1,0,1,0,0,3,0,0,0,0,2022-05-05
671213,hitting,2022,11,Worcester Red Sox,International League,4,0,0,0,1,0,1,0,0,4,0,0,0,0,2022-05-06
671213,hitting,2022,11,Worcester Red Sox,International League,4,1,0,0,1,0,1,0,0,5,1,0,0,0,2022-05-07
671213,hitting,2022,11,Worcester Red Sox,International League,3,1,0,0,1,0,1,1,0,4,1,0,0,0,2022-05-08
671213,hitting,2022,11,Worcester Red Sox,International League,4,0,0,0,1,0,0,0,0,4,0,0,0,0,2022-05-10
671213,hitting,2022,11,Worcester Red Sox,International League,3,0,0,0,1,0,0,0,0,4,0,1,0,0,2022-05-11
671213,hitting,2022,11,Worcester Red Sox,International League,4,0,0,0,1,0,1,0,0,4,0,0,0,0,2022-05-12
671213,hitting,2022,11,Worcester Red Sox,International League,5,0,0,0,1,0,1,0,0,5,0,0,0,0,2022-05-13
671213,hitting,2022,11,Worcester Red Sox,International League,4,1,0,1,1,0,1,0,0,5,1,0,0,0,2022-05-14
671213,hitting,2022,11,Worcester Red Sox,International League,3,2,0,1,1,0,1,0,0,5,1,0,0,0,2022-05-15
671213,hitting,2022,11,Worcester Red Sox,International League,2,1,0,0,1,0,1,0,0,3,0,0,0,0,2022-05-17
671213,hitting,2022,11,Worcester Red Sox,International League,5,0,0,0,1,0,0,0,0,5,1,0,0,0,2022-07-22
671213,hitting,2022,11,Worcester Red Sox,International League,4,1,0,0,1,0,0,0,0,5,0,0,0,0,2022-07-23
671213,hitting,2022,11,Worcester Red Sox,International League,4,1,0,0,1,0,2,0,0,5,2,0,0,0,2022-07-24
671213,hitting,2022,11,Worcester Red Sox,International League,3,0,0,0,1,0,0,0,0,4,0,1,0,0,2022-07-26
671213,hitting,2022,11,Worcester Red Sox,International League,4,0,0,0,1,0,0,0,0,4,0,0,0,0,2022-07-27
671213,hitting,2022,11,Worcester Red Sox,International League,4,0,0,1,1,0,2,0,0,4,0,0,0,0,2022-07-28
671213,hitting,2022,11,Worcester Red Sox,International League,4,1,0,0,1,0,1,1,0,5,2,0,0,0,2022-07-29
671213,hitting,2022,11,Worcester Red Sox,International League,5,0,0,0,1,0,2,0,0,5,0,0,0,0,2022-07-30
671213,hitting,2022,11,Worcester Red Sox,International League,4,1,0,0,1,0,1,1,0,5,1,0,0,0,2022-07-31
671213,hitting,2022,11,Worcester Red Sox,International League,3,1,0,0,1,0,1,0,0,4,0,0,0,0,2022-08-02
671213,hitting,2022,11,Worcester Red Sox,International League,4,0,0,0,1,0,0,0,0,4,0,0,0,0,2022-08-03
671213,hitting,2022,11,Worcester Red Sox,International League,4,1,0,1,1,0,1,0,0,5,1,0,0,0,2022-08-04
671213,hitting,2022,11,Worcester Red Sox,International League,4,0,0,1,1,0,1,0,0,4,0,0,0,0,2022-08-05
671213,hitting,2022,11,Worcester Red Sox,International League,3,1,0,1,1,0,1,0,1,4,1,0,0,0,2022-08-06
671213,hitting,2022,11,Worcester Red Sox,International League,3,0,0,2,1,1,2,0,0,4,0,0,0,0,2022-08-07
671213,hitting,2022,11,Worcester Red Sox,International League,3,1,0,0,1,0,0,0,0,4,0,0,0,0,2022-08-10
671213,hitting,2022,11,Worcester Red Sox,International League,3,0,0,1,1,0,1,0,0,3,0,0,0,0,2022-08-11
671213,hitting,2022,11,Worcester Red Sox,International League,4,2,0,1,1,0,3,1,0,6,2,0,0,0,2022-08-12
671213,hitting,2022,11,Worcester Red Sox,International League,4,1,0,0,1,0,1,0,0,5,1,0,0,0,2022-08-13
671213,hitting,2022,11,Worcester Red Sox,International League,4,0,0,0,1,0,0,0,0,4,0,0,0,0,2022-08-14
671213,hitting,2022,11,Worcester Red Sox,International League,4,0,0,0,1,0,1,0,0,4,0,0,0,0,2022-08-16
671213,hitting,2022,11,Worcester Red Sox,International League,4,1,0,0,1,0,2,0,0,5,0,0,0,0,2022-08-17
671213,hitting,2022,11,Worcester Red Sox,International League,4,1,0,1,1,0,1,0,0,5,2,0,0,0,2022-08-18
671213,hitting,2022,11,Worcester Red Sox,International League,1,3,0,0,1,0,0,0,0,4,2,0,0,0,2022-08-19
671213,hitting,2022,11,Worcester Red Sox,International League,3,0,0,0,1,0,2,0,0,3,0,0,0,0,2022-08-20
671213,hitting,2022,11,Worcester Red Sox,International League,4,0,0,0,1,0,1,0,0,4,0,0,0,0,2022-08-21
671213,hitting,2022,11,Worcester Red Sox,International League,4,1,0,1,1,0,3,0,1,5,2,0,0,1,2022-08-23
671213,hitting,2022,11,Worcester Red Sox,International League,5,0,0,0,1,0,1,0,0,5,0,0,0,0,2022-08-24
671213,hitting,2022,11,Worcester Red Sox,International League,5,0,0,0,1,0,2,0,0,5,1,0,0,0,2022-08-25
671213,hitting,2022,11,Worcester Red Sox,International League,2,3,0,0,1,0,0,0,0,5,2,0,0,0,2022-08-26
671213,hitting,2022,11,Worcester Red Sox,International League,3,2,0,1,1,0,1,0,0,5,0,0,0,0,2022-08-27
671213,hitting,2022,11,Worcester Red Sox,International League,4,1,0,0,1,0,2,1,0,5,2,0,0,0,2022-08-28
671213,hitting,2022,11,Worcester Red Sox,International League,3,0,0,0,1,1,1,0,0,4,0,0,0,0,2022-08-30
671213,hitting,2022,11,Worcester Red Sox,International League,5,0,0,0,1,0,2,0,0,5,0,0,0,0,2022-08-31
671213,hitting,2022,11,Worcester Red Sox,International League,3,0,0,0,1,0,1,1,0,3,1,0,0,0,2022-09-01
671213,hitting,2022,11,Worcester Red Sox,International League,5,0,0,0,1,0,1,0,0,5,0,0,0,0,2022-09-02
671213,hitting,2022,16,FCL Red Sox,Florida Complex League,1,2,0,0,1,0,0,0,0,3,0,0,0,0,2022-07-12
671213,hitting,2022,16,FCL Red Sox,Florida Complex League,4,0,0,2,1,0,2,0,0,4,1,0,0,0,2022-07-14
671213,hitting,2022,16,FCL Red Sox,Florida Complex League,5,0,0,1,1,0,3,1,0,5,2,0,0,0,2022-07-15
671213,hitting,2022,16,FCL Red Sox,Florida Complex League,4,1,0,0,1,0,1,0,0,5,0,0,0,0,2022-07-16
671289,hitting,2022,11,Columbus Clippers,International League,4,0,0,0,1,1,0,0,0,5,1,0,0,0,2022-04-29
671289,hitting,2022,11,Columbus Clippers,International League,5,0,0,0,1,0,0,0,0,5,0,0,0,0,2022-05-01
671289,hitting,2022,11,Columbus Clippers,International League,4,0,0,0,1,1,1,0,0,5,2,0,0,0,2022-05-03
671289,hitting,2022,11,Columbus Clippers,International League,4,0,0,1,1,0,1,0,0,4,0,0,0,0,2022-05-05
671289,hitting,2022,11,Columbus Clippers,International League,5,0,0,1,1,0,2,0,0,5,0,0,0,0,2022-05-06
671289,hitting,2022,11,Columbus Clippers,International League,5,0,0,0,1,1,1,0,0,6,0,0,0,0,2022-05-07
671289,hitting,2022,11,Columbus Clippers,International League,3,0,0,0,1,1,1,0,0,4,0,0,0,0,2022-05-08
671289,hitting,2022,11,Columbus Clippers,International League,5,0,0,2,1,1,2,0,0,6,1,0,0,0,2022-05-10
671289,hitting,2022,11,Columbus Clippers,International League,5,0,0,0,1,1,1,0,0,6,0,0,0,0,2022-05-11
671289,hitting,2022,11,Columbus Clippers,International League,4,0,0,0,1,1,1,0,0,5,1,0,0,0,2022-05-12
671289,hitting,2022,11,Columbus Clippers,International League,4,0,0,0,1,1,1,0,0,5,3,0,0,0,2022-05-13
671289,hitting,2022,11,Columbus Clippers,International League,3,0,0,0,1,0,0,0,0,3,0,0,0,0,2022-05-15
671289,hitting,2022,11,Columbus Clippers,International League,3,1,0,0,1,0,2,1,0,4,2,0,1,0,2022-05-15
671289,hitting,2022,11,Columbus Clippers,International League,4,1,0,0,1,0,2,0,0,5,0,0,1,0,2022-05-17
671289,hitting,2022,11,Columbus Clippers,International League,4,0,0,0,1,0,0,0,0,4,0,0,0,0,2022-05-18
671289,hitting,2022,11,Columbus Clippers,International League,4,0,0,1,1,0,1,0,0,4,0,0,0,0,2022-05-19
671289,hitting,2022,11,Columbus Clippers,International League,4,0,0,0,1,1,0,0,0,5,0,0,0,0,2022-05-20
671289,hitting,2022,11,Columbus Clippers,International League,3,1,0,0,1,0,1,0,0,4,0,0,0,0,2022-05-21
671289,hitting,2022,11,Columbus Clippers,International League,5,0,0,0,1,0,3,0,0,5,1,0,0,0,2022-05-22
671289,hitting,2022,11,Columbus Clippers,International League,3,1,0,0,1,0,0,0,0,4,0,0,0,0,2022-05-24
671289,hitting,2022,11,Columbus Clippers,International League,3,1,0,0,1,1,0,0,0,5,1,0,0,0,2022-05-25
671289,hitting,2022,11,Columbus Clippers,International League,3,1,1,0,1,0,0,0,0,4,0,0,0,0,2022-05-27
671289,hitting,2022,11,Columbus Clippers,International League,4,0,0,0,1,0,1,0,0,4,0,0,0,0,2022-05-28
671289,hitting,2022,11,Columbus Clippers,International League,3,0,0,0,1,0,1,1,0,4,1,0,0,0,2022-05-28
671289,hitting,2022,11,Columbus Clippers,International League,4,1,0,0,1,0,0,0,0,5,0,0,0,0,2022-05-29
671289,hitting,2022,11,Columbus Clippers,International League,5,0,0,0,1,0,1,0,0,5,1,0,0,0,2022-05-30
671289,hitting,2022,11,Columbus Clippers,International League,5,0,0,0,1,0,1,0,0,5,1,0,0,0,2022-06-01
671289,hitting,2022,11,Columbus Clippers,International League,3,2,0,0,1,0,1,1,0,5,2,0,0,0,2022-06-02
671289,hitting,2022,11,Columbus Clippers,International League,4,0,0,0,1,0,0,0,0,4,0,0,0,0,2022-06-04
671289,hitting,2022,11,Columbus Clippers,International League,5,0,0,0,1,0,3,0,0,5,0,0,0,0,2022-06-05
671289,hitting,2022,11,Columbus Clippers,International League,3,1,0,0,1,1,0,0,0,5,0,0,0,0,2022-06-07
671289,hitting,2022,11,Columbus Clippers,International League,5,0,0,0,1,0,1,0,0,5,2,0,0,0,2022-06-08
671289,hitting,2022,11,Columbus Clippers,International League,4,0,0,0,1,1,1,0,0,5,1,0,0,0,2022-06-09
671289,hitting,2022,11,Columbus Clippers,International League,4,0,0,0,1,1,0,0,0,5,0,0,0,0,2022-06-10
671289,hitting,2022,11,Columbus Clippers,International League,5,0,0,0,1,1,1,0,0,6,2,0,0,0,2022-06-12
671289,hitting,2022,11,Columbus Clippers,International League,5,0,0,2,1,0,2,0,0,5,2,0,1,0,2022-06-14
671289,hitting,2022,11,Columbus Clippers,International League,3,1,0,0,1,0,2,0,0,4,0,0,0,0,2022-06-15
671289,hitting,2022,11,Columbus Clippers,International League,2,3,0,0,1,0,0,0,0,5,2,0,0,0,2022-06-16
671289,hitting,2022,11,Columbus Clippers,International League,4,1,0,0,1,0,2,0,0,5,1,0,0,0,2022-06-17
671289,hitting,2022,11,Columbus Clippers,International League,5,0,0,0,1,0,3,0,0,5,0,0,0,0,2022-06-18
671289,hitting,2022,11,Columbus Clippers,International League,5,0,0,0,1,0,1,0,0,5,2,0,0,0,2022-06-19
671289,hitting,2022,11,Columbus Clippers,International League,5,0,0,0,1,0,3,0,0,5,1,0,0,0,2022-06-21
671289,hitting,2022,11,Columbus Clippers,International League,4,1,0,0,1,0,1,0,0,5,1,0,0,0,2022-06-22
671289,hitting,2022,11,Columbus Clippers,International League,4,0,0,0,1,0,1,0,0,4,0,0,0,0,2022-06-23
671289,hitting,2022,11,Columbus Clippers,International League,5,0,0,0,1,0,2,1,0,5,2,0,0,0,2022-06-24
671289,hitting,2022,11,Columbus Clippers,International League,5,0,0,0,1,0,1,0,0,5,0,0,0,0,2022-06-25
671289,hitting,2022,11,Columbus Clippers,International League,3,0,0,0,1,1,0,0,0,4,1,0,0,0,2022-06-28
671289,hitting,2022,11,Columbus Clippers,International League,6,1,1,0,1,0,4,0,0,7,1,0,0,0,2022-06-29
671289,hitting,2022,11,Columbus Clippers,International League,5,0,0,0,1,0,2,0,0,5,2,0,0,0,2022-06-30
671289,hitting,2022,11,Columbus Clippers,International League,5,0,0,0,1,1,2,0,0,6,2,0,0,0,2022-07-01
671289,hitting,2022,11,Columbus Clippers,International League,6,0,0,0,1,0,0,0,0,6,0,0,0,0,2022-07-02
671289,hitting,2022,11,Columbus Clippers,International League,5,0,0,0,1,0,0,0,0,5,0,0,0,0,2022-07-04
671289,hitting,2022,11,Columbus Clippers,International League,3,1,0,0,1,0,0,0,0,4,0,0,0,0,2022-07-06
671289,hitting,2022,11,Columbus Clippers,International League,4,1,0,0,1,0,1,0,0,5,0,0,0,0,2022-07-07
671289,hitting,2022,11,Columbus Clippers,International League,4,0,0,0,1,0,1,0,0,5,0,1,0,0,2022-07-08
671289,hitting,2022,11,Columbus Clippers,International League,4,0,0,0,1,0,0,0,0,4,0,0,0,0,2022-07-09
671289,hitting,2022,11,Columbus Clippers,International League,4,0,0,0,1,0,0,0,0,4,0,0,0,0,2022-07-10
671289,hitting,2022,11,Columbus Clippers,International League,4,0,0,0,1,0,1,0,0,4,0,0,0,0,2022-07-12
671289,hitting,2022,11,Columbus Clippers,International League,4,1,0,0,1,0,1,0,0,5,1,0,1,0,2022-07-13
671289,hitting,2022,11,Columbus Clippers,International League,4,0,0,0,1,0,1,0,0,4,0,0,0,0,2022-07-14
671289,hitting,2022,11,Columbus Clippers,International League,4,0,0,0,1,1,2,0,0,5,2,0,1,0,2022-07-15
671289,hitting,2022,11,Columbus Clippers,International League,4,0,0,0,1,0,1,0,0,4,0,0,0,0,2022-07-16
671289,hitting,2022,11,Columbus Clippers,International League,5,0,0,0,1,0,3,0,0,5,1,0,0,0,2022-07-22
671289,hitting,2022,11,Columbus Clippers,International League,5,1,0,0,1,0,3,1,0,6,1,0,0,0,2022-07-23
671289,hitting,2022,11,Columbus Clippers,International League,4,1,0,0,1,1,3,1,0,6,2,0,0,0,2022-07-24
671289,hitting,2022,11,Columbus Clippers,International League,3,2,0,0,1,0,0,0,0,5,0,0,0,0,2022-07-26
671289,hitting,2022,11,Columbus Clippers,International League,4,0,0,0,1,0,2,0,0,4,0,0,0,0,2022-07-27
671289,hitting,2022,11,Columbus Clippers,International League,3,0,0,0,1,0,2,0,0,3,1,0,1,0,2022-07-28
671289,hitting,2022,11,Columbus Clippers,International League,3,1,0,0,1,1,2,0,0,5,2,0,0,0,2022-07-29
671289,hitting,2022,11,Columbus Clippers,International League,5,0,0,0,1,0,1,0,0,5,1,0,0,0,2022-07-30
671289,hitting,2022,11,Columbus Clippers,International League,5,0,0,0,1,0,1,0,0,5,0,0,0,0,2022-07-31
671289,hitting,2022,11,Columbus Clippers,International League,3,0,0,0,1,0,1,0,0,3,1,0,0,0,2022-08-02
671655,hitting,2025,11,Columbus Clippers,International League,3,1,0,0,1,0,0,0,0,4,0,0,0,0,2025-06-03
671655,hitting,2025,11,Columbus Clippers,International League,2,0,0,0,1,0,0,0,0,2,0,0,0,0,2025-06-05
671655,hitting,2025,11,Columbus Clippers,International League,2,2,0,0,1,0,0,0,0,4,0,0,0,0,2025-07-24
671655,hitting,2025,11,Columbus Clippers,International League,5,0,0,0,1,0,2,0,0,5,0,0,0,0,2025-07-25
671655,hitting,2025,11,Columbus Clippers,International League,4,0,0,0,1,0,0,0,0,4,0,0,0,0,2025-07-29
671655,hitting,2025,11,Columbus Clippers,International League,3,0,0,0,1,0,1,0,0,3,1,0,0,0,2025-07-30
671655,hitting,2025,11,Columbus Clippers,International League,3,0,0,0,1,0,1,1,0,3,1,0,0,0,2025-08-01
671655,hitting,2025,11,Columbus Clippers,International League,4,0,0,1,1,0,1,0,0,4,1,0,0,0,2025-08-02
671655,hitting,2025,11,Columbus Clippers,International League,4,0,0,1,1,0,1,0,0,4,0,0,0,0,2025-08-05
671655,hitting,2025,11,Columbus Clippers,International League,4,0,0,1,1,0,1,0,0,4,1,0,0,0,2025-08-06
671655,hitting,2025,11,Columbus Clippers,International League,0,1,0,0,1,0,0,0,0,1,0,0,0,0,2025-08-07
671655,hitting,2025,11,Columbus Clippers,International League,3,0,0,0,1,0,0,0,0,3,0,0,0,0,2025-08-08
671655,hitting,2025,11,Columbus Clippers,International League,4,0,0,0,1,0,2,0,0,4,0,0,0,0,2025-08-09
671655,hitting,2025,11,Columbus Clippers,International League,1,3,0,0,1,0,0,0,0,4,1,0,0,0,2025-08-10
671655,hitting,2025,11,Columbus Clippers,International League,4,1,0,1,1,0,1,0,0,5,0,0,0,0,2025-08-12
671655,hitting,2025,11,Columbus Clippers,International League,3,1,0,0,1,0,1,0,0,4,1,0,0,0,2025-08-13
671655,hitting,2025,11,Columbus Clippers,International League,3,1,0,0,1,0,0,0,0,4,0,0,0,0,2025-08-14
671655,hitting,2025,11,Columbus Clippers,International League,4,0,0,1,1,0,2,0,0,4,0,0,0,0,2025-08-15
671655,hitting,2025,11,Columbus Clippers,International League,2,2,0,0,1,0,1,0,0,4,0,0,0,0,2025-08-16
671655,hitting,2025,11,Columbus Clippers,International League,4,0,0,0,1,0,0,0,0,4,1,0,0,0,2025-08-19
671655,hitting,2025,11,Columbus Clippers,International League,4,0,0,0,1,0,2,1,0,4,1,0,0,0,2025-08-21
671655,hitting,2025,11,Columbus Clippers,International League,4,0,0,1,1,0,4,1,0,4,1,0,0,1,2025-08-22
671655,hitting,2025,11,Columbus Clippers,International League,5,0,0,0,1,0,2,0,0,5,2,0,0,1,2025-08-23
671655,hitting,2025,11,Columbus Clippers,International League,4,0,0,0,1,0,0,0,0,4,0,0,0,0,2025-08-24
671655,hitting,2025,11,Columbus Clippers,International League,4,0,0,0,1,0,0,0,0,4,0,0,0,0,2025-08-26
671655,hitting,2025,11,Columbus Clippers,International League,4,0,0,0,1,0,1,0,0,4,0,0,0,0,2025-08-28
671655,hitting,2025,11,Columbus Clippers,International League,4,0,0,0,1,0,1,0,0,4,0,0,0,0,2025-08-29
671655,hitting,2025,11,Columbus Clippers,International League,3,1,0,0,1,0,0,0,0,4,0,0,0,0,2025-08-30
671655,hitting,2025,16,ACL Guardians,Arizona Complex League,2,0,0,0,1,0,0,0,0,2,0,0,0,0,2025-05-15
671655,hitting,2025,16,ACL Guardians,Arizona Complex League,3,0,0,1,1,0,2,1,0,3,1,0,0,0,2025-05-17
671655,hitting,2025,16,ACL Guardians,Arizona Complex League,4,1,0,0,1,0,0,0,0,5,0,0,0,0,2025-05-19
671655,hitting,2025,16,ACL Guardians,Arizona Complex League,2,1,0,1,1,0,1,0,0,3,1,0,0,0,2025-05-20
671655,hitting,2025,16,ACL Guardians,Arizona Complex League,4,0,0,0,1,0,4,0,0,4,2,0,0,0,2025-05-22
671655,hitting,2025,16,ACL Guardians,Arizona Complex League,4,1,0,0,1,0,4,1,0,5,2,0,0,0,2025-05-24
671655,hitting,2025,16,ACL Guardians,Arizona Complex League,4,1,0,0,1,0,1,0,0,5,1,0,0,0,2025-05-26
671655,hitting,2025,16,ACL Guardians,Arizona Complex League,3,0,0,0,1,0,2,1,0,4,1,1,0,0,2025-05-28
671655,hitting,2025,16,ACL Guardians,Arizona Complex League,4,0,0,0,1,0,0,0,0,4,0,0,0,0,2025-05-30
671655,hitting,2025,16,ACL Guardians,Arizona Complex League,4,0,0,0,1,0,1,0,0,4,0,0,0,0,2025-05-31
671655,hitting,2025,16,ACL Guardians,Arizona Complex League,3,0,0,0,1,0,2,1,0,3,1,0,0,0,2025-07-12
671655,hitting,2025,16,ACL Guardians,Arizona Complex League,4,0,0,0,1,0,2,0,0,4,0,0,0,0,2025-07-14
671655,hitting,2025,16,ACL Guardians,Arizona Complex League,4,0,0,2,1,0,2,0,0,4,0,0,0,0,2025-07-15
671655,hitting,2025,16,ACL Guardians,Arizona Complex League,4,0,0,0,1,0,1,0,0,4,0,0,0,0,2025-07-17
671655,hitting,2025,16,ACL Guardians,Arizona Complex League,5,0,0,0,1,0,2,0,0,5,1,0,0,0,2025-07-19
671655,hitting,2025,16,ACL Guardians,Arizona Complex League,3,1,0,0,1,0,0,0,0,4,0,0,0,0,2025-07-21
671739,hitting,2022,12,Mississippi Braves,Southern League,4,0,0,0,1,0,1,0,0,4,0,0,0,0,2022-04-08
671739,hitting,2022,12,Mississippi Braves,Southern League,5,0,0,0,1,0,1,0,0,5,0,0,0,0,2022-04-09
671739,hitting,2022,12,Mississippi Braves,Southern League,4,1,2,0,1,0,3,0,0,5,0,0,1,0,2022-04-10
671739,hitting,2022,12,Mississippi Braves,Southern League,4,0,0,0,1,0,1,0,0,4,1,0,0,1,2022-04-12
671739,hitting,2022,12,Mississippi Braves,Southern League,4,0,0,1,1,0,3,0,0,4,1,0,1,1,2022-04-13
671739,hitting,2022,12,Mississippi Braves,Southern League,4,0,0,0,1,0,1,0,0,4,0,0,0,0,2022-04-14
671739,hitting,2022,12,Mississippi Braves,Southern League,4,1,0,1,1,0,1,0,0,5,1,0,0,0,2022-04-15
671739,hitting,2022,12,Mississippi Braves,Southern League,3,0,0,0,1,0,1,0,0,3,0,0,0,0,2022-04-16
671739,hitting,2022,12,Mississippi Braves,Southern League,5,0,0,0,1,0,2,0,0,5,0,0,1,0,2022-04-17
671739,hitting,2022,12,Mississippi Braves,Southern League,4,0,0,1,1,0,1,0,0,4,0,0,0,0,2022-04-19
671739,hitting,2022,12,Mississippi Braves,Southern League,3,1,0,0,1,0,0,0,0,4,1,0,1,0,2022-04-20
671739,hitting,2022,12,Mississippi Braves,Southern League,3,0,0,0,1,1,0,0,0,4,1,0,0,0,2022-04-21
671739,hitting,2022,12,Mississippi Braves,Southern League,3,1,0,0,1,0,0,0,0,4,1,0,2,0,2022-04-22
671739,hitting,2022,12,Mississippi Braves,Southern League,5,1,0,1,1,0,2,0,0,6,1,0,0,0,2022-04-23
671739,hitting,2022,12,Mississippi Braves,Southern League,5,0,0,0,1,0,2,1,0,5,1,0,0,0,2022-04-24
671739,hitting,2022,12,Mississippi Braves,Southern League,5,0,0,0,1,0,1,0,0,5,1,0,0,0,2022-04-26
671739,hitting,2022,12,Mississippi Braves,Southern League,4,1,0,1,1,0,2,1,0,5,2,0,1,0,2022-04-27
671739,hitting,2022,12,Mississippi Braves,Southern League,4,0,0,0,1,0,1,0,0,4,0,0,0,0,2022-04-28
671739,hitting,2022,12,Mississippi Braves,Southern League,3,2,0,0,1,0,1,0,0,5,1,0,1,0,2022-04-29
671739,hitting,2022,12,Mississippi Braves,Southern League,5,0,0,1,1,0,3,0,0,5,2,0,1,0,2022-04-30
671739,hitting,2022,12,Mississippi Braves,Southern League,6,0,0,0,1,0,2,2,0,6,2,0,0,0,2022-05-01
671739,hitting,2022,12,Mississippi Braves,Southern League,4,0,0,0,1,0,1,0,0,4,0,0,0,0,2022-05-03
671739,hitting,2022,12,Mississippi Braves,Southern League,4,0,0,0,1,0,1,0,0,4,1,0,1,0,2022-05-04
671739,hitting,2022,12,Mississippi Braves,Southern League,4,0,0,1,1,0,1,0,0,4,0,0,0,0,2022-05-05
671739,hitting,2022,12,Mississippi Braves,Southern League,6,0,0,1,1,0,1,0,0,6,0,0,0,0,2022-05-06
671739,hitting,2022,12,Mississippi Braves,Southern League,4,0,0,1,1,0,1,0,0,4,1,0,0,0,2022-05-07
671739,hitting,2022,12,Mississippi Braves,Southern League,4,0,0,1,1,0,2,0,0,4,2,0,0,0,2022-05-08
671739,hitting,2022,12,Mississippi Braves,Southern League,5,0,0,0,1,0,1,0,0,5,1,0,0,0,2022-05-10
671739,hitting,2022,12,Mississippi Braves,Southern League,4,1,0,0,1,0,0,0,0,5,0,0,0,0,2022-05-11
671739,hitting,2022,12,Mississippi Braves,Southern League,3,0,0,0,1,0,1,0,0,4,0,1,0,0,2022-05-12
671739,hitting,2022,12,Mississippi Braves,Southern League,2,2,1,0,1,0,1,0,0,5,0,1,0,0,2022-05-13
671739,hitting,2022,12,Mississippi Braves,Southern League,4,0,0,0,1,0,0,0,0,4,1,0,0,0,2022-05-14
671739,hitting,2022,12,Mississippi Braves,Southern League,4,0,0,0,1,1,0,0,0,5,0,0,0,0,2022-05-15
671739,hitting,2022,12,Mississippi Braves,Southern League,5,0,0,1,1,0,2,0,0,5,1,0,0,0,2022-05-17
671739,hitting,2022,12,Mississippi Braves,Southern League,4,0,0,1,1,0,2,0,0,4,2,0,0,0,2022-05-18
671739,hitting,2022,12,Mississippi Braves,Southern League,4,1,0,1,1,0,1,0,0,5,2,0,0,0,2022-05-19
671739,hitting,2022,12,Mississippi Braves,Southern League,4,0,0,1,1,0,2,0,0,4,2,0,0,0,2022-05-20
671739,hitting,2022,12,Mississippi Braves,Southern League,4,1,0,1,1,0,2,1,0,5,1,0,0,0,2022-05-21
671739,hitting,2022,12,Mississippi Braves,Southern League,1,1,0,0,1,0,0,0,0,2,0,0,0,0,2022-05-22
671739,hitting,2022,12,Mississippi Braves,Southern League,5,0,0,0,1,0,0,0,0,5,0,0,0,0,2022-05-24
671739,hitting,2022,12,Mississippi Braves,Southern League,3,1,0,0,1,0,1,0,0,4,0,0,0,0,2022-05-25
671739,hitting,2022,12,Mississippi Braves,Southern League,4,1,0,0,1,1,2,0,0,6,1,0,1,0,2022-05-26
671739,hitting,2022,12,Mississippi Braves,Southern League,5,1,0,1,1,0,2,0,0,6,2,0,0,0,2022-05-27
672012,hitting,2024,11,Nashville Sounds,International League,4,0,0,0,1,1,1,0,0,5,1,0,0,0,2024-03-29
672012,hitting,2024,11,Nashville Sounds,International League,5,0,0,0,1,0,2,0,0,5,1,0,0,1,2024-03-30
672012,hitting,2024,11,Nashville Sounds,International League,2,2,1,0,1,0,0,0,0,5,2,1,0,0,2024-03-31
672012,hitting,2024,11,Nashville Sounds,International League,3,1,0,0,1,0,1,0,0,4,1,0,0,0,2024-04-02
672012,hitting,2024,11,Nashville Sounds,International League,4,0,0,0,1,0,0,0,0,4,0,0,0,0,2024-04-03
672012,hitting,2024,11,Nashville Sounds,International League,5,0,0,1,1,0,3,0,0,5,1,0,0,0,2024-04-04
672012,hitting,2024,11,Nashville Sounds,International League,5,0,0,0,1,0,0,0,0,5,0,0,0,0,2024-04-05
672012,hitting,2024,11,Nashville Sounds,International League,4,0,0,0,1,0,1,0,0,4,1,0,0,0,2024-04-07
672012,hitting,2024,11,Nashville Sounds,International League,2,1,0,0,1,1,1,0,0,5,1,1,0,0,2024-04-09
672012,hitting,2024,11,Nashville Sounds,International League,3,1,0,0,1,0,1,0,0,4,0,0,0,0,2024-04-11
672012,hitting,2024,11,Nashville Sounds,International League,2,1,0,0,1,0,0,0,0,3,0,0,0,0,2024-04-12
672012,hitting,2024,11,Nashville Sounds,International League,4,0,0,0,1,0,1,0,0,4,1,0,0,0,2024-04-12
672012,hitting,2024,11,Nashville Sounds,International League,3,2,0,0,1,0,2,0,0,5,0,0,1,0,2024-04-13
672012,hitting,2024,11,Nashville Sounds,International League,4,1,0,0,1,0,3,0,0,5,0,0,0,0,2024-04-14
672012,hitting,2024,11,Nashville Sounds,International League,5,1,0,0,1,0,1,1,0,6,1,0,1,0,2024-04-16
672012,hitting,2024,11,Nashville Sounds,International League,5,0,0,0,1,0,3,0,0,5,2,0,0,1,2024-04-17
672012,hitting,2024,11,Nashville Sounds,International League,5,0,0,0,1,0,1,0,0,5,1,0,0,1,2024-04-18
672012,hitting,2024,11,Nashville Sounds,International League,4,0,0,0,1,0,0,0,0,4,0,0,0,0,2024-04-19
672012,hitting,2024,11,Nashville Sounds,International League,4,1,0,0,1,0,2,1,0,5,1,0,0,0,2024-04-21
672012,hitting,2024,11,Nashville Sounds,International League,3,2,0,0,1,0,2,1,0,5,3,0,1,0,2024-04-23
672012,hitting,2024,11,Nashville Sounds,International League,3,0,0,0,1,1,0,0,0,4,0,0,0,0,2024-04-24
672012,hitting,2024,11,Nashville Sounds,International League,5,0,0,0,1,0,0,0,0,5,0,0,0,0,2024-04-25
672012,hitting,2024,11,Nashville Sounds,International League,6,0,0,0,1,0,3,0,0,6,1,0,0,0,2024-04-26
672012,hitting,2024,11,Nashville Sounds,International League,4,0,0,0,1,0,0,0,0,4,0,0,0,0,2024-04-27
672012,hitting,2024,11,Nashville Sounds,International League,5,0,0,0,1,0,2,2,0,5,2,0,0,0,2024-04-28
672356,hitting,2022,11,Columbus Clippers,International League,4,0,0,0,1,0,1,0,0,4,1,0,1,0,2022-04-06
672356,hitting,2022,11,Columbus Clippers,International League,3,2,0,1,1,0,1,0,0,5,0,0,0,0,2022-04-08
672356,hitting,2022,11,Columbus Clippers,International League,3,0,0,0,1,0,0,0,0,3,0,0,0,0,2022-04-09
672356,hitting,2022,11,Columbus Clippers,International League,5,0,0,0,1,0,3,0,0,5,0,0,0,0,2022-04-10
672356,hitting,2022,11,Columbus Clippers,International League,4,0,0,2,1,0,2,0,0,4,1,0,0,0,2022-04-12
672356,hitting,2022,11,Columbus Clippers,International League,4,0,0,0,1,0,1,0,0,4,0,0,0,0,2022-04-13
672356,hitting,2022,11,Columbus Clippers,International League,5,1,0,0,1,0,0,0,0,6,1,0,0,0,2022-04-15
672356,hitting,2022,11,Columbus Clippers,International League,4,1,0,1,1,0,2,1,0,5,1,0,0,0,2022-04-16
672356,hitting,2022,11,Columbus Clippers,International League,4,0,0,0,1,0,0,0,0,4,0,0,0,0,2022-04-17
672515,hitting,2022,11,Buffalo Bisons,International League,5,0,0,0,1,0,2,0,0,5,0,0,0,0,2022-04-12
672515,hitting,2022,11,Buffalo Bisons,International League,5,0,0,0,1,0,3,0,0,5,2,0,0,0,2022-04-14
672515,hitting,2022,11,Buffalo Bisons,International League,4,1,0,1,1,0,1,0,0,5,1,0,0,0,2022-04-15
672515,hitting,2022,11,Buffalo Bisons,International League,4,0,0,1,1,0,1,0,0,4,1,0,0,0,2022-04-17
672515,hitting,2022,11,Buffalo Bisons,International League,3,0,0,1,1,0,1,0,0,3,0,0,0,0,2022-04-20
672515,hitting,2022,11,Buffalo Bisons,International League,0,0,0,0,1,0,0,0,0,0,0,0,0,0,2022-04-20
672515,hitting,2022,11,Buffalo Bisons,International League,4,1,0,1,1,0,1,0,0,5,1,0,0,0,2022-04-21
672515,hitting,2022,11,Buffalo Bisons,International League,4,0,0,0,1,0,0,0,0,4,0,0,0,0,2022-04-22
672515,hitting,2022,11,Buffalo Bisons,International League,2,0,0,0,1,0,1,0,0,2,0,0,0,0,2022-04-23
672515,hitting,2022,11,Buffalo Bisons,International League,4,0,0,0,1,0,0,0,0,4,0,0,0,0,2022-04-24
672515,hitting,2022,11,Buffalo Bisons,International League,3,0,0,0,1,0,1,0,0,3,0,0,0,0,2022-04-27
672515,hitting,2022,11,Buffalo Bisons,International League,4,1,0,0,1,0,0,0,0,5,0,0,0,0,2022-04-28
672515,hitting,2022,11,Buffalo Bisons,International League,5,0,0,0,1,0,1,0,0,5,0,0,0,0,2022-04-29
672515,hitting,2022,11,Buffalo Bisons,International League,4,1,0,0,1,0,2,0,0,5,1,0,0,0,2022-05-01
672515,hitting,2022,11,Buffalo Bisons,International League,3,0,0,0,1,0,1,0,0,3,0,0,0,0,2022-05-04
672515,hitting,2022,11,Buffalo Bisons,International League,5,0,0,0,1,0,1,0,0,5,0,0,0,0,2022-05-05
672515,hitting,2022,11,Buffalo Bisons,International League,5,0,0,1,1,0,4,0,0,5,0,0,0,0,2022-05-06
672515,hitting,2022,11,Buffalo Bisons,International League,3,1,0,0,1,0,0,0,0,4,0,0,0,0,2022-05-08
672515,hitting,2022,11,Buffalo Bisons,International League,5,1,0,0,1,0,3,0,0,6,2,0,0,0,2022-05-10
672515,hitting,2022,11,Buffalo Bisons,International League,2,2,0,0,1,0,0,0,0,4,1,0,0,0,2022-05-11
672515,hitting,2022,11,Buffalo Bisons,International League,4,0,0,0,1,0,0,0,0,4,0,0,0,0,2022-05-12
672515,hitting,2022,11,Buffalo Bisons,International League,5,0,0,0,1,0,3,0,0,5,1,0,1,0,2022-05-13
672515,hitting,2022,11,Buffalo Bisons,International League,5,0,0,0,1,0,0,0,0,5,0,0,0,0,2022-05-15
672515,hitting,2022,11,Buffalo Bisons,International League,5,0,0,2,1,0,4,0,0,5,1,0,1,0,2022-05-17
672515,hitting,2022,11,Buffalo Bisons,International League,0,0,0,0,1,1,0,0,0,1,0,0,0,0,2022-05-19
672515,hitting,2022,11,Buffalo Bisons,International League,5,1,0,1,1,0,4,1,0,6,1,0,0,0,2022-05-21
672515,hitting,2022,11,Buffalo Bisons,International League,4,0,0,0,1,0,0,0,0,4,0,0,0,0,2022-05-24
672515,hitting,2022,11,Buffalo Bisons,International League,5,0,0,0,1,0,3,0,0,5,1,0,0,0,2022-05-25
672515,hitting,2022,11,Buffalo Bisons,International League,3,1,0,0,1,0,0,0,0,4,1,0,0,0,2022-05-27
672515,hitting,2022,11,Buffalo Bisons,International League,4,0,0,0,1,0,1,0,0,4,2,0,0,0,2022-05-28
672515,hitting,2022,11,Buffalo Bisons,International League,4,0,0,0,1,0,1,0,0,4,1,0,0,0,2022-05-29
672515,hitting,2022,11,Buffalo Bisons,International League,4,0,0,0,1,0,1,0,0,4,0,0,0,0,2022-06-02
672515,hitting,2022,11,Buffalo Bisons,International League,4,0,0,0,1,0,0,0,0,4,0,0,0,0,2022-06-03
672515,hitting,2022,11,Buffalo Bisons,International League,3,1,0,0,1,0,1,0,0,5,1,1,0,0,2022-06-04
672515,hitting,2022,11,Buffalo Bisons,International League,4,0,0,0,1,0,2,0,0,4,0,0,0,0,2022-06-05
672515,hitting,2022,11,Buffalo Bisons,International League,3,1,0,0,1,0,1,0,0,4,0,0,1,0,2022-06-08
672724,hitting,2022,11,Scranton/Wilkes-Barre RailRiders,International League,4,0,0,0,1,0,1,1,0,4,1,0,0,0,2022-04-05
672724,hitting,2022,11,Scranton/Wilkes-Barre RailRiders,International League,4,0,0,0,1,0,0,0,0,4,0,0,0,0,2022-04-06
672724,hitting,2022,11,Scranton/Wilkes-Barre RailRiders,International League,5,0,0,0,1,0,0,0,0,5,0,0,0,0,2022-04-08
672724,hitting,2022,11,Scranton/Wilkes-Barre RailRiders,International League,5,0,0,1,1,0,4,0,0,5,0,0,2,0,2022-04-09
672724,hitting,2022,11,Scranton/Wilkes-Barre RailRiders,International League,4,0,0,0,1,0,0,0,0,4,0,0,0,0,2022-04-12
672724,hitting,2022,11,Scranton/Wilkes-Barre RailRiders,International League,3,1,0,0,1,0,0,0,0,4,0,0,0,0,2022-04-13
672724,hitting,2022,11,Scranton/Wilkes-Barre RailRiders,International League,3,0,0,0,1,0,1,0,0,3,0,0,0,0,2022-04-14
672724,hitting,2022,11,Scranton/Wilkes-Barre RailRiders,International League,4,0,0,1,1,0,1,0,0,4,0,0,0,0,2022-04-17
672724,hitting,2022,11,Scranton/Wilkes-Barre RailRiders,International League,3,0,0,0,1,1,0,0,0,4,0,0,0,0,2022-04-20
672724,hitting,2022,11,Scranton/Wilkes-Barre RailRiders,International League,4,0,0,0,1,0,0,0,0,4,0,0,0,0,2022-04-21
672724,hitting,2022,11,Scranton/Wilkes-Barre RailRiders,International League,3,1,0,0,1,1,0,0,0,5,0,0,0,0,2022-04-22
672724,hitting,2022,11,Scranton/Wilkes-Barre RailRiders,International League,4,0,0,0,1,0,0,0,0,4,0,0,0,0,2022-04-24
672724,hitting,2022,11,Scranton/Wilkes-Barre RailRiders,International League,3,2,0,0,1,0,0,0,0,5,1,0,1,0,2022-04-27
672724,hitting,2022,11,Scranton/Wilkes-Barre RailRiders,International League,6,0,0,0,1,0,3,1,0,6,2,0,1,0,2022-04-28
672724,hitting,2022,11,Scranton/Wilkes-Barre RailRiders,International League,3,1,0,0,1,0,1,0,0,4,1,0,0,0,2022-04-29
672724,hitting,2022,11,Scranton/Wilkes-Barre RailRiders,International League,3,1,0,0,1,0,1,0,0,4,0,0,0,0,2022-04-29
672724,hitting,2022,11,Scranton/Wilkes-Barre RailRiders,International League,4,0,0,0,1,0,1,0,0,4,0,0,1,0,2022-05-01
672724,hitting,2022,11,Scranton/Wilkes-Barre RailRiders,International League,4,0,0,1,1,0,1,0,0,4,0,0,0,0,2022-05-03
672724,hitting,2022,11,Scranton/Wilkes-Barre RailRiders,International League,4,0,0,1,1,0,2,0,0,4,0,0,0,0,2022-05-05
672724,hitting,2022,11,Scranton/Wilkes-Barre RailRiders,International League,4,1,0,0,1,0,0,0,0,5,1,0,1,0,2022-05-06
672724,hitting,2022,11,Scranton/Wilkes-Barre RailRiders,International League,3,0,0,1,1,0,1,0,0,3,1,0,0,0,2022-05-07
672724,hitting,2022,11,Scranton/Wilkes-Barre RailRiders,International League,4,0,0,0,1,0,0,0,0,4,0,0,1,0,2022-05-08
672724,hitting,2022,11,Scranton/Wilkes-Barre RailRiders,International League,4,0,0,0,1,0,0,0,0,4,0,0,0,0,2022-05-10
672724,hitting,2022,11,Scranton/Wilkes-Barre RailRiders,International League,5,0,0,0,1,0,3,1,0,5,2,0,0,0,2022-05-11
672724,hitting,2022,11,Scranton/Wilkes-Barre RailRiders,International League,4,0,0,0,1,0,0,0,0,4,0,0,0,0,2022-05-12
672724,hitting,2022,11,Scranton/Wilkes-Barre RailRiders,International League,3,1,0,0,1,0,0,0,0,4,0,0,0,0,2022-05-13
672724,hitting,2022,11,Scranton/Wilkes-Barre RailRiders,International League,3,1,0,1,1,0,2,0,0,4,0,0,0,0,2022-05-14
672724,hitting,2022,11,Scranton/Wilkes-Barre RailRiders,International League,4,0,0,0,1,0,0,0,0,4,0,0,0,0,2022-05-17
672724,hitting,2022,11,Scranton/Wilkes-Barre RailRiders,International League,5,0,0,0,1,0,0,0,0,5,0,0,0,0,2022-05-18
672724,hitting,2022,11,Scranton/Wilkes-Barre RailRiders,International League,4,0,0,0,1,0,2,1,0,4,1,0,0,0,2022-05-20
672724,hitting,2022,11,Scranton/Wilkes-Barre RailRiders,International League,4,1,0,0,1,0,0,0,0,5,1,0,0,0,2022-05-21
672724,hitting,2022,11,Scranton/Wilkes-Barre RailRiders,International League,5,0,0,0,1,0,1,0,0,5,0,0,0,0,2022-05-22
672724,hitting,2022,11,Scranton/Wilkes-Barre RailRiders,International League,4,0,0,0,1,0,0,0,0,4,0,0,0,0,2022-05-24
672724,hitting,2022,11,Scranton/Wilkes-Barre RailRiders,International League,4,0,0,0,1,0,2,0,0,4,0,0,1,0,2022-05-25
672724,hitting,2022,11,Scranton/Wilkes-Barre RailRiders,International League,5,0,0,0,1,0,1,0,0,5,1,0,1,0,2022-05-26
672724,hitting,2022,11,Scranton/Wilkes-Barre RailRiders,International League,3,1,0,0,1,0,1,1,0,4,2,0,0,0,2022-05-27
672724,hitting,2022,11,Scranton/Wilkes-Barre RailRiders,International League,4,0,0,0,1,0,2,0,0,4,0,0,2,0,2022-05-28
672724,hitting,2022,11,Scranton/Wilkes-Barre RailRiders,International League,4,0,0,0,1,0,0,0,0,4,0,0,0,0,2022-05-31
672724,hitting,2022,11,Scranton/Wilkes-Barre RailRiders,International League,3,1,0,0,1,0,0,0,0,4,0,0,0,0,2022-06-02
672724,hitting,2022,11,Scranton/Wilkes-Barre RailRiders,International League,3,0,0,0,1,0,1,0,0,3,0,0,0,0,2022-06-03
672724,hitting,2022,11,Scranton/Wilkes-Barre RailRiders,International League,3,1,0,1,1,0,1,0,0,4,0,0,0,0,2022-06-04
672724,hitting,2022,11,Scranton/Wilkes-Barre RailRiders,International League,3,2,1,0,1,0,1,0,0,5,1,0,0,0,2022-06-05
672724,hitting,2022,11,Scranton/Wilkes-Barre RailRiders,International League,4,0,0,0,1,0,0,0,0,4,0,0,0,0,2022-06-08
672724,hitting,2022,11,Scranton/Wilkes-Barre RailRiders,International League,3,0,0,0,1,0,0,0,0,3,0,0,0,0,2022-06-08
672724,hitting,2022,11,Scranton/Wilkes-Barre RailRiders,International League,6,0,0,0,1,0,0,0,0,6,0,0,0,0,2022-06-09
672724,hitting,2022,11,Scranton/Wilkes-Barre RailRiders,International League,3,1,0,0,1,0,0,0,0,4,0,0,0,0,2022-06-10
672724,hitting,2022,11,Scranton/Wilkes-Barre RailRiders,International League,5,0,0,0,1,0,3,1,0,5,2,0,1,0,2022-06-11
672724,hitting,2022,11,Scranton/Wilkes-Barre RailRiders,International League,4,1,0,0,1,0,2,0,0,5,0,0,2,0,2022-06-12
672724,hitting,2022,11,Scranton/Wilkes-Barre RailRiders,International League,4,0,0,1,1,0,2,0,0,5,0,1,0,0,2022-06-14
672724,hitting,2022,11,Scranton/Wilkes-Barre RailRiders,International League,4,0,0,0,1,0,2,1,0,4,1,0,1,0,2022-06-19
672724,hitting,2022,11,Scranton/Wilkes-Barre RailRiders,International League,4,0,1,0,1,0,1,0,0,4,0,0,0,0,2022-06-21
672724,hitting,2022,11,Scranton/Wilkes-Barre RailRiders,International League,5,0,0,0,1,0,1,0,0,5,1,0,0,0,2022-06-22
672724,hitting,2022,11,Scranton/Wilkes-Barre RailRiders,International League,4,0,0,0,1,0,1,0,0,4,0,0,0,0,2022-06-24
672724,hitting,2022,11,Scranton/Wilkes-Barre RailRiders,International League,3,0,0,0,1,1,1,0,0,4,1,0,0,0,2022-06-25
672724,hitting,2022,11,Scranton/Wilkes-Barre RailRiders,International League,5,0,0,1,1,0,3,2,0,5,2,0,0,0,2022-06-26
672724,hitting,2022,11,Scranton/Wilkes-Barre RailRiders,International League,3,1,0,0,1,0,2,0,0,4,2,0,0,0,2022-06-28
672724,hitting,2022,11,Scranton/Wilkes-Barre RailRiders,International League,3,0,1,1,1,1,2,0,0,4,2,0,0,0,2022-06-29
672724,hitting,2022,11,Scranton/Wilkes-Barre RailRiders,International League,4,1,0,0,1,0,0,0,0,5,0,0,1,0,2022-06-30
672724,hitting,2022,11,Scranton/Wilkes-Barre RailRiders,International League,2,0,0,0,1,1,1,1,0,3,1,0,0,0,2022-07-02
672724,hitting,2022,11,Scranton/Wilkes-Barre RailRiders,International League,4,0,0,1,1,0,1,0,0,4,1,0,0,0,2022-07-04
672724,hitting,2022,11,Scranton/Wilkes-Barre RailRiders,International League,4,1,0,0,1,0,0,0,0,5,0,0,1,0,2022-07-06
672724,hitting,2022,11,Scranton/Wilkes-Barre RailRiders,International League,4,1,0,0,1,0,2,0,0,5,0,0,0,0,2022-07-07
672724,hitting,2022,11,Scranton/Wilkes-Barre RailRiders,International League,5,0,0,1,1,0,2,0,0,5,0,0,1,0,2022-07-08
672724,hitting,2022,11,Scranton/Wilkes-Barre RailRiders,International League,4,0,0,0,1,0,0,0,0,4,0,0,0,0,2022-07-09
672724,hitting,2022,11,Scranton/Wilkes-Barre RailRiders,International League,5,0,0,0,1,0,2,0,0,5,2,0,1,0,2022-07-12
672724,hitting,2022,11,Scranton/Wilkes-Barre RailRiders,International League,5,0,0,0,1,0,0,0,0,5,0,0,0,0,2022-07-13
672724,hitting,2022,11,Scranton/Wilkes-Barre RailRiders,International League,3,2,0,1,1,0,2,1,0,5,1,0,0,0,2022-07-14
672724,hitting,2022,11,Scranton/Wilkes-Barre RailRiders,International League,4,0,0,0,1,0,1,1,0,4,1,0,0,0,2022-07-16
672724,hitting,2022,11,Scranton/Wilkes-Barre RailRiders,International League,5,0,0,1,1,0,2,0,0,5,0,0,1,0,2022-07-17
672724,hitting,2022,11,Scranton/Wilkes-Barre RailRiders,International League,4,0,0,0,1,0,1,0,0,4,1,0,0,0,2022-07-22
672724,hitting,2022,11,Scranton/Wilkes-Barre RailRiders,International League,3,2,0,1,1,0,2,0,0,5,3,0,2,0,2022-07-23
672724,hitting,2022,11,Scranton/Wilkes-Barre RailRiders,International League,5,0,0,0,1,0,2,0,0,5,1,0,1,0,2022-07-24
672724,hitting,2022,11,Scranton/Wilkes-Barre RailRiders,International League,5,1,0,0,1,0,2,1,0,6,1,0,1,0,2022-07-26
672724,hitting,2022,11,Scranton/Wilkes-Barre RailRiders,International League,5,0,0,1,1,0,3,0,0,5,1,0,1,0,2022-07-28
672724,hitting,2022,11,Scranton/Wilkes-Barre RailRiders,International League,4,0,0,0,1,0,0,0,0,4,0,0,0,0,2022-07-29
672724,hitting,2022,11,Scranton/Wilkes-Barre RailRiders,International League,4,1,0,0,1,0,0,0,0,5,1,0,0,0,2022-07-30
672724,hitting,2022,11,Scranton/Wilkes-Barre RailRiders,International League,5,0,0,0,1,0,1,1,0,5,1,0,0,0,2022-07-31
672724,hitting,2022,11,Scranton/Wilkes-Barre RailRiders,International League,3,1,0,0,1,0,1,0,0,4,0,0,0,0,2022-08-02
672724,hitting,2022,11,Scranton/Wilkes-Barre RailRiders,International League,4,0,0,0,1,0,1,0,0,4,1,0,1,0,2022-08-03
672724,hitting,2022,11,Scranton/Wilkes-Barre RailRiders,International League,4,0,0,0,1,0,1,1,0,4,1,0,0,0,2022-08-05
672724,hitting,2022,11,Scranton/Wilkes-Barre RailRiders,International League,4,0,0,0,1,0,2,0,0,4,1,0,0,0,2022-08-06
672724,hitting,2022,11,Scranton/Wilkes-Barre RailRiders,International League,2,0,0,0,1,1,0,0,0,3,0,0,0,0,2022-08-07
672724,hitting,2022,11,Scranton/Wilkes-Barre RailRiders,International League,4,0,0,0,1,0,1,0,0,4,0,0,0,0,2022-08-10
672724,hitting,2022,11,Scranton/Wilkes-Barre RailRiders,International League,4,0,0,0,1,0,0,0,0,4,0,0,0,0,2022-08-11
672724,hitting,2022,11,Scranton/Wilkes-Barre RailRiders,International League,4,1,0,0,1,0,1,0,0,5,2,0,1,0,2022-08-12
672724,hitting,2022,11,Scranton/Wilkes-Barre RailRiders,International League,5,0,0,0,1,0,2,1,0,5,3,0,1,0,2022-08-13
672724,hitting,2022,11,Scranton/Wilkes-Barre RailRiders,International League,4,0,0,0,1,0,1,0,0,4,1,0,0,0,2022-08-14
672724,hitting,2022,11,Scranton/Wilkes-Barre RailRiders,International League,5,0,0,0,1,0,3,1,0,5,2,0,1,0,2022-08-16
672724,hitting,2022,11,Scranton/Wilkes-Barre RailRiders,International League,4,0,0,0,1,0,1,0,0,4,0,0,0,0,2022-08-17
672724,hitting,2022,11,Scranton/Wilkes-Barre RailRiders,International League,3,0,0,0,1,1,0,0,0,4,1,0,0,0,2022-08-19
672724,hitting,2022,11,Scranton/Wilkes-Barre RailRiders,International League,3,1,0,0,1,0,0,0,0,4,1,0,0,0,2022-08-20
672724,hitting,2022,11,Scranton/Wilkes-Barre RailRiders,International League,5,0,0,0,1,0,2,0,0,5,0,0,2,0,2022-08-21
672724,hitting,2022,11,Scranton/Wilkes-Barre RailRiders,International League,3,1,1,0,1,0,0,0,0,4,0,0,0,0,2022-08-24
672724,hitting,2022,11,Scranton/Wilkes-Barre RailRiders,International League,4,1,0,0,1,0,0,0,0,5,0,0,0,0,2022-08-25
672724,hitting,2022,11,Scranton/Wilkes-Barre RailRiders,International League,4,0,0,0,1,0,0,0,0,5,0,0,0,0,2022-08-26
672724,hitting,2022,11,Scranton/Wilkes-Barre RailRiders,International League,3,0,0,0,1,0,1,0,0,3,0,0,0,0,2022-08-28
672724,hitting,2022,11,Scranton/Wilkes-Barre RailRiders,International League,4,0,0,0,1,0,3,1,0,4,1,0,1,0,2022-08-28
672724,hitting,2022,11,Scranton/Wilkes-Barre RailRiders,International League,3,2,1,0,1,0,1,0,0,5,1,0,1,0,2022-08-31
672724,hitting,2022,11,Scranton/Wilkes-Barre RailRiders,International League,2,0,0,0,1,0,1,1,0,2,1,0,0,0,2022-09-01
673962,hitting,2022,11,Round Rock Express,Pacific Coast League,3,2,0,0,1,0,1,1,0,5,1,0,1,0,2022-08-09
673962,hitting,2022,11,Round Rock Express,Pacific Coast League,5,0,0,1,1,0,1,0,0,5,0,0,0,0,2022-08-10
673962,hitting,2022,11,Round Rock Express,Pacific Coast League,5,0,0,0,1,0,2,0,0,5,2,0,0,0,2022-08-11
673962,hitting,2022,11,Round Rock Express,Pacific Coast League,4,0,0,1,1,0,2,1,0,4,1,0,0,0,2022-08-13
673962,hitting,2022,11,Round Rock Express,Pacific Coast League,3,0,0,1,1,1,1,0,0,4,1,0,0,0,2022-08-14
673962,hitting,2022,11,Round Rock Express,Pacific Coast League,5,0,0,0,1,0,3,2,0,5,2,0,0,0,2022-08-16
673962,hitting,2022,11,Round Rock Express,Pacific Coast League,4,1,0,0,1,0,2,1,0,5,1,0,0,0,2022-08-17
673962,hitting,2022,11,Round Rock Express,Pacific Coast League,4,0,0,1,1,0,2,0,0,4,0,0,0,0,2022-08-18
673962,hitting,2022,11,Round Rock Express,Pacific Coast League,4,0,0,1,1,0,1,0,0,4,0,0,0,0,2022-08-19
673962,hitting,2022,11,Round Rock Express,Pacific Coast League,4,0,0,0,1,0,1,0,0,4,0,0,0,0,2022-08-21
673962,hitting,2022,11,Round Rock Express,Pacific Coast League,4,1,0,0,1,0,0,0,0,5,1,0,0,0,2022-08-23
673962,hitting,2022,11,Round Rock Express,Pacific Coast League,5,0,0,0,1,0,1,1,0,5,1,0,0,0,2022-08-24
673962,hitting,2022,11,Round Rock Express,Pacific Coast League,5,0,0,0,1,0,1,0,0,5,1,0,0,0,2022-08-25
673962,hitting,2022,11,Round Rock Express,Pacific Coast League,5,0,0,0,1,0,0,0,0,5,0,0,0,0,2022-08-26
673962,hitting,2022,11,Round Rock Express,Pacific Coast League,4,0,0,0,1,1,1,0,0,5,0,0,0,0,2022-08-28
673962,hitting,2022,11,Round Rock Express,Pacific Coast League,5,0,0,1,1,0,2,0,0,5,0,0,0,0,2022-08-30
673962,hitting,2022,11,Round Rock Express,Pacific Coast League,5,0,0,0,1,0,2,0,0,5,1,0,0,0,2022-08-31
673962,hitting,2022,11,Round Rock Express,Pacific Coast League,3,0,0,0,1,0,0,0,0,3,0,0,0,0,2022-09-01
673962,hitting,2022,11,Round Rock Express,Pacific Coast League,4,0,0,0,1,0,0,0,0,4,0,0,0,0,2022-09-02
673962,hitting,2022,11,Round Rock Express,Pacific Coast League,6,0,0,0,1,0,1,0,0,6,1,0,0,0,2022-09-03
673962,hitting,2022,11,Round Rock Express,Pacific Coast League,4,0,0,0,1,0,0,0,0,4,0,0,0,0,2022-09-04
673962,hitting,2022,11,Round Rock Express,Pacific Coast League,4,0,0,0,1,0,2,0,0,4,1,0,0,0,2022-09-06
673962,hitting,2022,11,Round Rock Express,Pacific Coast League,4,0,0,1,1,1,1,0,0,5,1,0,0,0,2022-09-07
673962,hitting,2022,16,ACL Rangers,Arizona Complex League,3,0,0,0,1,0,1,0,0,3,1,0,0,0,2022-07-28
673962,hitting,2022,16,ACL Rangers,Arizona Complex League,3,0,0,0,1,0,1,1,0,3,1,0,0,0,2022-07-29
673962,hitting,2022,16,ACL Rangers,Arizona Complex League,3,0,0,0,1,1,0,0,0,4,0,0,0,0,2022-07-30
673962,hitting,2022,16,ACL Rangers,Arizona Complex League,3,0,0,0,1,0,0,0,0,3,0,0,0,0,2022-08-01
673962,hitting,2022,16,ACL Rangers,Arizona Complex League,3,0,0,0,1,0,1,0,0,3,0,0,0,0,2022-08-02
673962,hitting,2022,16,ACL Rangers,Arizona Complex League,3,1,0,0,1,0,1,0,0,4,0,0,0,0,2022-08-04
673962,hitting,2022,16,ACL Rangers,Arizona Complex League,3,2,0,0,1,0,1,1,0,5,1,0,0,0,2022-08-05
673962,hitting,2022,16,ACL Rangers,Arizona Complex League,4,0,0,0,1,0,1,1,0,4,1,0,0,0,2022-08-06
675659,hitting,2024,11,Albuquerque Isotopes,Pacific Coast League,5,0,0,0,1,0,1,0,0,5,0,0,0,0,2024-03-29
675659,hitting,2024,11,Albuquerque Isotopes,Pacific Coast League,2,3,0,1,1,0,1,0,0,5,2,0,2,0,2024-03-30
675659,hitting,2024,11,Albuquerque Isotopes,Pacific Coast League,5,1,0,0,1,0,1,0,0,6,2,0,0,0,2024-03-31
675659,hitting,2024,11,Albuquerque Isotopes,Pacific Coast League,3,1,1,0,1,1,1,0,0,5,1,0,2,0,2024-04-02
675659,hitting,2024,11,Albuquerque Isotopes,Pacific Coast League,0,0,0,0,1,0,0,0,0,0,0,0,0,0,2024-04-06
675659,hitting,2024,11,Albuquerque Isotopes,Pacific Coast League,5,0,0,0,1,0,0,0,0,5,0,0,0,0,2024-04-07
675659,hitting,2024,11,Albuquerque Isotopes,Pacific Coast League,4,1,0,1,1,0,2,0,0,5,1,0,2,0,2024-04-09
675659,hitting,2024,11,Albuquerque Isotopes,Pacific Coast League,5,0,0,0,1,0,2,1,0,5,2,0,1,0,2024-04-10
675659,hitting,2024,11,Albuquerque Isotopes,Pacific Coast League,4,1,0,0,1,0,0,0,0,5,0,0,0,0,2024-04-11
675659,hitting,2024,11,Albuquerque Isotopes,Pacific Coast League,5,0,0,0,1,0,1,0,0,5,1,0,0,0,2024-04-12
675659,hitting,2024,11,Albuquerque Isotopes,Pacific Coast League,4,1,0,0,1,0,1,0,0,5,0,0,0,0,2024-04-13
675659,hitting,2024,11,Albuquerque Isotopes,Pacific Coast League,0,0,0,0,1,0,0,0,0,0,1,0,1,0,2024-04-14
675659,hitting,2024,11,Albuquerque Isotopes,Pacific Coast League,4,0,0,0,1,0,1,0,0,4,1,0,0,0,2024-04-16
675659,hitting,2024,11,Albuquerque Isotopes,Pacific Coast League,5,0,0,1,1,0,1,0,0,5,1,0,0,0,2024-04-17
675659,hitting,2024,11,Albuquerque Isotopes,Pacific Coast League,5,0,0,1,1,0,1,0,0,5,1,0,1,0,2024-04-18
675659,hitting,2024,11,Albuquerque Isotopes,Pacific Coast League,5,0,0,1,1,0,3,0,0,5,1,0,1,0,2024-04-20
675659,hitting,2024,11,Albuquerque Isotopes,Pacific Coast League,3,1,0,0,1,1,0,0,0,5,1,0,2,0,2024-04-21
675659,hitting,2024,11,Albuquerque Isotopes,Pacific Coast League,3,2,0,0,1,0,1,1,0,5,2,0,2,0,2024-06-01
675659,hitting,2024,11,Albuquerque Isotopes,Pacific Coast League,3,0,0,0,1,1,0,0,0,4,0,0,0,0,2024-06-02
675659,hitting,2024,11,Albuquerque Isotopes,Pacific Coast League,5,0,0,0,1,0,1,0,0,5,0,0,1,0,2024-06-04
675659,hitting,2024,16,ACL Rockies,Arizona Complex League,2,1,0,0,1,0,0,0,0,3,1,0,0,0,2024-05-27
675659,hitting,2024,16,ACL Rockies,Arizona Complex League,4,0,0,0,1,0,2,0,0,4,1,0,0,0,2024-05-28
675659,hitting,2024,16,ACL Rockies,Arizona Complex League,4,0,0,0,1,0,0,0,0,4,0,0,0,0,2024-05-30
676059,hitting,2023,11,Norfolk Tides,International League,5,0,0,0,1,0,2,0,0,5,0,0,0,0,2023-03-31
676059,hitting,2023,11,Norfolk Tides,International League,5,1,0,0,1,0,0,0,0,6,0,0,0,0,2023-04-01
676059,hitting,2023,11,Norfolk Tides,International League,4,1,0,0,1,0,2,1,0,5,2,0,0,0,2023-04-02
676059,hitting,2023,11,Norfolk Tides,International League,4,0,0,0,1,0,1,0,0,4,0,0,0,0,2023-04-04
676059,hitting,2023,11,Norfolk Tides,International League,4,0,0,0,1,0,0,0,0,4,0,0,0,0,2023-04-05
676059,hitting,2023,11,Norfolk Tides,International League,5,1,0,1,1,0,2,0,0,6,2,0,0,0,2023-04-08
676059,hitting,2023,11,Norfolk Tides,International League,4,0,0,0,1,0,1,1,0,4,1,0,0,0,2023-04-09
676059,hitting,2023,11,Norfolk Tides,International League,5,0,0,0,1,0,2,0,0,5,1,0,0,0,2023-04-11
676059,hitting,2023,11,Norfolk Tides,International League,5,0,0,0,1,0,1,1,0,5,1,0,0,0,2023-04-12
676059,hitting,2023,11,Norfolk Tides,International League,4,0,0,0,1,0,1,0,0,4,0,0,0,0,2023-04-18
676059,hitting,2023,11,Norfolk Tides,International League,4,0,0,0,1,0,1,0,0,4,0,0,1,0,2023-04-19
676059,hitting,2023,11,Norfolk Tides,International League,3,0,0,0,1,0,0,0,0,3,0,0,0,0,2023-04-21
676059,hitting,2023,11,Norfolk Tides,International League,2,0,0,0,1,1,1,0,0,3,1,0,1,0,2023-04-22
676059,hitting,2023,11,Norfolk Tides,International League,3,3,0,1,1,0,2,0,0,6,2,0,0,0,2023-04-23
676059,hitting,2023,11,Norfolk Tides,International League,5,0,0,0,1,0,3,1,0,5,2,0,1,0,2023-04-25
676059,hitting,2023,11,Norfolk Tides,International League,3,1,0,0,1,0,2,1,0,4,1,0,0,0,2023-04-26
676059,hitting,2023,11,Norfolk Tides,International League,4,0,0,0,1,0,0,0,0,4,0,0,0,0,2023-04-28
676059,hitting,2023,11,Norfolk Tides,International League,4,0,0,0,1,0,2,0,0,4,1,0,0,0,2023-04-28
676059,hitting,2023,11,Norfolk Tides,International League,6,0,0,1,1,0,3,0,0,6,2,0,0,0,2023-04-29
676059,hitting,2023,11,Norfolk Tides,International League,4,0,0,0,1,0,1,0,0,4,1,0,1,0,2023-04-30
676059,hitting,2023,11,Norfolk Tides,International League,4,1,0,1,1,0,1,0,0,5,2,0,0,0,2023-05-02
676059,hitting,2023,11,Norfolk Tides,International League,5,0,0,0,1,0,3,1,0,5,1,0,0,0,2023-05-03
676059,hitting,2023,11,Norfolk Tides,International League,3,1,0,0,1,0,1,1,0,4,1,0,0,0,2023-05-04
676059,hitting,2023,11,Norfolk Tides,International League,5,0,0,0,1,0,2,0,0,5,1,0,0,0,2023-05-05
676059,hitting,2023,11,Norfolk Tides,International League,4,0,0,0,1,0,2,1,0,4,2,0,0,0,2023-05-06
676059,hitting,2023,11,Norfolk Tides,International League,4,1,0,0,1,0,0,0,0,5,0,0,0,0,2023-05-07
676059,hitting,2023,11,Norfolk Tides,International League,6,0,0,0,1,0,1,1,0,6,1,0,0,0,2023-05-09
676059,hitting,2023,11,Norfolk Tides,International League,3,1,0,0,1,0,0,0,0,4,0,0,0,0,2023-05-10
676059,hitting,2023,11,Norfolk Tides,International League,4,0,0,0,1,0,0,0,0,4,0,0,0,0,2023-05-11
676059,hitting,2023,11,Norfolk Tides,International League,4,1,0,0,1,0,1,0,0,5,2,0,0,1,2023-05-12
676059,hitting,2023,11,Norfolk Tides,International League,3,2,0,1,1,0,2,1,0,5,3,0,0,0,2023-05-13
676059,hitting,2023,11,Norfolk Tides,International League,3,1,0,0,1,0,2,1,0,4,1,0,0,0,2023-05-14
676059,hitting,2023,11,Norfolk Tides,International League,4,1,0,2,1,0,2,0,0,5,1,0,0,0,2023-05-16
676059,hitting,2023,11,Norfolk Tides,International League,4,0,0,0,1,0,0,0,0,4,0,0,0,0,2023-05-17
676059,hitting,2023,11,Norfolk Tides,International League,5,0,0,0,1,0,1,1,0,5,1,0,0,0,2023-05-18
676059,hitting,2023,11,Norfolk Tides,International League,4,0,0,0,1,0,1,0,0,4,0,0,0,0,2023-05-19
676059,hitting,2023,11,Norfolk Tides,International League,4,1,0,1,1,0,2,0,0,5,3,0,0,0,2023-05-20
676059,hitting,2023,11,Norfolk Tides,International League,3,1,0,0,1,0,2,0,0,4,0,0,0,0,2023-05-21
676059,hitting,2023,11,Norfolk Tides,International League,6,1,0,0,1,0,0,0,0,7,0,0,0,0,2023-05-23
676059,hitting,2023,11,Norfolk Tides,International League,4,1,0,0,1,0,1,0,0,5,1,0,0,0,2023-05-24
676059,hitting,2023,11,Norfolk Tides,International League,5,0,0,0,1,0,0,0,0,5,0,0,0,0,2023-05-25
676059,hitting,2023,11,Norfolk Tides,International League,5,0,0,2,1,0,2,0,0,5,1,0,0,0,2023-05-26
676059,hitting,2023,11,Norfolk Tides,International League,5,0,0,1,1,0,3,1,0,5,2,0,0,0,2023-05-27
676059,hitting,2023,11,Norfolk Tides,International League,3,1,0,0,1,0,1,0,0,4,0,0,0,0,2023-05-28
676059,hitting,2023,11,Norfolk Tides,International League,4,0,0,0,1,0,2,1,0,4,2,0,0,0,2023-05-30
676059,hitting,2023,11,Norfolk Tides,International League,3,1,0,1,1,0,1,0,0,4,3,0,0,0,2023-05-31
676059,hitting,2023,11,Norfolk Tides,International League,3,0,0,0,1,0,0,0,0,3,0,0,0,0,2023-05-31
676059,hitting,2023,11,Norfolk Tides,International League,4,0,0,1,1,0,2,1,0,4,2,0,0,0,2023-06-01
676059,hitting,2023,11,Norfolk Tides,International League,4,0,0,0,1,0,0,0,0,4,0,0,0,0,2023-06-02
676059,hitting,2023,11,Norfolk Tides,International League,3,1,0,1,1,1,1,0,0,5,1,0,0,0,2023-06-03
676059,hitting,2023,11,Norfolk Tides,International League,4,1,0,0,1,1,1,0,0,6,3,0,1,0,2023-06-04
676059,hitting,2023,11,Norfolk Tides,International League,5,0,0,0,1,0,1,0,0,5,1,0,0,1,2023-06-08
676059,hitting,2023,11,Norfolk Tides,International League,5,0,0,0,1,0,1,1,0,5,1,0,0,0,2023-06-09
676059,hitting,2023,11,Norfolk Tides,International League,3,1,0,0,1,0,1,1,0,4,1,0,0,0,2023-06-10
676059,hitting,2023,11,Norfolk Tides,International League,5,0,0,0,1,0,2,0,0,5,0,0,0,0,2023-06-10
676059,hitting,2023,11,Norfolk Tides,International League,4,0,0,0,1,1,0,0,0,5,0,0,0,0,2023-06-11
676059,hitting,2023,11,Norfolk Tides,International League,3,0,0,0,1,0,0,0,0,3,0,0,0,0,2023-06-13
676059,hitting,2023,11,Norfolk Tides,International League,3,2,0,0,1,0,0,0,0,5,0,0,0,0,2023-06-14
676059,hitting,2023,11,Norfolk Tides,International League,4,0,0,0,1,0,1,0,0,4,0,0,0,0,2023-06-15
676059,hitting,2023,11,Norfolk Tides,International League,4,0,0,1,1,0,3,0,0,4,0,0,0,0,2023-06-17
676059,hitting,2023,11,Norfolk Tides,International League,3,0,0,0,1,0,0,0,0,3,0,0,0,0,2023-06-17
676059,hitting,2023,11,Norfolk Tides,International League,4,1,0,0,1,0,0,0,0,5,0,0,0,0,2023-06-18
676059,hitting,2023,11,Norfolk Tides,International League,4,0,0,0,1,0,1,0,0,4,1,0,0,0,2023-06-21
676059,hitting,2023,11,Norfolk Tides,International League,2,1,0,0,1,0,0,0,0,3,0,0,0,0,2023-06-22
676059,hitting,2023,11,Norfolk Tides,International League,2,0,0,0,1,0,0,0,0,2,0,0,0,0,2023-06-22
676059,hitting,2023,11,Norfolk Tides,International League,4,0,0,0,1,0,2,1,0,4,2,0,0,0,2023-06-23
676059,hitting,2023,11,Norfolk Tides,International League,5,0,0,0,1,0,3,0,0,5,0,0,1,0,2023-06-24
676475,hitting,2022,11,Memphis Redbirds,International League,3,0,0,0,1,0,1,1,0,3,1,0,0,0,2022-04-05
676475,hitting,2022,11,Memphis Redbirds,International League,4,0,0,1,1,0,2,0,0,4,1,0,0,0,2022-04-07
676475,hitting,2022,11,Memphis Redbirds,International League,4,0,0,0,1,0,0,0,0,4,0,0,0,0,2022-04-08
676475,hitting,2022,11,Memphis Redbirds,International League,3,1,0,0,1,0,2,1,0,4,2,0,0,0,2022-04-09
676475,hitting,2022,11,Memphis Redbirds,International League,5,0,0,0,1,0,1,0,0,5,1,0,0,0,2022-04-12
676475,hitting,2022,11,Memphis Redbirds,International League,5,1,0,0,1,0,2,2,0,6,3,0,0,0,2022-04-13
676475,hitting,2022,11,Memphis Redbirds,International League,4,0,0,0,1,0,0,0,0,4,0,0,0,0,2022-04-14
676475,hitting,2022,11,Memphis Redbirds,International League,4,0,0,0,1,0,2,0,0,4,1,0,0,0,2022-04-15
676475,hitting,2022,11,Memphis Redbirds,International League,4,0,0,0,1,0,0,0,0,4,0,0,0,0,2022-04-16
676475,hitting,2022,11,Memphis Redbirds,International League,3,1,0,0,1,0,1,0,0,4,0,0,0,0,2022-04-19
676475,hitting,2022,11,Memphis Redbirds,International League,4,0,0,0,1,0,1,0,0,4,0,0,0,0,2022-04-21
676475,hitting,2022,11,Memphis Redbirds,International League,3,1,0,0,1,0,1,0,0,4,1,0,0,0,2022-04-22
676475,hitting,2022,11,Memphis Redbirds,International League,3,1,0,0,1,0,0,0,0,4,0,0,0,0,2022-04-23
676475,hitting,2022,11,Memphis Redbirds,International League,4,0,0,0,1,0,2,1,0,4,2,0,0,1,2022-04-24
676475,hitting,2022,11,Memphis Redbirds,International League,5,0,0,0,1,0,0,0,0,5,0,0,0,0,2022-04-26
676475,hitting,2022,11,Memphis Redbirds,International League,5,0,0,0,1,0,2,1,0,5,1,0,0,0,2022-04-27
676475,hitting,2022,11,Memphis Redbirds,International League,4,0,0,0,1,0,2,0,0,4,0,0,0,0,2022-04-29
676475,hitting,2022,11,Memphis Redbirds,International League,3,2,0,0,1,0,1,0,0,5,2,0,1,0,2022-04-30
676475,hitting,2022,11,Memphis Redbirds,International League,4,0,0,0,1,0,1,0,0,4,0,0,0,0,2022-05-01
676475,hitting,2022,11,Memphis Redbirds,International League,2,1,0,0,1,1,0,0,0,4,0,0,0,0,2022-05-03
676475,hitting,2022,11,Memphis Redbirds,International League,4,0,0,1,1,0,1,0,0,4,1,0,0,0,2022-05-04
676475,hitting,2022,11,Memphis Redbirds,International League,3,0,0,0,1,0,0,0,0,3,0,0,0,0,2022-05-06
676475,hitting,2022,11,Memphis Redbirds,International League,4,0,0,0,1,0,1,0,0,4,0,0,0,0,2022-05-07
676475,hitting,2022,11,Memphis Redbirds,International League,4,0,0,1,1,0,2,0,0,4,1,0,0,0,2022-05-08
676475,hitting,2022,11,Memphis Redbirds,International League,3,1,0,0,1,0,1,0,0,4,1,0,0,0,2022-05-10
676475,hitting,2022,11,Memphis Redbirds,International League,5,0,0,1,1,0,2,0,0,5,2,0,0,0,2022-05-11
676475,hitting,2022,11,Memphis Redbirds,International League,4,0,0,0,1,0,0,0,0,4,0,0,0,0,2022-05-12
676475,hitting,2022,11,Memphis Redbirds,International League,4,0,0,0,1,0,1,0,0,4,0,0,0,0,2022-05-14
676475,hitting,2022,11,Memphis Redbirds,International League,4,0,0,0,1,0,1,0,0,4,0,0,0,0,2022-05-15
676475,hitting,2022,11,Memphis Redbirds,International League,5,0,0,1,1,0,2,0,0,5,0,0,0,0,2022-05-17
676475,hitting,2022,11,Memphis Redbirds,International League,4,0,0,0,1,0,2,1,0,4,1,0,1,0,2022-05-18
676475,hitting,2022,11,Memphis Redbirds,International League,4,0,0,0,1,0,1,1,0,4,1,0,0,0,2022-05-19
676475,hitting,2022,11,Memphis Redbirds,International League,4,0,0,0,1,0,3,0,0,4,1,0,0,0,2022-05-20
676475,hitting,2022,11,Memphis Redbirds,International League,4,0,0,0,1,0,3,1,0,4,1,0,0,0,2022-05-21
676475,hitting,2022,11,Memphis Redbirds,International League,5,0,0,3,1,0,3,0,0,5,2,0,0,0,2022-05-22
676475,hitting,2022,11,Memphis Redbirds,International League,5,0,0,0,1,0,0,0,0,5,0,0,0,0,2022-05-24
676475,hitting,2022,11,Memphis Redbirds,International League,4,0,0,0,1,0,0,0,0,4,0,0,0,0,2022-05-25
676475,hitting,2022,11,Memphis Redbirds,International League,4,0,0,1,1,1,3,1,0,5,2,0,0,0,2022-05-26
676475,hitting,2022,11,Memphis Redbirds,International League,4,1,0,0,1,0,1,0,0,5,1,0,0,0,2022-05-27
676475,hitting,2022,11,Memphis Redbirds,International League,5,0,0,0,1,0,4,0,0,5,1,0,1,0,2022-05-28
676475,hitting,2022,11,Memphis Redbirds,International League,4,0,0,0,1,0,2,1,0,4,1,0,0,0,2022-05-29
676475,hitting,2022,11,Memphis Redbirds,International League,5,0,0,0,1,0,1,0,0,5,0,0,0,0,2022-05-31
676475,hitting,2022,11,Memphis Redbirds,International League,5,0,0,0,1,0,2,0,0,5,1,0,0,0,2022-06-01
676475,hitting,2022,11,Memphis Redbirds,International League,6,0,0,0,1,0,4,1,0,6,1,0,0,0,2022-06-02
676475,hitting,2022,11,Memphis Redbirds,International League,5,0,0,0,1,0,0,0,0,5,1,0,0,0,2022-06-03
676475,hitting,2022,11,Memphis Redbirds,International League,4,0,0,0,1,0,0,0,0,4,0,0,0,0,2022-06-05
676475,hitting,2022,11,Memphis Redbirds,International League,3,0,0,0,1,0,0,0,0,4,0,1,0,0,2022-06-07
676475,hitting,2022,11,Memphis Redbirds,International League,4,0,0,0,1,0,2,0,0,4,0,0,0,0,2022-06-08
676475,hitting,2022,11,Memphis Redbirds,International League,4,0,0,0,1,0,1,0,0,5,0,1,0,0,2022-06-09
676475,hitting,2022,11,Memphis Redbirds,International League,4,0,0,0,1,0,2,0,0,4,0,0,0,0,2022-06-10
676475,hitting,2022,11,Memphis Redbirds,International League,3,1,0,0,1,0,1,0,0,5,0,1,0,0,2022-06-11
676475,hitting,2022,11,Memphis Redbirds,International League,4,0,0,0,1,0,1,0,0,4,0,0,0,0,2022-06-12
676475,hitting,2022,11,Memphis Redbirds,International League,5,0,0,0,1,0,3,2,0,5,2,0,0,0,2022-06-15
676475,hitting,2022,11,Memphis Redbirds,International League,4,0,0,1,1,0,2,0,0,4,1,0,0,0,2022-06-16
676475,hitting,2022,11,Memphis Redbirds,International League,4,0,0,0,1,0,1,0,0,4,0,0,0,0,2022-06-17
676475,hitting,2022,11,Memphis Redbirds,International League,3,1,0,0,1,0,0,0,0,4,0,0,0,0,2022-06-18
676475,hitting,2022,11,Memphis Redbirds,International League,3,2,0,0,1,0,1,0,0,5,1,0,0,0,2022-06-19
676475,hitting,2022,11,Memphis Redbirds,International League,3,1,0,1,1,0,1,0,0,4,0,0,0,0,2022-06-21
676475,hitting,2022,11,Memphis Redbirds,International League,3,1,0,0,1,0,0,0,0,4,0,0,0,0,2022-06-22
676475,hitting,2022,11,Memphis Redbirds,International League,3,2,0,1,1,0,2,0,0,5,0,0,0,0,2022-06-23
676475,hitting,2022,11,Memphis Redbirds,International League,4,1,0,0,1,0,3,0,0,5,1,0,0,0,2022-06-24
676475,hitting,2022,11,Memphis Redbirds,International League,5,0,0,0,1,0,2,0,0,5,0,0,0,0,2022-06-25
676475,hitting,2022,11,Memphis Redbirds,International League,4,0,0,0,1,0,3,1,0,4,1,0,0,0,2022-06-26
676475,hitting,2022,11,Memphis Redbirds,International League,4,0,0,0,1,0,1,1,0,4,1,0,0,0,2022-06-28
676475,hitting,2022,11,Memphis Redbirds,International League,4,0,0,0,1,0,2,0,0,4,0,0,0,0,2022-06-29
676475,hitting,2022,11,Memphis Redbirds,International League,4,0,0,0,1,0,0,0,0,4,0,0,0,0,2022-06-30
676475,hitting,2022,11,Memphis Redbirds,International League,4,0,0,0,1,0,0,0,0,4,0,0,0,0,2022-07-01
676475,hitting,2022,11,Memphis Redbirds,International League,4,0,0,1,1,0,2,0,0,4,0,0,0,0,2022-07-02
676475,hitting,2022,11,Memphis Redbirds,International League,4,0,0,0,1,0,1,0,0,4,0,0,0,0,2022-07-03
676475,hitting,2022,11,Memphis Redbirds,International League,4,0,0,0,1,0,3,0,0,4,2,0,0,0,2022-07-04
676475,hitting,2022,11,Memphis Redbirds,International League,4,1,0,0,1,0,0,0,0,5,1,0,0,0,2022-07-07
676475,hitting,2022,11,Memphis Redbirds,International League,5,0,0,1,1,0,2,0,0,5,1,0,0,0,2022-07-09
676475,hitting,2022,11,Memphis Redbirds,International League,4,0,0,1,1,0,1,0,0,4,0,0,0,0,2022-07-10
676475,hitting,2022,11,Memphis Redbirds,International League,4,0,0,0,1,0,2,0,0,4,0,0,0,0,2022-07-12
676475,hitting,2022,11,Memphis Redbirds,International League,4,0,0,0,1,0,1,0,0,4,0,0,0,0,2022-07-13
676475,hitting,2022,11,Memphis Redbirds,International League,5,1,0,1,1,0,2,0,0,6,2,0,0,0,2022-07-14
676475,hitting,2022,11,Memphis Redbirds,International League,1,0,0,0,1,0,1,0,0,1,0,0,0,0,2022-07-15
676475,hitting,2022,11,Memphis Redbirds,International League,5,0,0,0,1,0,2,0,0,5,0,0,0,0,2022-07-16
676475,hitting,2022,11,Memphis Redbirds,International League,5,0,0,0,1,0,1,0,0,5,0,0,0,0,2022-07-22
676475,hitting,2022,11,Memphis Redbirds,International League,5,0,0,0,1,0,2,1,0,5,1,0,0,0,2022-07-23
676475,hitting,2022,11,Memphis Redbirds,International League,4,0,0,1,1,0,1,0,0,4,1,0,0,0,2022-07-24
676475,hitting,2022,11,Memphis Redbirds,International League,3,1,0,0,1,0,1,0,0,4,1,0,0,0,2022-07-26
676475,hitting,2022,11,Memphis Redbirds,International League,4,1,0,0,1,0,1,1,0,5,1,0,0,0,2022-07-27
676475,hitting,2022,11,Memphis Redbirds,International League,5,0,0,0,1,0,0,0,0,5,0,0,0,0,2022-07-28
676475,hitting,2022,11,Memphis Redbirds,International League,3,1,0,1,1,0,2,1,0,4,2,0,0,0,2022-08-02
676475,hitting,2022,11,Memphis Redbirds,International League,4,0,0,0,1,0,2,0,0,5,1,1,0,0,2022-08-03
676475,hitting,2022,11,Memphis Redbirds,International League,4,0,0,0,1,0,0,0,0,4,0,0,0,0,2022-08-04
676475,hitting,2022,11,Memphis Redbirds,International League,4,0,0,0,1,0,0,0,0,4,0,0,0,0,2022-08-05
676475,hitting,2022,11,Memphis Redbirds,International League,3,0,0,0,1,1,2,0,0,4,0,0,0,0,2022-08-06
676475,hitting,2022,11,Memphis Redbirds,International League,4,0,0,0,1,0,0,0,0,4,0,0,0,0,2022-08-07
676475,hitting,2022,11,Memphis Redbirds,International League,3,0,0,0,1,0,1,0,0,4,0,1,0,0,2022-08-09
676475,hitting,2022,11,Memphis Redbirds,International League,1,0,0,0,1,0,0,0,0,1,0,0,0,0,2022-08-11
676475,hitting,2022,11,Memphis Redbirds,International League,3,1,0,0,1,0,3,1,0,4,4,0,1,0,2022-08-11
676475,hitting,2022,11,Memphis Redbirds,International League,4,0,0,0,1,0,0,0,0,4,0,0,0,0,2022-08-12
676475,hitting,2022,11,Memphis Redbirds,International League,4,0,0,0,1,0,1,0,0,4,0,0,0,0,2022-08-13
676475,hitting,2022,11,Memphis Redbirds,International League,4,1,0,1,1,0,2,0,0,5,2,0,0,0,2022-08-14
676475,hitting,2022,11,Memphis Redbirds,International League,5,0,0,0,1,0,0,0,0,5,0,0,0,0,2022-08-16
676475,hitting,2022,11,Memphis Redbirds,International League,4,0,0,0,1,0,1,0,0,5,0,1,0,0,2022-08-17
676475,hitting,2022,11,Memphis Redbirds,International League,4,0,0,0,1,0,1,0,0,4,0,0,0,0,2022-08-18
676475,hitting,2022,11,Memphis Redbirds,International League,2,0,0,0,1,0,0,0,0,2,0,0,0,0,2022-08-19
676475,hitting,2022,11,Memphis Redbirds,International League,4,0,0,1,1,0,1,0,0,4,0,0,0,0,2022-08-23
676475,hitting,2022,11,Memphis Redbirds,International League,5,1,0,1,1,0,3,0,0,6,3,0,0,0,2022-08-24
676475,hitting,2022,11,Memphis Redbirds,International League,4,0,0,1,1,0,1,0,0,4,0,0,0,0,2022-08-28
676475,hitting,2022,11,Memphis Redbirds,International League,4,0,0,0,1,0,0,0,0,4,0,0,0,0,2022-08-30
676475,hitting,2022,11,Memphis Redbirds,International League,5,0,0,1,1,0,3,0,0,5,1,0,0,0,2022-08-31
676475,hitting,2022,11,Memphis Redbirds,International League,4,1,0,0,1,0,1,0,0,5,1,0,0,0,2022-09-01
676475,hitting,2022,11,Memphis Redbirds,International League,4,0,0,1,1,0,2,0,0,4,1,0,0,0,2022-09-03
676475,hitting,2022,11,Memphis Redbirds,International League,4,1,0,1,1,0,2,0,0,5,1,0,0,0,2022-09-04
676475,hitting,2022,11,Memphis Redbirds,International League,5,0,0,0,1,0,3,0,0,5,1,0,0,0,2022-09-06
677008,hitting,2023,11,Norfolk Tides,International League,5,0,0,0,1,0,1,0,0,5,1,0,0,0,2023-06-08
677008,hitting,2023,11,Norfolk Tides,International League,5,0,0,0,1,0,2,1,0,5,1,0,0,0,2023-06-09
677008,hitting,2023,11,Norfolk Tides,International League,3,0,0,0,1,1,0,0,0,4,0,0,0,0,2023-06-10
677008,hitting,2023,11,Norfolk Tides,International League,4,1,0,0,1,0,1,0,0,5,1,0,1,0,2023-06-10
677008,hitting,2023,11,Norfolk Tides,International League,3,1,0,0,1,0,1,0,0,5,0,0,0,0,2023-06-11
677008,hitting,2023,11,Norfolk Tides,International League,3,0,0,0,1,0,0,0,0,3,0,0,0,0,2023-06-13
677008,hitting,2023,11,Norfolk Tides,International League,5,0,0,1,1,0,3,0,0,5,2,0,0,1,2023-06-14
677008,hitting,2023,11,Norfolk Tides,International League,4,0,0,0,1,0,2,1,0,4,2,0,0,0,2023-06-15
677008,hitting,2023,11,Norfolk Tides,International League,4,0,0,0,1,0,2,1,0,4,1,0,0,0,2023-06-17
677008,hitting,2023,11,Norfolk Tides,International League,2,0,0,0,1,0,0,0,0,3,0,0,0,0,2023-06-17
677008,hitting,2023,11,Norfolk Tides,International League,3,1,0,1,1,1,1,0,0,5,0,0,0,0,2023-06-18
677008,hitting,2023,11,Norfolk Tides,International League,4,0,0,1,1,0,2,0,0,4,1,0,0,0,2023-06-21
677008,hitting,2023,11,Norfolk Tides,International League,3,0,0,0,1,0,1,1,0,3,1,0,0,0,2023-06-22
677008,hitting,2023,11,Norfolk Tides,International League,3,0,0,1,1,1,1,0,0,4,1,0,0,0,2023-06-22
677008,hitting,2023,11,Norfolk Tides,International League,3,0,0,1,1,1,1,0,0,4,1,0,0,0,2023-06-23
677008,hitting,2023,11,Norfolk Tides,International League,5,0,0,0,1,0,0,0,0,5,0,0,0,0,2023-06-24
677008,hitting,2023,11,Norfolk Tides,International League,4,0,0,0,1,0,0,0,0,4,0,0,0,0,2023-06-25
677008,hitting,2023,11,Norfolk Tides,International League,3,2,0,0,1,0,1,0,0,5,1,0,0,0,2023-06-28
677008,hitting,2023,11,Norfolk Tides,International League,4,0,0,1,1,1,2,0,0,5,2,0,0,0,2023-06-29
677008,hitting,2023,11,Norfolk Tides,International League,4,1,0,0,1,0,1,0,0,6,1,1,0,0,2023-06-30
677008,hitting,2023,11,Norfolk Tides,International League,4,1,0,0,1,0,0,0,1,5,0,0,0,0,2023-07-01
677008,hitting,2023,11,Norfolk Tides,International League,5,0,0,1,1,1,2,0,0,6,2,0,0,0,2023-07-02
677008,hitting,2023,11,Norfolk Tides,International League,3,1,0,0,1,0,1,0,0,4,1,0,0,1,2023-07-04
677008,hitting,2023,11,Norfolk Tides,International League,4,1,0,0,1,0,4,1,0,6,3,1,0,0,2023-07-05
677008,hitting,2023,11,Norfolk Tides,International League,3,1,0,0,1,0,1,0,0,4,0,0,0,0,2023-07-06
677008,hitting,2023,11,Norfolk Tides,International League,3,1,0,0,1,1,1,0,0,5,2,0,0,0,2023-07-14
677008,hitting,2023,11,Norfolk Tides,International League,5,0,0,0,1,0,2,0,0,5,0,0,0,0,2023-07-15
677008,hitting,2023,11,Norfolk Tides,International League,4,0,0,0,1,0,1,0,0,4,0,0,0,0,2023-07-16
677008,hitting,2023,11,Norfolk Tides,International League,5,0,0,0,1,0,2,0,0,5,1,0,0,0,2023-07-18
677008,hitting,2023,11,Norfolk Tides,International League,5,0,0,2,1,0,3,0,0,5,2,0,0,0,2023-07-19
677008,hitting,2023,11,Norfolk Tides,International League,3,0,0,0,1,0,1,0,0,3,0,0,0,0,2023-07-21
677008,hitting,2023,11,Norfolk Tides,International League,3,0,0,0,1,0,0,0,0,3,0,0,0,0,2023-07-22
677008,hitting,2023,11,Norfolk Tides,International League,4,0,0,2,1,0,3,0,0,4,1,0,0,0,2023-07-23
677008,hitting,2023,11,Norfolk Tides,International League,5,0,0,0,1,0,1,0,0,5,0,0,0,0,2023-07-25
677008,hitting,2023,11,Norfolk Tides,International League,3,1,0,0,1,0,1,0,0,4,0,0,0,0,2023-07-26
677008,hitting,2023,11,Norfolk Tides,International League,4,0,0,1,1,1,2,1,0,5,2,0,0,0,2023-07-27
677008,hitting,2023,11,Norfolk Tides,International League,4,0,0,1,1,0,1,0,0,4,1,0,0,0,2023-07-28
677008,hitting,2023,11,Norfolk Tides,International League,3,1,0,0,1,0,0,0,0,4,0,0,0,0,2023-07-29
677008,hitting,2023,11,Norfolk Tides,International League,5,0,0,1,1,0,3,1,0,5,2,0,0,0,2023-07-30
677008,hitting,2023,11,Norfolk Tides,International League,4,0,0,0,1,0,0,0,0,4,1,0,0,0,2023-08-01
677008,hitting,2023,11,Norfolk Tides,International League,3,0,0,0,1,0,2,0,0,3,1,0,0,0,2023-08-02
677008,hitting,2023,11,Norfolk Tides,International League,3,1,0,1,1,0,3,0,0,4,4,0,0,0,2023-08-02
677008,hitting,2023,11,Norfolk Tides,International League,4,0,0,0,1,0,1,0,0,4,0,0,0,0,2023-08-03
677008,hitting,2023,11,Norfolk Tides,International League,4,0,0,0,1,0,1,0,0,4,2,0,0,1,2023-08-05
677008,hitting,2023,11,Norfolk Tides,International League,3,1,0,0,1,0,0,0,0,4,1,0,0,0,2023-08-05
677008,hitting,2023,11,Norfolk Tides,International League,4,0,0,0,1,0,0,0,0,4,0,0,0,0,2023-08-06
677008,hitting,2023,11,Norfolk Tides,International League,4,0,0,0,1,0,2,1,0,4,1,0,0,0,2023-08-08
677008,hitting,2023,11,Norfolk Tides,International League,4,0,0,1,1,0,1,0,0,4,0,0,0,0,2023-08-09
677008,hitting,2023,11,Norfolk Tides,International League,4,1,0,0,1,0,2,0,0,5,0,0,0,0,2023-08-10
677008,hitting,2023,11,Norfolk Tides,International League,4,0,0,0,1,0,1,0,0,4,0,0,0,0,2023-08-11
677008,hitting,2023,11,Norfolk Tides,International League,4,0,0,0,1,0,0,0,0,4,0,0,0,0,2023-08-12
677008,hitting,2023,11,Norfolk Tides,International League,5,0,0,0,1,0,1,0,0,6,0,1,0,0,2023-08-13
677008,hitting,2023,11,Norfolk Tides,International League,4,0,0,0,1,0,0,0,0,4,0,0,0,0,2023-08-15
677008,hitting,2023,11,Norfolk Tides,International League,4,0,0,0,1,0,0,0,0,4,0,0,0,0,2023-08-16
677008,hitting,2023,11,Norfolk Tides,International League,3,1,0,0,1,0,0,0,0,4,1,0,0,0,2023-08-17
677008,hitting,2023,11,Norfolk Tides,International League,4,1,0,0,1,0,0,0,0,5,1,0,0,0,2023-08-19
677008,hitting,2023,11,Norfolk Tides,International League,5,0,0,0,1,0,1,0,0,5,1,0,1,1,2023-08-20
677008,hitting,2023,11,Norfolk Tides,International League,3,0,0,0,1,1,2,0,0,4,2,0,0,0,2023-08-22
677008,hitting,2023,11,Norfolk Tides,International League,4,0,0,0,1,0,1,0,0,4,0,0,0,0,2023-08-23
677008,hitting,2023,11,Norfolk Tides,International League,4,0,0,0,1,0,1,0,0,4,0,0,0,0,2023-08-24
677008,hitting,2023,11,Norfolk Tides,International League,5,0,0,1,1,0,2,0,0,5,1,0,0,0,2023-08-25
677008,hitting,2023,11,Norfolk Tides,International League,4,0,0,1,1,0,1,0,0,5,1,0,0,0,2023-08-26
677008,hitting,2023,11,Norfolk Tides,International League,3,1,0,0,1,0,0,0,0,4,0,0,0,0,2023-08-27
677008,hitting,2023,11,Norfolk Tides,International League,3,2,0,0,1,0,1,0,0,5,1,0,0,1,2023-08-29
677008,hitting,2023,11,Norfolk Tides,International League,5,1,0,1,1,0,1,0,0,6,0,0,0,0,2023-08-30
677008,hitting,2023,11,Norfolk Tides,International League,4,0,0,0,1,0,0,0,0,4,0,0,0,0,2023-08-31
677008,hitting,2023,11,Norfolk Tides,International League,5,0,0,0,1,0,1,0,0,5,0,0,0,0,2023-09-01
677008,hitting,2023,11,Norfolk Tides,International League,5,0,1,0,1,0,3,0,0,5,0,0,0,0,2023-09-02
677008,hitting,2023,11,Norfolk Tides,International League,5,0,0,0,1,0,3,1,0,5,1,0,0,0,2023-09-03
677008,hitting,2023,11,Norfolk Tides,International League,4,0,0,0,1,0,1,1,0,4,1,0,0,0,2023-09-05
677008,hitting,2023,11,Norfolk Tides,International League,5,1,0,0,1,0,1,0,0,6,1,0,0,0,2023-09-06
677008,hitting,2023,11,Norfolk Tides,International League,3,2,0,0,1,0,1,0,0,5,1,0,0,0,2023-09-08
677008,hitting,2023,11,Norfolk Tides,International League,5,0,0,0,1,0,0,0,0,5,0,0,0,0,2023-09-09
677008,hitting,2023,11,Norfolk Tides,International League,5,0,0,0,1,0,2,0,0,5,1,0,0,0,2023-09-10
677008,hitting,2023,11,Norfolk Tides,International League,3,1,0,0,1,0,1,0,0,4,1,0,0,0,2023-09-12
677008,hitting,2023,11,Norfolk Tides,International League,1,1,0,0,1,0,0,0,0,2,0,0,0,0,2023-09-13
677008,hitting,2023,12,Bowie Baysox,Eastern League,4,1,0,0,1,0,2,1,0,5,3,0,1,0,2023-04-06
677008,hitting,2023,12,Bowie Baysox,Eastern League,3,2,0,0,1,0,0,0,0,5,2,0,0,0,2023-04-07
677008,hitting,2023,12,Bowie Baysox,Eastern League,5,0,0,0,1,0,1,0,0,5,0,0,0,0,2023-04-08
677008,hitting,2023,12,Bowie Baysox,Eastern League,5,0,0,0,1,0,1,1,0,5,1,0,0,0,2023-04-11
677008,hitting,2023,12,Bowie Baysox,Eastern League,3,1,0,0,1,0,0,0,0,4,0,0,1,0,2023-04-12
677008,hitting,2023,12,Bowie Baysox,Eastern League,4,0,0,1,1,1,3,1,0,5,1,0,0,0,2023-04-13
677008,hitting,2023,12,Bowie Baysox,Eastern League,4,0,0,0,1,0,1,1,0,4,1,0,0,0,2023-04-14
677008,hitting,2023,12,Bowie Baysox,Eastern League,4,0,0,1,1,0,2,1,0,4,2,0,0,0,2023-04-15
677008,hitting,2023,12,Bowie Baysox,Eastern League,3,1,1,0,1,1,1,0,0,5,1,0,1,0,2023-04-16
677008,hitting,2023,12,Bowie Baysox,Eastern League,4,0,0,0,1,0,0,0,0,4,0,0,0,0,2023-04-18
677008,hitting,2023,12,Bowie Baysox,Eastern League,5,0,0,0,1,0,2,0,0,5,1,0,0,0,2023-04-20
677008,hitting,2023,12,Bowie Baysox,Eastern League,4,0,0,0,1,0,1,0,0,4,0,0,0,0,2023-04-21
677008,hitting,2023,12,Bowie Baysox,Eastern League,3,0,0,0,1,1,0,0,0,4,1,0,0,0,2023-04-23
677008,hitting,2023,12,Bowie Baysox,Eastern League,4,1,0,0,1,0,0,0,0,5,0,0,0,0,2023-04-25
677008,hitting,2023,12,Bowie Baysox,Eastern League,4,0,0,0,1,1,2,1,0,5,1,0,0,1,2023-04-26
677008,hitting,2023,12,Bowie Baysox,Eastern League,3,1,0,0,1,0,1,0,0,4,0,0,0,0,2023-04-27
677008,hitting,2023,12,Bowie Baysox,Eastern League,3,0,1,0,1,0,2,0,0,3,0,0,0,0,2023-04-29
677008,hitting,2023,12,Bowie Baysox,Eastern League,2,0,0,0,1,1,0,0,0,3,1,0,0,0,2023-04-29
677008,hitting,2023,12,Bowie Baysox,Eastern League,5,0,0,0,1,0,1,0,0,5,0,0,0,1,2023-05-02
677008,hitting,2023,12,Bowie Baysox,Eastern League,5,0,0,1,1,0,1,0,0,5,0,0,0,0,2023-05-03
677008,hitting,2023,12,Bowie Baysox,Eastern League,5,0,0,1,1,0,2,1,0,5,2,0,0,0,2023-05-04
677008,hitting,2023,12,Bowie Baysox,Eastern League,3,1,0,0,1,0,2,1,0,4,1,0,0,0,2023-05-05
677008,hitting,2023,12,Bowie Baysox,Eastern League,5,0,0,0,1,0,2,0,0,5,0,0,0,0,2023-05-06
677008,hitting,2023,12,Bowie Baysox,Eastern League,4,0,0,0,1,0,1,0,0,4,0,0,0,0,2023-05-09
677008,hitting,2023,12,Bowie Baysox,Eastern League,3,1,0,0,1,0,0,0,0,4,0,0,0,0,2023-05-10
677008,hitting,2023,12,Bowie Baysox,Eastern League,5,1,0,0,1,0,2,1,0,6,1,0,0,1,2023-05-11
677008,hitting,2023,12,Bowie Baysox,Eastern League,4,0,0,1,1,0,2,0,0,4,0,0,0,0,2023-05-12
677008,hitting,2023,12,Bowie Baysox,Eastern League,4,0,0,0,1,0,1,0,0,4,0,0,0,0,2023-05-13
677008,hitting,2023,12,Bowie Baysox,Eastern League,4,0,0,1,1,1,1,0,0,5,0,0,0,0,2023-05-16
677008,hitting,2023,12,Bowie Baysox,Eastern League,4,0,0,0,1,0,1,0,0,4,0,0,0,0,2023-05-17
677008,hitting,2023,12,Bowie Baysox,Eastern League,4,1,0,0,1,0,1,0,0,5,1,0,0,0,2023-05-18
677008,hitting,2023,12,Bowie Baysox,Eastern League,4,0,0,1,1,0,3,0,0,4,0,0,0,0,2023-05-19
677008,hitting,2023,12,Bowie Baysox,Eastern League,3,0,0,0,1,0,1,0,0,3,0,0,0,0,2023-05-20
677008,hitting,2023,12,Bowie Baysox,Eastern League,3,1,0,0,1,0,2,0,0,4,1,0,0,0,2023-05-21
677008,hitting,2023,12,Bowie Baysox,Eastern League,5,0,0,0,1,0,1,1,0,5,1,0,0,0,2023-05-23
677008,hitting,2023,12,Bowie Baysox,Eastern League,5,0,0,1,1,0,3,0,0,5,3,0,0,0,2023-05-24
677008,hitting,2023,12,Bowie Baysox,Eastern League,4,0,0,1,1,0,1,0,0,4,0,0,0,0,2023-05-25
677008,hitting,2023,12,Bowie Baysox,Eastern League,4,1,0,0,1,0,0,0,0,5,1,0,0,0,2023-05-26
677008,hitting,2023,12,Bowie Baysox,Eastern League,4,0,1,0,1,1,1,0,0,5,0,0,0,0,2023-05-27
677008,hitting,2023,12,Bowie Baysox,Eastern League,4,0,0,0,1,0,0,0,0,4,0,0,0,0,2023-05-28
677008,hitting,2023,12,Bowie Baysox,Eastern League,4,0,0,0,1,0,1,0,0,4,0,0,0,0,2023-05-30
677008,hitting,2023,12,Bowie Baysox,Eastern League,4,0,0,0,1,0,1,0,0,4,0,0,0,0,2023-05-31
677008,hitting,2023,12,Bowie Baysox,Eastern League,5,0,0,0,1,0,1,0,0,5,1,0,0,0,2023-06-01
677008,hitting,2023,12,Bowie Baysox,Eastern League,5,0,0,0,1,0,2,1,0,5,1,0,0,0,2023-06-02
677008,hitting,2023,12,Bowie Baysox,Eastern League,4,0,0,1,1,0,1,0,0,4,1,0,0,0,2023-06-03
677008,hitting,2023,12,Bowie Baysox,Eastern League,4,2,0,0,1,0,3,0,0,6,1,0,0,0,2023-06-04
677587,hitting,2023,11,Columbus Clippers,International League,5,0,0,1,1,0,1,0,0,5,0,0,0,0,2023-03-31
677587,hitting,2023,11,Columbus Clippers,International League,4,1,0,0,1,0,1,0,0,5,0,0,0,0,2023-04-01
677587,hitting,2023,11,Columbus Clippers,International League,4,1,0,1,1,0,1,0,0,5,0,0,1,0,2023-04-02
677587,hitting,2023,11,Columbus Clippers,International League,3,1,0,1,1,0,3,0,0,4,0,0,1,0,2023-04-04
677587,hitting,2023,11,Columbus Clippers,International League,4,1,0,0,1,0,1,0,0,5,1,0,1,0,2023-04-06
677587,hitting,2023,11,Columbus Clippers,International League,3,0,0,1,1,0,1,0,0,3,1,0,0,0,2023-04-07
677587,hitting,2023,11,Columbus Clippers,International League,4,1,0,0,1,0,2,0,0,5,3,0,0,0,2023-04-07
677587,hitting,2023,11,Columbus Clippers,International League,4,0,0,1,1,0,1,0,0,4,0,0,0,0,2023-04-08
677587,hitting,2023,11,Columbus Clippers,International League,4,0,0,0,1,0,0,0,0,4,0,0,0,0,2023-04-09
677587,hitting,2023,11,Columbus Clippers,International League,5,0,0,0,1,0,2,0,0,5,2,0,0,0,2023-04-11
677587,hitting,2023,11,Columbus Clippers,International League,3,2,0,0,1,0,2,0,0,5,0,0,1,0,2023-04-12
677587,hitting,2023,11,Columbus Clippers,International League,5,0,0,1,1,0,3,0,0,6,2,1,0,0,2023-04-13
677587,hitting,2023,11,Columbus Clippers,International League,5,0,0,0,1,0,1,0,0,5,0,0,0,0,2023-04-14
677587,hitting,2023,11,Columbus Clippers,International League,4,0,0,0,1,0,1,0,0,4,0,0,0,0,2023-04-15
677587,hitting,2023,11,Columbus Clippers,International League,4,1,0,1,1,0,1,0,0,5,1,0,0,0,2023-04-16
677587,hitting,2023,11,Columbus Clippers,International League,4,0,0,0,1,0,1,0,0,4,0,0,1,0,2023-04-20
677587,hitting,2023,11,Columbus Clippers,International League,4,0,0,0,1,0,1,0,0,4,0,0,0,0,2023-04-22
677587,hitting,2023,11,Columbus Clippers,International League,4,0,0,0,1,0,2,0,0,4,1,0,2,0,2023-04-22
677587,hitting,2023,11,Columbus Clippers,International League,3,1,0,1,1,0,1,0,0,4,2,0,0,0,2023-04-23
677587,hitting,2023,11,Columbus Clippers,International League,4,0,0,0,1,0,1,0,0,4,0,0,1,0,2023-04-25
677587,hitting,2023,11,Columbus Clippers,International League,4,2,0,0,1,0,1,0,0,6,0,0,1,0,2023-04-26
677587,hitting,2023,11,Columbus Clippers,International League,5,0,0,0,1,0,3,0,0,5,1,0,0,0,2023-04-27
677587,hitting,2023,11,Columbus Clippers,International League,4,1,0,0,1,0,1,0,0,5,1,0,0,1,2023-04-28
677587,hitting,2023,11,Columbus Clippers,International League,4,0,0,0,1,0,2,0,0,4,0,0,0,1,2023-04-29
677587,hitting,2023,11,Columbus Clippers,International League,5,0,0,2,1,0,3,0,0,5,2,0,0,0,2023-05-03
677587,hitting,2023,11,Columbus Clippers,International League,4,0,0,0,1,0,0,0,0,4,0,0,0,0,2023-05-04
677587,hitting,2023,11,Columbus Clippers,International League,4,0,0,0,1,0,1,1,0,4,1,0,0,0,2023-05-05
677587,hitting,2023,11,Columbus Clippers,International League,3,0,0,0,1,0,1,0,0,3,0,0,0,0,2023-05-06
677587,hitting,2023,11,Columbus Clippers,International League,4,0,0,0,1,0,1,0,0,4,0,0,0,0,2023-05-06
677587,hitting,2023,11,Columbus Clippers,International League,4,1,0,1,1,0,1,0,0,5,2,0,0,0,2023-05-07
677587,hitting,2023,11,Columbus Clippers,International League,5,0,0,0,1,0,0,0,0,5,0,0,0,0,2023-05-09
677587,hitting,2023,11,Columbus Clippers,International League,4,0,0,0,1,0,1,0,0,4,1,0,0,0,2023-05-10
677587,hitting,2023,11,Columbus Clippers,International League,5,0,0,1,1,0,3,0,0,5,1,0,0,0,2023-05-11
677587,hitting,2023,11,Columbus Clippers,International League,5,0,0,1,1,0,3,0,0,5,2,0,1,1,2023-05-12
677587,hitting,2023,11,Columbus Clippers,International League,5,0,0,0,1,0,1,0,0,5,2,0,0,0,2023-05-13
677587,hitting,2023,11,Columbus Clippers,International League,3,2,0,0,1,0,1,0,0,5,0,0,0,0,2023-05-14
677595,hitting,2023,11,Syracuse Mets,International League,5,0,0,0,1,0,1,0,0,5,0,0,0,0,2023-03-31
677595,hitting,2023,11,Syracuse Mets,International League,5,1,0,1,1,0,2,0,0,6,1,0,0,0,2023-04-01
677595,hitting,2023,11,Syracuse Mets,International League,4,0,0,0,1,0,1,0,0,4,0,0,0,0,2023-04-02
677595,hitting,2023,11,Syracuse Mets,International League,4,0,0,0,1,0,1,0,0,4,1,0,0,1,2023-04-04
677595,hitting,2023,11,Syracuse Mets,International League,4,0,0,0,1,0,3,2,0,4,2,0,0,0,2023-04-05
677595,hitting,2023,11,Syracuse Mets,International League,4,0,0,0,1,0,2,1,0,4,1,0,0,0,2023-04-06
677595,hitting,2023,11,Syracuse Mets,International League,2,0,0,0,1,0,0,0,0,2,0,0,0,0,2023-04-08
677595,hitting,2023,11,Syracuse Mets,International League,3,0,0,0,1,0,0,0,0,3,0,0,0,0,2023-04-08
677595,hitting,2023,11,Syracuse Mets,International League,3,2,1,1,1,0,2,0,0,5,0,0,0,0,2023-04-09
677595,hitting,2023,11,Syracuse Mets,International League,2,1,0,0,1,1,1,1,0,4,2,0,1,0,2023-04-11
677595,hitting,2023,11,Syracuse Mets,International League,5,0,0,0,1,0,1,0,0,5,0,0,0,0,2023-04-12
677595,hitting,2023,11,Syracuse Mets,International League,4,0,0,0,1,0,1,1,0,4,1,0,0,0,2023-04-13
677595,hitting,2023,11,Syracuse Mets,International League,5,0,0,3,1,0,4,1,0,5,4,0,1,0,2023-04-14
677595,hitting,2023,11,Syracuse Mets,International League,4,0,0,0,1,0,1,0,0,4,1,0,0,0,2023-04-16
677595,hitting,2023,11,Syracuse Mets,International League,3,0,0,0,1,0,0,0,0,3,0,0,0,0,2023-04-16
677595,hitting,2023,11,Syracuse Mets,International League,5,0,0,2,1,0,2,0,0,5,0,0,0,0,2023-04-18
677595,hitting,2023,11,Syracuse Mets,International League,4,0,0,0,1,0,1,0,0,4,1,0,0,0,2023-04-20
677595,hitting,2023,11,Syracuse Mets,International League,1,0,1,0,1,1,1,0,0,2,1,0,0,0,2023-04-20
677595,hitting,2023,11,Syracuse Mets,International League,3,0,0,0,1,0,0,0,0,3,0,0,0,0,2023-04-21
677595,hitting,2023,11,Syracuse Mets,International League,5,0,0,0,1,0,3,0,0,5,0,0,1,0,2023-04-22
677595,hitting,2023,11,Syracuse Mets,International League,5,0,0,0,1,0,1,0,0,5,1,0,1,0,2023-04-23
677595,hitting,2023,11,Syracuse Mets,International League,3,0,1,0,1,0,0,0,0,3,0,0,0,0,2023-04-26
677595,hitting,2023,11,Syracuse Mets,International League,4,0,0,0,1,0,2,0,0,4,1,0,0,0,2023-04-26
677595,hitting,2023,11,Syracuse Mets,International League,4,1,0,0,1,0,0,0,0,5,0,0,0,0,2023-04-27
677595,hitting,2023,11,Syracuse Mets,International League,5,0,0,1,1,0,1,0,0,5,1,0,0,0,2023-04-28
677595,hitting,2023,11,Syracuse Mets,International League,5,0,0,0,1,0,2,0,0,5,1,0,0,0,2023-04-29
677595,hitting,2023,11,Syracuse Mets,International League,5,0,0,0,1,0,1,0,0,5,0,0,0,0,2023-04-30
677595,hitting,2023,11,Syracuse Mets,International League,5,0,0,2,1,0,3,0,0,5,2,0,0,0,2023-05-02
677595,hitting,2023,11,Syracuse Mets,International League,3,0,0,0,1,0,2,0,0,4,0,1,1,0,2023-05-04
677595,hitting,2023,11,Syracuse Mets,International League,5,1,0,0,1,0,3,0,1,6,1,0,1,1,2023-05-05
677595,hitting,2023,11,Syracuse Mets,International League,3,0,0,0,1,0,0,0,0,3,0,0,0,0,2023-05-06
677595,hitting,2023,11,Syracuse Mets,International League,3,0,0,0,1,0,0,0,0,3,0,0,0,0,2023-05-06
677595,hitting,2023,11,Syracuse Mets,International League,4,0,0,0,1,0,1,0,0,4,0,0,0,0,2023-05-07
677595,hitting,2023,11,Syracuse Mets,International League,5,0,0,1,1,0,2,0,0,5,0,0,0,0,2023-05-09
677595,hitting,2023,11,Syracuse Mets,International League,5,0,0,2,1,0,2,0,0,5,2,0,0,0,2023-05-10
677595,hitting,2023,11,Syracuse Mets,International League,5,0,1,1,1,0,2,0,0,5,1,0,1,0,2023-05-11
677595,hitting,2023,11,Syracuse Mets,International League,3,2,0,0,1,0,1,0,0,5,1,0,0,0,2023-05-12
677595,hitting,2023,11,Syracuse Mets,International League,5,0,0,1,1,0,3,1,0,5,3,0,1,0,2023-05-13
677595,hitting,2023,11,Syracuse Mets,International League,4,0,0,2,1,0,2,0,0,4,1,0,0,0,2023-05-14
677595,hitting,2023,11,Syracuse Mets,International League,5,0,0,0,1,0,2,0,0,5,0,0,0,0,2023-05-16
677595,hitting,2023,11,Syracuse Mets,International League,4,0,0,1,1,0,2,0,0,4,0,0,0,0,2023-05-17
677595,hitting,2023,11,Syracuse Mets,International League,4,1,0,0,1,0,0,0,0,5,0,0,0,0,2023-05-18
677595,hitting,2023,11,Syracuse Mets,International League,5,0,0,1,1,0,3,0,0,5,1,0,0,0,2023-05-19
677595,hitting,2023,11,Syracuse Mets,International League,5,0,0,1,1,0,2,0,0,5,1,0,1,0,2023-05-20
677595,hitting,2023,11,Syracuse Mets,International League,5,0,0,1,1,0,1,0,0,5,0,0,0,0,2023-05-21
677595,hitting,2023,11,Syracuse Mets,International League,5,0,0,1,1,0,2,0,0,5,1,0,0,0,2023-05-23
677595,hitting,2023,11,Syracuse Mets,International League,5,0,0,0,1,0,1,0,0,5,1,0,0,0,2023-05-24
677595,hitting,2023,11,Syracuse Mets,International League,4,1,0,0,1,0,1,0,0,5,1,0,0,0,2023-05-25
677595,hitting,2023,11,Syracuse Mets,International League,4,1,1,0,1,0,1,0,1,5,0,0,0,0,2023-05-27
677595,hitting,2023,11,Syracuse Mets,International League,3,0,0,0,1,2,1,0,0,5,2,0,0,0,2023-05-28
677595,hitting,2023,11,Syracuse Mets,International League,6,0,0,0,1,0,1,0,0,6,0,0,0,0,2023-05-29
677595,hitting,2023,11,Syracuse Mets,International League,4,0,0,0,1,0,2,0,0,4,0,0,0,0,2023-05-31
677595,hitting,2023,11,Syracuse Mets,International League,5,0,0,0,1,0,0,0,0,5,0,0,0,0,2023-06-01
677595,hitting,2023,11,Syracuse Mets,International League,5,0,0,1,1,0,2,0,0,5,0,0,0,0,2023-06-02
677595,hitting,2023,11,Syracuse Mets,International League,5,0,0,0,1,0,1,0,0,5,0,0,0,0,2023-06-03
677595,hitting,2023,11,Syracuse Mets,International League,4,0,0,0,1,0,1,1,0,4,1,0,0,0,2023-06-04
677595,hitting,2023,11,Syracuse Mets,International League,3,0,0,0,1,1,0,0,0,4,0,0,0,0,2023-06-08
677595,hitting,2023,11,Syracuse Mets,International League,5,0,0,0,1,0,0,0,0,5,0,0,0,0,2023-06-09
677595,hitting,2023,11,Syracuse Mets,International League,4,0,0,0,1,0,1,0,0,4,0,0,0,0,2023-06-10
677595,hitting,2023,11,Syracuse Mets,International League,4,0,0,0,1,0,1,0,0,4,0,0,0,0,2023-06-10
677595,hitting,2023,11,Syracuse Mets,International League,3,2,0,0,1,0,0,0,0,5,0,0,1,0,2023-06-14
677595,hitting,2023,11,Syracuse Mets,International League,5,0,0,0,1,0,3,2,0,5,2,0,1,0,2023-06-15
677595,hitting,2023,11,Syracuse Mets,International League,3,0,0,0,1,0,0,0,0,3,0,0,0,0,2023-06-16
677595,hitting,2023,11,Syracuse Mets,International League,6,0,0,0,1,0,4,1,0,6,2,0,0,0,2023-06-17
677595,hitting,2023,11,Syracuse Mets,International League,4,1,0,0,1,0,1,0,0,5,0,0,0,0,2023-06-18
677595,hitting,2023,11,Syracuse Mets,International League,5,0,0,0,1,0,0,0,0,5,0,0,0,0,2023-06-21
677595,hitting,2023,11,Syracuse Mets,International League,3,2,0,0,1,0,0,0,0,5,1,0,0,0,2023-06-22
677595,hitting,2023,11,Syracuse Mets,International League,5,0,0,0,1,0,0,0,0,5,0,0,0,0,2023-06-23
677595,hitting,2023,11,Syracuse Mets,International League,4,1,0,0,1,0,0,0,0,5,0,0,0,0,2023-06-24
677595,hitting,2023,11,Syracuse Mets,International League,4,0,0,1,1,0,2,0,0,4,1,0,0,0,2023-06-24
677595,hitting,2023,11,Syracuse Mets,International League,4,0,0,0,1,0,2,0,0,4,1,0,1,0,2023-06-25
677595,hitting,2023,11,Syracuse Mets,International League,4,0,0,0,1,0,0,0,0,4,0,0,0,0,2023-06-29
677595,hitting,2023,11,Syracuse Mets,International League,4,0,0,0,1,0,0,0,0,4,0,0,0,0,2023-06-30
677595,hitting,2023,11,Syracuse Mets,International League,4,0,0,0,1,1,0,0,0,5,0,0,1,0,2023-07-01
677595,hitting,2023,11,Syracuse Mets,International League,5,0,0,1,1,0,3,0,0,5,1,0,1,0,2023-07-03
677595,hitting,2023,11,Syracuse Mets,International League,4,0,0,0,1,0,1,1,0,4,1,0,0,0,2023-07-04
677595,hitting,2023,11,Syracuse Mets,International League,4,0,0,0,1,0,1,0,0,4,0,0,0,0,2023-07-05
677595,hitting,2023,11,Syracuse Mets,International League,4,0,0,0,1,0,1,1,0,4,1,0,0,0,2023-07-14
677595,hitting,2023,11,Syracuse Mets,International League,5,0,0,0,1,0,2,1,0,5,1,0,0,0,2023-07-15
677595,hitting,2023,11,Syracuse Mets,International League,4,0,0,0,1,0,0,0,0,4,0,0,0,0,2023-07-16
677595,hitting,2023,11,Syracuse Mets,International League,4,1,0,0,1,0,0,0,0,5,0,0,0,0,2023-07-18
677595,hitting,2023,11,Syracuse Mets,International League,4,0,0,0,1,0,1,0,0,4,0,0,0,0,2023-07-19
677595,hitting,2023,11,Syracuse Mets,International League,5,0,0,0,1,0,3,1,0,5,1,0,1,0,2023-07-20
677595,hitting,2023,11,Syracuse Mets,International League,3,1,0,0,1,0,0,0,0,4,0,0,0,0,2023-07-21
677595,hitting,2023,11,Syracuse Mets,International League,6,0,0,0,1,0,1,1,0,6,1,0,0,0,2023-07-22
677595,hitting,2023,11,Syracuse Mets,International League,4,2,0,0,1,0,2,0,0,6,2,0,0,0,2023-07-23
677595,hitting,2023,11,Syracuse Mets,International League,4,0,0,0,1,0,1,0,0,4,1,0,0,0,2023-07-25
677595,hitting,2023,11,Syracuse Mets,International League,4,1,0,0,1,0,1,0,0,5,1,0,0,0,2023-07-26
677595,hitting,2023,11,Syracuse Mets,International League,5,1,0,0,1,0,2,0,0,6,3,0,1,0,2023-07-27
677595,hitting,2023,11,Syracuse Mets,International League,3,1,0,0,1,0,1,0,0,4,1,0,0,0,2023-07-28
677595,hitting,2023,11,Syracuse Mets,International League,5,0,0,0,1,0,0,0,0,5,0,0,0,0,2023-07-29
677595,hitting,2023,11,Syracuse Mets,International League,5,0,0,0,1,0,1,0,0,5,0,0,0,0,2023-07-30
677595,hitting,2023,11,Syracuse Mets,International League,5,0,0,1,1,0,2,0,0,5,0,0,0,0,2023-08-01
677595,hitting,2023,11,Syracuse Mets,International League,5,0,0,0,1,0,0,0,0,5,0,0,0,0,2023-08-02
677595,hitting,2023,11,Syracuse Mets,International League,4,0,0,0,1,0,1,0,0,4,0,0,1,0,2023-08-04
677595,hitting,2023,11,Syracuse Mets,International League,5,0,0,0,1,0,1,0,0,5,0,0,2,0,2023-08-05
677595,hitting,2023,11,Syracuse Mets,International League,4,1,0,0,1,0,1,0,0,5,0,0,0,0,2023-08-06
677595,hitting,2023,11,Syracuse Mets,International League,5,0,0,0,1,0,1,1,0,5,1,0,0,0,2023-08-08
677595,hitting,2023,11,Syracuse Mets,International League,4,1,1,1,1,0,2,0,0,5,0,0,0,0,2023-08-09
677595,hitting,2023,11,Syracuse Mets,International League,5,0,0,0,1,0,1,0,0,5,2,0,0,0,2023-08-10
677595,hitting,2023,11,Syracuse Mets,International League,4,1,0,0,1,0,2,2,1,5,2,0,0,0,2023-08-11
677595,hitting,2023,11,Syracuse Mets,International League,4,0,0,1,1,0,1,0,0,4,0,0,0,0,2023-08-12
677595,hitting,2023,11,Syracuse Mets,International League,5,0,0,0,1,0,1,0,0,5,0,0,0,0,2023-08-13
677595,hitting,2023,11,Syracuse Mets,International League,3,1,0,0,1,0,1,0,0,4,2,0,0,0,2023-08-15
677595,hitting,2023,11,Syracuse Mets,International League,4,1,0,0,1,0,0,0,0,5,0,0,1,0,2023-08-16
677595,hitting,2023,11,Syracuse Mets,International League,5,0,0,0,1,0,1,0,0,5,0,0,1,0,2023-08-17
677595,hitting,2023,11,Syracuse Mets,International League,5,0,0,0,1,0,1,1,0,5,1,0,0,0,2023-08-19
677595,hitting,2023,11,Syracuse Mets,International League,4,1,0,0,1,0,1,0,0,5,0,0,0,0,2023-08-20
677595,hitting,2023,11,Syracuse Mets,International League,2,2,0,0,1,0,1,0,0,4,2,0,0,1,2023-08-22
677595,hitting,2023,11,Syracuse Mets,International League,4,0,0,0,1,0,2,0,0,4,1,0,0,0,2023-08-23
677595,hitting,2023,11,Syracuse Mets,International League,5,0,0,0,1,0,3,1,0,5,1,0,1,0,2023-08-24
677595,hitting,2023,11,Syracuse Mets,International League,4,1,0,1,1,0,1,0,0,5,1,0,1,0,2023-08-25
677595,hitting,2023,11,Syracuse Mets,International League,5,0,0,1,1,0,3,1,0,5,2,0,1,0,2023-08-26
677595,hitting,2023,11,Syracuse Mets,International League,3,2,0,0,1,0,0,0,0,5,0,0,0,0,2023-08-27
677595,hitting,2023,11,Syracuse Mets,International League,5,0,1,0,1,0,3,1,0,5,2,0,0,0,2023-08-29
677595,hitting,2023,11,Syracuse Mets,International League,5,0,0,0,1,0,0,0,0,5,0,0,0,0,2023-08-30
677649,hitting,2022,12,Frisco RoughRiders,Texas League,4,0,0,1,1,0,1,0,0,4,0,0,0,0,2022-04-08
677649,hitting,2022,12,Frisco RoughRiders,Texas League,3,1,1,1,1,0,2,0,0,4,2,0,0,0,2022-04-09
677649,hitting,2022,12,Frisco RoughRiders,Texas League,4,0,0,0,1,0,1,0,0,4,1,0,0,0,2022-04-10
677649,hitting,2022,12,Frisco RoughRiders,Texas League,4,1,0,0,1,0,0,0,0,5,0,0,0,0,2022-04-12
677649,hitting,2022,12,Frisco RoughRiders,Texas League,4,1,0,2,1,0,2,0,0,5,1,0,0,0,2022-04-14
677649,hitting,2022,12,Frisco RoughRiders,Texas League,5,0,0,1,1,0,1,0,0,5,1,0,0,0,2022-04-15
677649,hitting,2022,12,Frisco RoughRiders,Texas League,4,0,0,1,1,0,2,0,0,4,1,0,1,0,2022-04-16
677649,hitting,2022,12,Frisco RoughRiders,Texas League,3,1,0,0,1,0,0,0,0,4,1,0,2,0,2022-04-16
677649,hitting,2022,12,Frisco RoughRiders,Texas League,5,0,0,0,1,0,1,0,0,5,1,0,0,0,2022-04-19
677649,hitting,2022,12,Frisco RoughRiders,Texas League,4,0,0,1,1,0,1,0,0,4,0,0,0,0,2022-04-20
677649,hitting,2022,12,Frisco RoughRiders,Texas League,5,0,0,2,1,0,2,0,0,5,2,0,0,0,2022-04-21
677649,hitting,2022,12,Frisco RoughRiders,Texas League,5,0,0,0,1,0,0,0,0,5,0,0,0,0,2022-04-22
677649,hitting,2022,12,Frisco RoughRiders,Texas League,5,0,0,0,1,0,1,1,0,5,1,0,0,0,2022-04-23
677649,hitting,2022,12,Frisco RoughRiders,Texas League,4,0,0,0,1,0,1,0,0,4,0,0,0,0,2022-04-24
677649,hitting,2022,12,Frisco RoughRiders,Texas League,3,1,0,0,1,0,0,0,0,4,1,0,1,0,2022-04-26
677649,hitting,2022,12,Frisco RoughRiders,Texas League,5,0,0,0,1,0,1,0,0,5,0,0,0,0,2022-04-27
677649,hitting,2022,12,Frisco RoughRiders,Texas League,4,1,0,0,1,0,1,0,0,5,1,0,0,0,2022-04-28
677649,hitting,2022,12,Frisco RoughRiders,Texas League,4,0,0,0,1,0,1,0,0,4,0,0,0,0,2022-04-30
677649,hitting,2022,12,Frisco RoughRiders,Texas League,5,0,0,0,1,0,0,0,0,5,0,0,0,0,2022-05-01
677649,hitting,2022,12,Frisco RoughRiders,Texas League,4,0,0,0,1,0,1,0,0,4,0,0,0,0,2022-05-03
677649,hitting,2022,12,Frisco RoughRiders,Texas League,4,0,0,0,1,0,1,1,0,4,1,0,0,0,2022-05-04
677649,hitting,2022,12,Frisco RoughRiders,Texas League,4,0,0,2,1,0,2,0,0,4,0,0,1,0,2022-05-05
677649,hitting,2022,12,Frisco RoughRiders,Texas League,5,0,0,1,1,0,4,0,0,5,0,0,0,0,2022-05-06
677649,hitting,2022,12,Frisco RoughRiders,Texas League,4,0,0,1,1,0,2,1,0,4,2,0,0,0,2022-05-07
677649,hitting,2022,12,Frisco RoughRiders,Texas League,5,0,0,0,1,0,2,0,0,5,1,0,0,0,2022-05-08
677649,hitting,2022,12,Frisco RoughRiders,Texas League,5,0,0,1,1,0,3,0,0,5,2,0,0,1,2022-05-10
677649,hitting,2022,12,Frisco RoughRiders,Texas League,3,0,0,0,1,1,1,0,0,4,0,0,0,0,2022-05-11
677649,hitting,2022,12,Frisco RoughRiders,Texas League,4,0,0,0,1,0,1,0,0,5,0,1,0,0,2022-05-12
677649,hitting,2022,12,Frisco RoughRiders,Texas League,4,0,0,0,1,0,0,0,0,4,0,0,0,0,2022-05-13
677649,hitting,2022,12,Frisco RoughRiders,Texas League,3,1,0,0,1,0,0,0,0,4,0,0,0,0,2022-05-14
677649,hitting,2022,12,Frisco RoughRiders,Texas League,4,1,0,2,1,0,4,2,0,6,5,1,0,0,2022-05-15
677649,hitting,2022,12,Frisco RoughRiders,Texas League,3,2,0,0,1,0,1,1,0,5,2,0,0,0,2022-05-17
677649,hitting,2022,12,Frisco RoughRiders,Texas League,4,1,0,0,1,0,1,0,0,5,0,0,1,0,2022-05-18
677649,hitting,2022,12,Frisco RoughRiders,Texas League,4,1,0,0,1,0,0,0,0,5,0,0,0,0,2022-05-19
677649,hitting,2022,12,Frisco RoughRiders,Texas League,4,0,0,1,1,0,2,0,0,4,2,0,0,0,2022-05-21
677649,hitting,2022,12,Frisco RoughRiders,Texas League,4,0,0,1,1,0,2,0,0,4,1,0,0,0,2022-05-22
677649,hitting,2022,12,Frisco RoughRiders,Texas League,3,0,0,0,1,0,1,0,0,3,0,0,1,0,2022-05-25
677649,hitting,2022,12,Frisco RoughRiders,Texas League,3,0,0,0,1,0,1,1,0,3,1,0,0,0,2022-05-25
677649,hitting,2022,12,Frisco RoughRiders,Texas League,4,0,0,0,1,0,0,0,0,4,0,0,0,0,2022-05-27
677649,hitting,2022,12,Frisco RoughRiders,Texas League,4,0,0,1,1,0,1,0,0,4,0,0,0,0,2022-05-28
677649,hitting,2022,12,Frisco RoughRiders,Texas League,5,0,0,2,1,0,4,0,0,5,2,0,0,0,2022-05-29
677649,hitting,2022,12,Frisco RoughRiders,Texas League,5,0,0,1,1,0,2,0,0,5,1,0,0,0,2022-05-31
677649,hitting,2022,12,Frisco RoughRiders,Texas League,4,0,1,0,1,0,1,0,0,4,0,0,0,0,2022-06-01
677649,hitting,2022,12,Frisco RoughRiders,Texas League,4,1,0,2,1,0,2,0,0,5,0,0,0,0,2022-06-02
677649,hitting,2022,12,Frisco RoughRiders,Texas League,3,1,0,0,1,0,1,0,0,4,1,0,0,0,2022-06-03
677950,hitting,2022,11,Reno Aces,Pacific Coast League,4,1,1,0,1,0,2,0,0,5,0,0,0,0,2022-04-05
677950,hitting,2022,11,Reno Aces,Pacific Coast League,5,0,0,1,1,0,1,0,0,5,0,0,0,0,2022-04-06
677950,hitting,2022,11,Reno Aces,Pacific Coast League,4,1,0,0,1,0,0,0,0,5,1,0,0,0,2022-04-07
677950,hitting,2022,11,Reno Aces,Pacific Coast League,4,0,1,0,1,0,2,0,0,4,1,0,0,0,2022-04-09
677950,hitting,2022,11,Reno Aces,Pacific Coast League,5,0,0,0,1,0,0,0,0,5,0,0,0,0,2022-04-10
677950,hitting,2022,11,Reno Aces,Pacific Coast League,5,0,0,1,1,0,1,0,0,5,1,0,0,0,2022-04-12
677950,hitting,2022,11,Reno Aces,Pacific Coast League,5,0,0,0,1,0,3,0,0,5,1,0,0,0,2022-04-13
677950,hitting,2022,11,Reno Aces,Pacific Coast League,3,1,0,1,1,0,1,0,0,5,1,1,0,0,2022-04-14
677950,hitting,2022,11,Reno Aces,Pacific Coast League,6,0,0,1,1,0,1,0,0,6,0,0,0,0,2022-04-16
677950,hitting,2022,11,Reno Aces,Pacific Coast League,3,0,0,0,1,1,1,1,0,4,1,0,1,0,2022-04-17
677950,hitting,2022,11,Reno Aces,Pacific Coast League,3,1,0,0,1,0,1,0,0,4,1,0,0,0,2022-04-19
677950,hitting,2022,11,Reno Aces,Pacific Coast League,5,0,0,1,1,0,3,1,0,5,1,0,0,1,2022-04-20
677950,hitting,2022,11,Reno Aces,Pacific Coast League,5,0,0,0,1,0,1,0,0,5,0,0,0,0,2022-04-21
677950,hitting,2022,11,Reno Aces,Pacific Coast League,4,0,0,0,1,0,0,0,0,4,0,0,0,0,2022-04-22
677950,hitting,2022,11,Reno Aces,Pacific Coast League,4,0,0,1,1,0,1,0,0,4,0,0,0,0,2022-04-24
677950,hitting,2022,11,Reno Aces,Pacific Coast League,4,0,0,0,1,0,0,0,0,4,0,0,0,0,2022-04-26
677950,hitting,2022,11,Reno Aces,Pacific Coast League,2,3,0,1,1,0,1,0,0,5,2,0,0,0,2022-04-27
677950,hitting,2022,11,Reno Aces,Pacific Coast League,5,0,0,0,1,0,1,1,0,5,2,0,0,0,2022-04-28
677950,hitting,2022,11,Reno Aces,Pacific Coast League,6,0,0,0,1,0,3,0,0,6,0,0,0,0,2022-04-30
677950,hitting,2022,11,Reno Aces,Pacific Coast League,3,2,0,0,1,0,0,0,0,5,1,0,0,0,2022-05-01
677950,hitting,2022,11,Reno Aces,Pacific Coast League,4,1,0,0,1,0,2,0,0,5,3,0,1,0,2022-05-03
677950,hitting,2022,11,Reno Aces,Pacific Coast League,5,0,0,0,1,0,0,0,0,5,0,0,0,0,2022-05-04
677950,hitting,2022,11,Reno Aces,Pacific Coast League,3,2,0,1,1,0,2,1,0,5,3,0,1,0,2022-05-05
677950,hitting,2022,11,Reno Aces,Pacific Coast League,4,1,0,0,1,0,1,0,0,5,0,0,0,0,2022-05-06
677954,hitting,2022,11,Buffalo Bisons,International League,4,0,0,1,1,0,2,0,0,4,1,0,0,0,2022-04-29
677954,hitting,2022,11,Buffalo Bisons,International League,3,1,0,0,1,0,0,0,0,5,2,1,0,0,2022-04-30
677954,hitting,2022,11,Buffalo Bisons,International League,3,2,0,0,1,0,2,0,0,5,0,0,0,0,2022-05-01
677954,hitting,2022,11,Buffalo Bisons,International League,3,0,0,0,1,0,0,0,0,3,0,0,0,0,2022-05-04
677954,hitting,2022,11,Buffalo Bisons,International League,2,0,0,0,1,0,2,0,0,3,0,1,0,0,2022-05-04
677954,hitting,2022,11,Buffalo Bisons,International League,4,0,0,0,1,0,2,0,0,4,1,0,0,0,2022-05-05
677954,hitting,2022,11,Buffalo Bisons,International League,4,0,0,0,1,0,0,0,0,4,0,0,0,0,2022-05-06
677954,hitting,2022,11,Buffalo Bisons,International League,4,2,0,0,1,0,2,0,0,6,1,0,0,0,2022-05-10
677954,hitting,2022,11,Buffalo Bisons,International League,4,0,0,0,1,0,1,0,0,4,0,0,0,0,2022-05-11
677954,hitting,2022,11,Buffalo Bisons,International League,4,0,0,0,1,0,0,0,0,4,0,0,0,0,2022-05-12
677954,hitting,2022,11,Buffalo Bisons,International League,4,1,0,0,1,0,1,0,0,5,0,0,0,0,2022-05-13
677954,hitting,2022,11,Buffalo Bisons,International League,2,2,0,1,1,0,1,0,0,4,2,0,0,0,2022-05-15
677954,hitting,2022,11,Buffalo Bisons,International League,4,0,0,0,1,0,2,0,0,4,0,0,0,0,2022-05-15
677954,hitting,2022,11,Buffalo Bisons,International League,4,1,0,0,1,0,0,0,0,5,1,0,0,0,2022-05-17
677954,hitting,2022,11,Buffalo Bisons,International League,3,0,0,0,1,0,1,0,0,3,0,0,0,0,2022-05-19
677954,hitting,2022,11,Buffalo Bisons,International League,2,1,0,0,1,0,2,0,0,3,0,0,0,0,2022-05-19
677954,hitting,2022,11,Buffalo Bisons,International League,3,0,0,1,1,0,2,0,0,3,0,0,0,0,2022-05-20
677954,hitting,2022,11,Buffalo Bisons,International League,2,1,0,0,1,1,1,0,0,4,1,0,0,0,2022-05-21
677954,hitting,2022,11,Buffalo Bisons,International League,4,1,0,0,1,0,3,0,0,5,2,0,0,0,2022-05-25
677954,hitting,2022,11,Buffalo Bisons,International League,2,2,0,0,1,0,0,0,0,4,1,0,0,0,2022-05-27
677954,hitting,2022,11,Buffalo Bisons,International League,2,1,0,0,1,0,0,0,0,3,1,0,0,0,2022-05-28
677954,hitting,2022,11,Buffalo Bisons,International League,4,0,0,0,1,0,1,1,0,4,1,0,0,0,2022-05-29
677954,hitting,2022,11,Buffalo Bisons,International League,5,0,0,0,1,0,1,0,0,5,1,0,1,0,2022-05-30
677954,hitting,2022,11,Buffalo Bisons,International League,4,0,0,0,1,0,2,0,0,4,0,0,0,0,2022-06-02
677954,hitting,2022,11,Buffalo Bisons,International League,4,0,0,0,1,0,0,0,0,4,0,0,0,0,2022-06-03
677954,hitting,2022,11,Buffalo Bisons,International League,2,1,0,0,1,0,0,0,0,3,0,0,0,0,2022-06-04
677954,hitting,2022,11,Buffalo Bisons,International League,5,0,0,0,1,0,1,0,0,5,1,0,0,0,2022-06-04
677954,hitting,2022,11,Buffalo Bisons,International League,2,1,0,0,1,0,0,0,0,3,1,0,0,0,2022-06-08
677954,hitting,2022,11,Buffalo Bisons,International League,2,0,0,1,1,0,1,0,0,2,0,0,0,0,2022-06-08
677954,hitting,2022,11,Buffalo Bisons,International League,4,0,0,0,1,0,0,0,0,4,0,0,0,0,2022-06-09
677954,hitting,2022,11,Buffalo Bisons,International League,4,0,0,0,1,0,0,0,0,4,0,0,0,0,2022-06-10
677954,hitting,2022,11,Buffalo Bisons,International League,3,1,0,0,1,0,0,0,0,4,1,0,0,0,2022-06-11
677954,hitting,2022,11,Buffalo Bisons,International League,4,1,0,0,1,0,2,0,0,5,0,0,1,0,2022-06-12
677954,hitting,2022,11,Buffalo Bisons,International League,3,1,0,0,1,0,1,0,0,4,0,0,0,0,2022-06-14
677954,hitting,2022,11,Buffalo Bisons,International League,4,1,0,0,1,0,1,0,0,5,2,0,0,0,2022-06-15
677954,hitting,2022,11,Buffalo Bisons,International League,4,0,0,0,1,0,1,0,0,4,0,0,0,0,2022-06-16
677954,hitting,2022,11,Buffalo Bisons,International League,4,0,0,0,1,0,0,0,0,4,0,0,0,0,2022-06-17
677954,hitting,2022,11,Buffalo Bisons,International League,4,1,0,1,1,0,2,0,0,5,1,0,0,0,2022-06-18
677954,hitting,2022,11,Buffalo Bisons,International League,3,1,0,0,1,0,1,0,0,4,1,0,0,0,2022-06-19
677954,hitting,2022,11,Buffalo Bisons,International League,5,0,0,0,1,0,1,0,0,5,0,0,0,0,2022-06-21
677954,hitting,2022,11,Buffalo Bisons,International League,2,1,0,0,1,1,0,0,0,4,1,0,0,0,2022-06-22
677954,hitting,2022,11,Buffalo Bisons,International League,4,0,0,0,1,0,1,0,0,4,0,0,0,0,2022-06-24
677954,hitting,2022,11,Buffalo Bisons,International League,5,0,0,0,1,0,1,0,0,5,0,0,0,0,2022-06-25
677954,hitting,2022,11,Buffalo Bisons,International League,3,0,0,0,1,0,0,0,0,3,0,0,0,0,2022-06-26
677954,hitting,2022,11,Buffalo Bisons,International League,5,0,0,0,1,0,2,0,0,5,2,0,0,0,2022-06-28
677954,hitting,2022,11,Buffalo Bisons,International League,3,2,0,1,1,0,1,0,0,5,0,0,0,0,2022-06-29
677954,hitting,2022,11,Buffalo Bisons,International League,3,1,0,0,1,0,0,0,0,4,0,0,0,0,2022-06-30
677954,hitting,2022,11,Buffalo Bisons,International League,4,0,0,0,1,0,0,0,0,4,0,0,0,0,2022-07-01
677954,hitting,2022,11,Buffalo Bisons,International League,4,0,0,0,1,0,1,0,0,4,0,0,0,0,2022-07-03
677954,hitting,2022,11,Buffalo Bisons,International League,4,1,0,0,1,0,1,0,0,5,0,0,0,0,2022-07-04
677954,hitting,2022,11,Buffalo Bisons,International League,4,0,0,1,1,0,2,0,0,4,1,0,0,0,2022-07-06
677954,hitting,2022,11,Buffalo Bisons,International League,4,0,0,1,1,0,2,0,0,4,1,0,0,0,2022-07-08
677954,hitting,2022,11,Buffalo Bisons,International League,3,1,0,0,1,0,0,0,0,4,0,0,0,0,2022-07-09
677954,hitting,2022,11,Buffalo Bisons,International League,3,1,0,0,1,0,1,0,0,4,0,0,0,0,2022-07-10
677954,hitting,2022,11,Buffalo Bisons,International League,4,0,0,0,1,0,2,0,0,4,0,0,0,0,2022-07-12
677954,hitting,2022,11,Buffalo Bisons,International League,4,1,0,0,1,0,0,0,0,5,0,0,0,0,2022-07-13
677954,hitting,2022,11,Buffalo Bisons,International League,6,0,0,0,1,0,1,0,0,6,0,0,0,0,2022-07-14
677954,hitting,2022,11,Buffalo Bisons,International League,5,0,0,0,1,0,0,0,0,5,0,0,0,0,2022-07-15
677954,hitting,2022,11,Buffalo Bisons,International League,2,2,0,0,1,0,0,0,0,4,0,0,0,0,2022-07-17
677954,hitting,2022,11,Buffalo Bisons,International League,4,0,0,0,1,0,1,0,0,4,0,0,0,0,2022-07-22
677954,hitting,2022,11,Buffalo Bisons,International League,4,1,0,0,1,0,1,0,0,5,1,0,0,0,2022-07-23
677954,hitting,2022,11,Buffalo Bisons,International League,4,0,0,0,1,0,0,0,0,4,0,0,0,0,2022-07-24
677954,hitting,2022,11,Buffalo Bisons,International League,4,0,0,0,1,0,2,0,0,4,0,0,0,0,2022-07-26
677954,hitting,2022,11,Buffalo Bisons,International League,4,0,0,0,1,0,1,0,0,4,1,0,0,0,2022-07-27
677954,hitting,2022,11,Buffalo Bisons,International League,3,1,0,0,1,0,0,0,0,4,0,0,0,0,2022-07-29
677954,hitting,2022,11,Buffalo Bisons,International League,4,0,0,0,1,0,1,0,0,4,1,0,0,0,2022-07-30
677954,hitting,2022,11,Buffalo Bisons,International League,4,0,0,0,1,0,0,0,0,4,0,0,0,0,2022-07-31
677954,hitting,2022,11,Jacksonville Jumbo Shrimp,International League,4,1,0,0,1,0,1,0,0,5,0,0,0,0,2022-08-03
677954,hitting,2022,11,Jacksonville Jumbo Shrimp,International League,5,0,0,1,1,0,2,0,0,5,2,0,0,0,2022-08-04
677954,hitting,2022,11,Jacksonville Jumbo Shrimp,International League,2,2,0,0,1,0,0,0,0,4,0,0,0,0,2022-08-05
677954,hitting,2022,11,Jacksonville Jumbo Shrimp,International League,4,0,0,0,1,0,1,0,0,4,0,0,1,0,2022-08-06
677954,hitting,2022,11,Jacksonville Jumbo Shrimp,International League,3,1,0,0,1,0,0,0,0,4,0,0,0,0,2022-08-07
677954,hitting,2022,11,Jacksonville Jumbo Shrimp,International League,4,0,0,0,1,0,0,0,0,4,0,0,0,0,2022-08-09
677954,hitting,2022,11,Jacksonville Jumbo Shrimp,International League,3,2,0,1,1,0,2,0,0,5,1,0,0,0,2022-08-10
677954,hitting,2022,11,Jacksonville Jumbo Shrimp,International League,4,0,0,1,1,0,1,0,0,4,1,0,0,0,2022-08-13
677954,hitting,2022,11,Jacksonville Jumbo Shrimp,International League,4,0,0,1,1,0,2,0,0,4,0,0,0,0,2022-08-14
677954,hitting,2022,11,Jacksonville Jumbo Shrimp,International League,5,0,0,0,1,0,1,0,0,5,1,0,0,0,2022-08-16
677954,hitting,2022,11,Jacksonville Jumbo Shrimp,International League,4,0,0,1,1,0,3,0,0,4,0,0,0,0,2022-08-17
677954,hitting,2022,11,Jacksonville Jumbo Shrimp,International League,1,3,0,0,1,0,0,0,0,4,0,0,0,0,2022-08-19
677954,hitting,2022,11,Jacksonville Jumbo Shrimp,International League,3,0,0,0,1,0,1,0,0,3,0,0,0,0,2022-08-19
677954,hitting,2022,11,Jacksonville Jumbo Shrimp,International League,3,0,0,0,1,0,2,0,0,3,0,0,0,0,2022-08-21
677954,hitting,2022,11,Jacksonville Jumbo Shrimp,International League,3,1,0,0,1,0,2,1,0,4,1,0,0,0,2022-08-21
677954,hitting,2022,11,Jacksonville Jumbo Shrimp,International League,4,0,0,0,1,0,1,0,0,5,1,1,0,0,2022-08-23
677954,hitting,2022,11,Jacksonville Jumbo Shrimp,International League,4,0,0,0,1,0,2,0,0,4,1,0,0,0,2022-08-24
677954,hitting,2022,11,Jacksonville Jumbo Shrimp,International League,4,0,0,0,1,0,1,0,0,4,0,0,0,0,2022-08-25
677954,hitting,2022,11,Jacksonville Jumbo Shrimp,International League,3,0,0,0,1,0,2,1,0,3,1,0,0,0,2022-08-26
677954,hitting,2022,11,Jacksonville Jumbo Shrimp,International League,4,0,0,0,1,0,1,0,0,4,0,0,0,0,2022-08-27
677954,hitting,2022,11,Jacksonville Jumbo Shrimp,International League,5,1,0,0,1,0,1,0,0,6,0,0,0,0,2022-08-30
677954,hitting,2022,11,Jacksonville Jumbo Shrimp,International League,5,0,0,1,1,0,2,0,0,5,0,0,0,0,2022-08-31
677954,hitting,2022,11,Jacksonville Jumbo Shrimp,International League,4,0,0,0,1,0,0,0,0,4,0,0,0,0,2022-09-01
677954,hitting,2022,11,Jacksonville Jumbo Shrimp,International League,4,0,0,0,1,0,0,0,0,4,0,0,0,0,2022-09-02
677954,hitting,2022,11,Jacksonville Jumbo Shrimp,International League,3,2,0,0,1,0,0,0,0,5,1,0,0,0,2022-09-03
677954,hitting,2022,11,Jacksonville Jumbo Shrimp,International League,3,1,0,0,1,0,1,0,0,4,0,0,0,0,2022-09-06
677954,hitting,2022,11,Jacksonville Jumbo Shrimp,International League,3,1,0,1,1,0,1,0,0,4,0,0,0,0,2022-09-07
677954,hitting,2022,11,Jacksonville Jumbo Shrimp,International League,6,0,0,0,1,0,2,0,0,6,2,0,0,0,2022-09-08
677954,hitting,2022,11,Jacksonville Jumbo Shrimp,International League,3,1,0,0,1,0,2,0,0,4,1,0,0,0,2022-09-09
677954,hitting,2022,11,Jacksonville Jumbo Shrimp,International League,2,2,0,0,1,0,0,0,0,4,0,0,0,0,2022-09-10
677954,hitting,2022,11,Jacksonville Jumbo Shrimp,International League,4,1,0,0,1,0,0,0,0,5,1,0,0,0,2022-09-11
677954,hitting,2022,14,Dunedin Blue Jays,Florida State League,3,1,0,1,1,0,1,0,0,4,1,0,0,0,2022-04-21
677954,hitting,2022,14,Dunedin Blue Jays,Florida State League,3,0,0,0,1,0,0,0,0,3,0,0,0,0,2022-04-22
677954,hitting,2022,14,Dunedin Blue Jays,Florida State League,3,0,0,0,1,0,1,0,0,3,0,0,0,0,2022-04-23
677954,hitting,2022,14,Dunedin Blue Jays,Florida State League,5,0,0,0,1,0,1,0,0,5,1,0,0,0,2022-04-26
677954,hitting,2022,14,Dunedin Blue Jays,Florida State League,5,0,0,0,1,0,1,0,0,5,0,0,0,0,2022-04-27
678246,hitting,2022,11,Oklahoma City Dodgers,Pacific Coast League,4,1,0,0,1,0,0,0,0,5,1,0,0,0,2022-04-06
678246,hitting,2022,11,Oklahoma City Dodgers,Pacific Coast League,3,1,0,0,1,0,1,0,0,4,1,0,0,0,2022-04-07
678246,hitting,2022,11,Oklahoma City Dodgers,Pacific Coast League,5,0,0,0,1,0,2,1,0,5,1,0,0,0,2022-04-08
678246,hitting,2022,11,Oklahoma City Dodgers,Pacific Coast League,5,0,0,0,1,0,0,0,0,5,0,0,0,0,2022-04-09
678246,hitting,2022,11,Oklahoma City Dodgers,Pacific Coast League,5,0,0,1,1,0,3,0,0,5,1,0,0,0,2022-04-10
678246,hitting,2022,11,Oklahoma City Dodgers,Pacific Coast League,4,1,0,0,1,0,3,0,0,5,1,0,1,1,2022-04-12
678246,hitting,2022,11,Oklahoma City Dodgers,Pacific Coast League,3,1,0,0,1,0,0,0,0,4,0,0,0,0,2022-04-13
678246,hitting,2022,11,Oklahoma City Dodgers,Pacific Coast League,4,1,0,0,1,0,0,0,0,5,1,0,0,0,2022-04-14
678246,hitting,2022,11,Oklahoma City Dodgers,Pacific Coast League,3,2,0,0,1,0,0,0,0,5,1,0,0,0,2022-04-15
678246,hitting,2022,11,Oklahoma City Dodgers,Pacific Coast League,4,0,0,0,1,0,1,1,0,5,1,1,0,0,2022-04-16
678246,hitting,2022,11,Oklahoma City Dodgers,Pacific Coast League,4,0,0,0,1,0,1,0,0,5,0,1,0,0,2022-04-17
678246,hitting,2022,11,Oklahoma City Dodgers,Pacific Coast League,5,1,0,1,1,0,2,0,0,6,2,0,0,0,2022-04-19
678246,hitting,2022,11,Oklahoma City Dodgers,Pacific Coast League,4,1,0,1,1,0,1,0,0,5,1,0,0,0,2022-04-20
678246,hitting,2022,11,Oklahoma City Dodgers,Pacific Coast League,3,1,1,0,1,0,1,0,0,4,0,0,0,0,2022-04-21
678246,hitting,2022,11,Oklahoma City Dodgers,Pacific Coast League,3,1,0,0,1,0,1,0,0,4,1,0,0,0,2022-04-22
678246,hitting,2022,11,Oklahoma City Dodgers,Pacific Coast League,3,1,0,0,1,0,0,0,0,4,0,0,0,0,2022-04-23
678246,hitting,2022,11,Oklahoma City Dodgers,Pacific Coast League,4,0,0,0,1,0,0,0,0,4,0,0,0,0,2022-04-24
678246,hitting,2022,11,Oklahoma City Dodgers,Pacific Coast League,4,0,0,0,1,0,1,0,0,4,0,0,0,0,2022-04-26
678246,hitting,2022,11,Oklahoma City Dodgers,Pacific Coast League,3,0,0,0,1,1,0,0,0,4,0,0,0,0,2022-04-27
678246,hitting,2022,11,Oklahoma City Dodgers,Pacific Coast League,3,2,0,0,1,0,2,1,0,5,2,0,0,0,2022-04-28
678246,hitting,2022,11,Oklahoma City Dodgers,Pacific Coast League,4,0,0,0,1,0,1,0,0,4,1,0,0,0,2022-04-29
678246,hitting,2022,11,Oklahoma City Dodgers,Pacific Coast League,5,0,0,0,1,0,2,0,0,5,2,0,0,0,2022-04-30
678246,hitting,2022,11,Oklahoma City Dodgers,Pacific Coast League,3,2,0,0,1,0,2,0,0,5,3,0,0,1,2022-05-01
678246,hitting,2022,11,Oklahoma City Dodgers,Pacific Coast League,3,1,0,0,1,0,1,0,0,4,1,0,0,0,2022-05-03
678246,hitting,2022,11,Oklahoma City Dodgers,Pacific Coast League,4,0,0,0,1,0,2,0,0,4,2,0,0,0,2022-05-05
678246,hitting,2022,11,Oklahoma City Dodgers,Pacific Coast League,4,0,0,0,1,0,2,0,0,4,2,0,0,0,2022-05-05
678246,hitting,2022,11,Oklahoma City Dodgers,Pacific Coast League,5,0,0,1,1,0,2,0,0,5,1,0,0,0,2022-05-06
678246,hitting,2022,11,Oklahoma City Dodgers,Pacific Coast League,3,2,0,0,1,0,0,0,0,5,1,0,0,0,2022-05-07
678246,hitting,2022,11,Oklahoma City Dodgers,Pacific Coast League,3,2,0,1,1,0,1,0,0,5,1,0,0,0,2022-05-08
678246,hitting,2022,11,Oklahoma City Dodgers,Pacific Coast League,5,0,0,0,1,0,1,1,0,5,1,0,0,0,2022-05-10
678246,hitting,2022,11,Oklahoma City Dodgers,Pacific Coast League,3,2,0,1,1,0,2,0,0,5,2,0,1,0,2022-05-11
678246,hitting,2022,11,Oklahoma City Dodgers,Pacific Coast League,5,0,0,0,1,0,2,0,0,5,1,0,0,0,2022-05-12
678246,hitting,2022,11,Oklahoma City Dodgers,Pacific Coast League,4,1,0,0,1,0,2,0,0,5,0,0,1,0,2022-05-13
678246,hitting,2022,11,Oklahoma City Dodgers,Pacific Coast League,5,0,0,1,1,0,2,0,0,5,1,0,0,0,2022-05-14
678246,hitting,2022,11,Oklahoma City Dodgers,Pacific Coast League,5,1,0,0,1,0,2,0,0,6,3,0,0,1,2022-05-15
678246,hitting,2022,11,Oklahoma City Dodgers,Pacific Coast League,5,0,0,0,1,0,2,1,0,5,1,0,0,0,2022-05-17
678246,hitting,2022,11,Oklahoma City Dodgers,Pacific Coast League,4,0,0,0,1,0,0,0,0,4,0,0,1,0,2022-05-18
678246,hitting,2022,11,Oklahoma City Dodgers,Pacific Coast League,4,0,0,0,1,0,1,1,0,4,1,0,0,0,2022-05-19
678246,hitting,2022,11,Oklahoma City Dodgers,Pacific Coast League,3,2,0,0,1,0,0,0,0,5,1,0,0,0,2022-05-20
678246,hitting,2022,11,Oklahoma City Dodgers,Pacific Coast League,4,0,0,0,1,0,2,0,0,4,1,0,0,0,2022-05-21
678246,hitting,2022,11,Oklahoma City Dodgers,Pacific Coast League,4,1,0,0,1,0,2,1,0,5,2,0,0,0,2022-05-22
678246,hitting,2022,11,Oklahoma City Dodgers,Pacific Coast League,3,2,0,0,1,0,1,0,0,5,2,0,0,0,2022-05-24
678246,hitting,2022,11,Oklahoma City Dodgers,Pacific Coast League,3,0,0,0,1,0,0,0,0,3,0,0,0,0,2022-05-26
678246,hitting,2022,11,Oklahoma City Dodgers,Pacific Coast League,4,0,0,0,1,0,0,0,0,4,0,0,0,0,2022-05-26
678246,hitting,2022,11,Oklahoma City Dodgers,Pacific Coast League,4,0,0,0,1,0,0,0,0,4,0,0,0,0,2022-05-27
678246,hitting,2022,11,Oklahoma City Dodgers,Pacific Coast League,4,0,0,0,1,1,1,0,0,5,0,0,0,0,2022-05-28
678246,hitting,2022,11,Oklahoma City Dodgers,Pacific Coast League,4,0,0,1,1,1,1,0,0,5,1,0,1,0,2022-05-31
678246,hitting,2022,11,Oklahoma City Dodgers,Pacific Coast League,4,0,0,0,1,0,1,0,0,4,0,0,0,0,2022-06-01
678246,hitting,2022,11,Oklahoma City Dodgers,Pacific Coast League,5,0,0,1,1,0,2,0,0,5,0,0,0,0,2022-06-02
678246,hitting,2022,11,Oklahoma City Dodgers,Pacific Coast League,4,1,0,0,1,0,1,1,0,5,1,0,0,0,2022-06-03
678246,hitting,2022,11,Oklahoma City Dodgers,Pacific Coast League,4,0,0,0,1,0,1,0,0,4,0,0,0,0,2022-06-04
678246,hitting,2022,11,Oklahoma City Dodgers,Pacific Coast League,4,0,0,1,1,0,1,0,0,4,0,0,0,0,2022-06-05
678246,hitting,2022,11,Oklahoma City Dodgers,Pacific Coast League,4,0,0,0,1,0,1,0,0,4,0,0,1,0,2022-06-07
678246,hitting,2022,11,Oklahoma City Dodgers,Pacific Coast League,4,1,0,1,1,0,1,0,0,5,1,0,0,0,2022-06-08
678246,hitting,2022,11,Oklahoma City Dodgers,Pacific Coast League,4,0,0,0,1,0,2,1,0,4,2,0,0,0,2022-06-09
678246,hitting,2022,11,Oklahoma City Dodgers,Pacific Coast League,4,1,0,0,1,0,0,0,0,5,0,0,0,0,2022-06-10
678246,hitting,2022,11,Oklahoma City Dodgers,Pacific Coast League,5,0,0,0,1,0,1,0,0,5,2,0,0,0,2022-06-11
678246,hitting,2022,11,Oklahoma City Dodgers,Pacific Coast League,4,0,0,0,1,0,1,1,0,4,1,0,0,0,2022-06-12
678246,hitting,2022,11,Oklahoma City Dodgers,Pacific Coast League,4,0,0,0,1,0,0,0,0,4,0,0,0,0,2022-06-14
678246,hitting,2022,11,Oklahoma City Dodgers,Pacific Coast League,5,0,0,0,1,0,1,0,0,5,1,0,0,1,2022-06-15
678246,hitting,2022,11,Oklahoma City Dodgers,Pacific Coast League,4,1,0,0,1,0,0,0,0,5,0,0,0,0,2022-06-16
678246,hitting,2022,11,Oklahoma City Dodgers,Pacific Coast League,4,2,0,0,1,0,2,0,0,6,1,0,1,0,2022-06-17
678246,hitting,2022,11,Oklahoma City Dodgers,Pacific Coast League,5,0,0,0,1,1,1,0,0,6,1,0,0,0,2022-06-18
678246,hitting,2022,11,Oklahoma City Dodgers,Pacific Coast League,4,1,0,1,1,0,2,0,0,5,1,0,1,0,2022-06-19
678246,hitting,2022,11,Oklahoma City Dodgers,Pacific Coast League,4,1,0,0,1,0,2,1,0,5,1,0,0,0,2022-06-21
678246,hitting,2022,11,Oklahoma City Dodgers,Pacific Coast League,3,1,0,0,1,0,1,0,0,4,0,0,0,0,2022-06-22
678246,hitting,2022,11,Oklahoma City Dodgers,Pacific Coast League,4,0,0,1,1,0,1,0,0,4,0,0,0,0,2022-06-23
678246,hitting,2022,11,Oklahoma City Dodgers,Pacific Coast League,3,1,1,0,1,0,2,0,0,4,1,0,0,0,2022-06-24
678246,hitting,2022,11,Oklahoma City Dodgers,Pacific Coast League,4,0,0,0,1,0,1,0,0,4,0,0,0,0,2022-06-25
678246,hitting,2022,11,Oklahoma City Dodgers,Pacific Coast League,4,0,0,0,1,0,1,1,0,4,1,0,0,0,2022-06-26
678246,hitting,2022,11,Oklahoma City Dodgers,Pacific Coast League,4,0,0,1,1,0,2,0,0,4,1,0,0,0,2022-06-28
678246,hitting,2022,11,Oklahoma City Dodgers,Pacific Coast League,3,1,0,0,1,0,1,0,0,4,1,0,0,0,2022-06-29
678246,hitting,2022,11,Oklahoma City Dodgers,Pacific Coast League,5,0,0,2,1,0,2,0,0,5,2,0,0,0,2022-06-30
678246,hitting,2022,11,Oklahoma City Dodgers,Pacific Coast League,4,1,1,2,1,0,2,0,0,5,2,0,0,0,2022-07-01
678246,hitting,2022,11,Oklahoma City Dodgers,Pacific Coast League,5,0,0,0,1,0,3,1,0,5,1,0,0,0,2022-07-02
678246,hitting,2022,11,Oklahoma City Dodgers,Pacific Coast League,3,0,0,0,1,0,0,0,0,3,0,0,0,0,2022-07-03
678246,hitting,2022,11,Oklahoma City Dodgers,Pacific Coast League,5,0,0,0,1,0,0,0,0,5,0,0,0,0,2022-07-04
678246,hitting,2022,11,Oklahoma City Dodgers,Pacific Coast League,4,0,0,0,1,0,2,0,0,5,0,1,1,0,2022-07-05
678246,hitting,2022,11,Oklahoma City Dodgers,Pacific Coast League,5,0,0,0,1,0,1,0,0,5,1,0,0,0,2022-07-06
678246,hitting,2022,11,Oklahoma City Dodgers,Pacific Coast League,5,0,0,0,1,0,1,0,0,5,1,0,0,0,2022-07-07
678246,hitting,2022,11,Oklahoma City Dodgers,Pacific Coast League,4,0,0,1,1,0,2,0,0,5,0,1,0,0,2022-07-08
678246,hitting,2022,11,Oklahoma City Dodgers,Pacific Coast League,4,1,0,0,1,0,1,0,0,5,0,0,0,0,2022-07-09
678246,hitting,2022,11,Oklahoma City Dodgers,Pacific Coast League,3,3,0,1,1,0,2,0,0,6,3,0,0,0,2022-07-12
678246,hitting,2022,11,Oklahoma City Dodgers,Pacific Coast League,3,2,0,0,1,0,1,0,0,5,2,0,0,0,2022-07-13
678246,hitting,2022,11,Oklahoma City Dodgers,Pacific Coast League,5,0,0,1,1,0,1,0,0,5,0,0,0,0,2022-07-14
678246,hitting,2022,11,Oklahoma City Dodgers,Pacific Coast League,3,2,0,0,1,0,0,0,0,5,1,0,0,0,2022-07-22
678246,hitting,2022,11,Oklahoma City Dodgers,Pacific Coast League,3,1,0,1,1,0,1,0,0,4,1,0,1,0,2022-07-23
678246,hitting,2022,11,Oklahoma City Dodgers,Pacific Coast League,4,1,0,0,1,0,1,0,0,6,2,1,0,0,2022-07-24
678246,hitting,2022,11,Oklahoma City Dodgers,Pacific Coast League,4,1,0,1,1,0,2,0,0,5,0,0,0,0,2022-07-26
678246,hitting,2022,11,Oklahoma City Dodgers,Pacific Coast League,5,0,0,0,1,0,1,1,0,5,1,0,0,0,2022-07-27
678246,hitting,2022,11,Oklahoma City Dodgers,Pacific Coast League,4,0,0,1,1,0,1,0,0,4,1,0,0,0,2022-07-28
678246,hitting,2022,11,Oklahoma City Dodgers,Pacific Coast League,5,0,0,0,1,0,2,1,0,5,1,0,1,0,2022-07-29
678246,hitting,2022,11,Oklahoma City Dodgers,Pacific Coast League,4,0,0,0,1,0,0,0,0,4,0,0,0,0,2022-07-30
678246,hitting,2022,11,Oklahoma City Dodgers,Pacific Coast League,3,1,1,0,1,0,1,0,0,4,1,0,1,0,2022-07-31
678554,hitting,2023,11,Durham Bulls,International League,5,0,0,0,1,0,0,0,0,5,0,0,0,0,2023-03-31
678554,hitting,2023,11,Durham Bulls,International League,4,1,0,0,1,0,0,0,0,5,0,0,0,0,2023-04-01
678554,hitting,2023,11,Durham Bulls,International League,4,1,0,0,1,0,2,0,0,6,3,1,1,0,2023-04-04
678554,hitting,2023,11,Durham Bulls,International League,4,1,0,1,1,0,1,0,0,5,1,0,0,0,2023-04-05
678554,hitting,2023,11,Durham Bulls,International League,5,0,0,2,1,0,3,0,0,5,2,0,0,0,2023-04-06
678554,hitting,2023,11,Durham Bulls,International League,4,1,0,1,1,0,1,0,0,5,0,0,0,0,2023-04-07
678554,hitting,2023,11,Durham Bulls,International League,5,0,0,0,1,0,0,0,0,5,0,0,0,0,2023-04-09
678554,hitting,2023,11,Durham Bulls,International League,4,0,0,0,1,0,1,0,0,4,0,0,0,0,2023-04-11
678554,hitting,2023,11,Durham Bulls,International League,3,2,0,0,1,0,0,0,0,5,0,0,0,0,2023-04-12
678554,hitting,2023,11,Durham Bulls,International League,4,0,0,0,1,0,0,0,0,4,0,0,0,0,2023-04-13
678554,hitting,2023,11,Durham Bulls,International League,4,0,0,1,1,0,2,0,0,4,1,0,0,0,2023-04-14
678554,hitting,2023,11,Durham Bulls,International League,4,0,0,0,1,0,0,0,0,4,0,0,0,0,2023-04-15
678554,hitting,2023,11,Durham Bulls,International League,0,1,0,0,1,0,0,0,1,1,0,0,0,0,2023-04-16
678554,hitting,2023,11,Durham Bulls,International League,5,1,0,1,1,0,1,0,0,6,1,0,0,0,2023-04-18
678554,hitting,2023,11,Durham Bulls,International League,4,0,0,0,1,0,2,0,0,4,0,0,0,0,2023-04-20
678554,hitting,2023,11,Durham Bulls,International League,4,0,0,0,1,0,2,1,0,4,1,0,0,0,2023-04-21
678554,hitting,2023,11,Durham Bulls,International League,5,0,0,0,1,0,2,1,0,5,1,0,0,0,2023-04-22
678554,hitting,2023,11,Durham Bulls,International League,4,1,0,0,1,0,0,0,0,5,0,0,0,0,2023-04-23
678554,hitting,2023,11,Durham Bulls,International League,4,0,0,0,1,0,1,0,0,5,0,1,0,0,2023-04-25
678554,hitting,2023,11,Durham Bulls,International League,5,0,0,0,1,0,0,0,0,5,0,0,0,0,2023-04-26
678554,hitting,2023,11,Durham Bulls,International League,3,0,0,0,1,0,1,0,0,4,0,1,0,0,2023-04-28
678554,hitting,2023,11,Durham Bulls,International League,2,0,0,0,1,0,0,0,0,2,0,0,0,0,2023-04-29
678554,hitting,2023,11,Durham Bulls,International League,5,1,0,1,1,0,3,0,0,6,2,0,0,1,2023-06-30
678554,hitting,2023,11,Durham Bulls,International League,4,1,0,1,1,0,2,0,0,5,2,0,0,0,2023-07-02
678554,hitting,2023,11,Durham Bulls,International League,5,0,0,0,1,0,2,1,0,5,1,0,0,0,2023-07-03
678554,hitting,2023,11,Durham Bulls,International League,4,1,0,0,1,0,1,0,0,5,0,0,0,0,2023-07-05
678554,hitting,2023,11,Durham Bulls,International League,3,1,0,1,1,0,2,0,0,4,0,0,1,0,2023-07-07
678554,hitting,2023,11,Durham Bulls,International League,4,1,0,0,1,0,0,0,0,5,0,0,0,0,2023-07-08
678554,hitting,2023,11,Durham Bulls,International League,4,1,0,0,1,0,1,0,0,5,0,0,0,0,2023-07-09
678554,hitting,2023,11,Durham Bulls,International League,5,0,0,2,1,0,5,0,0,5,1,0,0,0,2023-07-14
678554,hitting,2023,11,Durham Bulls,International League,3,0,0,1,1,0,2,0,0,4,0,1,0,0,2023-07-15
678554,hitting,2023,11,Durham Bulls,International League,5,0,0,0,1,0,1,0,0,5,1,0,0,0,2023-07-16
678554,hitting,2023,11,Durham Bulls,International League,5,0,0,1,1,0,2,0,0,5,1,0,0,0,2023-07-18
678554,hitting,2023,11,Durham Bulls,International League,3,2,1,0,1,0,3,0,0,5,2,0,0,1,2023-07-19
678554,hitting,2023,11,Durham Bulls,International League,4,0,0,1,1,0,1,0,0,4,0,0,0,0,2023-07-20
678554,hitting,2023,11,Durham Bulls,International League,4,0,0,0,1,0,0,0,0,4,0,0,0,0,2023-07-21
678554,hitting,2023,11,Durham Bulls,International League,4,1,0,1,1,0,3,0,0,5,1,0,0,0,2023-07-22
678554,hitting,2023,11,Durham Bulls,International League,3,0,0,0,1,0,0,0,0,3,0,0,0,0,2023-07-23
678554,hitting,2023,11,Durham Bulls,International League,5,0,0,0,1,0,0,0,0,5,0,0,0,0,2023-07-25
678554,hitting,2023,11,Durham Bulls,International League,3,2,0,0,1,0,0,0,0,5,1,0,0,0,2023-07-26
678554,hitting,2023,11,Durham Bulls,International League,4,1,0,0,1,0,0,0,0,5,1,0,0,0,2023-07-27
678554,hitting,2023,11,Durham Bulls,International League,2,3,0,0,1,0,1,0,0,5,1,0,0,0,2023-07-28
678554,hitting,2023,11,Durham Bulls,International League,3,1,0,0,1,0,2,0,0,4,0,0,0,0,2023-07-29
678554,hitting,2023,11,Durham Bulls,International League,4,1,0,0,1,0,1,0,0,5,1,0,1,0,2023-07-30
678554,hitting,2023,11,Durham Bulls,International League,4,0,0,0,1,0,0,0,0,4,0,0,0,0,2023-08-01
678554,hitting,2023,11,Durham Bulls,International League,3,1,1,1,1,1,1,0,0,5,0,0,0,0,2023-08-02
678554,hitting,2023,16,FCL Rays,Florida Complex League,2,1,0,0,1,0,0,0,0,3,0,0,0,0,2023-06-22
678554,hitting,2023,16,FCL Rays,Florida Complex League,3,0,0,0,1,0,0,0,0,3,0,0,0,0,2023-06-24
678554,hitting,2023,16,FCL Rays,Florida Complex League,3,0,0,1,1,0,1,0,0,4,0,1,0,0,2023-06-26
678554,hitting,2023,16,FCL Rays,Florida Complex League,4,0,0,0,1,0,1,0,0,4,0,0,0,0,2023-06-27
678662,hitting,2022,11,Albuquerque Isotopes,Pacific Coast League,4,0,0,0,1,0,1,0,0,4,0,0,0,0,2022-09-15
678662,hitting,2022,11,Albuquerque Isotopes,Pacific Coast League,5,0,0,0,1,0,2,1,0,5,2,0,0,0,2022-09-16
678662,hitting,2022,11,Albuquerque Isotopes,Pacific Coast League,5,0,0,0,1,0,2,0,0,5,0,0,0,0,2022-09-18
678662,hitting,2022,11,Albuquerque Isotopes,Pacific Coast League,3,2,0,0,1,0,0,0,0,5,1,0,0,0,2022-09-20
678662,hitting,2022,11,Albuquerque Isotopes,Pacific Coast League,4,0,0,0,1,0,2,0,0,4,0,0,0,0,2022-09-21
678662,hitting,2022,12,Hartford Yard Goats,Eastern League,4,1,0,1,1,0,1,0,0,5,1,0,0,0,2022-04-08
678662,hitting,2022,12,Hartford Yard Goats,Eastern League,4,1,0,0,1,0,2,1,0,5,2,0,0,0,2022-04-09
678662,hitting,2022,12,Hartford Yard Goats,Eastern League,4,1,0,2,1,0,2,0,0,5,1,0,1,0,2022-04-10
678662,hitting,2022,12,Hartford Yard Goats,Eastern League,3,2,0,1,1,0,1,0,0,5,1,0,0,0,2022-04-12
678662,hitting,2022,12,Hartford Yard Goats,Eastern League,5,0,0,0,1,0,2,0,0,5,2,0,0,0,2022-04-13
678662,hitting,2022,12,Hartford Yard Goats,Eastern League,2,0,0,0,1,1,0,0,0,3,1,0,1,0,2022-04-15
678662,hitting,2022,12,Hartford Yard Goats,Eastern League,3,0,0,0,1,0,0,0,0,3,0,0,0,0,2022-04-15
678662,hitting,2022,12,Hartford Yard Goats,Eastern League,4,0,0,0,1,0,0,0,0,4,0,0,0,0,2022-04-17
678662,hitting,2022,12,Hartford Yard Goats,Eastern League,4,0,0,0,1,0,1,0,0,4,0,0,0,0,2022-04-19
678662,hitting,2022,12,Hartford Yard Goats,Eastern League,5,0,0,0,1,0,0,0,0,5,0,0,0,0,2022-04-20
678662,hitting,2022,12,Hartford Yard Goats,Eastern League,4,0,0,0,1,0,2,0,0,4,0,0,0,0,2022-04-21
678662,hitting,2022,12,Hartford Yard Goats,Eastern League,4,1,0,1,1,0,3,2,0,5,3,0,1,0,2022-04-22
678662,hitting,2022,12,Hartford Yard Goats,Eastern League,4,0,0,0,1,0,0,0,0,4,0,0,0,0,2022-04-23
678662,hitting,2022,12,Hartford Yard Goats,Eastern League,3,1,0,0,1,0,1,0,0,4,0,0,0,0,2022-04-24
678662,hitting,2022,12,Hartford Yard Goats,Eastern League,4,1,0,0,1,0,2,1,0,5,1,0,3,0,2022-04-27
678662,hitting,2022,12,Hartford Yard Goats,Eastern League,2,1,0,0,1,0,0,0,0,3,0,0,0,0,2022-04-28
678662,hitting,2022,12,Hartford Yard Goats,Eastern League,4,0,0,0,1,0,2,0,0,4,0,0,0,0,2022-04-28
678662,hitting,2022,12,Hartford Yard Goats,Eastern League,5,0,0,0,1,0,2,0,0,5,1,0,1,0,2022-04-29
678662,hitting,2022,12,Hartford Yard Goats,Eastern League,4,0,0,0,1,1,3,1,0,5,2,0,0,1,2022-04-30
678662,hitting,2022,12,Hartford Yard Goats,Eastern League,4,1,0,0,1,0,2,0,0,5,2,0,0,1,2022-05-01
678662,hitting,2022,12,Hartford Yard Goats,Eastern League,4,1,0,0,1,0,1,0,0,5,0,0,0,0,2022-05-03
678662,hitting,2022,12,Hartford Yard Goats,Eastern League,5,0,0,1,1,0,2,0,0,5,0,0,0,0,2022-05-04
678662,hitting,2022,12,Hartford Yard Goats,Eastern League,4,0,0,0,1,1,1,0,0,5,0,0,1,0,2022-05-05
678662,hitting,2022,12,Hartford Yard Goats,Eastern League,4,0,0,0,1,0,0,0,0,4,0,0,0,0,2022-05-06
678662,hitting,2022,12,Hartford Yard Goats,Eastern League,5,0,0,0,1,0,3,0,0,5,0,0,2,0,2022-05-07
678662,hitting,2022,12,Hartford Yard Goats,Eastern League,2,2,0,0,1,0,1,0,0,4,1,0,1,0,2022-05-08
678662,hitting,2022,12,Hartford Yard Goats,Eastern League,5,0,0,0,1,0,2,1,0,5,2,0,0,0,2022-05-10
678662,hitting,2022,12,Hartford Yard Goats,Eastern League,4,0,0,0,1,0,0,0,0,4,0,0,0,0,2022-05-11
678662,hitting,2022,12,Hartford Yard Goats,Eastern League,3,1,0,0,1,0,0,0,0,4,0,0,0,0,2022-05-12
678662,hitting,2022,12,Hartford Yard Goats,Eastern League,5,0,0,0,1,0,0,0,0,5,0,0,0,0,2022-05-13
678662,hitting,2022,12,Hartford Yard Goats,Eastern League,5,0,0,0,1,0,0,0,0,5,0,0,0,0,2022-05-15
678662,hitting,2022,12,Hartford Yard Goats,Eastern League,5,0,0,1,1,0,2,0,0,5,0,0,0,0,2022-05-17
678662,hitting,2022,12,Hartford Yard Goats,Eastern League,4,0,0,1,1,0,1,0,0,4,0,0,0,0,2022-05-18
678662,hitting,2022,12,Hartford Yard Goats,Eastern League,5,0,0,1,1,0,3,0,0,5,1,0,1,0,2022-05-19
678662,hitting,2022,12,Hartford Yard Goats,Eastern League,3,1,0,0,1,0,2,2,0,4,2,0,0,0,2022-05-21
678662,hitting,2022,12,Hartford Yard Goats,Eastern League,5,0,0,0,1,0,1,0,0,5,1,0,0,0,2022-05-22
678662,hitting,2022,12,Hartford Yard Goats,Eastern League,4,0,0,0,1,1,2,1,0,5,1,0,2,0,2022-05-24
678662,hitting,2022,12,Hartford Yard Goats,Eastern League,5,0,0,1,1,0,1,0,0,5,0,0,0,0,2022-05-25
678662,hitting,2022,12,Hartford Yard Goats,Eastern League,3,2,0,0,1,0,2,0,0,5,1,0,1,1,2022-05-26
678662,hitting,2022,12,Hartford Yard Goats,Eastern League,5,0,1,0,1,0,2,0,0,5,0,0,0,0,2022-05-27
678662,hitting,2022,12,Hartford Yard Goats,Eastern League,4,1,0,0,1,0,2,0,0,5,0,0,1,0,2022-05-28
678662,hitting,2022,12,Hartford Yard Goats,Eastern League,3,2,0,0,1,0,1,1,0,5,3,0,0,0,2022-05-29
678662,hitting,2022,12,Hartford Yard Goats,Eastern League,4,0,0,0,1,0,1,0,0,4,0,0,0,0,2022-05-31
678662,hitting,2022,12,Hartford Yard Goats,Eastern League,3,0,0,0,1,0,0,0,0,3,0,0,0,0,2022-06-02
678662,hitting,2022,12,Hartford Yard Goats,Eastern League,3,0,0,0,1,0,1,0,0,3,0,0,0,0,2022-06-02
678662,hitting,2022,12,Hartford Yard Goats,Eastern League,4,1,0,0,1,0,2,1,0,5,1,0,0,0,2022-06-03
678662,hitting,2022,12,Hartford Yard Goats,Eastern League,4,0,0,0,1,0,0,0,0,4,1,0,0,0,2022-06-04
678662,hitting,2022,12,Hartford Yard Goats,Eastern League,4,0,0,0,1,0,2,1,0,4,2,0,0,0,2022-06-07
678662,hitting,2022,12,Hartford Yard Goats,Eastern League,3,1,0,0,1,0,0,0,0,4,1,0,0,0,2022-06-08
678662,hitting,2022,12,Hartford Yard Goats,Eastern League,5,0,0,1,1,0,2,0,0,5,0,0,0,0,2022-06-09
678662,hitting,2022,12,Hartford Yard Goats,Eastern League,4,0,0,0,1,0,1,0,0,5,0,1,0,0,2022-06-10
678662,hitting,2022,12,Hartford Yard Goats,Eastern League,4,1,0,0,1,0,1,0,0,5,0,0,0,0,2022-06-11
678662,hitting,2022,12,Hartford Yard Goats,Eastern League,4,0,1,0,1,1,0,0,0,5,0,0,0,0,2022-06-12
678662,hitting,2022,12,Hartford Yard Goats,Eastern League,4,0,0,0,1,0,1,1,0,4,1,0,0,0,2022-06-14
678662,hitting,2022,12,Hartford Yard Goats,Eastern League,4,0,0,1,1,0,2,0,0,4,1,0,0,0,2022-06-15
678662,hitting,2022,12,Hartford Yard Goats,Eastern League,4,0,0,0,1,0,1,0,0,4,0,0,0,0,2022-06-16
678662,hitting,2022,12,Hartford Yard Goats,Eastern League,4,0,0,0,1,0,1,0,0,4,0,0,0,0,2022-06-17
678662,hitting,2022,12,Hartford Yard Goats,Eastern League,3,1,0,0,1,0,1,0,0,4,2,0,0,0,2022-06-18
678662,hitting,2022,12,Hartford Yard Goats,Eastern League,1,0,0,0,1,0,1,0,0,1,0,0,0,0,2022-06-19
678662,hitting,2022,12,Hartford Yard Goats,Eastern League,3,1,0,0,1,0,2,0,0,4,1,0,0,0,2022-06-21
678662,hitting,2022,12,Hartford Yard Goats,Eastern League,6,0,0,0,1,0,3,0,0,6,0,0,0,0,2022-06-22
678662,hitting,2022,12,Hartford Yard Goats,Eastern League,5,0,0,1,1,0,4,0,0,5,0,0,1,0,2022-06-23
678662,hitting,2022,12,Hartford Yard Goats,Eastern League,5,0,1,1,1,0,1,0,0,5,0,0,0,0,2022-06-24
678662,hitting,2022,12,Hartford Yard Goats,Eastern League,5,0,0,1,1,0,1,0,0,5,0,0,0,0,2022-06-25
678662,hitting,2022,12,Hartford Yard Goats,Eastern League,5,0,0,0,1,0,0,0,0,5,0,0,0,0,2022-06-26
678662,hitting,2022,12,Hartford Yard Goats,Eastern League,5,0,0,0,1,0,1,0,0,5,0,0,0,0,2022-06-29
678882,hitting,2023,11,Worcester Red Sox,International League,4,0,0,0,1,0,0,0,0,4,0,0,0,0,2023-06-29
678882,hitting,2023,11,Worcester Red Sox,International League,4,0,0,0,1,0,1,1,0,4,1,0,0,0,2023-06-29
678882,hitting,2023,11,Worcester Red Sox,International League,4,0,1,0,1,1,1,0,0,5,2,0,0,0,2023-06-30
678882,hitting,2023,11,Worcester Red Sox,International League,4,0,0,0,1,0,1,0,0,4,0,0,0,0,2023-07-01
678882,hitting,2023,11,Worcester Red Sox,International League,4,0,1,0,1,0,1,0,0,4,0,0,0,0,2023-07-03
678882,hitting,2023,11,Worcester Red Sox,International League,5,0,0,0,1,0,1,0,0,5,0,0,1,0,2023-07-04
678882,hitting,2023,11,Worcester Red Sox,International League,5,0,0,0,1,0,1,1,0,5,1,0,0,0,2023-07-05
678882,hitting,2023,11,Worcester Red Sox,International League,3,1,0,0,1,0,0,0,0,4,0,0,0,0,2023-07-06
678882,hitting,2023,11,Worcester Red Sox,International League,5,0,0,0,1,0,3,2,0,5,2,0,0,0,2023-07-07
678882,hitting,2023,11,Worcester Red Sox,International League,5,0,0,2,1,0,2,0,0,5,1,0,0,0,2023-07-08
678882,hitting,2023,11,Worcester Red Sox,International League,3,0,0,1,1,1,1,0,0,4,2,0,0,0,2023-07-09
678882,hitting,2023,11,Worcester Red Sox,International League,4,0,0,0,1,1,1,0,0,5,1,0,0,0,2023-07-14
678882,hitting,2023,11,Worcester Red Sox,International League,5,0,0,0,1,0,1,0,0,5,0,0,0,0,2023-07-15
678882,hitting,2023,11,Worcester Red Sox,International League,4,0,1,0,1,1,2,0,0,5,0,0,0,0,2023-07-16
678882,hitting,2023,11,Worcester Red Sox,International League,4,0,0,0,1,0,1,1,0,4,1,0,0,0,2023-07-18
678882,hitting,2023,11,Worcester Red Sox,International League,5,0,0,1,1,0,3,0,0,5,0,0,0,0,2023-07-19
678882,hitting,2023,11,Worcester Red Sox,International League,4,1,0,1,1,0,3,0,0,5,1,0,0,2,2023-07-20
678882,hitting,2023,11,Worcester Red Sox,International League,5,0,0,0,1,0,1,1,0,5,1,0,0,0,2023-07-21
678882,hitting,2023,11,Worcester Red Sox,International League,5,0,0,1,1,0,1,0,0,5,1,0,0,0,2023-07-22
678882,hitting,2023,11,Worcester Red Sox,International League,4,0,0,0,1,0,2,0,0,4,2,0,0,0,2023-07-26
678882,hitting,2023,11,Worcester Red Sox,International League,3,0,0,1,1,0,1,0,0,3,0,0,0,0,2023-07-26
678882,hitting,2023,11,Worcester Red Sox,International League,4,0,0,0,1,0,1,0,0,4,1,0,1,0,2023-07-27
678882,hitting,2023,11,Worcester Red Sox,International League,4,0,0,0,1,0,0,0,0,4,0,0,0,0,2023-07-28
678882,hitting,2023,11,Worcester Red Sox,International League,4,0,0,1,1,0,3,0,0,4,0,0,0,0,2023-07-29
678882,hitting,2023,11,Worcester Red Sox,International League,3,1,0,0,1,0,1,0,0,4,0,0,0,0,2023-07-30
678882,hitting,2023,11,Worcester Red Sox,International League,4,0,0,0,1,0,2,1,0,4,1,0,0,0,2023-08-01
678882,hitting,2023,11,Worcester Red Sox,International League,1,4,0,0,1,0,1,1,0,5,2,0,1,0,2023-08-02
678882,hitting,2023,11,Worcester Red Sox,International League,5,0,0,0,1,0,1,1,0,5,1,0,0,0,2023-08-03
678882,hitting,2023,11,Worcester Red Sox,International League,4,0,0,0,1,0,1,1,0,5,1,1,0,0,2023-08-04
678882,hitting,2023,11,Worcester Red Sox,International League,5,0,0,0,1,0,1,1,0,5,1,0,0,0,2023-08-05
678882,hitting,2023,11,Worcester Red Sox,International League,5,0,0,1,1,0,3,0,0,5,0,0,0,0,2023-08-06
678882,hitting,2023,11,Worcester Red Sox,International League,6,0,0,1,1,0,1,0,0,6,1,0,0,0,2023-08-08
678882,hitting,2023,11,Worcester Red Sox,International League,4,0,0,0,1,0,1,0,0,4,1,0,1,0,2023-08-09
678882,hitting,2023,11,Worcester Red Sox,International League,4,0,0,0,1,0,0,0,0,4,0,0,0,0,2023-08-11
678882,hitting,2023,11,Worcester Red Sox,International League,3,0,1,0,1,0,2,1,0,3,1,0,0,0,2023-08-11
678882,hitting,2023,11,Worcester Red Sox,International League,3,1,1,0,1,0,2,0,0,4,2,0,0,0,2023-08-12
678882,hitting,2023,11,Worcester Red Sox,International League,5,0,0,0,1,0,1,0,0,5,0,0,0,1,2023-08-15
678882,hitting,2023,11,Worcester Red Sox,International League,4,1,0,1,1,0,1,0,0,5,0,0,0,0,2023-08-16
678882,hitting,2023,11,Worcester Red Sox,International League,3,1,0,0,1,0,1,1,0,4,1,0,0,0,2023-08-17
678882,hitting,2023,11,Worcester Red Sox,International League,4,0,0,0,1,0,0,0,0,4,0,0,0,0,2023-08-18
678882,hitting,2023,11,Worcester Red Sox,International League,5,0,0,0,1,0,2,0,0,5,2,0,0,0,2023-08-19
678882,hitting,2023,11,Worcester Red Sox,International League,3,1,0,0,1,0,1,0,0,4,1,0,0,0,2023-08-20
678882,hitting,2023,11,Worcester Red Sox,International League,4,0,0,0,1,1,2,0,0,5,3,0,1,0,2023-08-22
678882,hitting,2023,11,Worcester Red Sox,International League,3,0,0,0,1,2,0,0,0,5,1,0,0,0,2023-08-23
678882,hitting,2023,11,Worcester Red Sox,International League,5,0,0,0,1,0,0,0,0,5,0,0,0,0,2023-08-24
678882,hitting,2023,11,Worcester Red Sox,International League,5,0,0,0,1,0,2,0,0,5,1,0,1,0,2023-08-25
678882,hitting,2023,11,Worcester Red Sox,International League,5,0,0,2,1,0,3,0,0,5,1,0,0,0,2023-08-26
678882,hitting,2023,11,Worcester Red Sox,International League,5,1,0,0,1,0,1,1,0,6,2,0,0,0,2023-08-27
678882,hitting,2023,12,Portland Sea Dogs,Eastern League,5,0,0,0,1,0,1,0,0,5,0,0,1,0,2023-04-06
678882,hitting,2023,12,Portland Sea Dogs,Eastern League,4,0,0,0,1,0,0,0,0,4,0,0,0,0,2023-04-07
678882,hitting,2023,12,Portland Sea Dogs,Eastern League,5,0,1,0,1,0,2,0,0,5,1,0,1,0,2023-04-08
678882,hitting,2023,12,Portland Sea Dogs,Eastern League,3,2,0,1,1,0,1,0,0,5,3,0,1,0,2023-04-11
678882,hitting,2023,12,Portland Sea Dogs,Eastern League,3,1,0,0,1,0,0,0,0,4,0,0,0,0,2023-04-12
678882,hitting,2023,12,Portland Sea Dogs,Eastern League,4,0,0,0,1,0,1,0,0,4,0,0,0,0,2023-04-14
678882,hitting,2023,12,Portland Sea Dogs,Eastern League,5,0,0,0,1,0,3,0,0,5,1,0,1,0,2023-04-15
678882,hitting,2023,12,Portland Sea Dogs,Eastern League,4,0,0,0,1,0,0,0,0,4,0,0,0,0,2023-04-16
678882,hitting,2023,12,Portland Sea Dogs,Eastern League,4,0,0,0,1,0,0,0,0,4,0,0,0,0,2023-04-18
678882,hitting,2023,12,Portland Sea Dogs,Eastern League,4,0,1,0,1,0,2,0,0,4,0,0,0,0,2023-04-19
678882,hitting,2023,12,Portland Sea Dogs,Eastern League,4,0,0,0,1,0,1,0,0,4,1,0,1,0,2023-04-20
678882,hitting,2023,12,Portland Sea Dogs,Eastern League,4,0,0,1,1,0,2,0,0,4,1,0,0,0,2023-04-22
678882,hitting,2023,12,Portland Sea Dogs,Eastern League,4,0,0,1,1,0,1,0,0,4,1,0,0,0,2023-04-23
678882,hitting,2023,12,Portland Sea Dogs,Eastern League,4,0,0,0,1,0,1,1,0,4,1,0,0,0,2023-04-25
678882,hitting,2023,12,Portland Sea Dogs,Eastern League,5,0,1,0,1,0,3,0,0,5,1,0,0,0,2023-04-26
678882,hitting,2023,12,Portland Sea Dogs,Eastern League,4,1,0,1,1,0,2,0,0,5,1,0,1,0,2023-04-27
678882,hitting,2023,12,Portland Sea Dogs,Eastern League,5,0,0,1,1,0,2,0,0,5,3,0,1,0,2023-04-28
678882,hitting,2023,12,Portland Sea Dogs,Eastern League,5,0,0,0,1,0,1,0,0,5,0,0,1,0,2023-04-29
678882,hitting,2023,12,Portland Sea Dogs,Eastern League,4,0,0,0,1,0,0,0,0,4,0,0,0,0,2023-05-03
678882,hitting,2023,12,Portland Sea Dogs,Eastern League,4,0,0,0,1,0,0,0,0,4,0,0,0,0,2023-05-04
678882,hitting,2023,12,Portland Sea Dogs,Eastern League,4,0,0,1,1,0,2,0,0,4,1,0,0,0,2023-05-05
678882,hitting,2023,12,Portland Sea Dogs,Eastern League,3,0,0,0,1,0,0,0,0,3,0,0,0,0,2023-05-05
678882,hitting,2023,12,Portland Sea Dogs,Eastern League,5,0,0,0,1,0,0,0,0,5,0,0,0,0,2023-05-07
678882,hitting,2023,12,Portland Sea Dogs,Eastern League,5,0,0,1,1,0,1,0,0,5,0,0,0,0,2023-05-09
678882,hitting,2023,12,Portland Sea Dogs,Eastern League,5,0,0,0,1,0,0,0,0,5,0,0,2,0,2023-05-10
678882,hitting,2023,12,Portland Sea Dogs,Eastern League,4,0,0,0,1,0,0,0,0,4,0,0,0,0,2023-05-11
678882,hitting,2023,12,Portland Sea Dogs,Eastern League,3,2,0,0,1,0,2,0,0,5,2,0,6,0,2023-05-13
678882,hitting,2023,12,Portland Sea Dogs,Eastern League,4,0,0,0,1,0,2,0,0,4,1,0,3,0,2023-05-14
678882,hitting,2023,12,Portland Sea Dogs,Eastern League,4,1,0,0,1,1,2,0,0,6,4,0,1,0,2023-05-16
678882,hitting,2023,12,Portland Sea Dogs,Eastern League,4,1,1,1,1,0,2,0,0,5,0,0,0,0,2023-05-17
678882,hitting,2023,12,Portland Sea Dogs,Eastern League,5,0,0,0,1,0,0,0,0,5,0,0,0,0,2023-05-18
678882,hitting,2023,12,Portland Sea Dogs,Eastern League,4,0,1,0,1,0,1,0,0,4,0,0,0,0,2023-05-19
678882,hitting,2023,12,Portland Sea Dogs,Eastern League,3,0,0,0,1,0,1,0,0,3,1,0,0,0,2023-05-21
678882,hitting,2023,12,Portland Sea Dogs,Eastern League,4,0,0,0,1,0,1,0,0,4,0,0,0,0,2023-05-21
678882,hitting,2023,12,Portland Sea Dogs,Eastern League,4,1,0,0,1,0,0,0,0,5,0,0,0,0,2023-05-23
678882,hitting,2023,12,Portland Sea Dogs,Eastern League,3,0,0,0,1,0,1,1,0,3,1,0,0,0,2023-05-25
678882,hitting,2023,12,Portland Sea Dogs,Eastern League,5,1,0,1,1,0,2,1,1,6,1,0,0,0,2023-05-26
678882,hitting,2023,12,Portland Sea Dogs,Eastern League,4,0,0,0,1,0,1,0,0,4,1,0,0,0,2023-05-27
678882,hitting,2023,12,Portland Sea Dogs,Eastern League,4,0,0,0,1,0,1,0,0,4,0,0,0,0,2023-05-27
678882,hitting,2023,12,Portland Sea Dogs,Eastern League,3,0,1,1,1,0,1,0,0,4,0,1,0,0,2023-05-30
678882,hitting,2023,12,Portland Sea Dogs,Eastern League,4,1,0,0,1,0,1,0,0,5,1,0,0,0,2023-05-31
678882,hitting,2023,12,Portland Sea Dogs,Eastern League,4,0,0,1,1,0,1,0,0,5,0,1,0,0,2023-06-01
678882,hitting,2023,12,Portland Sea Dogs,Eastern League,4,0,0,0,1,0,3,1,0,5,3,1,1,0,2023-06-02
678882,hitting,2023,12,Portland Sea Dogs,Eastern League,5,0,0,0,1,0,1,0,0,5,0,0,1,0,2023-06-03
678882,hitting,2023,12,Portland Sea Dogs,Eastern League,5,0,0,1,1,0,2,0,0,5,1,0,0,0,2023-06-04
678882,hitting,2023,12,Portland Sea Dogs,Eastern League,4,0,0,0,1,0,3,0,0,4,1,0,3,0,2023-06-06
678882,hitting,2023,12,Portland Sea Dogs,Eastern League,5,0,0,1,1,0,1,0,0,5,1,0,0,0,2023-06-07
678882,hitting,2023,12,Portland Sea Dogs,Eastern League,4,0,0,0,1,1,1,1,0,5,2,0,0,0,2023-06-08
678882,hitting,2023,12,Portland Sea Dogs,Eastern League,3,1,1,0,1,0,2,0,0,5,1,1,2,0,2023-06-09
678882,hitting,2023,12,Portland Sea Dogs,Eastern League,1,0,0,0,1,0,0,0,0,1,0,0,0,0,2023-06-10
678882,hitting,2023,12,Portland Sea Dogs,Eastern League,4,0,0,0,1,0,1,0,0,4,0,0,0,0,2023-06-11
678882,hitting,2023,12,Portland Sea Dogs,Eastern League,4,1,0,1,1,0,1,0,0,5,2,0,0,0,2023-06-13
678882,hitting,2023,12,Portland Sea Dogs,Eastern League,4,0,0,1,1,0,2,0,0,4,0,0,0,0,2023-06-15
678882,hitting,2023,12,Portland Sea Dogs,Eastern League,3,0,0,0,1,0,0,0,0,3,0,0,0,0,2023-06-15
678882,hitting,2023,12,Portland Sea Dogs,Eastern League,4,1,0,1,1,0,3,0,0,5,1,0,2,0,2023-06-16
678882,hitting,2023,12,Portland Sea Dogs,Eastern League,6,0,0,1,1,0,2,0,0,6,0,0,0,0,2023-06-17
678882,hitting,2023,12,Portland Sea Dogs,Eastern League,4,0,1,0,1,0,2,0,0,4,0,0,1,0,2023-06-18
678882,hitting,2023,12,Portland Sea Dogs,Eastern League,5,0,0,1,1,0,1,0,0,5,0,0,0,0,2023-06-21
678882,hitting,2023,12,Portland Sea Dogs,Eastern League,5,0,0,0,1,0,1,0,0,5,0,0,0,0,2023-06-22
678882,hitting,2023,12,Portland Sea Dogs,Eastern League,3,0,0,0,1,0,1,1,0,4,1,0,0,0,2023-06-24
678894,hitting,2022,12,Altoona Curve,Eastern League,3,1,0,0,1,0,1,1,0,4,2,0,0,0,2022-04-08
678894,hitting,2022,12,Altoona Curve,Eastern League,4,0,0,1,1,0,2,0,0,4,1,0,0,0,2022-04-09
678894,hitting,2022,12,Altoona Curve,Eastern League,3,1,0,0,1,0,0,0,0,4,1,0,0,0,2022-04-12
678894,hitting,2022,12,Altoona Curve,Eastern League,5,0,0,0,1,0,1,0,0,5,1,0,1,0,2022-04-13
678894,hitting,2022,12,Altoona Curve,Eastern League,5,0,0,0,1,0,2,1,0,5,2,0,0,0,2022-04-15
678894,hitting,2022,12,Altoona Curve,Eastern League,5,0,0,0,1,0,0,0,0,5,0,0,0,0,2022-04-16
678894,hitting,2022,12,Altoona Curve,Eastern League,4,0,0,0,1,0,0,0,0,4,0,0,0,0,2022-04-17
678894,hitting,2022,12,Altoona Curve,Eastern League,5,0,0,2,1,0,2,0,0,5,0,0,1,0,2022-04-20
678894,hitting,2022,12,Altoona Curve,Eastern League,3,0,0,1,1,0,2,0,0,3,0,0,1,0,2022-04-21
678894,hitting,2022,12,Altoona Curve,Eastern League,4,0,0,1,1,0,3,0,0,4,2,0,1,0,2022-04-21
678894,hitting,2022,12,Altoona Curve,Eastern League,5,0,0,0,1,0,1,0,0,5,0,0,0,0,2022-04-23
678894,hitting,2022,12,Altoona Curve,Eastern League,4,0,0,1,1,0,2,0,0,4,1,0,0,0,2022-04-24
678894,hitting,2022,12,Altoona Curve,Eastern League,5,0,0,1,1,0,2,0,0,5,0,0,0,0,2022-04-26
678894,hitting,2022,12,Altoona Curve,Eastern League,4,0,0,0,1,0,1,0,0,4,0,0,0,0,2022-04-27
678894,hitting,2022,12,Altoona Curve,Eastern League,5,0,0,2,1,0,4,1,0,5,2,0,1,0,2022-04-28
678894,hitting,2022,12,Altoona Curve,Eastern League,4,0,0,0,1,0,0,0,0,4,0,0,0,0,2022-04-29
678894,hitting,2022,12,Altoona Curve,Eastern League,3,2,0,0,1,0,0,0,0,5,1,0,0,0,2022-04-30
678894,hitting,2022,12,Altoona Curve,Eastern League,3,1,0,0,1,0,2,0,0,4,1,0,0,0,2022-05-01
678894,hitting,2022,12,Altoona Curve,Eastern League,2,0,0,0,1,0,2,0,0,3,0,1,0,1,2022-05-03
678894,hitting,2022,12,Altoona Curve,Eastern League,5,0,0,0,1,0,1,0,0,5,0,0,0,0,2022-05-04
678894,hitting,2022,12,Altoona Curve,Eastern League,4,0,0,0,1,0,1,0,0,4,0,0,1,0,2022-05-05
678894,hitting,2022,12,Altoona Curve,Eastern League,4,0,0,0,1,0,1,0,0,4,0,0,1,0,2022-05-06
678894,hitting,2022,12,Altoona Curve,Eastern League,4,0,0,0,1,0,1,0,0,4,1,0,0,0,2022-05-08
678894,hitting,2022,12,Altoona Curve,Eastern League,3,1,1,0,1,0,1,0,0,4,0,0,0,0,2022-05-10
678894,hitting,2022,12,Altoona Curve,Eastern League,4,0,0,1,1,0,2,0,0,4,0,0,0,0,2022-05-11
678894,hitting,2022,12,Altoona Curve,Eastern League,4,0,0,0,1,0,1,0,0,4,1,0,0,0,2022-05-12
678894,hitting,2022,12,Altoona Curve,Eastern League,4,0,0,0,1,0,0,0,0,4,0,0,0,0,2022-05-13
678894,hitting,2022,12,Altoona Curve,Eastern League,5,0,0,0,1,0,2,0,0,5,0,0,0,1,2022-05-14
678894,hitting,2022,12,Altoona Curve,Eastern League,5,0,0,1,1,0,1,0,0,5,1,0,0,0,2022-05-15
678894,hitting,2022,12,Altoona Curve,Eastern League,5,0,0,0,1,0,0,0,0,5,0,0,0,0,2022-05-17
678894,hitting,2022,12,Altoona Curve,Eastern League,4,0,0,0,1,0,3,0,0,4,3,0,1,1,2022-05-18
678894,hitting,2022,12,Altoona Curve,Eastern League,4,0,0,1,1,0,1,0,0,4,0,0,0,0,2022-05-19
678894,hitting,2022,12,Altoona Curve,Eastern League,5,0,0,0,1,0,2,0,0,5,1,0,0,1,2022-05-20
678894,hitting,2022,12,Altoona Curve,Eastern League,4,0,0,0,1,0,1,0,0,4,0,0,1,0,2022-05-21
678894,hitting,2022,12,Altoona Curve,Eastern League,5,0,0,0,1,1,1,0,0,6,1,0,0,0,2022-05-22
678894,hitting,2022,12,Altoona Curve,Eastern League,3,1,0,2,1,0,2,0,0,5,1,0,0,0,2022-05-25
678894,hitting,2022,12,Altoona Curve,Eastern League,4,0,0,0,1,0,2,1,0,4,1,0,1,0,2022-05-26
678894,hitting,2022,12,Altoona Curve,Eastern League,5,0,0,0,1,0,1,0,0,5,0,0,1,0,2022-05-27
678894,hitting,2022,12,Altoona Curve,Eastern League,4,0,0,0,1,0,1,0,0,4,0,0,0,0,2022-05-28
678894,hitting,2022,12,Altoona Curve,Eastern League,4,0,0,0,1,0,1,0,0,4,0,0,0,0,2022-05-29
678894,hitting,2022,12,Altoona Curve,Eastern League,5,0,0,0,1,0,0,0,0,5,0,0,0,0,2022-05-31
678894,hitting,2022,12,Altoona Curve,Eastern League,4,0,0,0,1,0,2,0,0,4,0,0,0,0,2022-06-01
678894,hitting,2022,12,Altoona Curve,Eastern League,5,0,0,0,1,0,0,0,0,5,0,0,0,0,2022-06-02
678894,hitting,2022,12,Altoona Curve,Eastern League,4,0,1,0,1,0,0,0,0,4,0,0,0,0,2022-06-03
678894,hitting,2022,12,Altoona Curve,Eastern League,4,0,0,0,1,0,0,0,0,4,0,0,0,0,2022-06-04
678894,hitting,2022,12,Altoona Curve,Eastern League,4,0,0,1,1,0,1,0,0,4,1,0,0,0,2022-06-05
678894,hitting,2022,12,Altoona Curve,Eastern League,4,0,0,0,1,0,1,0,0,4,0,0,1,0,2022-06-08
678894,hitting,2022,12,Altoona Curve,Eastern League,4,0,0,1,1,0,1,0,0,4,0,0,0,0,2022-06-09
678894,hitting,2022,12,Altoona Curve,Eastern League,4,0,0,0,1,0,1,0,0,4,0,0,0,0,2022-06-10
678894,hitting,2022,12,Altoona Curve,Eastern League,5,0,1,1,1,0,3,1,0,5,2,0,1,0,2022-06-11
678894,hitting,2022,12,Altoona Curve,Eastern League,5,0,0,0,1,0,0,0,0,5,0,0,0,0,2022-06-12
678894,hitting,2022,12,Altoona Curve,Eastern League,5,0,0,0,1,0,1,0,0,5,1,0,0,0,2022-06-14
678894,hitting,2022,12,Altoona Curve,Eastern League,4,0,0,0,1,0,2,0,0,4,0,0,0,0,2022-06-15
678894,hitting,2022,12,Altoona Curve,Eastern League,4,0,0,0,1,0,1,0,0,4,0,0,1,0,2022-06-16
679822,hitting,2024,11,Round Rock Express,Pacific Coast League,5,0,0,0,1,0,1,0,0,5,0,0,0,0,2024-03-29
679822,hitting,2024,11,Round Rock Express,Pacific Coast League,5,0,0,0,1,0,2,0,0,5,0,0,0,0,2024-03-30
679822,hitting,2024,11,Round Rock Express,Pacific Coast League,3,2,0,0,1,0,0,0,0,5,1,0,0,0,2024-03-31
680574,hitting,2023,11,Louisville Bats,International League,2,2,0,0,1,0,0,0,0,4,0,0,1,0,2023-04-01
680574,hitting,2023,11,Louisville Bats,International League,4,0,0,0,1,0,1,1,0,4,1,0,0,0,2023-04-01
680574,hitting,2023,11,Louisville Bats,International League,4,1,1,0,1,0,2,0,0,5,1,0,0,0,2023-04-02
680574,hitting,2023,11,Louisville Bats,International League,3,0,0,2,1,1,2,0,0,4,2,0,0,0,2023-04-04
680574,hitting,2023,11,Louisville Bats,International League,3,1,0,0,1,0,1,1,0,4,1,0,0,0,2023-04-06
680574,hitting,2023,11,Louisville Bats,International League,3,0,0,0,1,0,0,0,0,3,0,0,0,0,2023-04-06
680574,hitting,2023,11,Louisville Bats,International League,5,0,0,0,1,0,0,0,0,5,0,0,0,0,2023-04-07
680574,hitting,2023,11,Louisville Bats,International League,4,0,0,0,1,0,0,0,0,4,0,0,0,0,2023-04-08
680574,hitting,2023,11,Louisville Bats,International League,2,2,0,0,1,0,0,0,0,4,0,0,1,0,2023-04-09
680574,hitting,2023,11,Louisville Bats,International League,4,0,0,0,1,0,0,0,0,4,0,0,0,0,2023-04-11
680574,hitting,2023,11,Louisville Bats,International League,4,0,0,0,1,0,1,0,0,4,0,0,0,0,2023-04-12
680574,hitting,2023,11,Louisville Bats,International League,5,0,0,0,1,0,3,1,0,5,1,0,2,0,2023-04-13
680574,hitting,2023,11,Louisville Bats,International League,4,1,0,2,1,0,2,0,0,5,0,0,0,0,2023-04-14
680574,hitting,2023,11,Louisville Bats,International League,4,0,1,0,1,0,2,1,0,4,1,0,0,0,2023-04-15
680574,hitting,2023,11,Louisville Bats,International League,2,2,1,0,1,0,0,0,0,4,1,0,1,0,2023-04-18
680574,hitting,2023,11,Louisville Bats,International League,3,1,0,0,1,1,0,0,0,5,2,0,1,0,2023-04-19
680574,hitting,2023,11,Louisville Bats,International League,2,2,1,0,1,0,2,1,0,4,2,0,0,0,2023-04-20
680574,hitting,2023,11,Louisville Bats,International League,3,0,0,0,1,0,0,0,0,3,0,0,0,0,2023-04-22
680574,hitting,2023,11,Louisville Bats,International League,4,0,0,0,1,0,2,0,0,4,0,0,0,0,2023-04-22
680574,hitting,2023,11,Louisville Bats,International League,2,3,0,0,1,0,1,0,0,5,1,0,0,0,2023-04-23
680574,hitting,2023,11,Louisville Bats,International League,4,1,0,1,1,0,3,1,0,5,2,0,0,0,2023-04-25
680574,hitting,2023,11,Louisville Bats,International League,4,1,0,0,1,0,2,0,0,5,1,0,0,0,2023-04-26
680574,hitting,2023,11,Louisville Bats,International League,4,2,0,1,1,0,2,0,0,6,4,0,0,0,2023-04-27
680574,hitting,2023,11,Louisville Bats,International League,5,0,0,0,1,0,2,1,0,5,1,0,1,0,2023-04-28
680574,hitting,2023,11,Louisville Bats,International League,5,0,0,0,1,0,0,0,0,5,0,0,0,0,2023-04-29
680574,hitting,2023,11,Louisville Bats,International League,3,1,0,0,1,0,0,0,0,4,0,0,0,0,2023-04-30
680574,hitting,2023,11,Louisville Bats,International League,4,1,0,0,1,0,2,0,0,5,1,0,1,0,2023-05-02
680574,hitting,2023,11,Louisville Bats,International League,4,0,0,0,1,1,0,0,0,5,0,0,0,0,2023-05-03
680574,hitting,2023,11,Louisville Bats,International League,5,0,0,1,1,0,4,1,0,5,3,0,0,1,2023-05-04
680574,hitting,2023,11,Louisville Bats,International League,3,0,0,1,1,0,1,0,0,4,0,1,0,0,2023-05-05
680574,hitting,2023,11,Louisville Bats,International League,5,0,0,2,1,0,3,1,0,5,1,0,0,0,2023-05-06
680574,hitting,2023,11,Louisville Bats,International League,4,1,0,0,1,0,1,0,0,5,0,0,0,0,2023-05-07
680574,hitting,2023,11,Louisville Bats,International League,4,1,0,0,1,0,2,1,0,5,1,0,1,0,2023-05-09
680574,hitting,2023,11,Louisville Bats,International League,4,0,0,0,1,0,1,1,0,4,1,0,0,0,2023-05-10
680574,hitting,2023,11,Louisville Bats,International League,4,1,0,1,1,0,3,1,0,5,1,0,0,0,2023-05-11
680574,hitting,2023,11,Louisville Bats,International League,4,1,0,0,1,0,1,0,0,5,0,0,1,0,2023-05-12
680574,hitting,2023,11,Louisville Bats,International League,3,2,1,1,1,1,1,0,0,6,1,0,0,0,2023-05-13
680574,hitting,2023,11,Louisville Bats,International League,2,2,0,0,1,1,1,0,1,5,0,0,0,0,2023-05-14
680776,hitting,2021,11,Worcester Red Sox,Triple-A East,4,0,0,0,1,0,0,0,0,4,0,0,0,0,2021-05-04
680776,hitting,2021,11,Worcester Red Sox,Triple-A East,3,1,1,0,1,0,0,0,0,4,0,0,0,0,2021-05-05
680776,hitting,2021,11,Worcester Red Sox,Triple-A East,4,0,0,0,1,0,0,0,0,4,0,0,0,0,2021-05-06
680776,hitting,2021,11,Worcester Red Sox,Triple-A East,4,0,0,0,1,0,3,0,0,4,0,0,0,0,2021-05-07
680776,hitting,2021,11,Worcester Red Sox,Triple-A East,5,1,0,0,1,0,3,1,0,6,3,0,0,0,2021-05-08
680776,hitting,2021,11,Worcester Red Sox,Triple-A East,3,1,0,0,1,0,0,0,0,4,1,0,0,0,2021-05-09
680776,hitting,2021,11,Worcester Red Sox,Triple-A East,5,0,0,0,1,0,2,2,0,5,2,0,0,0,2021-05-11
680776,hitting,2021,11,Worcester Red Sox,Triple-A East,4,1,0,1,1,0,1,0,0,5,0,0,0,0,2021-05-12
680776,hitting,2021,11,Worcester Red Sox,Triple-A East,3,1,1,0,1,0,2,1,0,4,2,0,1,0,2021-05-13
680776,hitting,2021,11,Worcester Red Sox,Triple-A East,4,1,0,0,1,0,0,0,0,5,0,0,1,0,2021-05-14
680776,hitting,2021,11,Worcester Red Sox,Triple-A East,4,1,0,1,1,0,1,0,0,5,1,0,1,0,2021-05-15
680776,hitting,2021,11,Worcester Red Sox,Triple-A East,3,1,0,1,1,0,1,0,0,4,0,0,0,0,2021-05-16
680776,hitting,2021,11,Worcester Red Sox,Triple-A East,4,1,0,0,1,0,1,1,0,5,1,0,0,0,2021-05-18
680776,hitting,2021,11,Worcester Red Sox,Triple-A East,4,0,0,0,1,0,0,0,0,4,0,0,0,0,2021-05-19
680776,hitting,2021,11,Worcester Red Sox,Triple-A East,4,0,0,0,1,0,1,0,0,4,1,0,1,0,2021-05-20
680776,hitting,2021,11,Worcester Red Sox,Triple-A East,4,1,0,0,1,0,0,0,0,5,0,0,0,0,2021-05-21
680776,hitting,2021,11,Worcester Red Sox,Triple-A East,5,0,0,1,1,0,5,2,0,5,3,0,0,0,2021-05-22
680776,hitting,2021,11,Worcester Red Sox,Triple-A East,5,0,0,0,1,0,0,0,0,5,0,0,0,0,2021-05-23
680776,hitting,2021,11,Worcester Red Sox,Triple-A East,5,1,0,1,1,0,1,0,0,6,2,0,1,0,2021-06-08
680776,hitting,2021,11,Worcester Red Sox,Triple-A East,3,1,0,0,1,2,0,0,0,6,2,0,0,0,2021-06-09
680776,hitting,2021,11,Worcester Red Sox,Triple-A East,5,0,0,0,1,0,1,1,0,5,1,0,0,0,2021-06-10
680776,hitting,2021,11,Worcester Red Sox,Triple-A East,5,0,0,0,1,0,0,0,0,5,0,0,1,0,2021-06-11
680776,hitting,2021,11,Worcester Red Sox,Triple-A East,6,0,0,0,1,0,2,1,0,6,1,0,0,0,2021-06-12
680776,hitting,2021,11,Worcester Red Sox,Triple-A East,4,2,0,0,1,0,2,1,0,6,2,0,0,0,2021-06-13
680776,hitting,2021,11,Worcester Red Sox,Triple-A East,6,0,0,1,1,0,2,0,0,6,0,0,0,0,2021-06-15
680776,hitting,2021,11,Worcester Red Sox,Triple-A East,5,0,0,0,1,0,0,0,0,5,0,0,0,0,2021-06-16
680776,hitting,2021,11,Worcester Red Sox,Triple-A East,4,0,0,1,1,0,2,0,0,4,1,0,0,0,2021-06-17
680776,hitting,2021,11,Worcester Red Sox,Triple-A East,4,0,0,0,1,0,3,1,0,4,1,0,0,0,2021-06-18
680776,hitting,2021,11,Worcester Red Sox,Triple-A East,3,1,0,0,1,1,2,0,0,5,1,0,0,0,2021-06-19
680776,hitting,2021,11,Worcester Red Sox,Triple-A East,4,1,0,0,1,0,1,1,0,5,1,0,0,0,2021-06-20
680776,hitting,2021,11,Worcester Red Sox,Triple-A East,4,0,0,0,1,0,1,0,0,5,1,1,1,0,2021-06-22
680776,hitting,2021,11,Worcester Red Sox,Triple-A East,4,1,1,0,1,0,2,1,0,5,1,0,0,0,2021-06-23
680776,hitting,2021,11,Worcester Red Sox,Triple-A East,5,0,0,0,1,0,2,0,0,5,2,0,1,0,2021-06-24
680776,hitting,2021,11,Worcester Red Sox,Triple-A East,4,1,0,0,1,0,1,0,0,5,0,0,0,0,2021-06-25
680776,hitting,2021,11,Worcester Red Sox,Triple-A East,5,0,0,0,1,0,0,0,0,5,1,0,0,0,2021-06-26
680776,hitting,2021,11,Worcester Red Sox,Triple-A East,4,1,0,0,1,0,0,0,0,5,0,0,0,0,2021-06-27
680776,hitting,2021,11,Worcester Red Sox,Triple-A East,4,1,0,0,1,0,2,2,0,5,2,0,0,0,2021-06-29
680776,hitting,2021,11,Worcester Red Sox,Triple-A East,3,1,0,0,1,1,1,0,0,5,2,0,2,0,2021-06-30
680776,hitting,2021,11,Worcester Red Sox,Triple-A East,3,0,0,0,1,0,0,0,0,3,0,0,0,0,2021-07-01
680776,hitting,2021,11,Worcester Red Sox,Triple-A East,3,1,0,0,1,0,1,0,0,4,0,0,0,0,2021-07-03
680776,hitting,2021,11,Worcester Red Sox,Triple-A East,4,0,0,0,1,0,2,0,0,4,1,0,0,1,2021-07-04
680776,hitting,2021,11,Worcester Red Sox,Triple-A East,5,0,0,0,1,0,2,0,0,5,0,0,0,0,2021-07-06
680776,hitting,2021,11,Worcester Red Sox,Triple-A East,5,0,0,0,1,0,0,0,0,5,0,0,0,0,2021-07-07
680776,hitting,2021,11,Worcester Red Sox,Triple-A East,4,1,0,0,1,0,0,0,0,5,0,0,0,0,2021-07-10
680776,hitting,2021,11,Worcester Red Sox,Triple-A East,2,1,0,1,1,1,1,0,0,4,1,0,2,0,2021-07-11
680776,hitting,2021,11,Worcester Red Sox,Triple-A East,4,0,0,0,1,0,0,0,0,4,0,0,0,0,2021-07-13
680779,hitting,2023,11,Indianapolis Indians,International League,2,1,0,0,1,0,0,0,0,4,0,0,0,0,2023-06-06
680779,hitting,2023,11,Indianapolis Indians,International League,3,1,0,0,1,0,1,0,0,4,0,0,0,1,2023-06-07
680779,hitting,2023,11,Indianapolis Indians,International League,5,0,0,0,1,0,2,0,0,5,0,0,1,0,2023-06-08
680779,hitting,2023,11,Indianapolis Indians,International League,5,0,0,0,1,0,1,0,0,5,0,0,0,0,2023-06-09
680779,hitting,2023,11,Indianapolis Indians,International League,2,3,0,0,1,0,0,0,0,5,1,0,0,0,2023-06-10
680779,hitting,2023,11,Indianapolis Indians,International League,5,0,0,0,1,0,1,1,0,5,1,0,0,0,2023-06-13
680779,hitting,2023,11,Indianapolis Indians,International League,3,0,0,1,1,1,2,0,0,4,1,0,0,0,2023-06-14
680779,hitting,2023,11,Indianapolis Indians,International League,3,2,0,1,1,0,2,0,0,5,1,0,1,0,2023-06-15
680779,hitting,2023,11,Indianapolis Indians,International League,4,0,0,0,1,0,0,0,0,4,0,0,0,0,2023-06-16
680779,hitting,2023,11,Indianapolis Indians,International League,3,1,1,1,1,0,1,0,0,4,0,0,0,0,2023-06-17
680779,hitting,2023,12,Altoona Curve,Eastern League,3,1,0,0,1,1,1,0,0,5,0,0,0,0,2023-04-06
680779,hitting,2023,12,Altoona Curve,Eastern League,4,1,0,0,1,0,0,0,0,5,0,0,0,0,2023-04-07
680779,hitting,2023,12,Altoona Curve,Eastern League,3,1,0,0,1,0,1,0,0,4,0,0,0,1,2023-04-08
680779,hitting,2023,12,Altoona Curve,Eastern League,3,2,0,0,1,0,0,0,0,5,1,0,0,0,2023-04-11
680779,hitting,2023,12,Altoona Curve,Eastern League,6,0,0,0,1,0,3,1,0,6,1,0,0,0,2023-04-12
680779,hitting,2023,12,Altoona Curve,Eastern League,5,0,0,0,1,0,0,0,0,5,0,0,1,0,2023-04-14
680779,hitting,2023,12,Altoona Curve,Eastern League,3,2,0,0,1,0,0,0,0,5,0,0,0,0,2023-04-15
680779,hitting,2023,12,Altoona Curve,Eastern League,4,0,0,0,1,0,2,1,0,4,1,0,0,0,2023-04-16
680779,hitting,2023,12,Altoona Curve,Eastern League,2,2,0,0,1,0,1,0,0,4,1,0,2,0,2023-04-18
680779,hitting,2023,12,Altoona Curve,Eastern League,3,1,0,0,1,0,0,0,0,4,0,0,0,0,2023-04-19
680779,hitting,2023,12,Altoona Curve,Eastern League,3,1,0,1,1,0,1,0,0,4,0,0,0,0,2023-04-20
680779,hitting,2023,12,Altoona Curve,Eastern League,3,1,0,0,1,0,0,0,0,4,1,0,1,0,2023-04-21
680779,hitting,2023,12,Altoona Curve,Eastern League,3,1,0,0,1,0,3,2,0,4,2,0,0,0,2023-04-23
680779,hitting,2023,12,Altoona Curve,Eastern League,4,0,0,0,1,1,1,1,0,5,1,0,0,0,2023-04-26
680779,hitting,2023,12,Altoona Curve,Eastern League,3,2,0,0,1,0,1,0,0,5,0,0,0,0,2023-04-27
680779,hitting,2023,12,Altoona Curve,Eastern League,3,0,0,0,1,1,1,1,0,4,1,0,0,0,2023-04-29
680779,hitting,2023,12,Altoona Curve,Eastern League,5,0,0,0,1,0,2,0,0,5,0,0,0,0,2023-05-02
680779,hitting,2023,12,Altoona Curve,Eastern League,5,0,1,0,1,0,1,0,0,5,0,0,0,0,2023-05-03
680779,hitting,2023,12,Altoona Curve,Eastern League,2,1,1,0,1,1,1,0,0,4,1,0,1,0,2023-05-04
680779,hitting,2023,12,Altoona Curve,Eastern League,5,0,0,2,1,0,2,0,0,5,2,0,0,0,2023-05-06
680779,hitting,2023,12,Altoona Curve,Eastern League,4,0,1,1,1,1,3,2,0,5,2,0,0,0,2023-05-09
680779,hitting,2023,12,Altoona Curve,Eastern League,4,0,0,0,1,0,0,0,0,4,0,0,0,0,2023-05-11
680779,hitting,2023,12,Altoona Curve,Eastern League,3,2,0,1,1,0,2,0,1,5,1,0,0,0,2023-05-12
680779,hitting,2023,12,Altoona Curve,Eastern League,4,1,0,0,1,0,1,0,0,5,0,0,0,0,2023-05-13
680779,hitting,2023,12,Altoona Curve,Eastern League,4,0,0,0,1,0,1,0,0,4,0,0,0,0,2023-05-14
680779,hitting,2023,12,Altoona Curve,Eastern League,3,1,0,0,1,0,1,1,0,4,1,0,0,0,2023-05-16
680779,hitting,2023,12,Altoona Curve,Eastern League,4,2,0,0,1,0,2,0,0,6,2,0,0,0,2023-05-17
680779,hitting,2023,12,Altoona Curve,Eastern League,4,0,0,0,1,0,1,0,0,4,0,0,0,0,2023-05-18
680779,hitting,2023,12,Altoona Curve,Eastern League,2,2,0,0,1,0,0,0,0,4,0,0,0,0,2023-05-19
680779,hitting,2023,12,Altoona Curve,Eastern League,2,1,0,0,1,0,1,1,0,3,1,0,0,0,2023-05-20
680779,hitting,2023,12,Altoona Curve,Eastern League,5,0,0,0,1,0,0,0,0,5,0,0,0,0,2023-05-21
680779,hitting,2023,12,Altoona Curve,Eastern League,4,1,0,0,1,0,1,0,0,5,0,0,1,0,2023-05-23
680779,hitting,2023,12,Altoona Curve,Eastern League,2,1,0,0,1,2,1,0,0,5,1,0,1,0,2023-05-24
680779,hitting,2023,12,Altoona Curve,Eastern League,5,0,0,0,1,0,2,0,0,5,2,0,0,0,2023-05-25
680779,hitting,2023,12,Altoona Curve,Eastern League,4,0,0,0,1,0,1,0,0,4,0,0,0,0,2023-05-27
680779,hitting,2023,12,Altoona Curve,Eastern League,3,1,0,1,1,0,1,0,0,4,0,0,0,0,2023-05-28
680779,hitting,2023,12,Altoona Curve,Eastern League,4,0,0,0,1,0,0,0,0,4,0,0,0,0,2023-05-30
680779,hitting,2023,12,Altoona Curve,Eastern League,3,2,0,0,1,0,0,0,0,5,1,0,0,0,2023-05-31
680779,hitting,2023,12,Altoona Curve,Eastern League,4,1,0,0,1,0,1,0,0,5,0,0,0,0,2023-06-01
680779,hitting,2023,12,Altoona Curve,Eastern League,3,1,0,0,1,0,0,0,0,4,1,0,0,0,2023-06-02
680779,hitting,2023,12,Altoona Curve,Eastern League,5,0,0,1,1,0,2,0,0,5,1,0,0,0,2023-06-03
681297,hitting,2023,11,Norfolk Tides,International League,4,1,0,0,1,0,1,0,0,5,2,0,1,0,2023-03-31
681297,hitting,2023,11,Norfolk Tides,International League,6,0,0,0,1,0,1,0,0,6,1,0,0,0,2023-04-01
681297,hitting,2023,11,Norfolk Tides,International League,4,1,0,0,1,0,0,0,0,5,0,0,0,0,2023-04-02
681297,hitting,2023,11,Norfolk Tides,International League,4,0,0,0,1,0,0,0,0,4,0,0,0,0,2023-04-04
681297,hitting,2023,11,Norfolk Tides,International League,2,2,0,0,1,0,0,0,0,4,0,0,0,0,2023-04-05
681297,hitting,2023,11,Norfolk Tides,International League,4,1,0,0,1,0,0,0,0,5,0,0,0,0,2023-04-06
681297,hitting,2023,11,Norfolk Tides,International League,6,0,0,0,1,0,1,0,0,6,1,0,0,0,2023-04-08
681297,hitting,2023,11,Norfolk Tides,International League,5,0,0,1,1,0,2,0,0,5,2,0,0,0,2023-04-11
681297,hitting,2023,11,Norfolk Tides,International League,4,1,0,0,1,0,2,0,0,5,2,0,0,1,2023-04-12
681297,hitting,2023,11,Norfolk Tides,International League,3,1,0,0,1,0,1,0,0,4,0,0,0,0,2023-04-13
681297,hitting,2023,11,Norfolk Tides,International League,4,1,0,0,1,0,2,0,0,5,1,0,0,0,2023-04-14
681297,hitting,2023,11,Norfolk Tides,International League,4,1,0,1,1,0,2,0,0,5,2,0,0,0,2023-04-15
681297,hitting,2023,11,Norfolk Tides,International League,3,2,0,0,1,0,1,0,0,5,2,0,1,0,2023-04-16
681297,hitting,2023,11,Norfolk Tides,International League,5,0,0,0,1,0,4,1,0,5,3,0,0,0,2023-04-18
681297,hitting,2023,11,Norfolk Tides,International League,4,0,0,0,1,0,1,0,0,4,0,0,0,0,2023-04-19
681297,hitting,2023,11,Norfolk Tides,International League,5,0,0,0,1,0,1,0,0,5,2,0,0,0,2023-04-20
681297,hitting,2023,11,Norfolk Tides,International League,3,1,0,0,1,0,0,0,0,4,0,0,0,0,2023-04-21
681297,hitting,2023,11,Norfolk Tides,International League,3,0,0,1,1,0,3,2,0,3,3,0,0,0,2023-04-22
681297,hitting,2023,11,Norfolk Tides,International League,3,2,0,0,1,1,0,0,0,6,2,0,0,0,2023-04-23
681297,hitting,2023,11,Norfolk Tides,International League,3,2,0,0,1,0,1,1,0,5,2,0,0,0,2023-04-25
681297,hitting,2023,11,Norfolk Tides,International League,3,1,0,0,1,0,1,0,0,4,0,0,0,0,2023-04-26
681297,hitting,2023,11,Norfolk Tides,International League,2,2,0,0,1,0,0,0,0,4,0,0,1,0,2023-04-28
681297,hitting,2023,11,Norfolk Tides,International League,2,1,0,0,1,1,1,0,0,4,1,0,1,0,2023-04-28
681297,hitting,2023,11,Norfolk Tides,International League,6,0,0,2,1,1,3,0,0,7,1,0,0,0,2023-04-29
681297,hitting,2023,11,Norfolk Tides,International League,3,1,1,0,1,0,0,0,0,4,0,0,0,0,2023-04-30
681297,hitting,2023,11,Norfolk Tides,International League,4,1,0,1,1,0,3,1,0,5,3,0,0,0,2023-05-02
681297,hitting,2023,11,Norfolk Tides,International League,3,1,0,0,1,0,2,0,0,5,2,1,0,0,2023-05-03
681297,hitting,2023,11,Norfolk Tides,International League,3,2,0,0,1,0,0,0,0,5,0,0,0,0,2023-05-05
681297,hitting,2023,11,Norfolk Tides,International League,4,0,0,0,1,0,0,0,0,4,0,0,0,0,2023-05-06
681297,hitting,2023,11,Norfolk Tides,International League,3,2,0,0,1,0,1,0,0,5,2,0,0,0,2023-05-07
681297,hitting,2023,11,Norfolk Tides,International League,3,2,0,1,1,0,2,0,0,6,2,1,0,0,2023-05-09
681297,hitting,2023,11,Norfolk Tides,International League,5,0,0,0,1,0,0,0,0,5,0,0,0,0,2023-05-10
681297,hitting,2023,11,Norfolk Tides,International League,3,1,0,0,1,0,3,2,1,4,2,0,0,0,2023-05-11
681297,hitting,2023,11,Norfolk Tides,International League,5,1,0,0,1,0,2,0,0,6,1,0,1,0,2023-05-12
681297,hitting,2023,11,Norfolk Tides,International League,4,2,0,1,1,0,3,0,0,6,4,0,0,0,2023-05-13
681297,hitting,2023,11,Norfolk Tides,International League,2,2,0,0,1,0,1,0,0,4,0,0,0,0,2023-05-14
681297,hitting,2023,11,Norfolk Tides,International League,5,0,0,0,1,0,1,0,0,5,0,0,0,0,2023-05-16
681297,hitting,2023,11,Norfolk Tides,International League,3,0,0,0,1,0,2,0,0,3,0,0,0,0,2023-06-03
681297,hitting,2023,11,Norfolk Tides,International League,2,2,0,1,1,0,2,1,0,4,2,0,0,0,2023-06-04
681297,hitting,2023,11,Norfolk Tides,International League,1,3,0,0,1,0,0,0,0,4,0,0,0,0,2023-06-08
681297,hitting,2023,11,Norfolk Tides,International League,4,1,0,0,1,0,0,0,0,5,0,0,0,0,2023-06-09
681297,hitting,2023,11,Norfolk Tides,International League,3,1,0,0,1,0,1,0,0,4,0,0,0,0,2023-06-10
681297,hitting,2023,11,Norfolk Tides,International League,4,0,0,0,1,0,0,0,0,4,0,0,0,0,2023-06-13
681297,hitting,2023,11,Norfolk Tides,International League,5,0,0,0,1,0,2,0,0,5,0,0,0,0,2023-06-14
681297,hitting,2023,11,Norfolk Tides,International League,4,0,0,0,1,0,2,0,0,4,0,0,0,0,2023-06-17
681297,hitting,2023,11,Norfolk Tides,International League,1,0,0,0,1,0,1,0,0,1,0,0,0,0,2023-06-17
681297,hitting,2023,11,Norfolk Tides,International League,4,0,0,0,1,0,2,0,0,5,0,1,1,0,2023-06-18
681297,hitting,2023,11,Norfolk Tides,International League,3,1,0,0,1,0,1,1,0,4,2,0,0,0,2023-06-21
681297,hitting,2023,11,Norfolk Tides,International League,3,0,0,0,1,0,0,0,0,3,0,0,0,0,2023-06-22
681297,hitting,2023,11,Norfolk Tides,International League,4,0,0,0,1,0,0,0,0,4,0,0,0,0,2023-06-23
681297,hitting,2023,11,Norfolk Tides,International League,6,0,0,0,1,0,1,0,0,6,1,0,0,0,2023-06-24
681297,hitting,2023,11,Norfolk Tides,International League,0,0,0,0,1,0,0,0,0,0,0,0,0,0,2023-06-25
681297,hitting,2023,11,Norfolk Tides,International League,3,2,0,1,1,0,2,0,0,5,1,0,0,0,2023-06-28
681297,hitting,2023,11,Norfolk Tides,International League,5,0,0,0,1,0,2,1,0,5,2,0,0,0,2023-06-29
681297,hitting,2023,11,Norfolk Tides,International League,4,2,0,0,1,0,1,0,1,6,1,0,1,0,2023-06-30
681297,hitting,2023,11,Norfolk Tides,International League,5,1,0,0,1,0,2,0,0,6,2,0,0,0,2023-07-02
681351,hitting,2022,12,Reading Fightin Phils,Eastern League,1,2,0,0,1,1,0,0,0,4,0,0,0,0,2022-04-08
681351,hitting,2022,12,Reading Fightin Phils,Eastern League,4,0,0,1,1,0,3,0,0,4,0,0,0,0,2022-04-09
681351,hitting,2022,12,Reading Fightin Phils,Eastern League,4,0,0,0,1,0,0,0,0,4,0,0,0,0,2022-04-10
681351,hitting,2022,12,Reading Fightin Phils,Eastern League,5,0,0,0,1,0,2,0,0,5,0,0,0,0,2022-04-12
681351,hitting,2022,12,Reading Fightin Phils,Eastern League,4,0,0,0,1,0,0,0,0,4,0,0,0,0,2022-04-13
681351,hitting,2022,12,Reading Fightin Phils,Eastern League,4,0,0,0,1,0,1,0,0,4,0,0,1,0,2022-04-14
681351,hitting,2022,12,Reading Fightin Phils,Eastern League,5,0,0,1,1,0,1,0,0,5,1,0,0,0,2022-04-15
681351,hitting,2022,12,Reading Fightin Phils,Eastern League,2,1,0,0,1,0,0,0,0,3,0,0,0,0,2022-04-16
681351,hitting,2022,12,Reading Fightin Phils,Eastern League,3,1,0,0,1,1,2,0,0,5,3,0,1,0,2022-04-19
681351,hitting,2022,12,Reading Fightin Phils,Eastern League,4,2,1,0,1,0,0,0,0,6,1,0,0,0,2022-04-20
681351,hitting,2022,12,Reading Fightin Phils,Eastern League,4,0,0,0,1,0,1,0,0,4,0,0,0,0,2022-04-22
681351,hitting,2022,12,Reading Fightin Phils,Eastern League,3,0,0,0,1,1,0,0,0,4,1,0,0,0,2022-04-23
681351,hitting,2022,12,Reading Fightin Phils,Eastern League,4,1,0,0,1,0,1,1,0,5,1,0,0,0,2022-04-24
681351,hitting,2022,12,Reading Fightin Phils,Eastern League,3,0,0,0,1,0,0,0,0,3,0,0,0,0,2022-04-27
681351,hitting,2022,12,Reading Fightin Phils,Eastern League,5,0,0,1,1,0,2,0,0,5,1,0,1,1,2022-04-28
681351,hitting,2022,12,Reading Fightin Phils,Eastern League,3,1,0,0,1,0,1,0,0,4,0,0,0,0,2022-04-29
681351,hitting,2022,12,Reading Fightin Phils,Eastern League,4,2,0,0,1,0,3,1,0,6,2,0,0,0,2022-04-30
681351,hitting,2022,12,Reading Fightin Phils,Eastern League,2,0,0,0,1,0,1,0,0,2,1,0,0,0,2022-05-03
681351,hitting,2022,12,Reading Fightin Phils,Eastern League,5,0,0,0,1,0,0,0,0,5,0,0,0,0,2022-05-06
681351,hitting,2022,12,Reading Fightin Phils,Eastern League,4,0,0,0,1,0,0,0,0,4,1,0,0,0,2022-05-07
681351,hitting,2022,12,Reading Fightin Phils,Eastern League,5,0,0,1,1,0,3,0,0,5,1,0,0,0,2022-05-08
681351,hitting,2022,12,Reading Fightin Phils,Eastern League,3,1,0,0,1,0,0,0,0,4,1,0,0,0,2022-05-10
681351,hitting,2022,12,Reading Fightin Phils,Eastern League,4,0,0,0,1,0,0,0,0,4,0,0,0,0,2022-05-11
681351,hitting,2022,12,Reading Fightin Phils,Eastern League,5,0,0,1,1,0,1,0,0,5,1,0,0,0,2022-05-12
681351,hitting,2022,12,Reading Fightin Phils,Eastern League,1,0,0,0,1,0,0,0,0,1,0,0,0,0,2022-05-13
681351,hitting,2022,12,Reading Fightin Phils,Eastern League,2,2,0,0,1,0,1,1,0,4,1,0,1,0,2022-05-15
681351,hitting,2022,12,Reading Fightin Phils,Eastern League,2,1,0,0,1,1,1,0,0,4,1,0,0,0,2022-05-15
681351,hitting,2022,12,Reading Fightin Phils,Eastern League,4,0,0,0,1,0,2,2,0,4,2,0,0,0,2022-05-17
681351,hitting,2022,12,Reading Fightin Phils,Eastern League,4,0,0,0,1,0,2,1,0,4,2,0,0,0,2022-05-18
681351,hitting,2022,12,Reading Fightin Phils,Eastern League,4,0,0,0,1,1,3,1,0,5,3,0,0,0,2022-05-19
681351,hitting,2022,12,Reading Fightin Phils,Eastern League,4,0,0,0,1,0,2,1,0,4,1,0,0,0,2022-05-20
681351,hitting,2022,12,Reading Fightin Phils,Eastern League,3,1,0,0,1,0,1,0,0,4,0,0,0,0,2022-05-21
681351,hitting,2022,12,Reading Fightin Phils,Eastern League,1,2,0,1,1,1,1,0,0,4,0,0,0,0,2022-05-22
681351,hitting,2022,12,Reading Fightin Phils,Eastern League,5,0,0,1,1,0,2,0,0,5,1,0,0,0,2022-05-24
681351,hitting,2022,12,Reading Fightin Phils,Eastern League,4,0,0,1,1,0,2,0,0,4,0,0,0,0,2022-05-25
681351,hitting,2022,12,Reading Fightin Phils,Eastern League,5,0,0,0,1,0,1,0,0,5,1,0,0,0,2022-05-26
681351,hitting,2022,12,Reading Fightin Phils,Eastern League,3,1,0,0,1,0,0,0,0,4,0,0,0,0,2022-05-27
681351,hitting,2022,12,Reading Fightin Phils,Eastern League,4,1,0,0,1,0,0,0,0,5,1,0,0,0,2022-05-28
681351,hitting,2022,12,Reading Fightin Phils,Eastern League,4,1,0,0,1,0,2,0,0,5,2,0,0,0,2022-05-29
681351,hitting,2022,12,Reading Fightin Phils,Eastern League,3,1,0,0,1,0,0,0,0,4,0,0,0,0,2022-05-31
681351,hitting,2022,12,Reading Fightin Phils,Eastern League,3,0,0,1,1,0,2,1,0,3,1,0,0,0,2022-06-02
681351,hitting,2022,12,Reading Fightin Phils,Eastern League,3,0,0,0,1,1,1,0,0,4,1,0,0,0,2022-06-03
681351,hitting,2022,12,Reading Fightin Phils,Eastern League,4,1,0,0,1,0,1,1,0,5,1,0,0,0,2022-06-04
681351,hitting,2022,12,Reading Fightin Phils,Eastern League,3,0,0,0,1,1,1,1,0,4,1,0,0,0,2022-06-05
681351,hitting,2022,12,Reading Fightin Phils,Eastern League,2,1,0,0,1,0,0,0,0,3,0,0,0,0,2022-06-08
681351,hitting,2022,12,Reading Fightin Phils,Eastern League,3,1,0,0,1,0,2,1,1,4,2,0,0,0,2022-06-08
681351,hitting,2022,12,Reading Fightin Phils,Eastern League,4,0,0,0,1,0,0,0,0,4,0,0,0,0,2022-06-09
681351,hitting,2022,12,Reading Fightin Phils,Eastern League,3,0,0,0,1,0,1,1,0,4,1,1,0,0,2022-06-10
681351,hitting,2022,12,Reading Fightin Phils,Eastern League,3,1,0,0,1,0,0,0,0,4,0,0,1,0,2022-06-11
681351,hitting,2022,12,Reading Fightin Phils,Eastern League,3,1,0,0,1,0,0,0,0,4,1,0,0,0,2022-06-12
681351,hitting,2022,12,Reading Fightin Phils,Eastern League,4,0,0,0,1,0,1,1,0,4,1,0,0,0,2022-06-14
681351,hitting,2022,12,Reading Fightin Phils,Eastern League,2,2,0,0,1,0,0,0,0,4,0,0,0,0,2022-06-15
681351,hitting,2022,12,Reading Fightin Phils,Eastern League,4,0,0,0,1,0,1,0,0,4,1,0,0,0,2022-06-16
681351,hitting,2022,12,Reading Fightin Phils,Eastern League,4,0,0,1,1,0,2,0,0,4,1,0,0,0,2022-06-17
681351,hitting,2022,12,Reading Fightin Phils,Eastern League,3,0,0,0,1,1,0,0,0,4,0,0,0,0,2022-06-18
681351,hitting,2022,12,Reading Fightin Phils,Eastern League,4,0,0,0,1,0,1,0,0,4,0,0,0,0,2022-06-19
681351,hitting,2022,12,Reading Fightin Phils,Eastern League,5,0,0,0,1,0,0,0,0,5,0,0,0,0,2022-06-21
681351,hitting,2022,12,Reading Fightin Phils,Eastern League,5,0,0,0,1,0,1,0,0,5,1,0,0,0,2022-06-22
681351,hitting,2022,12,Reading Fightin Phils,Eastern League,4,0,0,0,1,0,1,0,0,4,0,0,0,0,2022-06-24
681351,hitting,2022,12,Reading Fightin Phils,Eastern League,3,2,0,0,1,0,0,0,0,5,0,0,0,0,2022-07-06
681351,hitting,2022,12,Reading Fightin Phils,Eastern League,3,1,0,0,1,0,1,0,0,4,0,0,0,0,2022-07-07
681351,hitting,2022,12,Reading Fightin Phils,Eastern League,4,1,0,1,1,0,2,0,0,5,1,0,0,0,2022-07-09
681351,hitting,2022,12,Reading Fightin Phils,Eastern League,2,1,1,0,1,1,1,0,0,4,1,0,0,0,2022-07-10
681351,hitting,2022,12,Reading Fightin Phils,Eastern League,4,0,0,0,1,0,1,0,0,4,0,0,0,0,2022-07-12
681351,hitting,2022,12,Reading Fightin Phils,Eastern League,3,1,0,0,1,0,2,0,0,4,2,0,1,0,2022-07-13
681351,hitting,2022,12,Reading Fightin Phils,Eastern League,2,2,0,0,1,0,1,0,0,4,0,0,0,0,2022-07-14
681351,hitting,2022,12,Reading Fightin Phils,Eastern League,4,0,0,0,1,0,0,0,0,5,0,1,0,0,2022-07-22
681351,hitting,2022,12,Reading Fightin Phils,Eastern League,3,0,0,0,1,1,1,1,0,4,1,0,0,0,2022-07-23
681351,hitting,2022,12,Reading Fightin Phils,Eastern League,4,0,0,0,1,0,0,0,0,4,0,0,0,0,2022-07-24
681351,hitting,2022,12,Reading Fightin Phils,Eastern League,4,1,0,0,1,0,0,0,0,5,0,0,0,0,2022-07-26
681351,hitting,2022,12,Reading Fightin Phils,Eastern League,4,0,0,0,1,0,1,0,0,4,0,0,0,0,2022-07-27
681351,hitting,2022,12,Reading Fightin Phils,Eastern League,4,0,0,0,1,0,2,0,0,4,0,0,0,0,2022-07-28
681351,hitting,2022,12,Reading Fightin Phils,Eastern League,4,0,0,0,1,0,0,0,0,4,0,0,0,0,2022-07-29
681351,hitting,2022,12,Reading Fightin Phils,Eastern League,3,2,0,0,1,0,1,0,0,5,0,0,0,0,2022-07-31
681351,hitting,2022,12,Reading Fightin Phils,Eastern League,2,2,0,0,1,0,2,0,0,4,1,0,0,0,2022-08-02
681351,hitting,2022,12,Rocket City Trash Pandas,Southern League,2,2,0,0,1,1,0,0,0,5,1,0,0,0,2022-08-04
681351,hitting,2022,12,Rocket City Trash Pandas,Southern League,4,0,0,0,1,0,1,1,0,4,1,0,0,0,2022-08-05
681351,hitting,2022,12,Rocket City Trash Pandas,Southern League,3,1,0,0,1,0,0,0,0,4,0,0,0,0,2022-08-07
681351,hitting,2022,12,Rocket City Trash Pandas,Southern League,5,0,0,0,1,0,2,2,0,5,2,0,0,0,2022-08-09
681351,hitting,2022,12,Rocket City Trash Pandas,Southern League,3,1,0,0,1,0,1,1,0,4,1,0,0,0,2022-08-11
681351,hitting,2022,12,Rocket City Trash Pandas,Southern League,5,1,0,0,1,0,1,0,0,6,1,0,0,0,2022-08-12
681351,hitting,2022,12,Rocket City Trash Pandas,Southern League,4,1,1,0,1,0,2,1,0,5,1,0,0,0,2022-08-14
681351,hitting,2022,12,Rocket City Trash Pandas,Southern League,3,1,0,0,1,0,0,0,0,4,0,0,0,0,2022-08-17
681351,hitting,2022,12,Rocket City Trash Pandas,Southern League,3,1,0,0,1,0,2,0,0,4,2,0,0,0,2022-08-18
681351,hitting,2022,12,Rocket City Trash Pandas,Southern League,4,1,0,0,1,0,2,0,0,5,1,0,0,0,2022-08-19
681351,hitting,2022,12,Rocket City Trash Pandas,Southern League,4,0,0,0,1,0,1,1,0,4,1,0,0,0,2022-08-21
681351,hitting,2022,12,Rocket City Trash Pandas,Southern League,5,1,0,1,1,0,1,0,0,6,2,0,0,0,2022-08-23
681351,hitting,2022,12,Rocket City Trash Pandas,Southern League,3,1,0,0,1,0,1,0,0,4,0,0,0,0,2022-08-25
681351,hitting,2022,12,Rocket City Trash Pandas,Southern League,1,2,0,0,1,0,0,0,0,4,0,1,0,0,2022-08-26
681351,hitting,2022,12,Rocket City Trash Pandas,Southern League,4,1,0,0,1,0,0,0,0,5,0,0,1,0,2022-08-27
681351,hitting,2022,12,Rocket City Trash Pandas,Southern League,2,1,0,0,1,2,1,1,0,5,2,0,0,0,2022-08-28
681351,hitting,2022,12,Rocket City Trash Pandas,Southern League,3,2,0,0,1,0,0,0,1,5,0,0,0,0,2022-08-30
681351,hitting,2022,12,Rocket City Trash Pandas,Southern League,4,1,1,0,1,0,2,1,0,5,2,0,0,0,2022-09-01
681351,hitting,2022,12,Rocket City Trash Pandas,Southern League,1,3,0,0,1,0,0,0,0,4,0,0,0,0,2022-09-02
681351,hitting,2022,12,Rocket City Trash Pandas,Southern League,3,2,0,0,1,0,1,0,0,5,1,0,0,0,2022-09-04
681351,hitting,2022,12,Rocket City Trash Pandas,Southern League,5,0,0,0,1,0,2,1,0,5,1,0,0,0,2022-09-06
681351,hitting,2022,12,Rocket City Trash Pandas,Southern League,3,0,0,1,1,0,2,0,0,3,1,0,0,0,2022-09-08
681351,hitting,2022,12,Rocket City Trash Pandas,Southern League,3,2,0,0,1,0,1,0,0,5,1,0,0,0,2022-09-09
681351,hitting,2022,12,Rocket City Trash Pandas,Southern League,4,0,0,0,1,0,2,1,0,4,1,0,0,0,2022-09-10
681351,hitting,2022,12,Rocket City Trash Pandas,Southern League,3,2,0,0,1,0,0,0,0,5,0,0,0,0,2022-09-13
681351,hitting,2022,12,Rocket City Trash Pandas,Southern League,4,1,0,1,1,0,1,0,0,5,0,0,0,0,2022-09-14
681351,hitting,2022,12,Rocket City Trash Pandas,Southern League,4,0,0,0,1,0,3,1,0,4,2,0,0,0,2022-09-15
681351,hitting,2022,12,Rocket City Trash Pandas,Southern League,4,0,0,0,1,0,1,0,0,4,0,0,0,0,2022-09-16
681351,hitting,2022,12,Rocket City Trash Pandas,Southern League,2,1,0,0,1,0,0,0,0,3,0,0,0,0,2022-09-18
681624,hitting,2024,11,Oklahoma City Baseball Club,Pacific Coast League,3,0,0,0,1,2,0,0,0,5,0,0,0,0,2024-03-29
681624,hitting,2024,11,Oklahoma City Baseball Club,Pacific Coast League,4,1,0,0,1,0,1,0,0,5,1,0,0,0,2024-03-30
681624,hitting,2024,11,Oklahoma City Baseball Club,Pacific Coast League,4,1,0,0,1,0,1,0,0,5,0,0,0,1,2024-03-31
681624,hitting,2024,11,Oklahoma City Baseball Club,Pacific Coast League,3,2,0,0,1,0,0,0,0,5,1,0,1,0,2024-04-02
681624,hitting,2024,11,Oklahoma City Baseball Club,Pacific Coast League,4,0,0,1,1,0,2,0,0,4,2,0,0,0,2024-04-03
681624,hitting,2024,11,Oklahoma City Baseball Club,Pacific Coast League,5,0,0,0,1,0,1,0,0,5,1,0,1,0,2024-04-04
681624,hitting,2024,11,Oklahoma City Baseball Club,Pacific Coast League,4,0,0,0,1,0,0,0,0,4,1,0,0,0,2024-04-05
681624,hitting,2024,11,Oklahoma City Baseball Club,Pacific Coast League,5,0,0,0,1,0,2,0,0,5,1,0,0,0,2024-04-06
681624,hitting,2024,11,Oklahoma City Baseball Club,Pacific Coast League,5,0,0,0,1,0,3,1,0,5,2,0,0,0,2024-04-07
681624,hitting,2024,11,Oklahoma City Baseball Club,Pacific Coast League,4,0,0,1,1,0,2,1,0,4,1,0,0,0,2024-04-10
681624,hitting,2024,11,Oklahoma City Baseball Club,Pacific Coast League,3,1,1,0,1,0,1,0,0,4,0,0,0,0,2024-04-10
681624,hitting,2024,11,Oklahoma City Baseball Club,Pacific Coast League,5,0,0,0,1,0,2,0,0,5,0,0,0,0,2024-04-11
681624,hitting,2024,11,Oklahoma City Baseball Club,Pacific Coast League,4,1,0,0,1,0,2,1,0,5,2,0,0,0,2024-04-12
681624,hitting,2024,11,Oklahoma City Baseball Club,Pacific Coast League,4,1,0,1,1,0,3,0,0,6,1,1,0,0,2024-04-13
681624,hitting,2024,11,Oklahoma City Baseball Club,Pacific Coast League,5,1,0,0,1,0,3,2,0,6,3,0,0,0,2024-04-14
682617,hitting,2023,11,Sacramento River Cats,Pacific Coast League,4,0,0,0,1,0,1,0,0,4,1,0,0,0,2023-07-19
682617,hitting,2023,11,Sacramento River Cats,Pacific Coast League,5,0,0,0,1,0,1,0,0,5,0,0,0,0,2023-07-20
682617,hitting,2023,11,Sacramento River Cats,Pacific Coast League,5,0,0,2,1,0,2,0,0,5,0,0,0,0,2023-07-21
682617,hitting,2023,11,Sacramento River Cats,Pacific Coast League,2,2,0,0,1,0,1,0,0,4,1,0,0,0,2023-07-22
682617,hitting,2023,11,Sacramento River Cats,Pacific Coast League,4,0,0,0,1,0,1,1,0,4,1,0,0,0,2023-07-23
682617,hitting,2023,11,Sacramento River Cats,Pacific Coast League,4,1,0,0,1,0,1,1,0,5,2,0,0,0,2023-07-25
682617,hitting,2023,12,Richmond Flying Squirrels,Eastern League,4,1,0,0,1,0,0,0,0,5,0,0,0,0,2023-05-03
682617,hitting,2023,12,Richmond Flying Squirrels,Eastern League,3,1,0,0,1,0,1,1,0,4,1,0,0,0,2023-05-04
682617,hitting,2023,12,Richmond Flying Squirrels,Eastern League,3,1,0,0,1,0,1,0,0,4,1,0,0,0,2023-05-05
682617,hitting,2023,12,Richmond Flying Squirrels,Eastern League,3,1,0,0,1,0,0,0,0,4,1,0,0,0,2023-05-06
682617,hitting,2023,12,Richmond Flying Squirrels,Eastern League,4,0,0,1,1,0,1,0,0,4,0,0,0,0,2023-05-09
682617,hitting,2023,12,Richmond Flying Squirrels,Eastern League,1,0,0,0,1,0,0,0,0,1,0,0,0,0,2023-05-10
682617,hitting,2023,12,Richmond Flying Squirrels,Eastern League,4,1,0,0,1,0,0,0,0,5,1,0,0,0,2023-05-11
682617,hitting,2023,12,Richmond Flying Squirrels,Eastern League,4,0,0,0,1,0,0,0,0,4,0,0,0,0,2023-05-12
682617,hitting,2023,12,Richmond Flying Squirrels,Eastern League,4,0,0,0,1,0,0,0,0,4,0,0,0,0,2023-05-13
682617,hitting,2023,12,Richmond Flying Squirrels,Eastern League,5,0,0,0,1,0,1,1,0,5,1,0,0,0,2023-05-14
682617,hitting,2023,12,Richmond Flying Squirrels,Eastern League,2,0,0,0,1,0,0,0,0,2,0,0,0,0,2023-05-16
682617,hitting,2023,12,Richmond Flying Squirrels,Eastern League,5,0,0,1,1,0,2,1,0,5,2,0,0,0,2023-05-17
682617,hitting,2023,12,Richmond Flying Squirrels,Eastern League,3,1,0,1,1,0,1,0,0,4,0,0,0,0,2023-05-18
682617,hitting,2023,12,Richmond Flying Squirrels,Eastern League,2,2,0,0,1,0,0,0,0,4,0,0,0,0,2023-05-20
682617,hitting,2023,12,Richmond Flying Squirrels,Eastern League,4,0,0,0,1,0,2,1,0,4,2,0,1,0,2023-05-21
682617,hitting,2023,12,Richmond Flying Squirrels,Eastern League,2,3,0,0,1,0,0,0,0,5,0,0,1,0,2023-05-23
682617,hitting,2023,12,Richmond Flying Squirrels,Eastern League,5,0,0,0,1,0,0,0,0,5,0,0,0,0,2023-05-24
682617,hitting,2023,12,Richmond Flying Squirrels,Eastern League,4,0,0,1,1,0,1,0,0,4,0,0,0,0,2023-05-25
682617,hitting,2023,12,Richmond Flying Squirrels,Eastern League,4,0,0,0,1,0,1,0,0,4,0,0,0,0,2023-05-26
682617,hitting,2023,12,Richmond Flying Squirrels,Eastern League,4,0,0,0,1,0,0,0,0,5,0,1,0,0,2023-05-27
682617,hitting,2023,12,Richmond Flying Squirrels,Eastern League,4,1,0,1,1,0,2,0,0,6,0,1,0,0,2023-05-28
682617,hitting,2023,12,Richmond Flying Squirrels,Eastern League,3,1,0,0,1,0,0,0,0,4,0,0,0,0,2023-05-30
682617,hitting,2023,12,Richmond Flying Squirrels,Eastern League,4,0,0,0,1,0,2,1,0,4,1,0,0,0,2023-05-31
682617,hitting,2023,12,Richmond Flying Squirrels,Eastern League,4,1,0,0,1,0,0,0,0,5,0,0,0,0,2023-06-01
682617,hitting,2023,12,Richmond Flying Squirrels,Eastern League,3,1,0,0,1,0,0,0,0,5,1,1,0,0,2023-06-02
682617,hitting,2023,12,Richmond Flying Squirrels,Eastern League,4,0,0,0,1,0,0,0,0,4,0,0,0,0,2023-06-03
682617,hitting,2023,12,Richmond Flying Squirrels,Eastern League,3,1,0,0,1,0,0,0,0,4,0,0,0,0,2023-06-04
682617,hitting,2023,12,Richmond Flying Squirrels,Eastern League,5,0,0,1,1,0,1,0,0,5,1,0,0,0,2023-06-06
682617,hitting,2023,12,Richmond Flying Squirrels,Eastern League,5,0,0,0,1,0,1,0,0,5,0,0,0,0,2023-06-07
682617,hitting,2023,12,Richmond Flying Squirrels,Eastern League,3,2,0,0,1,0,0,0,0,5,0,0,1,0,2023-06-09
682617,hitting,2023,12,Richmond Flying Squirrels,Eastern League,3,2,0,0,1,0,3,2,0,5,2,0,0,0,2023-06-10
682617,hitting,2023,12,Richmond Flying Squirrels,Eastern League,4,1,0,0,1,0,2,1,0,5,1,0,1,0,2023-06-11
682617,hitting,2023,12,Richmond Flying Squirrels,Eastern League,4,1,0,0,1,0,1,0,0,5,0,0,0,0,2023-06-13
682617,hitting,2023,12,Richmond Flying Squirrels,Eastern League,3,1,0,1,1,0,2,1,0,4,2,0,0,0,2023-06-14
682617,hitting,2023,12,Richmond Flying Squirrels,Eastern League,3,0,0,0,1,0,2,0,0,3,0,0,0,0,2023-06-14
682617,hitting,2023,12,Richmond Flying Squirrels,Eastern League,4,0,0,0,1,0,0,0,0,4,0,0,0,0,2023-06-15
682617,hitting,2023,12,Richmond Flying Squirrels,Eastern League,5,0,0,0,1,0,0,0,0,5,0,0,0,0,2023-06-17
682617,hitting,2023,12,Richmond Flying Squirrels,Eastern League,4,2,0,0,1,0,0,0,0,6,2,0,0,0,2023-06-18
682617,hitting,2023,12,Richmond Flying Squirrels,Eastern League,5,0,0,0,1,0,1,0,0,5,1,0,1,0,2023-06-20
682617,hitting,2023,12,Richmond Flying Squirrels,Eastern League,2,2,0,0,1,0,0,0,0,4,1,0,0,0,2023-06-22
682617,hitting,2023,12,Richmond Flying Squirrels,Eastern League,3,1,0,1,1,0,1,0,0,4,0,0,0,0,2023-06-23
682617,hitting,2023,12,Richmond Flying Squirrels,Eastern League,4,1,0,1,1,0,4,0,0,5,3,0,0,0,2023-06-24
682617,hitting,2023,12,Richmond Flying Squirrels,Eastern League,4,0,0,0,1,0,1,1,0,4,1,0,0,0,2023-06-25
682617,hitting,2023,12,Richmond Flying Squirrels,Eastern League,4,0,0,0,1,0,0,0,0,4,0,0,0,0,2023-06-28
682617,hitting,2023,12,Richmond Flying Squirrels,Eastern League,4,2,0,1,1,0,2,0,0,6,3,0,0,0,2023-06-29
682617,hitting,2023,12,Richmond Flying Squirrels,Eastern League,4,0,0,1,1,0,1,0,0,4,0,0,0,0,2023-06-30
682617,hitting,2023,12,Richmond Flying Squirrels,Eastern League,4,0,0,0,1,0,0,0,0,4,0,0,0,0,2023-07-02
682617,hitting,2023,12,Richmond Flying Squirrels,Eastern League,3,2,0,0,1,0,2,0,0,5,1,0,0,0,2023-07-03
682617,hitting,2023,12,Richmond Flying Squirrels,Eastern League,3,0,0,0,1,0,1,1,0,4,1,1,0,0,2023-07-04
682617,hitting,2023,12,Richmond Flying Squirrels,Eastern League,4,0,0,0,1,0,1,0,0,4,1,0,0,0,2023-07-05
682617,hitting,2023,12,Richmond Flying Squirrels,Eastern League,2,2,0,1,1,0,1,0,0,4,1,0,1,0,2023-07-06
682617,hitting,2023,12,Richmond Flying Squirrels,Eastern League,4,0,0,0,1,0,0,0,0,4,0,0,0,0,2023-07-08
682617,hitting,2023,12,Richmond Flying Squirrels,Eastern League,2,0,0,0,1,0,1,0,0,2,0,0,0,0,2023-07-09
682617,hitting,2023,12,Richmond Flying Squirrels,Eastern League,4,1,0,0,1,0,2,0,0,5,0,0,0,0,2023-07-14
682617,hitting,2023,12,Richmond Flying Squirrels,Eastern League,4,0,0,0,1,0,0,0,0,4,0,0,0,0,2023-07-15
682617,hitting,2023,12,Richmond Flying Squirrels,Eastern League,4,0,0,0,1,0,1,0,0,4,0,0,0,0,2023-07-16
682619,hitting,2024,11,Buffalo Bisons,International League,5,0,0,0,1,0,1,0,0,5,1,0,0,0,2024-03-29
682619,hitting,2024,11,Buffalo Bisons,International League,2,1,0,1,1,0,1,0,0,3,0,0,0,0,2024-03-30
682619,hitting,2024,11,Buffalo Bisons,International League,4,0,0,0,1,0,0,0,0,4,1,0,0,0,2024-03-31
682619,hitting,2024,11,Buffalo Bisons,International League,4,0,0,0,1,0,1,0,0,4,0,0,0,0,2024-04-02
682619,hitting,2024,11,Buffalo Bisons,International League,3,1,0,0,1,0,1,0,0,4,1,0,0,0,2024-04-05
682619,hitting,2024,11,Buffalo Bisons,International League,4,0,0,1,1,0,1,0,0,4,1,0,0,0,2024-04-05
682619,hitting,2024,11,Buffalo Bisons,International League,5,0,0,1,1,0,3,0,0,5,3,0,0,0,2024-04-07
682619,hitting,2024,11,Buffalo Bisons,International League,4,0,0,1,1,0,1,0,0,4,0,0,0,0,2024-04-09
682619,hitting,2024,11,Buffalo Bisons,International League,4,1,0,0,1,0,1,0,0,5,1,0,0,0,2024-04-10
682619,hitting,2024,11,Buffalo Bisons,International League,3,0,0,1,1,0,2,0,0,3,1,0,0,0,2024-04-13
682619,hitting,2024,11,Buffalo Bisons,International League,1,0,0,1,1,0,1,0,0,1,0,0,0,0,2024-04-13
682619,hitting,2024,11,Buffalo Bisons,International League,5,0,0,0,1,1,1,1,0,6,3,0,0,0,2024-04-14
682619,hitting,2024,11,Buffalo Bisons,International League,5,0,0,0,1,0,1,0,0,5,0,0,0,0,2024-04-16
682619,hitting,2024,11,Buffalo Bisons,International League,5,1,0,0,1,0,1,1,0,6,1,0,0,0,2024-04-17
682619,hitting,2024,11,Buffalo Bisons,International League,5,0,0,1,1,0,2,1,0,5,2,0,0,0,2024-04-18
682619,hitting,2024,11,Buffalo Bisons,International League,4,0,0,0,1,0,2,2,0,4,2,0,0,0,2024-04-19
682619,hitting,2024,11,Buffalo Bisons,International League,4,1,0,0,1,0,2,0,0,5,1,0,0,0,2024-04-20
682619,hitting,2024,11,Buffalo Bisons,International League,5,1,0,0,1,0,2,1,0,6,2,0,0,0,2024-04-21
682619,hitting,2024,11,Buffalo Bisons,International League,4,0,0,0,1,0,0,0,0,4,0,0,0,0,2024-04-24
682619,hitting,2024,11,Buffalo Bisons,International League,3,1,0,1,1,0,1,0,0,4,2,0,0,0,2024-04-25
682619,hitting,2024,11,Buffalo Bisons,International League,4,0,0,0,1,0,2,1,0,4,1,0,0,0,2024-04-25
682619,hitting,2024,11,Buffalo Bisons,International League,5,0,0,0,1,0,0,0,0,5,0,0,0,0,2024-04-26
682619,hitting,2024,11,Buffalo Bisons,International League,2,1,0,0,1,0,0,0,0,3,0,0,0,0,2024-04-28
682619,hitting,2024,11,Buffalo Bisons,International League,5,0,0,0,1,0,1,0,0,5,1,0,0,0,2024-04-30
682619,hitting,2024,11,Buffalo Bisons,International League,5,0,0,0,1,0,3,1,0,5,1,0,0,0,2024-05-01
682619,hitting,2024,11,Buffalo Bisons,International League,4,0,0,0,1,1,0,0,0,5,1,0,0,0,2024-05-02
682619,hitting,2024,11,Buffalo Bisons,International League,3,2,0,0,1,0,0,0,0,5,1,0,0,0,2024-05-03
682619,hitting,2024,11,Buffalo Bisons,International League,4,0,0,0,1,1,1,0,0,5,1,0,0,0,2024-05-04
682619,hitting,2024,11,Buffalo Bisons,International League,4,0,0,0,1,0,2,0,0,4,0,0,0,0,2024-05-05
682619,hitting,2024,11,Buffalo Bisons,International League,2,2,0,0,1,0,1,1,0,4,1,0,0,0,2024-05-07
682619,hitting,2024,11,Buffalo Bisons,International League,2,1,0,0,1,0,0,0,0,4,1,1,0,0,2024-05-08
682619,hitting,2024,11,Buffalo Bisons,International League,3,0,0,0,1,0,0,0,0,3,0,0,0,0,2024-05-08
682619,hitting,2024,11,Buffalo Bisons,International League,5,0,0,0,1,0,0,0,0,5,0,0,0,0,2024-05-09
682619,hitting,2024,11,Buffalo Bisons,International League,0,0,0,0,1,1,0,0,0,1,0,0,0,0,2024-05-10
682619,hitting,2024,11,Buffalo Bisons,International League,3,1,0,0,1,0,1,1,0,4,1,0,0,0,2024-05-12
682619,hitting,2024,11,Buffalo Bisons,International League,4,1,0,0,1,0,0,0,0,5,0,0,0,0,2024-05-14
682619,hitting,2024,11,Buffalo Bisons,International League,4,0,0,0,1,0,0,0,0,6,1,1,0,0,2024-05-15
682619,hitting,2024,11,Buffalo Bisons,International League,5,0,0,0,1,0,0,0,0,5,0,0,0,0,2024-05-16
682619,hitting,2024,11,Buffalo Bisons,International League,3,0,0,0,1,0,0,0,0,3,0,0,0,0,2024-05-18
682619,hitting,2024,11,Buffalo Bisons,International League,4,1,0,0,1,0,0,0,0,5,0,0,0,0,2024-05-19
682619,hitting,2024,11,Buffalo Bisons,International League,2,0,0,0,1,1,1,1,0,3,1,0,0,0,2024-05-21
682619,hitting,2024,11,Buffalo Bisons,International League,5,0,0,0,1,0,0,0,0,5,0,0,0,0,2024-05-22
682619,hitting,2024,11,Buffalo Bisons,International League,2,1,0,1,1,0,2,1,0,3,1,0,0,0,2024-05-23
682619,hitting,2024,11,Buffalo Bisons,International League,4,0,0,1,1,0,1,0,0,4,1,0,0,0,2024-05-24
682619,hitting,2024,11,Buffalo Bisons,International League,4,0,0,0,1,0,0,0,0,4,0,0,0,0,2024-05-25
682619,hitting,2024,11,Buffalo Bisons,International League,5,0,0,0,1,0,3,1,0,5,1,0,0,0,2024-05-28
682619,hitting,2024,11,Buffalo Bisons,International League,5,0,0,0,1,0,2,0,0,5,1,0,0,0,2024-05-29
682619,hitting,2024,11,Buffalo Bisons,International League,4,1,0,0,1,0,0,0,0,5,1,0,0,0,2024-05-30
682619,hitting,2024,11,Buffalo Bisons,International League,2,1,0,0,1,0,1,0,0,3,0,0,0,0,2024-05-31
682619,hitting,2024,11,Buffalo Bisons,International League,5,0,0,0,1,0,1,0,0,5,0,0,0,0,2024-06-01
682619,hitting,2024,11,Buffalo Bisons,International League,4,0,0,0,1,0,0,0,0,4,0,0,0,0,2024-06-02
682619,hitting,2024,11,Buffalo Bisons,International League,2,1,0,0,1,1,0,0,0,4,0,0,0,0,2024-06-04
682619,hitting,2024,11,Buffalo Bisons,International League,4,0,0,0,1,0,0,0,0,4,0,0,0,0,2024-06-05
682619,hitting,2024,11,Buffalo Bisons,International League,4,1,0,0,1,0,1,1,0,5,1,0,0,0,2024-06-06
682619,hitting,2024,11,Buffalo Bisons,International League,3,0,0,0,1,1,1,1,0,4,2,0,0,0,2024-06-07
682619,hitting,2024,11,Buffalo Bisons,International League,3,1,0,1,1,0,2,0,0,4,1,0,0,0,2024-06-08
682619,hitting,2024,11,Buffalo Bisons,International League,5,0,0,1,1,0,2,0,0,5,0,0,0,0,2024-06-09
682619,hitting,2024,11,Buffalo Bisons,International League,4,0,0,0,1,0,1,0,0,4,0,0,0,0,2024-06-11
682619,hitting,2024,11,Buffalo Bisons,International League,2,2,0,0,1,0,0,0,0,4,1,0,0,0,2024-06-12
682619,hitting,2024,11,Buffalo Bisons,International League,3,0,0,0,1,0,1,0,0,3,0,0,0,0,2024-06-13
682619,hitting,2024,11,Buffalo Bisons,International League,4,0,0,0,1,0,1,0,0,4,1,0,0,0,2024-06-14
682619,hitting,2024,11,Buffalo Bisons,International League,4,0,0,1,1,0,3,0,0,4,1,0,0,0,2024-06-15
682619,hitting,2024,11,Buffalo Bisons,International League,5,0,0,1,1,0,2,1,0,5,1,0,0,0,2024-06-16
682622,hitting,2023,11,Louisville Bats,International League,4,0,0,0,1,0,1,0,0,4,0,0,0,0,2023-06-28
682622,hitting,2023,11,Louisville Bats,International League,5,0,0,0,1,0,1,0,0,5,0,0,0,0,2023-06-29
682622,hitting,2023,11,Louisville Bats,International League,5,0,0,1,1,0,2,0,0,5,0,0,0,0,2023-06-30
682622,hitting,2023,11,Louisville Bats,International League,4,1,0,0,1,0,0,0,0,5,0,0,0,0,2023-07-01
682622,hitting,2023,11,Louisville Bats,International League,4,0,0,0,1,0,2,0,0,4,2,0,0,1,2023-07-02
682622,hitting,2023,11,Louisville Bats,International League,4,0,0,0,1,0,0,0,0,4,0,0,0,0,2023-07-03
682622,hitting,2023,11,Louisville Bats,International League,5,0,0,0,1,0,1,0,0,5,0,0,1,0,2023-07-04
682622,hitting,2023,11,Louisville Bats,International League,4,1,0,0,1,0,2,0,0,5,1,0,2,1,2023-07-05
682622,hitting,2023,11,Louisville Bats,International League,4,0,0,0,1,0,1,0,0,5,0,1,0,0,2023-07-14
682622,hitting,2023,11,Louisville Bats,International League,4,0,0,1,1,0,2,0,0,4,1,0,0,0,2023-07-15
682622,hitting,2023,11,Louisville Bats,International League,4,0,0,1,1,0,2,0,0,5,1,1,0,0,2023-07-16
682622,hitting,2023,11,Louisville Bats,International League,3,0,1,0,1,0,0,0,0,3,0,0,0,0,2023-07-18
682622,hitting,2023,11,Louisville Bats,International League,5,0,0,1,1,0,2,0,0,5,2,0,0,0,2023-07-19
682622,hitting,2023,11,Louisville Bats,International League,2,3,0,0,1,0,1,1,0,5,2,0,0,0,2023-07-20
682622,hitting,2023,11,Louisville Bats,International League,3,1,0,1,1,0,1,0,0,5,2,1,0,0,2023-07-21
682622,hitting,2023,11,Louisville Bats,International League,4,0,0,1,1,0,2,0,0,4,1,0,0,0,2023-07-22
682622,hitting,2023,11,Louisville Bats,International League,4,0,0,0,1,0,2,0,0,4,0,0,0,0,2023-07-23
682622,hitting,2023,11,Louisville Bats,International League,4,1,0,0,1,0,1,0,0,5,1,0,0,0,2023-07-25
682622,hitting,2023,11,Louisville Bats,International League,4,0,0,0,1,0,2,0,0,4,0,0,0,1,2023-07-26
682622,hitting,2023,11,Louisville Bats,International League,4,1,0,0,1,0,1,0,0,5,1,0,0,0,2023-07-27
682622,hitting,2023,11,Louisville Bats,International League,3,1,0,0,1,0,1,1,0,4,1,0,1,0,2023-07-28
682622,hitting,2023,11,Louisville Bats,International League,2,2,0,0,1,0,0,0,0,4,1,0,1,0,2023-07-29
682622,hitting,2023,11,Louisville Bats,International League,4,0,0,1,1,0,2,0,0,4,1,0,0,0,2023-07-30
682622,hitting,2023,11,Louisville Bats,International League,2,2,1,0,1,0,0,0,0,4,1,0,1,0,2023-08-01
682622,hitting,2023,11,Louisville Bats,International League,4,0,0,0,1,0,0,0,0,4,0,0,0,0,2023-08-02
682622,hitting,2023,11,Louisville Bats,International League,4,1,0,0,1,0,0,0,0,5,1,0,0,0,2023-08-03
682622,hitting,2023,11,Louisville Bats,International League,4,1,0,1,1,0,1,0,0,5,2,0,0,0,2023-08-04
682622,hitting,2023,11,Louisville Bats,International League,3,1,0,0,1,0,0,0,0,4,1,0,0,0,2023-08-05
682622,hitting,2023,11,Louisville Bats,International League,0,0,0,0,1,0,0,0,0,0,1,0,0,0,2023-08-06
682622,hitting,2023,11,Louisville Bats,International League,3,1,0,0,1,0,0,0,0,4,0,0,0,0,2023-08-08
682622,hitting,2023,11,Louisville Bats,International League,4,0,0,1,1,0,1,0,0,4,0,0,0,0,2023-08-09
682622,hitting,2023,11,Louisville Bats,International League,4,0,0,0,1,0,1,1,0,4,1,0,0,0,2023-08-10
682622,hitting,2023,11,Louisville Bats,International League,4,0,0,0,1,0,1,0,0,4,0,0,0,0,2023-08-11
682622,hitting,2023,11,Louisville Bats,International League,4,0,0,0,1,0,2,0,0,4,1,0,1,0,2023-08-12
682622,hitting,2023,11,Louisville Bats,International League,2,0,0,0,1,1,1,0,0,3,2,0,0,0,2023-08-13
682622,hitting,2023,11,Louisville Bats,International League,4,1,0,1,1,0,2,0,0,5,1,0,0,0,2023-08-15
682622,hitting,2023,11,Louisville Bats,International League,3,2,0,0,1,0,1,0,0,5,1,0,0,0,2023-08-16
682622,hitting,2023,11,Louisville Bats,International League,5,0,0,0,1,0,0,0,0,5,1,0,0,0,2023-08-17
682622,hitting,2023,11,Louisville Bats,International League,4,0,0,0,1,0,1,0,0,4,1,0,1,0,2023-08-18
682622,hitting,2023,12,Chattanooga Lookouts,Southern League,6,0,0,0,1,0,1,0,0,6,1,0,0,0,2023-04-06
682622,hitting,2023,12,Chattanooga Lookouts,Southern League,2,1,0,0,1,1,0,0,0,4,1,0,0,0,2023-04-08
682622,hitting,2023,12,Chattanooga Lookouts,Southern League,3,0,0,0,1,0,0,0,0,3,0,0,0,0,2023-04-08
682622,hitting,2023,12,Chattanooga Lookouts,Southern League,5,0,0,0,1,0,1,0,0,5,0,0,0,0,2023-04-11
682622,hitting,2023,12,Chattanooga Lookouts,Southern League,5,0,0,0,1,0,2,1,0,5,1,0,0,0,2023-04-12
682622,hitting,2023,12,Chattanooga Lookouts,Southern League,4,0,0,1,1,0,2,0,0,4,2,0,1,0,2023-04-13
682622,hitting,2023,12,Chattanooga Lookouts,Southern League,4,0,0,0,1,0,2,0,0,4,2,0,0,1,2023-04-14
682622,hitting,2023,12,Chattanooga Lookouts,Southern League,4,1,0,0,1,0,0,0,0,5,1,0,1,0,2023-04-15
682622,hitting,2023,12,Chattanooga Lookouts,Southern League,3,1,0,0,1,0,1,0,0,4,0,0,0,0,2023-04-16
682622,hitting,2023,12,Chattanooga Lookouts,Southern League,4,0,0,0,1,0,0,0,0,4,0,0,0,0,2023-04-18
682622,hitting,2023,12,Chattanooga Lookouts,Southern League,3,1,0,0,1,0,0,0,0,4,0,0,1,0,2023-04-19
682622,hitting,2023,12,Chattanooga Lookouts,Southern League,2,2,0,0,1,0,0,0,0,4,0,0,0,0,2023-04-20
682622,hitting,2023,12,Chattanooga Lookouts,Southern League,4,0,0,0,1,0,0,0,0,4,0,0,0,0,2023-04-21
682622,hitting,2023,12,Chattanooga Lookouts,Southern League,5,1,1,1,1,0,2,0,0,6,1,0,0,0,2023-04-22
682622,hitting,2023,12,Chattanooga Lookouts,Southern League,5,0,0,0,1,0,0,0,0,5,1,0,1,0,2023-04-23
682622,hitting,2023,12,Chattanooga Lookouts,Southern League,3,0,0,0,1,0,1,0,0,4,0,1,0,0,2023-04-25
682622,hitting,2023,12,Chattanooga Lookouts,Southern League,3,1,0,0,1,0,1,0,0,4,0,0,0,0,2023-04-26
682622,hitting,2023,12,Chattanooga Lookouts,Southern League,5,0,0,0,1,0,3,0,0,5,1,0,1,0,2023-04-28
682622,hitting,2023,12,Chattanooga Lookouts,Southern League,4,0,0,1,1,0,2,0,0,4,1,0,0,0,2023-04-29
682622,hitting,2023,12,Chattanooga Lookouts,Southern League,3,1,0,0,1,0,0,0,0,4,0,0,0,0,2023-04-30
682622,hitting,2023,12,Chattanooga Lookouts,Southern League,4,0,0,0,1,0,1,0,0,4,1,0,0,0,2023-05-02
682622,hitting,2023,12,Chattanooga Lookouts,Southern League,3,1,0,1,1,1,1,0,0,5,0,0,0,0,2023-05-03
682622,hitting,2023,12,Chattanooga Lookouts,Southern League,4,0,0,0,1,0,2,2,0,4,2,0,0,0,2023-05-04
682622,hitting,2023,12,Chattanooga Lookouts,Southern League,4,1,1,0,1,0,2,1,0,5,2,0,1,0,2023-05-05
682622,hitting,2023,12,Chattanooga Lookouts,Southern League,5,0,0,0,1,0,2,0,0,5,0,0,0,0,2023-05-06
682622,hitting,2023,12,Chattanooga Lookouts,Southern League,4,0,0,0,1,0,2,1,0,4,1,0,0,0,2023-05-07
682622,hitting,2023,12,Chattanooga Lookouts,Southern League,4,0,0,0,1,0,1,0,0,4,0,0,0,0,2023-05-09
682622,hitting,2023,12,Chattanooga Lookouts,Southern League,4,0,0,1,1,0,2,0,0,4,0,0,0,0,2023-05-10
682622,hitting,2023,12,Chattanooga Lookouts,Southern League,3,0,0,0,1,0,0,0,0,3,0,0,0,0,2023-05-13
682622,hitting,2023,12,Chattanooga Lookouts,Southern League,3,1,0,0,1,0,0,0,0,4,0,0,0,0,2023-05-13
682622,hitting,2023,12,Chattanooga Lookouts,Southern League,4,0,0,0,1,0,1,0,0,4,0,0,0,0,2023-05-14
682622,hitting,2023,12,Chattanooga Lookouts,Southern League,4,1,0,0,1,0,1,0,1,5,2,0,1,0,2023-05-16
682622,hitting,2023,12,Chattanooga Lookouts,Southern League,4,0,0,1,1,0,2,0,0,4,0,0,0,0,2023-05-17
682622,hitting,2023,12,Chattanooga Lookouts,Southern League,4,0,0,0,1,0,1,1,0,4,1,0,0,0,2023-05-18
682622,hitting,2023,12,Chattanooga Lookouts,Southern League,5,0,0,0,1,0,2,2,0,5,2,0,0,0,2023-05-19
682622,hitting,2023,12,Chattanooga Lookouts,Southern League,3,2,0,1,1,0,2,0,0,5,2,0,1,0,2023-05-20
682622,hitting,2023,12,Chattanooga Lookouts,Southern League,5,0,0,1,1,0,2,0,0,5,1,0,0,0,2023-05-21
682622,hitting,2023,12,Chattanooga Lookouts,Southern League,4,1,0,0,1,0,0,0,0,5,1,0,0,0,2023-05-23
682622,hitting,2023,12,Chattanooga Lookouts,Southern League,5,0,0,0,1,0,1,0,0,5,1,0,0,0,2023-05-24
682622,hitting,2023,12,Chattanooga Lookouts,Southern League,4,1,0,0,1,0,2,0,0,5,2,0,1,0,2023-05-25
682622,hitting,2023,12,Chattanooga Lookouts,Southern League,4,1,0,0,1,0,0,0,0,5,0,0,0,0,2023-05-26
682622,hitting,2023,12,Chattanooga Lookouts,Southern League,4,1,0,1,1,0,3,0,0,5,3,0,0,0,2023-05-28
682622,hitting,2023,12,Chattanooga Lookouts,Southern League,5,0,0,0,1,0,1,0,0,5,1,0,0,0,2023-05-29
682622,hitting,2023,12,Chattanooga Lookouts,Southern League,6,0,0,1,1,0,3,0,0,6,0,0,0,0,2023-05-31
682622,hitting,2023,12,Chattanooga Lookouts,Southern League,4,1,0,0,1,0,1,0,0,5,1,0,0,0,2023-06-01
682622,hitting,2023,12,Chattanooga Lookouts,Southern League,3,1,0,0,1,0,1,0,0,5,0,1,0,0,2023-06-02
682622,hitting,2023,12,Chattanooga Lookouts,Southern League,5,0,0,0,1,0,1,0,0,5,0,0,1,0,2023-06-03
682622,hitting,2023,12,Chattanooga Lookouts,Southern League,3,0,0,0,1,0,0,0,0,3,1,0,0,0,2023-06-23
682622,hitting,2023,12,Chattanooga Lookouts,Southern League,1,0,0,0,1,0,0,0,0,1,0,0,0,0,2023-06-23
682622,hitting,2023,12,Chattanooga Lookouts,Southern League,4,1,0,0,1,0,0,0,0,5,1,0,0,0,2023-06-24
682622,hitting,2023,16,ACL Reds,Arizona Complex League,2,1,0,0,1,0,1,0,0,3,1,0,0,0,2023-06-16
682622,hitting,2023,16,ACL Reds,Arizona Complex League,4,0,0,0,1,0,1,0,0,4,0,0,0,0,2023-06-19
682622,hitting,2023,16,ACL Reds,Arizona Complex League,3,0,0,0,1,0,0,0,0,3,0,0,0,0,2023-06-20
682626,hitting,2022,11,Syracuse Mets,International League,3,1,0,0,1,0,1,0,0,4,0,0,0,0,2022-07-04
682626,hitting,2022,11,Syracuse Mets,International League,5,0,0,0,1,0,0,0,0,5,0,0,0,0,2022-07-06
682626,hitting,2022,11,Syracuse Mets,International League,2,1,0,0,1,0,0,0,0,4,1,1,0,0,2022-07-07
682626,hitting,2022,11,Syracuse Mets,International League,3,0,0,1,1,1,1,0,0,4,0,0,0,0,2022-07-08
682626,hitting,2022,11,Syracuse Mets,International League,3,0,0,0,1,1,0,0,0,4,1,0,0,0,2022-07-09
682626,hitting,2022,11,Syracuse Mets,International League,4,0,0,0,1,0,0,0,0,4,0,0,0,0,2022-07-12
682626,hitting,2022,11,Syracuse Mets,International League,3,2,0,0,1,0,0,0,0,5,2,0,0,0,2022-07-13
682626,hitting,2022,11,Syracuse Mets,International League,0,3,0,0,1,0,0,0,0,4,0,1,0,0,2022-07-14
682626,hitting,2022,11,Syracuse Mets,International League,4,1,0,1,1,0,1,0,0,5,1,0,0,0,2022-07-22
682626,hitting,2022,11,Syracuse Mets,International League,5,0,0,0,1,0,1,1,0,5,1,0,0,0,2022-07-23
682626,hitting,2022,11,Syracuse Mets,International League,2,2,0,0,1,0,0,0,0,4,0,0,0,0,2022-07-26
682626,hitting,2022,11,Syracuse Mets,International League,4,1,0,1,1,0,1,0,0,5,0,0,0,0,2022-07-27
682626,hitting,2022,11,Syracuse Mets,International League,3,2,0,0,1,0,1,1,0,5,2,0,0,0,2022-07-28
682626,hitting,2022,11,Syracuse Mets,International League,3,2,0,0,1,0,1,0,0,5,1,0,0,0,2022-07-29
682626,hitting,2022,11,Syracuse Mets,International League,4,0,0,1,1,0,1,0,0,4,1,0,0,0,2022-07-30
682626,hitting,2022,11,Syracuse Mets,International League,4,0,0,0,1,0,1,1,0,4,1,0,0,0,2022-07-31
682626,hitting,2022,11,Syracuse Mets,International League,5,0,0,0,1,0,2,0,0,5,1,0,0,0,2022-08-02
682626,hitting,2022,11,Syracuse Mets,International League,4,0,0,0,1,0,1,1,0,4,1,0,0,0,2022-08-03
682626,hitting,2022,11,Syracuse Mets,International League,4,1,0,0,1,0,0,0,0,5,1,0,0,0,2022-08-04
682626,hitting,2022,11,Syracuse Mets,International League,3,0,0,0,1,1,1,1,0,4,2,0,0,0,2022-08-05
682626,hitting,2022,11,Syracuse Mets,International League,5,1,0,0,1,0,1,0,0,6,2,0,0,0,2022-08-07
682626,hitting,2022,11,Syracuse Mets,International League,4,0,0,0,1,0,1,0,0,4,0,0,0,0,2022-08-09
682626,hitting,2022,11,Syracuse Mets,International League,3,1,0,0,1,0,0,0,0,4,0,0,0,0,2022-08-10
682626,hitting,2022,11,Syracuse Mets,International League,4,0,0,0,1,0,1,0,0,4,0,0,0,0,2022-08-12
682626,hitting,2022,11,Syracuse Mets,International League,3,0,0,0,1,1,0,0,0,4,0,0,0,0,2022-08-13
682626,hitting,2022,11,Syracuse Mets,International League,4,0,0,0,1,0,0,0,0,4,0,0,0,0,2022-08-14
682626,hitting,2022,11,Syracuse Mets,International League,4,1,0,0,1,0,0,0,0,5,1,0,0,0,2022-08-16
682626,hitting,2022,11,Syracuse Mets,International League,4,1,0,0,1,0,1,0,0,5,0,0,0,0,2022-08-17
682626,hitting,2022,11,Syracuse Mets,International League,3,2,0,0,1,0,0,0,0,5,2,0,0,0,2022-08-18
682626,hitting,2022,11,Syracuse Mets,International League,1,0,0,0,1,0,0,0,0,1,1,0,0,0,2022-08-19
682626,hitting,2022,11,Syracuse Mets,International League,5,0,0,0,1,0,1,0,0,5,0,0,0,0,2022-08-21
682626,hitting,2022,11,Syracuse Mets,International League,3,2,0,0,1,0,2,1,0,5,2,0,0,0,2022-08-23
682626,hitting,2022,11,Syracuse Mets,International League,4,0,0,0,1,0,0,0,0,4,0,0,0,0,2022-09-11
682626,hitting,2022,11,Syracuse Mets,International League,5,0,0,0,1,0,2,1,0,5,1,0,0,0,2022-09-13
682626,hitting,2022,11,Syracuse Mets,International League,3,1,0,0,1,1,0,0,1,5,0,0,0,0,2022-09-14
682626,hitting,2022,11,Syracuse Mets,International League,3,1,0,0,1,0,2,0,0,4,1,0,0,0,2022-09-16
682626,hitting,2022,11,Syracuse Mets,International League,5,0,0,0,1,0,1,0,0,5,0,0,0,0,2022-09-17
682626,hitting,2022,11,Syracuse Mets,International League,4,0,0,0,1,0,2,1,0,4,1,0,0,0,2022-09-18
682626,hitting,2022,11,Syracuse Mets,International League,3,0,0,1,1,0,3,1,0,3,1,0,0,0,2022-09-20
682626,hitting,2022,11,Syracuse Mets,International League,4,0,0,1,1,0,2,0,0,4,0,0,0,0,2022-09-21
682626,hitting,2022,11,Syracuse Mets,International League,4,0,0,0,1,0,1,0,0,4,0,0,0,0,2022-09-22
682626,hitting,2022,11,Syracuse Mets,International League,3,2,0,0,1,0,1,0,0,5,1,0,0,0,2022-09-24
682626,hitting,2022,11,Syracuse Mets,International League,3,2,0,0,1,0,0,0,0,5,0,0,0,0,2022-09-25
682626,hitting,2022,11,Syracuse Mets,International League,3,2,0,0,1,0,1,0,0,5,1,0,0,0,2022-09-26
682626,hitting,2022,11,Syracuse Mets,International League,3,2,0,0,1,0,2,0,1,5,1,0,0,0,2022-09-28
682626,hitting,2022,12,Binghamton Rumble Ponies,Eastern League,5,0,0,2,1,0,3,1,0,5,1,0,0,0,2022-04-08
682626,hitting,2022,12,Binghamton Rumble Ponies,Eastern League,4,0,0,0,1,0,2,1,0,4,1,0,0,0,2022-04-09
682626,hitting,2022,12,Binghamton Rumble Ponies,Eastern League,4,1,0,0,1,0,2,1,0,5,2,0,0,0,2022-04-12
682626,hitting,2022,12,Binghamton Rumble Ponies,Eastern League,3,0,0,0,1,0,0,0,0,4,0,1,0,0,2022-04-13
682626,hitting,2022,12,Binghamton Rumble Ponies,Eastern League,3,1,0,0,1,1,0,0,0,5,0,0,0,0,2022-04-15
682626,hitting,2022,12,Binghamton Rumble Ponies,Eastern League,5,0,0,1,1,0,2,1,0,5,2,0,0,0,2022-04-17
682626,hitting,2022,12,Binghamton Rumble Ponies,Eastern League,3,2,0,0,1,0,1,0,0,5,2,0,0,0,2022-04-19
682626,hitting,2022,12,Binghamton Rumble Ponies,Eastern League,4,0,0,1,1,0,1,0,0,4,0,0,0,0,2022-04-20
682626,hitting,2022,12,Binghamton Rumble Ponies,Eastern League,3,1,0,0,1,0,0,0,0,4,1,0,0,0,2022-04-23
682626,hitting,2022,12,Binghamton Rumble Ponies,Eastern League,4,0,0,0,1,0,0,0,0,4,0,0,0,0,2022-04-24
682626,hitting,2022,12,Binghamton Rumble Ponies,Eastern League,3,0,0,1,1,0,1,0,0,3,0,0,0,0,2022-04-27
682626,hitting,2022,12,Binghamton Rumble Ponies,Eastern League,3,0,0,1,1,0,1,0,0,3,0,0,0,0,2022-04-27
682626,hitting,2022,12,Binghamton Rumble Ponies,Eastern League,4,1,0,0,1,0,1,0,0,5,1,0,0,0,2022-04-28
682626,hitting,2022,12,Binghamton Rumble Ponies,Eastern League,3,1,0,0,1,0,0,0,0,4,0,0,0,0,2022-04-29
682626,hitting,2022,12,Binghamton Rumble Ponies,Eastern League,4,0,0,0,1,0,0,0,0,4,0,0,0,0,2022-04-30
682626,hitting,2022,12,Binghamton Rumble Ponies,Eastern League,3,1,0,0,1,0,0,0,0,4,1,0,0,0,2022-05-01
682626,hitting,2022,12,Binghamton Rumble Ponies,Eastern League,5,0,0,0,1,0,1,0,0,5,0,0,0,0,2022-05-03
682626,hitting,2022,12,Binghamton Rumble Ponies,Eastern League,5,0,0,0,1,0,0,0,0,5,0,0,0,0,2022-05-04
682626,hitting,2022,12,Binghamton Rumble Ponies,Eastern League,3,2,0,0,1,0,2,0,0,5,1,0,0,0,2022-05-05
682626,hitting,2022,12,Binghamton Rumble Ponies,Eastern League,4,1,0,0,1,0,0,0,0,5,0,0,0,0,2022-05-07
682626,hitting,2022,12,Binghamton Rumble Ponies,Eastern League,4,0,0,0,1,0,0,0,0,4,0,0,0,0,2022-05-08
682626,hitting,2022,12,Binghamton Rumble Ponies,Eastern League,4,0,0,0,1,0,0,0,0,5,0,1,0,0,2022-05-10
682626,hitting,2022,12,Binghamton Rumble Ponies,Eastern League,3,1,0,0,1,1,1,0,0,5,1,0,0,0,2022-05-11
682626,hitting,2022,12,Binghamton Rumble Ponies,Eastern League,3,1,0,1,1,0,1,0,0,4,0,0,0,0,2022-05-12
682626,hitting,2022,12,Binghamton Rumble Ponies,Eastern League,4,0,0,1,1,0,2,0,0,4,1,0,0,0,2022-05-13
682626,hitting,2022,12,Binghamton Rumble Ponies,Eastern League,4,1,0,0,1,0,2,0,0,5,0,0,0,0,2022-05-14
682626,hitting,2022,12,Binghamton Rumble Ponies,Eastern League,5,0,0,0,1,0,2,0,0,5,0,0,0,0,2022-05-15
682626,hitting,2022,12,Binghamton Rumble Ponies,Eastern League,3,0,0,0,1,0,1,0,0,4,0,1,0,0,2022-05-17
682626,hitting,2022,12,Binghamton Rumble Ponies,Eastern League,5,0,0,0,1,0,3,0,0,5,0,0,0,0,2022-05-18
682626,hitting,2022,12,Binghamton Rumble Ponies,Eastern League,4,0,0,0,1,0,0,0,0,4,0,0,0,0,2022-05-19
682626,hitting,2022,12,Binghamton Rumble Ponies,Eastern League,4,0,0,0,1,0,1,0,0,4,0,0,0,0,2022-05-20
682626,hitting,2022,12,Binghamton Rumble Ponies,Eastern League,5,0,0,0,1,0,1,0,0,5,0,0,0,0,2022-05-21
682626,hitting,2022,12,Binghamton Rumble Ponies,Eastern League,3,1,0,0,1,0,0,0,0,4,0,0,0,0,2022-05-22
682626,hitting,2022,12,Binghamton Rumble Ponies,Eastern League,4,1,0,0,1,0,0,0,0,5,0,0,0,0,2022-05-24
682626,hitting,2022,12,Binghamton Rumble Ponies,Eastern League,4,0,0,1,1,0,1,0,0,4,0,0,0,0,2022-05-25
682626,hitting,2022,12,Binghamton Rumble Ponies,Eastern League,4,1,0,1,1,0,4,2,0,5,3,0,0,0,2022-05-26
682626,hitting,2022,12,Binghamton Rumble Ponies,Eastern League,5,0,0,0,1,0,1,1,0,5,1,0,0,0,2022-05-27
682626,hitting,2022,12,Binghamton Rumble Ponies,Eastern League,4,0,0,0,1,0,0,0,0,4,0,0,0,0,2022-05-28
682626,hitting,2022,12,Binghamton Rumble Ponies,Eastern League,5,0,0,0,1,0,3,0,0,5,1,0,0,0,2022-05-29
682626,hitting,2022,12,Binghamton Rumble Ponies,Eastern League,4,1,0,0,1,0,2,1,0,5,3,0,0,0,2022-05-30
682626,hitting,2022,12,Binghamton Rumble Ponies,Eastern League,3,0,0,0,1,0,2,0,0,3,1,0,0,0,2022-06-02
682626,hitting,2022,12,Binghamton Rumble Ponies,Eastern League,4,0,0,1,1,0,1,0,0,4,1,0,0,0,2022-06-02
682626,hitting,2022,12,Binghamton Rumble Ponies,Eastern League,4,0,0,0,1,0,1,1,0,4,1,0,0,0,2022-06-03
682626,hitting,2022,12,Binghamton Rumble Ponies,Eastern League,4,0,0,1,1,0,1,0,0,5,1,1,0,0,2022-06-04
682626,hitting,2022,12,Binghamton Rumble Ponies,Eastern League,4,0,0,0,1,0,1,1,0,4,1,0,0,0,2022-06-05
682626,hitting,2022,12,Binghamton Rumble Ponies,Eastern League,2,1,0,0,1,0,1,1,0,3,1,0,0,0,2022-06-08
682626,hitting,2022,12,Binghamton Rumble Ponies,Eastern League,5,0,0,0,1,0,1,1,0,5,1,0,0,0,2022-06-09
682626,hitting,2022,12,Binghamton Rumble Ponies,Eastern League,3,1,0,1,1,0,1,0,0,4,0,0,0,0,2022-06-10
682626,hitting,2022,12,Binghamton Rumble Ponies,Eastern League,4,0,0,1,1,1,1,0,0,5,1,0,0,0,2022-06-11
682626,hitting,2022,12,Binghamton Rumble Ponies,Eastern League,4,1,0,0,1,0,1,1,0,5,2,0,0,0,2022-06-12
682626,hitting,2022,12,Binghamton Rumble Ponies,Eastern League,3,1,0,0,1,0,0,0,0,4,0,0,0,0,2022-06-14
682626,hitting,2022,12,Binghamton Rumble Ponies,Eastern League,5,0,0,1,1,0,3,0,0,5,1,0,0,0,2022-06-15
682626,hitting,2022,12,Binghamton Rumble Ponies,Eastern League,2,1,0,0,1,0,0,0,0,3,0,0,0,0,2022-06-15
682626,hitting,2022,12,Binghamton Rumble Ponies,Eastern League,3,1,0,0,1,0,1,1,0,4,1,0,0,0,2022-06-16
682626,hitting,2022,12,Binghamton Rumble Ponies,Eastern League,4,1,0,1,1,0,3,0,0,5,1,0,0,0,2022-06-17
682626,hitting,2022,12,Binghamton Rumble Ponies,Eastern League,5,0,0,0,1,0,1,1,0,5,1,0,0,0,2022-06-19
682626,hitting,2022,12,Binghamton Rumble Ponies,Eastern League,4,1,0,0,1,0,2,1,0,5,1,0,0,0,2022-06-21
682626,hitting,2022,12,Binghamton Rumble Ponies,Eastern League,2,2,0,0,1,0,0,0,0,4,0,0,0,0,2022-06-22
682626,hitting,2022,12,Binghamton Rumble Ponies,Eastern League,2,3,0,0,1,0,0,0,1,5,1,0,0,0,2022-06-23
682626,hitting,2022,12,Binghamton Rumble Ponies,Eastern League,4,0,0,0,1,0,0,0,0,4,0,0,0,0,2022-06-24
682626,hitting,2022,12,Binghamton Rumble Ponies,Eastern League,5,0,0,0,1,0,3,1,0,5,2,0,0,0,2022-06-25
682626,hitting,2022,12,Binghamton Rumble Ponies,Eastern League,4,0,0,0,1,0,0,0,0,4,0,0,0,0,2022-06-26
682626,hitting,2022,12,Binghamton Rumble Ponies,Eastern League,4,0,0,0,1,0,0,0,0,4,0,0,0,0,2022-06-28
682626,hitting,2022,12,Binghamton Rumble Ponies,Eastern League,4,0,0,0,1,0,1,1,0,4,1,0,0,0,2022-06-29
682626,hitting,2022,12,Binghamton Rumble Ponies,Eastern League,3,2,0,0,1,0,1,0,0,5,1,0,0,0,2022-06-30
682626,hitting,2022,12,Binghamton Rumble Ponies,Eastern League,2,2,0,0,1,0,1,0,0,4,1,0,0,0,2022-07-01
682626,hitting,2022,12,Binghamton Rumble Ponies,Eastern League,4,1,0,0,1,0,1,0,0,5,0,0,0,0,2022-07-02
682634,hitting,2024,11,Iowa Cubs,International League,3,0,0,0,1,0,1,0,0,3,1,0,0,0,2024-08-06
682634,hitting,2024,11,Iowa Cubs,International League,3,0,0,0,1,0,1,1,0,3,1,0,0,0,2024-08-07
682634,hitting,2024,11,Iowa Cubs,International League,3,1,0,0,1,0,0,0,0,4,0,0,0,0,2024-08-08
682634,hitting,2024,11,Iowa Cubs,International League,5,0,0,0,1,0,3,0,0,5,0,0,1,0,2024-08-09
682634,hitting,2024,11,Iowa Cubs,International League,4,1,0,0,1,0,2,1,0,5,1,0,0,0,2024-08-10
682634,hitting,2024,11,Iowa Cubs,International League,5,1,0,0,1,0,1,0,0,6,0,0,0,0,2024-08-11
682634,hitting,2024,11,Iowa Cubs,International League,3,0,0,0,1,0,1,0,0,3,0,0,0,0,2024-08-15
682634,hitting,2024,11,Iowa Cubs,International League,2,1,0,0,1,0,0,0,0,3,1,0,0,0,2024-08-15
682634,hitting,2024,11,Iowa Cubs,International League,3,1,0,0,1,0,0,0,0,4,1,0,0,0,2024-08-17
682634,hitting,2024,11,Iowa Cubs,International League,4,0,0,0,1,0,0,0,0,4,1,0,0,0,2024-08-18
682634,hitting,2024,11,Iowa Cubs,International League,4,1,0,1,1,0,2,0,0,5,1,0,1,0,2024-08-20
682634,hitting,2024,11,Iowa Cubs,International League,4,0,0,1,1,0,1,0,0,4,0,0,0,0,2024-08-21
682634,hitting,2024,11,Iowa Cubs,International League,5,1,0,0,1,0,1,0,0,6,0,0,0,0,2024-08-22
682634,hitting,2024,11,Iowa Cubs,International League,4,1,0,0,1,0,1,0,0,5,0,0,0,0,2024-08-23
682634,hitting,2024,11,Iowa Cubs,International League,1,0,0,0,1,0,0,0,0,1,0,0,0,0,2024-08-24
682634,hitting,2024,11,Iowa Cubs,International League,4,0,0,0,1,0,1,0,0,4,1,0,1,0,2024-08-25
682634,hitting,2024,11,Iowa Cubs,International League,3,1,0,0,1,0,1,0,0,4,1,0,0,0,2024-08-27
682634,hitting,2024,11,Iowa Cubs,International League,3,0,0,0,1,1,0,0,0,4,1,0,0,0,2024-08-28
682634,hitting,2024,11,Iowa Cubs,International League,3,0,0,0,1,0,0,0,0,3,0,0,0,0,2024-08-29
682634,hitting,2024,11,Iowa Cubs,International League,3,1,0,0,1,0,1,0,0,4,1,0,0,0,2024-08-30
682634,hitting,2024,11,Iowa Cubs,International League,4,0,0,1,1,0,2,0,0,4,2,0,0,0,2024-09-01
682634,hitting,2024,11,Iowa Cubs,International League,5,0,0,0,1,0,2,1,0,5,1,0,0,0,2024-09-02
682634,hitting,2024,11,Iowa Cubs,International League,3,1,0,0,1,0,0,0,0,4,0,0,1,0,2024-09-04
682634,hitting,2024,11,Iowa Cubs,International League,5,0,1,0,1,0,2,0,0,5,1,0,0,0,2024-09-06
682634,hitting,2024,11,Iowa Cubs,International League,5,0,0,0,1,0,2,0,0,5,0,0,0,0,2024-09-07
682634,hitting,2024,11,Iowa Cubs,International League,3,0,0,0,1,0,1,1,0,3,1,0,0,0,2024-09-08
682634,hitting,2024,11,Iowa Cubs,International League,3,1,0,1,1,0,1,0,0,4,0,0,0,0,2024-09-13
682634,hitting,2024,11,Iowa Cubs,International League,3,1,0,0,1,0,1,0,0,4,2,0,1,0,2024-09-14
682634,hitting,2024,11,Iowa Cubs,International League,6,0,0,1,1,0,3,1,0,6,3,0,0,0,2024-09-15
682634,hitting,2024,11,Iowa Cubs,International League,3,1,0,0,1,0,0,0,0,4,0,0,1,0,2024-09-17
682634,hitting,2024,11,Iowa Cubs,International League,4,1,0,1,1,0,2,0,0,5,0,0,1,0,2024-09-18
682634,hitting,2024,11,Iowa Cubs,International League,4,1,0,0,1,0,2,0,0,5,1,0,0,0,2024-09-19
682634,hitting,2024,11,Iowa Cubs,International League,5,0,0,1,1,0,1,0,0,5,1,0,0,0,2024-09-20
682634,hitting,2024,11,Iowa Cubs,International League,4,0,0,1,1,0,1,0,0,4,0,0,0,0,2024-09-21
682634,hitting,2024,11,Iowa Cubs,International League,4,1,0,0,1,0,1,0,0,5,0,0,0,0,2024-09-22
682634,hitting,2024,12,Tennessee Smokies,Southern League,5,0,0,0,1,0,0,0,0,5,0,0,0,0,2024-04-05
682634,hitting,2024,12,Tennessee Smokies,Southern League,4,0,0,0,1,0,0,0,0,4,0,0,0,0,2024-04-07
682634,hitting,2024,12,Tennessee Smokies,Southern League,4,1,0,0,1,0,0,0,0,5,1,0,0,0,2024-04-10
682634,hitting,2024,12,Tennessee Smokies,Southern League,2,2,0,0,1,0,0,0,0,4,2,0,0,0,2024-04-12
682634,hitting,2024,12,Tennessee Smokies,Southern League,3,0,0,0,1,0,0,0,0,3,0,0,0,0,2024-04-13
682634,hitting,2024,12,Tennessee Smokies,Southern League,3,0,0,0,1,0,0,0,0,3,0,0,0,0,2024-04-13
682634,hitting,2024,12,Tennessee Smokies,Southern League,5,0,0,0,1,0,0,0,0,5,0,0,0,0,2024-04-14
682634,hitting,2024,12,Tennessee Smokies,Southern League,5,0,0,0,1,0,1,0,0,5,1,0,1,0,2024-04-16
682634,hitting,2024,12,Tennessee Smokies,Southern League,4,0,0,1,1,0,2,1,0,4,1,0,0,0,2024-04-17
682634,hitting,2024,12,Tennessee Smokies,Southern League,4,0,1,0,1,0,4,0,0,4,0,0,0,0,2024-04-18
682634,hitting,2024,12,Tennessee Smokies,Southern League,4,0,0,0,1,0,1,0,0,4,0,0,0,0,2024-04-19
682634,hitting,2024,12,Tennessee Smokies,Southern League,4,1,0,0,1,0,2,1,0,5,1,0,0,0,2024-04-20
682634,hitting,2024,12,Tennessee Smokies,Southern League,5,0,0,0,1,0,3,2,0,5,2,0,0,0,2024-04-23
682634,hitting,2024,12,Tennessee Smokies,Southern League,5,0,0,1,1,0,2,0,0,5,1,0,1,0,2024-04-24
682634,hitting,2024,12,Tennessee Smokies,Southern League,4,0,0,0,1,0,1,0,0,4,0,0,0,0,2024-04-25
682634,hitting,2024,12,Tennessee Smokies,Southern League,4,0,0,0,1,0,0,0,0,4,0,0,0,0,2024-04-27
682634,hitting,2024,12,Tennessee Smokies,Southern League,4,0,0,0,1,0,0,0,0,4,0,0,0,0,2024-04-28
682634,hitting,2024,12,Tennessee Smokies,Southern League,4,0,0,0,1,0,1,0,0,4,0,0,0,0,2024-05-01
682634,hitting,2024,12,Tennessee Smokies,Southern League,2,1,0,0,1,0,0,0,0,3,1,0,0,0,2024-05-02
682634,hitting,2024,12,Tennessee Smokies,Southern League,4,0,0,0,1,0,1,0,0,4,1,0,0,0,2024-05-02
682634,hitting,2024,12,Tennessee Smokies,Southern League,4,0,0,1,1,0,1,0,0,4,0,0,0,0,2024-05-04
682634,hitting,2024,12,Tennessee Smokies,Southern League,4,0,0,0,1,0,0,0,0,4,0,0,0,0,2024-05-05
682634,hitting,2024,12,Tennessee Smokies,Southern League,4,1,0,0,1,0,1,0,0,5,0,0,0,0,2024-05-07
682634,hitting,2024,12,Tennessee Smokies,Southern League,4,0,0,0,1,0,2,0,0,4,0,0,0,0,2024-05-08
682634,hitting,2024,12,Tennessee Smokies,Southern League,1,0,0,0,1,0,0,0,0,1,0,0,0,0,2024-05-08
682634,hitting,2024,12,Tennessee Smokies,Southern League,3,0,0,0,1,0,0,0,0,3,0,0,0,0,2024-05-10
682634,hitting,2024,12,Tennessee Smokies,Southern League,3,1,0,0,1,0,3,0,0,4,1,0,0,0,2024-05-11
682634,hitting,2024,12,Tennessee Smokies,Southern League,6,0,0,0,1,0,1,0,0,6,0,0,0,0,2024-05-12
682634,hitting,2024,12,Tennessee Smokies,Southern League,4,0,0,0,1,0,0,0,0,4,0,0,0,0,2024-05-14
682634,hitting,2024,12,Tennessee Smokies,Southern League,3,1,0,0,1,0,0,0,0,4,0,0,0,0,2024-05-15
682634,hitting,2024,12,Tennessee Smokies,Southern League,3,1,1,1,1,0,2,0,0,4,1,0,0,0,2024-05-16
682634,hitting,2024,12,Tennessee Smokies,Southern League,5,0,0,0,1,0,1,0,0,5,0,0,0,0,2024-05-17
682634,hitting,2024,12,Tennessee Smokies,Southern League,4,0,0,0,1,0,0,0,0,4,0,0,0,0,2024-05-19
682634,hitting,2024,12,Tennessee Smokies,Southern League,3,1,0,1,1,0,1,0,0,4,0,0,0,0,2024-05-21
682634,hitting,2024,12,Tennessee Smokies,Southern League,4,0,0,0,1,0,0,0,0,4,0,0,0,0,2024-05-22
682634,hitting,2024,12,Tennessee Smokies,Southern League,3,0,0,0,1,0,1,0,0,3,0,0,0,0,2024-05-23
682634,hitting,2024,12,Tennessee Smokies,Southern League,4,0,0,1,1,0,4,0,0,4,1,0,1,0,2024-05-24
682634,hitting,2024,12,Tennessee Smokies,Southern League,5,0,0,1,1,0,3,1,0,5,2,0,0,0,2024-05-25
682634,hitting,2024,12,Tennessee Smokies,Southern League,4,0,0,0,1,0,1,0,0,4,0,0,0,0,2024-05-28
682634,hitting,2024,12,Tennessee Smokies,Southern League,5,0,0,0,1,0,2,0,0,5,1,0,1,0,2024-05-29
682634,hitting,2024,12,Tennessee Smokies,Southern League,4,0,0,1,1,1,2,0,0,5,2,0,1,0,2024-05-30
682634,hitting,2024,12,Tennessee Smokies,Southern League,5,0,0,0,1,0,1,0,0,5,0,0,0,0,2024-05-31
682634,hitting,2024,12,Tennessee Smokies,Southern League,3,1,0,0,1,0,1,0,0,4,1,0,0,0,2024-06-01
682634,hitting,2024,12,Tennessee Smokies,Southern League,4,0,0,0,1,0,1,0,0,4,0,0,0,0,2024-06-02
682634,hitting,2024,12,Tennessee Smokies,Southern League,4,0,0,0,1,0,0,0,0,4,0,0,0,0,2024-06-04
682634,hitting,2024,12,Tennessee Smokies,Southern League,4,0,0,0,1,0,1,0,0,4,0,0,0,0,2024-06-05
682634,hitting,2024,12,Tennessee Smokies,Southern League,5,0,0,1,1,0,2,0,0,5,0,0,0,0,2024-06-06
682634,hitting,2024,12,Tennessee Smokies,Southern League,4,0,0,0,1,0,0,0,0,4,0,0,0,0,2024-06-07
682634,hitting,2024,12,Tennessee Smokies,Southern League,3,1,0,0,1,0,0,0,0,4,0,0,0,0,2024-06-25
682634,hitting,2024,12,Tennessee Smokies,Southern League,3,1,0,0,1,0,0,0,0,4,1,0,0,0,2024-06-26
682634,hitting,2024,12,Tennessee Smokies,Southern League,3,1,0,0,1,0,0,0,0,4,0,0,0,0,2024-06-27
682634,hitting,2024,12,Tennessee Smokies,Southern League,2,1,0,0,1,0,1,0,0,3,0,0,0,0,2024-06-28
682634,hitting,2024,12,Tennessee Smokies,Southern League,4,1,0,0,1,0,1,0,0,5,1,0,0,0,2024-06-30
682634,hitting,2024,12,Tennessee Smokies,Southern League,4,0,0,0,1,0,2,0,0,5,0,1,0,0,2024-07-01
682634,hitting,2024,12,Tennessee Smokies,Southern League,5,0,0,0,1,0,2,1,0,5,1,0,0,0,2024-07-02
682634,hitting,2024,12,Tennessee Smokies,Southern League,5,0,0,0,1,0,2,0,0,5,0,0,0,0,2024-07-03
682634,hitting,2024,12,Tennessee Smokies,Southern League,5,0,0,1,1,0,1,0,0,5,1,0,0,0,2024-07-04
682634,hitting,2024,12,Tennessee Smokies,Southern League,4,2,0,0,1,0,1,0,0,6,1,0,0,0,2024-07-05
682634,hitting,2024,12,Tennessee Smokies,Southern League,2,2,0,0,1,0,0,0,0,4,0,0,0,0,2024-07-06
682634,hitting,2024,12,Tennessee Smokies,Southern League,4,0,0,0,1,0,1,0,0,4,0,0,0,0,2024-07-09
682634,hitting,2024,12,Tennessee Smokies,Southern League,5,0,1,1,1,0,3,0,0,5,1,0,1,0,2024-07-10
682634,hitting,2024,12,Tennessee Smokies,Southern League,4,0,0,1,1,0,2,0,0,4,0,0,0,0,2024-07-11
682634,hitting,2024,12,Tennessee Smokies,Southern League,4,0,0,0,1,0,2,1,0,4,2,0,0,0,2024-07-12
682634,hitting,2024,12,Tennessee Smokies,Southern League,4,0,0,0,1,0,1,0,0,4,0,0,0,0,2024-07-13
682634,hitting,2024,12,Tennessee Smokies,Southern League,4,0,0,0,1,0,1,0,0,4,0,0,0,0,2024-07-19
682634,hitting,2024,12,Tennessee Smokies,Southern League,4,0,0,0,1,0,1,1,0,5,1,1,0,0,2024-07-20
682634,hitting,2024,12,Tennessee Smokies,Southern League,2,1,0,0,1,0,1,0,0,3,1,0,0,0,2024-07-21
682634,hitting,2024,12,Tennessee Smokies,Southern League,3,1,0,0,1,0,1,1,0,4,1,0,0,0,2024-07-23
682634,hitting,2024,12,Tennessee Smokies,Southern League,4,0,0,1,1,0,2,0,0,4,1,0,0,0,2024-07-25
682634,hitting,2024,12,Tennessee Smokies,Southern League,3,1,0,0,1,0,1,0,0,4,0,0,0,0,2024-07-27
682634,hitting,2024,12,Tennessee Smokies,Southern League,3,0,0,0,1,0,0,0,0,3,0,0,0,0,2024-07-28
682634,hitting,2024,12,Tennessee Smokies,Southern League,5,1,0,0,1,0,3,0,0,6,1,0,0,0,2024-07-31
682634,hitting,2024,12,Tennessee Smokies,Southern League,4,1,0,0,1,0,0,0,0,5,1,0,0,0,2024-08-01
682634,hitting,2024,12,Tennessee Smokies,Southern League,4,1,0,0,1,0,1,0,0,5,1,0,1,0,2024-08-02
682634,hitting,2024,12,Tennessee Smokies,Southern League,3,3,0,0,1,0,0,0,0,6,2,0,0,0,2024-08-03
682634,hitting,2024,12,Tennessee Smokies,Southern League,3,1,0,0,1,1,0,0,0,5,1,0,0,0,2024-08-04
682641,hitting,2023,11,Sacramento River Cats,Pacific Coast League,5,0,0,0,1,0,0,0,0,5,0,0,0,0,2023-05-17
682641,hitting,2023,11,Sacramento River Cats,Pacific Coast League,4,1,0,1,1,0,2,0,0,5,1,0,0,0,2023-05-18
682641,hitting,2023,11,Sacramento River Cats,Pacific Coast League,5,0,0,0,1,0,3,0,0,5,1,0,0,1,2023-05-19
682641,hitting,2023,11,Sacramento River Cats,Pacific Coast League,5,0,0,0,1,0,2,0,0,5,0,0,0,1,2023-05-20
682641,hitting,2023,11,Sacramento River Cats,Pacific Coast League,3,0,0,1,1,0,2,0,0,3,2,0,0,0,2023-05-21
682641,hitting,2023,11,Sacramento River Cats,Pacific Coast League,5,0,0,0,1,0,1,0,0,5,0,0,0,0,2023-05-23
682641,hitting,2023,11,Sacramento River Cats,Pacific Coast League,5,0,0,0,1,0,0,0,0,5,0,0,0,0,2023-05-24
682641,hitting,2023,11,Sacramento River Cats,Pacific Coast League,4,1,0,0,1,0,3,0,0,5,2,0,2,0,2023-05-25
682641,hitting,2023,11,Sacramento River Cats,Pacific Coast League,4,1,0,0,1,0,0,0,0,5,0,0,0,0,2023-05-26
682641,hitting,2023,11,Sacramento River Cats,Pacific Coast League,4,0,0,0,1,0,1,0,0,4,1,0,0,0,2023-05-27
682641,hitting,2023,11,Sacramento River Cats,Pacific Coast League,4,1,0,1,1,0,1,0,0,5,1,0,0,0,2023-05-28
682641,hitting,2023,11,Sacramento River Cats,Pacific Coast League,5,0,0,0,1,0,3,0,0,5,1,0,0,0,2023-05-30
682641,hitting,2023,11,Sacramento River Cats,Pacific Coast League,5,1,1,0,1,0,3,0,0,6,1,0,2,0,2023-05-31
682641,hitting,2023,11,Sacramento River Cats,Pacific Coast League,6,0,0,1,1,0,4,1,0,6,1,0,0,0,2023-06-01
682641,hitting,2023,11,Sacramento River Cats,Pacific Coast League,5,0,0,1,1,0,2,0,0,5,2,0,0,0,2023-06-02
682641,hitting,2023,11,Sacramento River Cats,Pacific Coast League,5,0,0,0,1,0,3,0,0,5,0,0,0,0,2023-06-03
682641,hitting,2023,11,Sacramento River Cats,Pacific Coast League,4,0,0,0,1,0,1,0,0,4,0,0,0,0,2023-06-04
682641,hitting,2023,11,Sacramento River Cats,Pacific Coast League,5,0,0,0,1,0,0,0,0,5,0,0,0,0,2023-06-06
682641,hitting,2023,11,Sacramento River Cats,Pacific Coast League,5,0,0,0,1,0,2,1,0,5,1,0,0,0,2023-06-07
682641,hitting,2023,11,Sacramento River Cats,Pacific Coast League,4,0,0,1,1,0,2,1,0,5,2,0,0,0,2023-06-08
682641,hitting,2023,11,Sacramento River Cats,Pacific Coast League,3,2,0,0,1,0,1,0,0,5,1,0,1,0,2023-06-09
682641,hitting,2023,11,Sacramento River Cats,Pacific Coast League,5,0,0,0,1,0,3,1,0,5,1,0,0,0,2023-06-10
682641,hitting,2023,11,Sacramento River Cats,Pacific Coast League,6,0,0,0,1,0,3,2,0,6,2,0,1,0,2023-06-11
682641,hitting,2023,11,Sacramento River Cats,Pacific Coast League,2,0,0,0,1,0,1,1,0,2,1,0,0,0,2023-06-13
682641,hitting,2023,12,Richmond Flying Squirrels,Eastern League,4,0,0,0,1,0,3,1,0,4,2,0,0,0,2023-04-08
682641,hitting,2023,12,Richmond Flying Squirrels,Eastern League,1,2,0,0,1,0,0,0,0,3,2,0,0,0,2023-04-08
682641,hitting,2023,12,Richmond Flying Squirrels,Eastern League,5,0,0,0,1,0,1,0,0,5,1,0,0,0,2023-04-09
682641,hitting,2023,12,Richmond Flying Squirrels,Eastern League,4,1,0,1,1,0,1,0,0,5,0,0,0,0,2023-04-11
682641,hitting,2023,12,Richmond Flying Squirrels,Eastern League,5,0,0,0,1,0,2,0,0,5,0,0,0,0,2023-04-12
682641,hitting,2023,12,Richmond Flying Squirrels,Eastern League,0,1,0,0,1,0,0,0,0,1,0,0,0,0,2023-04-13
682641,hitting,2023,12,Richmond Flying Squirrels,Eastern League,4,1,0,0,1,0,0,0,0,5,0,0,0,0,2023-04-14
682641,hitting,2023,12,Richmond Flying Squirrels,Eastern League,5,0,0,0,1,0,1,0,0,5,0,0,1,0,2023-04-15
682641,hitting,2023,12,Richmond Flying Squirrels,Eastern League,3,1,1,0,1,0,0,0,0,4,0,0,0,0,2023-04-16
682641,hitting,2023,12,Richmond Flying Squirrels,Eastern League,4,2,0,1,1,0,1,0,0,6,2,0,1,0,2023-04-18
682641,hitting,2023,12,Richmond Flying Squirrels,Eastern League,5,0,0,1,1,0,2,0,0,5,1,0,0,0,2023-04-20
682641,hitting,2023,12,Richmond Flying Squirrels,Eastern League,4,0,0,0,1,0,2,0,0,4,1,0,0,0,2023-04-21
682641,hitting,2023,12,Richmond Flying Squirrels,Eastern League,3,1,0,0,1,0,0,0,0,4,0,0,0,0,2023-04-22
682641,hitting,2023,12,Richmond Flying Squirrels,Eastern League,4,1,0,1,1,0,2,0,0,5,2,0,0,0,2023-04-23
682641,hitting,2023,12,Richmond Flying Squirrels,Eastern League,3,1,0,0,1,0,0,0,0,4,0,0,0,0,2023-04-25
682641,hitting,2023,12,Richmond Flying Squirrels,Eastern League,4,1,0,0,1,0,0,0,0,5,0,0,0,0,2023-04-26
682641,hitting,2023,12,Richmond Flying Squirrels,Eastern League,5,0,0,0,1,0,1,0,0,5,2,0,0,0,2023-04-27
682641,hitting,2023,12,Richmond Flying Squirrels,Eastern League,3,0,0,0,1,0,0,0,0,3,0,0,0,0,2023-04-29
682641,hitting,2023,12,Richmond Flying Squirrels,Eastern League,3,1,0,0,1,0,1,0,0,4,1,0,0,0,2023-04-29
682641,hitting,2023,12,Richmond Flying Squirrels,Eastern League,5,0,0,0,1,0,4,0,0,5,0,0,2,0,2023-05-02
682641,hitting,2023,12,Richmond Flying Squirrels,Eastern League,0,1,0,0,1,0,0,0,0,1,0,0,0,0,2023-05-03
682641,hitting,2023,12,Richmond Flying Squirrels,Eastern League,5,0,0,0,1,0,1,0,0,5,0,0,1,0,2023-05-04
682641,hitting,2023,12,Richmond Flying Squirrels,Eastern League,3,1,0,1,1,0,2,0,0,4,2,0,1,0,2023-05-05
682641,hitting,2023,12,Richmond Flying Squirrels,Eastern League,4,0,0,0,1,0,0,0,0,4,0,0,0,0,2023-05-06
682641,hitting,2023,12,Richmond Flying Squirrels,Eastern League,4,0,0,0,1,0,2,1,0,4,1,0,0,0,2023-05-07
682641,hitting,2023,12,Richmond Flying Squirrels,Eastern League,5,0,0,1,1,0,2,0,0,5,0,0,0,0,2023-05-09
682641,hitting,2023,12,Richmond Flying Squirrels,Eastern League,3,1,0,0,1,0,0,0,0,4,0,0,1,0,2023-05-10
682641,hitting,2023,12,Richmond Flying Squirrels,Eastern League,5,0,1,0,1,0,1,0,0,5,0,0,1,0,2023-05-11
682641,hitting,2023,12,Richmond Flying Squirrels,Eastern League,4,0,0,0,1,1,1,0,0,5,0,0,1,0,2023-05-12
682641,hitting,2023,12,Richmond Flying Squirrels,Eastern League,4,0,0,0,1,0,1,0,0,4,0,0,0,0,2023-05-13
682641,hitting,2023,12,Richmond Flying Squirrels,Eastern League,4,1,2,1,1,0,4,1,0,5,1,0,0,0,2023-05-14
682668,hitting,2024,11,Syracuse Mets,International League,5,0,0,0,1,0,1,1,0,5,1,0,0,0,2024-03-29
682668,hitting,2024,11,Syracuse Mets,International League,4,0,0,0,1,0,0,0,0,4,0,0,0,0,2024-03-30
682668,hitting,2024,11,Syracuse Mets,International League,4,0,0,0,1,0,1,0,0,4,1,0,0,0,2024-03-31
682668,hitting,2024,11,Syracuse Mets,International League,4,1,0,0,1,0,0,0,0,5,0,0,0,0,2024-04-04
682668,hitting,2024,11,Syracuse Mets,International League,5,0,0,0,1,0,0,0,0,5,0,0,0,0,2024-04-05
682668,hitting,2024,11,Syracuse Mets,International League,4,0,0,0,1,0,1,0,0,4,1,0,0,0,2024-04-06
682668,hitting,2024,11,Syracuse Mets,International League,4,1,0,0,1,0,1,0,0,5,2,0,1,0,2024-04-06
682668,hitting,2024,11,Syracuse Mets,International League,4,0,0,0,1,0,1,0,0,4,0,0,1,0,2024-04-07
682668,hitting,2024,11,Syracuse Mets,International League,4,0,0,0,1,0,0,0,0,4,0,0,0,0,2024-04-08
682668,hitting,2024,11,Syracuse Mets,International League,4,0,0,0,1,0,1,0,0,4,1,0,0,1,2024-04-10
682668,hitting,2024,11,Syracuse Mets,International League,4,0,0,0,1,0,1,0,0,4,0,0,2,0,2024-04-11
682668,hitting,2024,11,Syracuse Mets,International League,4,0,1,0,1,0,2,0,0,4,0,0,1,0,2024-04-12
682668,hitting,2024,11,Syracuse Mets,International League,4,0,0,0,1,0,3,0,0,4,1,0,1,0,2024-04-14
682668,hitting,2024,11,Syracuse Mets,International League,4,0,0,0,1,0,0,0,0,4,0,0,0,0,2024-04-14
682668,hitting,2024,11,Syracuse Mets,International League,3,1,1,0,1,0,0,0,0,4,0,0,1,0,2024-04-18
682668,hitting,2024,11,Syracuse Mets,International League,5,0,0,0,1,0,1,0,0,5,0,0,0,0,2024-04-19
682668,hitting,2024,11,Syracuse Mets,International League,5,1,0,0,1,0,2,0,0,6,2,0,0,1,2024-04-20
682668,hitting,2024,11,Syracuse Mets,International League,2,1,1,0,1,1,0,0,0,4,1,0,1,0,2024-04-23
682668,hitting,2024,11,Syracuse Mets,International League,4,0,0,0,1,0,2,0,0,4,2,0,0,0,2024-04-24
682668,hitting,2024,11,Syracuse Mets,International League,4,0,0,0,1,0,0,0,0,4,0,0,0,0,2024-04-25
682668,hitting,2024,11,Syracuse Mets,International League,4,1,0,0,1,0,1,0,0,5,1,0,0,1,2024-04-26
682668,hitting,2024,11,Syracuse Mets,International League,3,0,0,1,1,0,1,0,0,3,1,0,0,0,2024-04-28
682668,hitting,2024,11,Syracuse Mets,International League,4,0,0,0,1,0,2,1,0,4,1,0,0,0,2024-04-28
682668,hitting,2024,11,Syracuse Mets,International League,6,0,0,1,1,0,1,0,0,6,1,0,0,0,2024-04-30
682668,hitting,2024,11,Syracuse Mets,International League,4,0,0,0,1,0,0,0,0,4,0,0,0,0,2024-05-01
682668,hitting,2024,11,Syracuse Mets,International League,5,1,0,0,1,0,1,0,0,6,1,0,0,0,2024-05-02
682668,hitting,2024,11,Syracuse Mets,International League,5,0,0,0,1,0,1,0,0,5,0,0,1,0,2024-05-03
682668,hitting,2024,11,Syracuse Mets,International League,5,0,0,0,1,0,1,0,0,5,1,0,0,0,2024-05-04
682668,hitting,2024,11,Syracuse Mets,International League,4,0,0,0,1,0,1,0,0,4,0,0,0,0,2024-05-05
682668,hitting,2024,11,Syracuse Mets,International League,5,1,0,0,1,0,1,0,0,6,3,0,1,0,2024-05-07
682668,hitting,2024,11,Syracuse Mets,International League,4,1,0,1,1,0,1,0,0,5,2,0,1,0,2024-05-08
682668,hitting,2024,11,Syracuse Mets,International League,6,0,0,1,1,0,3,0,0,6,1,0,0,0,2024-05-10
682668,hitting,2024,11,Syracuse Mets,International League,5,0,0,0,1,0,1,0,0,5,0,0,0,0,2024-05-11
682668,hitting,2024,11,Syracuse Mets,International League,5,1,0,0,1,0,2,0,0,6,2,0,2,0,2024-05-12
682668,hitting,2024,11,Syracuse Mets,International League,5,0,0,0,1,0,1,0,0,5,1,0,0,0,2024-05-14
682668,hitting,2024,11,Syracuse Mets,International League,3,0,0,0,1,0,0,0,0,3,0,0,0,0,2024-05-15
682668,hitting,2024,11,Syracuse Mets,International League,5,0,0,0,1,0,1,0,0,5,0,0,1,0,2024-05-16
682668,hitting,2024,11,Syracuse Mets,International League,5,0,0,0,1,0,1,0,0,5,1,0,0,0,2024-05-17
682668,hitting,2024,11,Syracuse Mets,International League,5,0,0,1,1,0,2,0,0,5,1,0,0,0,2024-05-18
682668,hitting,2024,11,Syracuse Mets,International League,4,0,0,0,1,0,1,0,0,4,1,0,0,0,2024-05-19
682668,hitting,2024,11,Syracuse Mets,International League,4,0,0,0,1,1,2,0,0,6,2,1,1,0,2024-05-21
682668,hitting,2024,11,Syracuse Mets,International League,5,0,0,1,1,0,2,0,0,5,2,0,0,0,2024-05-22
682668,hitting,2024,11,Syracuse Mets,International League,3,0,0,1,1,0,1,0,0,3,1,0,0,0,2024-05-23
682668,hitting,2024,11,Syracuse Mets,International League,4,0,0,0,1,0,1,0,0,4,0,0,1,0,2024-05-23
682668,hitting,2024,11,Syracuse Mets,International League,3,1,0,0,1,0,0,0,0,4,1,0,0,0,2024-05-24
682668,hitting,2024,11,Syracuse Mets,International League,5,0,2,1,1,0,4,0,0,5,1,0,1,0,2024-05-25
682668,hitting,2024,11,Syracuse Mets,International League,4,1,0,0,1,0,1,0,0,5,3,0,0,0,2024-05-26
682668,hitting,2024,11,Syracuse Mets,International League,4,1,1,0,1,0,2,1,0,5,1,0,1,0,2024-05-28
682668,hitting,2024,11,Syracuse Mets,International League,3,1,0,0,1,0,1,0,0,4,2,0,1,0,2024-05-29
682668,hitting,2024,11,Syracuse Mets,International League,4,0,0,0,1,0,0,0,0,4,0,0,0,0,2024-05-30
682668,hitting,2024,11,Syracuse Mets,International League,3,1,0,0,1,0,1,0,0,4,1,0,0,0,2024-05-31
682668,hitting,2024,11,Syracuse Mets,International League,5,0,0,0,1,0,0,0,0,5,0,0,0,0,2024-06-01
682668,hitting,2024,11,Syracuse Mets,International League,5,0,0,0,1,0,1,0,0,5,1,0,1,0,2024-06-02
682668,hitting,2024,11,Syracuse Mets,International League,3,1,0,0,1,0,0,0,0,4,0,0,0,0,2024-06-05
682668,hitting,2024,11,Syracuse Mets,International League,3,1,0,0,1,0,0,0,0,4,0,0,0,0,2024-06-06
682668,hitting,2024,11,Syracuse Mets,International League,5,0,1,0,1,0,1,0,0,5,1,0,0,0,2024-06-06
682668,hitting,2024,11,Syracuse Mets,International League,5,0,0,0,1,0,2,0,0,5,1,0,1,1,2024-06-07
682668,hitting,2024,11,Syracuse Mets,International League,5,0,0,0,1,0,2,0,0,5,1,0,0,0,2024-06-08
682668,hitting,2024,11,Syracuse Mets,International League,4,1,1,0,1,0,0,0,0,5,0,0,1,0,2024-06-09
682668,hitting,2024,11,Syracuse Mets,International League,4,0,1,0,1,0,2,0,0,4,1,0,0,0,2024-06-12
682668,hitting,2024,11,Syracuse Mets,International League,5,1,0,1,1,0,4,0,0,6,2,0,0,0,2024-06-13
682668,hitting,2024,11,Syracuse Mets,International League,5,0,0,1,1,0,1,0,0,5,1,0,1,0,2024-06-14
682668,hitting,2024,11,Syracuse Mets,International League,4,0,0,0,1,0,1,0,0,4,0,0,0,0,2024-06-15
682668,hitting,2024,11,Syracuse Mets,International League,5,0,0,0,1,0,2,1,0,5,1,0,0,0,2024-06-16
682668,hitting,2024,11,Syracuse Mets,International League,5,1,0,0,1,0,1,0,0,6,1,0,0,0,2024-06-18
682668,hitting,2024,11,Syracuse Mets,International League,2,2,0,0,1,0,1,0,0,5,1,0,1,0,2024-06-19
682668,hitting,2024,11,Syracuse Mets,International League,3,0,0,0,1,0,1,0,0,3,0,0,2,0,2024-06-20
682668,hitting,2024,11,Syracuse Mets,International League,5,0,0,0,1,0,2,0,0,5,0,0,0,0,2024-06-22
682668,hitting,2024,11,Syracuse Mets,International League,4,0,0,1,1,0,3,0,0,4,0,0,0,0,2024-06-23
682668,hitting,2024,11,Syracuse Mets,International League,5,0,0,0,1,0,2,0,0,5,1,0,0,0,2024-06-25
682668,hitting,2024,11,Syracuse Mets,International League,5,0,1,0,1,0,2,0,0,5,0,0,0,0,2024-06-26
682668,hitting,2024,11,Syracuse Mets,International League,4,0,0,0,1,0,0,0,0,4,0,0,0,0,2024-06-27
682668,hitting,2024,11,Syracuse Mets,International League,4,1,0,1,1,0,1,0,0,5,2,0,0,0,2024-06-28
682668,hitting,2024,11,Syracuse Mets,International League,5,0,0,0,1,0,1,1,0,5,2,0,0,0,2024-06-29
682668,hitting,2024,11,Syracuse Mets,International League,4,0,0,0,1,0,1,0,0,4,0,0,0,0,2024-06-30
682668,hitting,2024,11,Syracuse Mets,International League,3,1,0,0,1,0,0,0,0,4,0,0,0,0,2024-07-01
682668,hitting,2024,11,Syracuse Mets,International League,4,0,0,0,1,0,2,0,0,4,1,0,1,0,2024-07-02
682668,hitting,2024,11,Syracuse Mets,International League,5,0,0,0,1,0,0,0,0,5,0,0,0,0,2024-07-03
682668,hitting,2024,11,Syracuse Mets,International League,4,1,0,0,1,0,0,0,0,5,0,0,0,0,2024-07-05
682668,hitting,2024,11,Syracuse Mets,International League,4,0,0,0,1,0,1,0,0,4,0,0,0,0,2024-07-06
682668,hitting,2024,11,Syracuse Mets,International League,5,1,0,0,1,0,0,0,0,6,1,0,1,0,2024-07-09
682668,hitting,2024,11,Syracuse Mets,International League,4,0,0,0,1,0,2,0,0,4,2,0,1,0,2024-07-11
682668,hitting,2024,11,Syracuse Mets,International League,3,0,0,0,1,0,1,0,0,3,1,0,0,0,2024-07-11
682668,hitting,2024,11,Syracuse Mets,International League,4,0,0,0,1,0,1,0,0,4,1,0,0,0,2024-07-12
682668,hitting,2024,11,Syracuse Mets,International League,4,0,0,0,1,0,0,0,0,4,0,0,0,0,2024-07-13
682668,hitting,2024,11,Syracuse Mets,International League,4,0,0,0,1,0,1,0,0,4,0,0,0,0,2024-07-14
682668,hitting,2024,11,Syracuse Mets,International League,4,0,0,0,1,0,2,0,0,5,3,0,1,0,2024-07-19
682668,hitting,2024,11,Syracuse Mets,International League,5,0,1,1,1,0,3,0,0,5,2,0,0,0,2024-07-20
682668,hitting,2024,11,Syracuse Mets,International League,0,0,1,0,1,0,0,0,0,0,0,0,0,0,2024-07-21
682668,hitting,2024,11,Syracuse Mets,International League,5,0,0,0,1,0,0,0,0,5,0,0,0,0,2024-07-23
682668,hitting,2024,11,Syracuse Mets,International League,4,0,0,0,1,0,1,0,0,4,0,0,0,0,2024-07-24
682668,hitting,2024,11,Syracuse Mets,International League,4,0,0,0,1,0,1,0,0,4,1,0,0,1,2024-07-25
682668,hitting,2024,11,Syracuse Mets,International League,5,0,0,0,1,0,1,0,0,5,0,0,0,0,2024-07-26
682668,hitting,2024,11,Syracuse Mets,International League,5,0,1,0,1,0,2,0,0,5,0,0,0,0,2024-07-27
682668,hitting,2024,11,Syracuse Mets,International League,4,1,0,0,1,0,0,0,0,5,1,0,0,0,2024-07-28
682668,hitting,2024,11,Syracuse Mets,International League,5,0,0,0,1,0,2,0,0,6,1,1,0,0,2024-07-30
682668,hitting,2024,11,Syracuse Mets,International League,4,1,0,1,1,0,1,0,0,5,1,0,1,0,2024-07-31
682668,hitting,2024,11,Syracuse Mets,International League,1,0,0,0,1,0,0,0,0,1,0,0,0,0,2024-08-03
682668,hitting,2024,11,Syracuse Mets,International League,1,0,0,1,1,0,1,0,0,1,0,0,0,0,2024-08-06
682668,hitting,2024,11,Syracuse Mets,International League,5,0,0,1,1,0,2,1,0,5,2,0,0,0,2024-08-07
682668,hitting,2024,11,Syracuse Mets,International League,4,0,0,0,1,0,1,0,0,4,0,0,0,0,2024-08-08
682668,hitting,2024,11,Syracuse Mets,International League,4,0,0,0,1,0,1,0,0,4,0,0,0,0,2024-08-10
682668,hitting,2024,11,Syracuse Mets,International League,4,0,0,2,1,0,2,0,0,4,1,0,0,0,2024-08-10
682668,hitting,2024,11,Syracuse Mets,International League,4,0,0,0,1,0,0,0,0,4,0,0,0,0,2024-08-11
682668,hitting,2024,11,Syracuse Mets,International League,5,0,0,0,1,0,2,0,0,5,0,0,0,0,2024-08-13
682668,hitting,2024,11,Syracuse Mets,International League,5,0,0,0,1,0,0,0,0,5,0,0,0,0,2024-08-14
682668,hitting,2024,11,Syracuse Mets,International League,4,0,0,0,1,0,1,0,0,4,0,0,0,0,2024-08-15
682668,hitting,2024,11,Syracuse Mets,International League,4,0,0,1,1,0,2,0,0,4,1,0,0,0,2024-08-16
682668,hitting,2024,11,Syracuse Mets,International League,4,0,0,0,1,0,1,0,0,4,1,0,1,0,2024-08-17
682668,hitting,2024,11,Syracuse Mets,International League,4,1,0,0,1,0,0,0,0,5,1,0,0,0,2024-08-18
682668,hitting,2024,11,Syracuse Mets,International League,3,1,0,0,1,0,0,0,0,4,0,0,0,0,2024-08-20
682668,hitting,2024,11,Syracuse Mets,International League,5,0,0,0,1,0,1,0,0,5,1,0,0,0,2024-08-21
682668,hitting,2024,11,Syracuse Mets,International League,4,0,0,0,1,0,0,0,0,4,0,0,0,0,2024-08-22
682668,hitting,2024,11,Syracuse Mets,International League,5,0,0,0,1,0,0,0,0,5,1,0,0,0,2024-08-23
682668,hitting,2024,11,Syracuse Mets,International League,3,0,0,0,1,0,0,0,0,4,0,1,0,0,2024-08-24
682668,hitting,2024,11,Syracuse Mets,International League,5,0,0,0,1,0,2,0,0,5,1,0,0,0,2024-08-25
682668,hitting,2024,11,Syracuse Mets,International League,5,0,0,0,1,0,4,1,0,5,1,0,2,0,2024-08-27
682668,hitting,2024,11,Syracuse Mets,International League,5,0,0,0,1,0,2,0,0,5,0,0,0,0,2024-08-28
682668,hitting,2024,11,Syracuse Mets,International League,4,0,0,0,1,0,1,0,0,5,1,1,1,0,2024-08-29
682668,hitting,2024,11,Syracuse Mets,International League,4,0,0,0,1,0,0,0,0,4,0,0,0,0,2024-08-30
682668,hitting,2024,11,Syracuse Mets,International League,5,0,0,0,1,0,3,0,0,5,0,0,1,1,2024-08-31
682668,hitting,2024,11,Syracuse Mets,International League,4,0,0,0,1,0,0,0,0,4,0,0,0,0,2024-09-01
682668,hitting,2024,11,Syracuse Mets,International League,4,0,0,1,1,0,1,0,0,4,1,0,0,0,2024-09-03
682668,hitting,2024,11,Syracuse Mets,International League,5,0,0,0,1,0,0,0,0,5,0,0,0,0,2024-09-04
682668,hitting,2024,11,Syracuse Mets,International League,5,0,0,0,1,0,2,0,0,5,0,0,1,0,2024-09-05
682668,hitting,2024,11,Syracuse Mets,International League,5,0,0,0,1,0,2,0,0,5,1,0,1,0,2024-09-06
682668,hitting,2024,11,Syracuse Mets,International League,4,0,0,0,1,0,0,0,0,4,0,0,0,0,2024-09-07
682668,hitting,2024,11,Syracuse Mets,International League,5,0,0,0,1,0,1,0,0,5,1,0,1,0,2024-09-08
682668,hitting,2024,11,Syracuse Mets,International League,3,1,0,0,1,0,1,0,0,4,1,0,1,0,2024-09-10
682668,hitting,2024,11,Syracuse Mets,International League,4,0,0,0,1,0,0,0,0,4,0,0,0,0,2024-09-11
682668,hitting,2024,11,Syracuse Mets,International League,3,1,1,0,1,0,1,0,0,4,0,0,0,0,2024-09-12
682829,hitting,2023,11,Louisville Bats,International League,5,0,1,1,1,0,1,0,0,5,0,0,0,0,2023-04-20
682829,hitting,2023,11,Louisville Bats,International League,3,0,0,0,1,0,0,0,0,3,0,0,0,0,2023-04-22
682829,hitting,2023,11,Louisville Bats,International League,5,0,0,0,1,0,0,0,0,5,0,0,0,0,2023-04-23
682829,hitting,2023,11,Louisville Bats,International League,5,0,0,0,1,0,0,0,0,5,0,0,1,0,2023-04-25
682829,hitting,2023,11,Louisville Bats,International League,4,1,0,0,1,0,1,0,0,5,0,0,0,1,2023-04-26
682829,hitting,2023,11,Louisville Bats,International League,6,0,0,1,1,0,4,0,0,6,3,0,1,1,2023-04-27
682829,hitting,2023,11,Louisville Bats,International League,5,0,0,0,1,0,0,0,0,5,0,0,0,0,2023-04-28
682829,hitting,2023,11,Louisville Bats,International League,4,1,0,0,1,0,1,1,0,5,1,0,0,0,2023-04-29
682829,hitting,2023,11,Louisville Bats,International League,4,0,0,0,1,0,1,0,0,4,0,0,0,0,2023-04-30
682829,hitting,2023,11,Louisville Bats,International League,5,0,0,1,1,0,1,0,0,5,1,0,0,0,2023-05-02
682829,hitting,2023,11,Louisville Bats,International League,5,0,1,0,1,0,2,0,0,5,0,0,0,0,2023-05-03
682829,hitting,2023,11,Louisville Bats,International League,5,0,1,0,1,0,2,0,0,5,1,0,0,0,2023-05-04
682829,hitting,2023,11,Louisville Bats,International League,4,0,0,0,1,0,2,0,0,4,0,0,0,0,2023-05-05
682829,hitting,2023,11,Louisville Bats,International League,5,0,0,1,1,0,2,1,0,5,2,0,0,0,2023-05-06
682829,hitting,2023,11,Louisville Bats,International League,5,0,0,0,1,0,1,1,0,5,1,0,0,0,2023-05-07
682829,hitting,2023,11,Louisville Bats,International League,4,2,0,1,1,0,3,2,0,6,2,0,0,0,2023-05-09
682829,hitting,2023,11,Louisville Bats,International League,3,0,0,0,1,1,0,0,0,4,1,0,0,0,2023-05-10
682829,hitting,2023,11,Louisville Bats,International League,2,3,1,0,1,0,1,1,0,5,2,0,0,0,2023-05-11
682829,hitting,2023,11,Louisville Bats,International League,3,2,0,0,1,0,0,0,0,5,0,0,2,0,2023-05-12
682829,hitting,2023,11,Louisville Bats,International League,3,3,1,0,1,0,1,0,0,6,2,0,0,0,2023-05-13
682829,hitting,2023,11,Louisville Bats,International League,5,0,0,1,1,0,2,0,0,5,0,0,0,0,2023-05-14
682829,hitting,2023,11,Louisville Bats,International League,3,1,0,0,1,0,2,0,0,4,1,0,1,0,2023-05-16
682829,hitting,2023,11,Louisville Bats,International League,4,0,0,0,1,0,0,0,0,4,0,0,0,0,2023-05-17
682829,hitting,2023,11,Louisville Bats,International League,3,2,0,1,1,0,1,0,0,5,3,0,2,0,2023-05-18
682829,hitting,2023,11,Louisville Bats,International League,5,0,0,0,1,0,1,0,0,5,0,0,0,1,2023-05-19
682829,hitting,2023,11,Louisville Bats,International League,4,1,0,0,1,0,1,0,0,5,1,0,0,0,2023-05-20
682829,hitting,2023,11,Louisville Bats,International League,5,0,0,1,1,0,2,1,0,5,2,0,0,0,2023-05-21
682829,hitting,2023,11,Louisville Bats,International League,3,1,0,1,1,0,1,0,0,5,1,1,2,0,2023-05-24
682829,hitting,2023,11,Louisville Bats,International League,3,2,0,0,1,0,1,1,0,5,1,0,0,0,2023-05-25
682829,hitting,2023,11,Louisville Bats,International League,6,0,0,0,1,0,3,2,0,6,3,0,0,0,2023-05-26
682829,hitting,2023,11,Louisville Bats,International League,4,1,1,1,1,0,2,0,0,5,0,0,0,0,2023-05-27
682829,hitting,2023,11,Louisville Bats,International League,5,0,0,0,1,0,2,0,0,5,1,0,0,0,2023-05-28
682829,hitting,2023,11,Louisville Bats,International League,3,2,0,0,1,0,1,1,0,5,2,0,2,0,2023-05-30
682829,hitting,2023,11,Louisville Bats,International League,4,1,0,0,1,0,1,0,0,5,2,0,0,0,2023-05-31
682829,hitting,2023,11,Louisville Bats,International League,5,0,0,0,1,0,0,0,0,5,0,0,0,0,2023-06-01
682829,hitting,2023,11,Louisville Bats,International League,4,1,0,0,1,0,2,1,0,5,2,0,0,0,2023-06-02
682829,hitting,2023,11,Louisville Bats,International League,3,1,0,0,1,0,1,0,0,4,1,0,0,0,2023-06-03
682829,hitting,2023,11,Louisville Bats,International League,4,1,0,1,1,0,1,0,0,5,2,0,0,0,2023-06-04
682848,hitting,2023,11,Indianapolis Indians,International League,5,0,0,0,1,0,1,1,0,5,1,0,0,0,2023-03-31
682848,hitting,2023,11,Indianapolis Indians,International League,5,0,0,0,1,0,1,0,0,5,0,0,0,0,2023-04-02
682848,hitting,2023,11,Indianapolis Indians,International League,3,1,0,0,1,0,0,0,0,4,0,0,0,0,2023-04-04
682848,hitting,2023,11,Indianapolis Indians,International League,2,1,0,0,1,0,0,0,0,4,0,1,0,0,2023-04-06
682848,hitting,2023,11,Indianapolis Indians,International League,4,1,0,0,1,0,2,0,0,5,1,0,0,0,2023-04-07
682848,hitting,2023,11,Indianapolis Indians,International League,4,1,0,0,1,0,1,0,0,5,1,0,0,0,2023-04-08
682848,hitting,2023,11,Indianapolis Indians,International League,4,1,0,0,1,0,2,0,0,5,1,0,0,0,2023-04-09
682848,hitting,2023,11,Indianapolis Indians,International League,5,0,0,0,1,0,0,0,0,6,0,1,0,0,2023-04-11
682848,hitting,2023,11,Indianapolis Indians,International League,4,0,0,0,1,0,1,0,0,4,0,0,0,0,2023-04-13
682848,hitting,2023,11,Indianapolis Indians,International League,4,1,0,0,1,0,1,0,0,5,1,0,0,1,2023-04-14
682848,hitting,2023,11,Indianapolis Indians,International League,5,0,0,0,1,0,3,1,0,5,2,0,0,0,2023-04-15
682848,hitting,2023,11,Indianapolis Indians,International League,5,0,0,0,1,0,2,0,0,5,1,0,0,0,2023-04-18
682848,hitting,2023,11,Indianapolis Indians,International League,4,0,0,0,1,1,0,0,0,5,1,0,0,0,2023-04-19
682848,hitting,2023,11,Indianapolis Indians,International League,3,0,0,0,1,0,1,1,0,3,1,0,0,0,2023-04-20
682848,hitting,2023,11,Indianapolis Indians,International League,4,1,0,0,1,0,0,0,0,5,1,0,0,0,2023-04-29
682848,hitting,2023,11,Indianapolis Indians,International League,3,1,0,0,1,0,1,0,0,4,0,0,0,0,2023-05-03
682848,hitting,2023,11,Indianapolis Indians,International League,4,1,0,0,1,0,3,0,0,5,2,0,2,0,2023-05-05
682848,hitting,2023,11,Indianapolis Indians,International League,4,1,0,0,1,0,0,0,0,5,1,0,0,0,2023-05-07
682848,hitting,2023,11,Indianapolis Indians,International League,5,0,0,1,1,0,1,0,0,5,0,0,0,0,2023-05-09
682848,hitting,2023,11,Indianapolis Indians,International League,5,0,0,1,1,0,1,0,0,5,1,0,0,0,2023-05-10
682848,hitting,2023,11,Indianapolis Indians,International League,4,0,0,0,1,0,0,0,0,4,0,0,0,0,2023-05-12
682848,hitting,2023,11,Indianapolis Indians,International League,2,1,0,0,1,1,1,0,0,4,1,0,1,0,2023-05-13
682848,hitting,2023,11,Indianapolis Indians,International League,2,3,0,0,1,0,0,0,0,5,2,0,0,0,2023-05-14
682848,hitting,2023,11,Indianapolis Indians,International League,4,0,0,0,1,0,1,1,0,4,1,0,0,0,2023-05-16
682848,hitting,2023,11,Indianapolis Indians,International League,3,2,0,0,1,0,0,0,0,5,0,0,1,0,2023-05-17
682848,hitting,2023,11,Indianapolis Indians,International League,5,0,0,1,1,0,2,0,0,5,1,0,0,1,2023-05-18
682848,hitting,2023,11,Indianapolis Indians,International League,3,0,0,0,1,0,0,0,0,3,0,0,0,0,2023-05-20
682848,hitting,2023,11,Indianapolis Indians,International League,4,0,0,0,1,0,1,0,0,4,1,0,0,0,2023-05-21
682848,hitting,2023,11,Indianapolis Indians,International League,4,1,0,2,1,0,2,0,0,5,1,0,0,0,2023-05-23
682848,hitting,2023,11,Indianapolis Indians,International League,6,0,0,0,1,0,0,0,0,6,0,0,0,0,2023-05-24
682848,hitting,2023,11,Indianapolis Indians,International League,4,0,0,0,1,0,0,0,0,4,0,0,0,0,2023-05-25
682848,hitting,2023,11,Indianapolis Indians,International League,5,0,0,0,1,0,0,0,0,5,0,0,0,0,2023-05-26
682848,hitting,2023,11,Indianapolis Indians,International League,4,1,0,0,1,0,0,0,0,5,1,0,0,0,2023-05-28
682848,hitting,2023,11,Indianapolis Indians,International League,5,0,0,0,1,0,4,0,0,5,3,0,0,0,2023-05-29
682848,hitting,2023,11,Indianapolis Indians,International League,4,1,0,0,1,0,1,0,0,5,1,0,0,1,2023-05-31
682848,hitting,2023,11,Indianapolis Indians,International League,4,1,0,0,1,0,1,0,0,5,0,0,0,0,2023-06-01
682848,hitting,2023,11,Indianapolis Indians,International League,5,0,0,0,1,0,3,0,0,5,1,0,0,0,2023-06-02
682848,hitting,2023,11,Indianapolis Indians,International League,4,1,0,0,1,0,1,0,0,5,2,0,0,0,2023-06-03
682848,hitting,2023,11,Indianapolis Indians,International League,4,1,0,0,1,0,1,0,0,5,1,0,0,0,2023-06-06
682848,hitting,2023,11,Indianapolis Indians,International League,5,0,0,1,1,0,2,0,0,5,1,0,0,0,2023-06-07
682848,hitting,2023,11,Indianapolis Indians,International League,3,0,0,1,1,0,1,0,0,3,0,0,0,0,2023-06-08
682848,hitting,2023,11,Indianapolis Indians,International League,4,0,0,0,1,0,1,0,0,4,1,0,0,0,2023-06-09
682848,hitting,2023,11,Indianapolis Indians,International League,5,0,0,0,1,0,1,0,0,5,0,0,0,0,2023-06-10
682848,hitting,2023,11,Indianapolis Indians,International League,4,0,0,0,1,0,0,0,0,4,0,0,0,0,2023-06-13
682848,hitting,2023,11,Indianapolis Indians,International League,4,0,0,0,1,0,0,0,0,4,0,0,0,0,2023-06-14
682848,hitting,2023,11,Indianapolis Indians,International League,4,1,0,0,1,0,1,0,0,5,0,0,0,0,2023-06-15
682848,hitting,2023,11,Indianapolis Indians,International League,4,0,0,0,1,0,1,0,0,4,0,0,0,0,2023-06-16
682848,hitting,2023,11,Indianapolis Indians,International League,4,0,0,0,1,0,0,0,0,4,0,0,0,0,2023-06-17
682848,hitting,2023,11,Indianapolis Indians,International League,5,0,0,2,1,0,3,0,0,5,1,0,0,0,2023-06-18
682848,hitting,2023,11,Indianapolis Indians,International League,4,0,0,0,1,0,0,0,0,4,0,0,0,0,2023-06-20
682848,hitting,2023,11,Indianapolis Indians,International League,4,1,0,1,1,0,1,0,0,5,0,0,0,0,2023-06-21
682848,hitting,2023,11,Indianapolis Indians,International League,2,1,0,0,1,0,0,0,0,3,0,0,0,0,2023-06-21
682848,hitting,2023,11,Indianapolis Indians,International League,3,2,0,0,1,0,1,0,0,5,1,0,0,0,2023-06-22
682848,hitting,2023,11,Indianapolis Indians,International League,5,1,0,1,1,0,3,0,0,6,2,0,0,0,2023-06-23
682848,hitting,2023,11,Indianapolis Indians,International League,3,0,0,0,1,0,0,0,0,4,0,1,0,0,2023-06-24
682848,hitting,2023,11,Indianapolis Indians,International League,5,0,0,0,1,0,2,1,0,5,3,0,0,0,2023-06-25
682848,hitting,2023,11,Indianapolis Indians,International League,4,0,0,1,1,0,2,0,0,5,1,1,0,0,2023-06-28
682848,hitting,2023,11,Indianapolis Indians,International League,5,0,0,0,1,0,3,0,0,5,1,0,0,0,2023-06-29
682848,hitting,2023,11,Indianapolis Indians,International League,4,2,0,0,1,0,1,0,0,6,2,0,0,0,2023-06-30
682848,hitting,2023,11,Indianapolis Indians,International League,5,1,0,0,1,0,1,0,0,6,1,0,0,0,2023-07-01
682848,hitting,2023,11,Indianapolis Indians,International League,4,0,0,1,1,0,1,0,0,4,1,0,0,0,2023-07-02
682848,hitting,2023,11,Indianapolis Indians,International League,4,1,0,0,1,0,0,0,0,5,1,0,0,0,2023-07-03
682848,hitting,2023,11,Indianapolis Indians,International League,4,1,0,1,1,0,2,0,0,5,2,0,0,0,2023-07-04
682848,hitting,2023,11,Indianapolis Indians,International League,4,0,0,0,1,0,0,0,0,4,0,0,0,0,2023-07-05
682848,hitting,2023,11,Indianapolis Indians,International League,4,1,0,0,1,0,2,0,0,5,1,0,0,0,2023-07-06
682848,hitting,2023,11,Indianapolis Indians,International League,4,1,0,0,1,1,3,1,0,6,3,0,0,0,2023-07-14
682848,hitting,2023,11,Indianapolis Indians,International League,4,1,0,2,1,0,2,0,0,5,1,0,0,0,2023-07-15
682985,hitting,2022,11,Toledo Mud Hens,International League,4,0,0,0,1,0,1,0,0,4,0,0,0,0,2022-05-30
682985,hitting,2022,11,Toledo Mud Hens,International League,3,1,0,0,1,0,0,0,0,4,0,0,0,0,2022-06-01
682985,hitting,2022,11,Toledo Mud Hens,International League,4,1,0,0,1,0,2,1,0,5,2,0,0,0,2022-06-02
682985,hitting,2022,11,Toledo Mud Hens,International League,5,0,0,1,1,0,2,0,0,5,1,0,0,0,2022-06-03
682985,hitting,2022,11,Toledo Mud Hens,International League,4,1,0,0,1,0,0,0,0,5,1,0,1,0,2022-06-04
682985,hitting,2022,11,Toledo Mud Hens,International League,5,1,0,0,1,0,1,0,0,6,1,0,0,0,2022-06-05
682985,hitting,2022,11,Toledo Mud Hens,International League,5,0,0,0,1,0,2,0,0,5,1,0,0,0,2022-06-07
682985,hitting,2022,11,Toledo Mud Hens,International League,2,1,0,0,1,0,0,0,0,3,0,0,1,0,2022-06-09
682985,hitting,2022,11,Toledo Mud Hens,International League,3,0,0,0,1,0,1,0,0,3,1,0,0,0,2022-06-09
682985,hitting,2022,11,Toledo Mud Hens,International League,5,0,0,0,1,0,2,0,0,5,1,0,0,0,2022-06-10
682985,hitting,2022,11,Toledo Mud Hens,International League,3,1,0,0,1,0,1,0,0,4,0,0,0,0,2022-06-11
682985,hitting,2022,11,Toledo Mud Hens,International League,5,0,0,1,1,0,2,0,0,5,1,0,0,0,2022-06-12
682985,hitting,2022,11,Toledo Mud Hens,International League,4,0,0,0,1,0,0,0,0,4,0,0,0,0,2022-06-14
682985,hitting,2022,11,Toledo Mud Hens,International League,5,0,0,1,1,0,2,0,0,5,1,0,1,0,2022-06-15
682985,hitting,2022,11,Toledo Mud Hens,International League,5,0,0,1,1,0,1,0,0,5,0,0,0,0,2022-06-16
682985,hitting,2022,14,Lakeland Flying Tigers,Florida State League,3,0,0,0,1,0,0,0,0,3,0,0,0,0,2022-05-27
682985,hitting,2022,14,Lakeland Flying Tigers,Florida State League,3,1,1,0,1,0,2,0,0,4,0,0,1,0,2022-05-28
682987,hitting,2026,11,Scranton/Wilkes-Barre RailRiders,International League,4,1,0,1,1,0,1,0,0,5,2,0,0,0,2026-03-27
682987,hitting,2026,11,Scranton/Wilkes-Barre RailRiders,International League,5,0,0,0,1,0,2,0,0,5,0,0,0,0,2026-03-29
682987,hitting,2026,11,Scranton/Wilkes-Barre RailRiders,International League,3,0,0,0,1,0,1,1,0,3,1,0,0,0,2026-03-29
682987,hitting,2026,11,Scranton/Wilkes-Barre RailRiders,International League,4,1,0,0,1,0,0,0,0,5,0,0,0,0,2026-04-01
682987,hitting,2026,11,Scranton/Wilkes-Barre RailRiders,International League,4,0,0,0,1,0,0,0,0,4,0,0,0,0,2026-04-02
682987,hitting,2026,11,Scranton/Wilkes-Barre RailRiders,International League,5,0,0,2,1,0,2,0,0,5,2,0,0,0,2026-04-03
682987,hitting,2026,11,Scranton/Wilkes-Barre RailRiders,International League,3,1,0,0,1,0,0,0,0,4,0,0,0,0,2026-04-04
682987,hitting,2026,11,Scranton/Wilkes-Barre RailRiders,International League,5,0,0,0,1,1,1,1,0,6,2,0,0,0,2026-04-05
682987,hitting,2026,11,Scranton/Wilkes-Barre RailRiders,International League,1,3,0,0,1,0,0,0,0,4,1,0,1,0,2026-04-08
682987,hitting,2026,11,Scranton/Wilkes-Barre RailRiders,International League,5,0,0,0,1,0,1,0,0,5,0,0,0,0,2026-04-09
682987,hitting,2026,11,Scranton/Wilkes-Barre RailRiders,International League,2,2,0,0,1,0,0,0,0,4,1,0,0,0,2026-04-10
682987,hitting,2026,11,Scranton/Wilkes-Barre RailRiders,International League,3,0,1,0,1,0,1,0,0,3,0,0,0,0,2026-04-11
682987,hitting,2026,11,Scranton/Wilkes-Barre RailRiders,International League,4,0,0,0,1,0,3,1,0,4,2,0,1,0,2026-04-11
682987,hitting,2026,11,Scranton/Wilkes-Barre RailRiders,International League,3,0,0,0,1,0,0,0,0,4,0,1,0,0,2026-04-12
682987,hitting,2026,11,Scranton/Wilkes-Barre RailRiders,International League,4,1,0,1,1,0,1,0,0,5,1,0,1,0,2026-04-14
682987,hitting,2026,11,Scranton/Wilkes-Barre RailRiders,International League,4,0,1,1,1,0,2,0,0,4,0,0,1,0,2026-04-15
682987,hitting,2026,11,Scranton/Wilkes-Barre RailRiders,International League,2,1,0,0,1,1,1,1,0,4,1,0,0,0,2026-04-17
682987,hitting,2026,11,Scranton/Wilkes-Barre RailRiders,International League,3,0,0,0,1,0,0,0,0,3,0,0,0,0,2026-04-18
682987,hitting,2026,11,Scranton/Wilkes-Barre RailRiders,International League,3,0,0,0,1,0,1,1,0,3,1,0,0,0,2026-04-18
682987,hitting,2026,11,Scranton/Wilkes-Barre RailRiders,International League,2,1,0,1,1,1,1,0,0,4,1,0,0,0,2026-04-21
682987,hitting,2026,11,Scranton/Wilkes-Barre RailRiders,International League,4,0,0,0,1,0,0,0,0,4,0,0,0,0,2026-04-22
682987,hitting,2026,11,Scranton/Wilkes-Barre RailRiders,International League,5,1,0,0,1,0,0,0,0,6,1,0,0,0,2026-04-23
682987,hitting,2026,11,Scranton/Wilkes-Barre RailRiders,International League,3,1,0,0,1,0,0,0,0,4,0,0,0,0,2026-04-24
682987,hitting,2026,11,Scranton/Wilkes-Barre RailRiders,International League,2,1,0,0,1,0,1,0,0,3,1,0,1,0,2026-04-26
682987,hitting,2026,11,Scranton/Wilkes-Barre RailRiders,International League,3,1,0,0,1,0,0,0,0,4,0,0,0,0,2026-04-26
682987,hitting,2026,11,Scranton/Wilkes-Barre RailRiders,International League,5,0,0,0,1,0,3,2,0,5,2,0,0,0,2026-04-28
682987,hitting,2026,11,Scranton/Wilkes-Barre RailRiders,International League,5,0,0,0,1,0,1,0,0,5,0,0,0,0,2026-04-30
682987,hitting,2026,11,Scranton/Wilkes-Barre RailRiders,International League,3,0,0,0,1,0,2,0,0,3,0,0,2,0,2026-05-01
682987,hitting,2026,11,Scranton/Wilkes-Barre RailRiders,International League,4,0,0,0,1,0,1,1,0,4,1,0,0,0,2026-05-01
682987,hitting,2026,11,Scranton/Wilkes-Barre RailRiders,International League,4,1,0,0,1,0,1,0,0,5,0,0,0,0,2026-05-02
682987,hitting,2026,11,Scranton/Wilkes-Barre RailRiders,International League,4,0,0,0,1,0,2,2,0,4,2,0,0,0,2026-05-03
682987,hitting,2026,11,Scranton/Wilkes-Barre RailRiders,International League,4,1,0,0,1,0,1,1,0,5,1,0,0,0,2026-05-05
682987,hitting,2026,11,Scranton/Wilkes-Barre RailRiders,International League,5,1,0,1,1,0,1,0,0,6,2,0,0,0,2026-05-06
682998,hitting,2022,11,Reno Aces,Pacific Coast League,5,0,0,0,1,0,1,1,0,5,1,0,0,0,2022-07-10
682998,hitting,2022,11,Reno Aces,Pacific Coast League,3,1,0,0,1,0,1,1,0,4,1,0,0,0,2022-07-12
682998,hitting,2022,11,Reno Aces,Pacific Coast League,3,2,0,0,1,0,0,0,0,5,0,0,1,0,2022-07-13
682998,hitting,2022,11,Reno Aces,Pacific Coast League,4,1,0,0,1,0,2,0,0,5,1,0,2,0,2022-07-14
682998,hitting,2022,11,Reno Aces,Pacific Coast League,2,2,0,0,1,1,0,0,0,5,2,0,1,0,2022-07-22
682998,hitting,2022,11,Reno Aces,Pacific Coast League,3,2,0,1,1,0,1,0,0,5,3,0,1,0,2022-07-23
682998,hitting,2022,11,Reno Aces,Pacific Coast League,4,2,0,1,1,0,1,0,0,6,3,0,0,0,2022-07-24
682998,hitting,2022,11,Reno Aces,Pacific Coast League,3,1,0,0,1,1,0,0,0,5,0,0,0,0,2022-07-26
682998,hitting,2022,11,Reno Aces,Pacific Coast League,5,0,0,1,1,0,2,0,0,5,1,0,0,0,2022-07-27
682998,hitting,2022,11,Reno Aces,Pacific Coast League,4,0,0,0,1,0,2,1,0,4,1,0,0,0,2022-07-28
682998,hitting,2022,11,Reno Aces,Pacific Coast League,4,0,0,0,1,0,0,0,0,5,0,1,0,0,2022-07-29
682998,hitting,2022,11,Reno Aces,Pacific Coast League,4,0,0,0,1,0,1,0,0,4,0,0,0,0,2022-07-30
682998,hitting,2022,11,Reno Aces,Pacific Coast League,2,3,1,1,1,0,1,0,0,5,1,0,1,0,2022-07-31
682998,hitting,2022,11,Reno Aces,Pacific Coast League,5,0,0,0,1,0,1,0,0,5,0,0,0,0,2022-08-02
682998,hitting,2022,11,Reno Aces,Pacific Coast League,5,0,1,0,1,0,2,0,0,5,0,0,0,0,2022-08-03
682998,hitting,2022,11,Reno Aces,Pacific Coast League,5,1,0,0,1,0,1,0,0,6,1,0,0,0,2022-08-04
682998,hitting,2022,11,Reno Aces,Pacific Coast League,5,0,0,1,1,0,3,0,0,5,1,0,1,0,2022-08-06
682998,hitting,2022,11,Reno Aces,Pacific Coast League,5,0,0,1,1,0,3,1,0,5,1,0,0,0,2022-08-07
682998,hitting,2022,11,Reno Aces,Pacific Coast League,4,0,0,0,1,1,1,0,0,5,0,0,2,0,2022-08-09
682998,hitting,2022,11,Reno Aces,Pacific Coast League,5,0,0,1,1,0,3,0,0,5,0,0,0,0,2022-08-10
682998,hitting,2022,11,Reno Aces,Pacific Coast League,4,0,0,0,1,0,0,0,0,4,0,0,0,0,2022-08-11
682998,hitting,2022,11,Reno Aces,Pacific Coast League,3,2,0,0,1,0,0,0,0,5,1,0,0,0,2022-08-13
682998,hitting,2022,11,Reno Aces,Pacific Coast League,4,0,0,0,1,0,1,0,0,4,1,0,0,0,2022-08-14
682998,hitting,2022,11,Reno Aces,Pacific Coast League,4,0,0,1,1,0,2,0,0,4,1,0,1,0,2022-08-16
682998,hitting,2022,11,Reno Aces,Pacific Coast League,5,0,0,2,1,0,2,0,0,5,0,0,0,0,2022-08-17
682998,hitting,2022,11,Reno Aces,Pacific Coast League,4,0,0,0,1,0,1,1,0,4,1,0,0,0,2022-08-18
682998,hitting,2022,11,Reno Aces,Pacific Coast League,4,0,0,0,1,0,0,0,0,4,0,0,0,0,2022-08-20
682998,hitting,2022,11,Reno Aces,Pacific Coast League,3,1,0,0,1,0,1,0,0,4,0,0,1,0,2022-08-21
682998,hitting,2022,11,Reno Aces,Pacific Coast League,3,1,0,0,1,0,1,0,0,4,0,0,0,0,2022-08-23
682998,hitting,2022,11,Reno Aces,Pacific Coast League,5,0,0,0,1,0,1,1,0,5,1,0,0,0,2022-08-24
682998,hitting,2022,11,Reno Aces,Pacific Coast League,2,4,0,1,1,0,2,1,0,6,2,0,0,0,2022-08-25
682998,hitting,2022,11,Reno Aces,Pacific Coast League,5,0,0,0,1,0,0,0,0,5,1,0,0,0,2022-08-26
682998,hitting,2022,11,Reno Aces,Pacific Coast League,3,1,0,0,1,0,0,0,0,4,0,0,0,0,2022-08-27
682998,hitting,2022,12,Amarillo Sod Poodles,Texas League,5,0,0,0,1,0,2,1,0,5,2,0,0,0,2022-04-08
682998,hitting,2022,12,Amarillo Sod Poodles,Texas League,4,1,0,0,1,0,1,0,0,5,0,0,1,0,2022-04-09
682998,hitting,2022,12,Amarillo Sod Poodles,Texas League,4,1,0,0,1,0,0,0,0,5,0,0,0,0,2022-04-10
682998,hitting,2022,12,Amarillo Sod Poodles,Texas League,5,0,0,0,1,0,3,0,0,5,1,0,0,0,2022-04-12
682998,hitting,2022,12,Amarillo Sod Poodles,Texas League,3,2,0,0,1,0,1,1,0,5,2,0,0,0,2022-04-13
682998,hitting,2022,12,Amarillo Sod Poodles,Texas League,3,2,0,0,1,0,2,0,0,5,2,0,2,0,2022-04-14
682998,hitting,2022,12,Amarillo Sod Poodles,Texas League,2,1,1,1,1,1,1,0,0,4,1,0,1,0,2022-04-15
682998,hitting,2022,12,Amarillo Sod Poodles,Texas League,3,0,0,0,1,0,0,0,0,4,0,1,0,0,2022-04-16
682998,hitting,2022,12,Amarillo Sod Poodles,Texas League,4,1,0,0,1,1,2,0,0,6,2,0,1,1,2022-04-19
682998,hitting,2022,12,Amarillo Sod Poodles,Texas League,3,2,0,0,1,0,0,0,0,5,1,0,0,0,2022-04-20
682998,hitting,2022,12,Amarillo Sod Poodles,Texas League,4,0,0,0,1,0,0,0,0,4,0,0,0,0,2022-04-21
682998,hitting,2022,12,Amarillo Sod Poodles,Texas League,6,0,0,3,1,0,4,0,0,6,1,0,0,0,2022-04-23
682998,hitting,2022,12,Amarillo Sod Poodles,Texas League,4,1,0,1,1,0,3,1,0,5,2,0,0,0,2022-04-24
682998,hitting,2022,12,Amarillo Sod Poodles,Texas League,5,0,0,0,1,0,1,0,0,5,1,0,0,0,2022-04-26
682998,hitting,2022,12,Amarillo Sod Poodles,Texas League,5,0,0,0,1,0,1,1,0,5,1,0,0,0,2022-04-27
682998,hitting,2022,12,Amarillo Sod Poodles,Texas League,4,1,0,0,1,0,1,0,1,5,1,0,0,0,2022-04-28
682998,hitting,2022,12,Amarillo Sod Poodles,Texas League,4,0,0,0,1,1,2,0,0,5,1,0,1,0,2022-04-30
682998,hitting,2022,12,Amarillo Sod Poodles,Texas League,4,0,0,0,1,1,1,0,0,5,1,0,1,0,2022-05-01
682998,hitting,2022,12,Amarillo Sod Poodles,Texas League,4,1,0,0,1,0,1,1,0,5,1,0,0,0,2022-05-03
682998,hitting,2022,12,Amarillo Sod Poodles,Texas League,5,0,0,1,1,0,1,0,0,5,1,0,0,0,2022-05-04
682998,hitting,2022,12,Amarillo Sod Poodles,Texas League,3,1,0,0,1,0,0,0,0,4,0,0,0,0,2022-05-05
682998,hitting,2022,12,Amarillo Sod Poodles,Texas League,2,3,0,0,1,0,0,0,0,5,0,0,1,0,2022-05-06
682998,hitting,2022,12,Amarillo Sod Poodles,Texas League,4,1,0,0,1,1,2,2,0,6,3,0,0,0,2022-05-07
682998,hitting,2022,12,Amarillo Sod Poodles,Texas League,5,1,0,0,1,0,2,2,0,6,3,0,0,0,2022-05-08
682998,hitting,2022,12,Amarillo Sod Poodles,Texas League,4,1,0,0,1,0,0,0,0,5,1,0,0,0,2022-05-10
682998,hitting,2022,12,Amarillo Sod Poodles,Texas League,5,0,0,0,1,0,1,0,0,5,1,0,1,0,2022-05-11
682998,hitting,2022,12,Amarillo Sod Poodles,Texas League,3,2,0,0,1,0,2,1,0,5,2,0,0,0,2022-05-13
682998,hitting,2022,12,Amarillo Sod Poodles,Texas League,3,2,0,0,1,0,1,1,0,5,3,0,0,0,2022-05-14
682998,hitting,2022,12,Amarillo Sod Poodles,Texas League,4,1,0,0,1,0,1,0,0,5,1,0,1,0,2022-05-15
682998,hitting,2022,12,Amarillo Sod Poodles,Texas League,4,1,0,1,1,0,2,0,0,5,3,0,1,1,2022-05-17
682998,hitting,2022,12,Amarillo Sod Poodles,Texas League,4,0,0,0,1,0,2,0,0,4,1,0,0,1,2022-05-18
682998,hitting,2022,12,Amarillo Sod Poodles,Texas League,5,0,0,0,1,0,2,1,0,5,1,0,0,0,2022-05-19
682998,hitting,2022,12,Amarillo Sod Poodles,Texas League,4,1,0,0,1,0,0,0,0,5,1,0,1,0,2022-05-21
682998,hitting,2022,12,Amarillo Sod Poodles,Texas League,3,1,0,0,1,1,2,0,0,5,2,0,1,0,2022-05-22
682998,hitting,2022,12,Amarillo Sod Poodles,Texas League,4,0,0,0,1,0,1,0,0,4,1,0,0,1,2022-05-25
682998,hitting,2022,12,Amarillo Sod Poodles,Texas League,3,0,0,0,1,0,0,0,0,3,0,0,1,0,2022-05-26
682998,hitting,2022,12,Amarillo Sod Poodles,Texas League,4,1,0,0,1,0,0,0,0,5,0,0,1,0,2022-05-27
682998,hitting,2022,12,Amarillo Sod Poodles,Texas League,4,0,0,0,1,0,0,0,0,4,0,0,0,0,2022-05-28
682998,hitting,2022,12,Amarillo Sod Poodles,Texas League,3,1,0,0,1,0,0,0,0,4,0,0,0,0,2022-05-29
682998,hitting,2022,12,Amarillo Sod Poodles,Texas League,4,0,0,0,1,0,0,0,0,4,1,0,0,0,2022-05-31
682998,hitting,2022,12,Amarillo Sod Poodles,Texas League,4,0,0,1,1,0,2,0,0,4,1,0,0,0,2022-06-01
682998,hitting,2022,12,Amarillo Sod Poodles,Texas League,5,0,0,0,1,0,1,0,0,5,1,0,0,0,2022-06-03
682998,hitting,2022,12,Amarillo Sod Poodles,Texas League,5,0,0,0,1,0,3,1,0,5,3,0,2,0,2022-06-04
682998,hitting,2022,12,Amarillo Sod Poodles,Texas League,4,1,0,1,1,0,2,0,0,5,1,0,1,0,2022-06-05
682998,hitting,2022,12,Amarillo Sod Poodles,Texas League,2,2,1,1,1,0,1,0,0,4,0,0,0,0,2022-06-07
682998,hitting,2022,12,Amarillo Sod Poodles,Texas League,4,0,0,0,1,0,1,0,0,4,0,0,0,0,2022-06-08
682998,hitting,2022,12,Amarillo Sod Poodles,Texas League,3,1,0,0,1,0,2,1,0,4,2,0,1,0,2022-06-09
682998,hitting,2022,12,Amarillo Sod Poodles,Texas League,5,1,0,0,1,0,2,0,0,6,1,0,0,0,2022-06-11
682998,hitting,2022,12,Amarillo Sod Poodles,Texas League,4,1,0,0,1,0,3,0,0,5,3,0,0,1,2022-06-12
682998,hitting,2022,12,Amarillo Sod Poodles,Texas League,5,0,0,0,1,0,3,0,0,5,1,0,0,1,2022-06-14
682998,hitting,2022,12,Amarillo Sod Poodles,Texas League,3,1,0,0,1,1,1,0,0,5,0,0,0,1,2022-06-15
682998,hitting,2022,12,Amarillo Sod Poodles,Texas League,4,0,0,0,1,0,0,0,0,5,0,1,0,0,2022-06-16
682998,hitting,2022,12,Amarillo Sod Poodles,Texas League,4,0,0,1,1,0,2,1,0,4,2,0,0,0,2022-06-18
682998,hitting,2022,12,Amarillo Sod Poodles,Texas League,4,1,0,0,1,0,0,0,1,5,0,0,0,0,2022-06-19
682998,hitting,2022,12,Amarillo Sod Poodles,Texas League,5,1,0,0,1,0,2,1,0,6,1,0,1,0,2022-06-21
682998,hitting,2022,12,Amarillo Sod Poodles,Texas League,3,1,0,0,1,0,0,0,0,4,0,0,0,0,2022-06-22
682998,hitting,2022,12,Amarillo Sod Poodles,Texas League,4,0,0,0,1,0,1,0,0,4,1,0,0,1,2022-06-23
682998,hitting,2022,12,Amarillo Sod Poodles,Texas League,3,1,1,0,1,0,0,0,0,4,0,0,0,0,2022-06-24
682998,hitting,2022,16,ACL D-backs Red,Arizona Complex League,3,1,0,0,1,0,1,0,0,4,0,0,0,0,2022-07-07
682998,hitting,2022,16,ACL D-backs Red,Arizona Complex League,3,1,0,0,1,0,2,1,0,4,2,0,0,0,2022-07-08
683002,hitting,2022,11,Norfolk Tides,International League,4,1,0,0,1,0,2,1,0,5,2,0,0,0,2022-06-08
683002,hitting,2022,11,Norfolk Tides,International League,1,2,0,0,1,1,0,0,0,4,2,0,0,0,2022-06-09
683002,hitting,2022,11,Norfolk Tides,International League,4,0,0,0,1,0,1,0,0,4,1,0,0,0,2022-06-09
683002,hitting,2022,11,Norfolk Tides,International League,3,1,0,0,1,0,0,0,0,4,0,0,0,0,2022-06-10
683002,hitting,2022,11,Norfolk Tides,International League,4,1,0,0,1,0,1,0,0,5,0,0,0,0,2022-06-11
683002,hitting,2022,11,Norfolk Tides,International League,2,3,0,0,1,0,1,0,0,5,1,0,0,0,2022-06-12
683002,hitting,2022,11,Norfolk Tides,International League,3,1,0,0,1,0,1,0,0,4,1,0,0,0,2022-06-14
683002,hitting,2022,11,Norfolk Tides,International League,5,0,0,0,1,0,1,1,0,5,2,0,0,0,2022-06-15
683002,hitting,2022,11,Norfolk Tides,International League,2,2,0,1,1,0,1,0,0,4,1,0,0,0,2022-06-16
683002,hitting,2022,11,Norfolk Tides,International League,4,0,0,1,1,0,3,0,0,4,2,0,1,0,2022-06-17
683002,hitting,2022,11,Norfolk Tides,International League,6,0,0,1,1,0,1,0,0,6,1,0,0,0,2022-06-18
683002,hitting,2022,11,Norfolk Tides,International League,2,2,0,0,1,0,0,0,0,4,1,0,0,0,2022-06-19
683002,hitting,2022,11,Norfolk Tides,International League,4,1,0,0,1,0,1,0,0,5,1,0,0,0,2022-06-21
683002,hitting,2022,11,Norfolk Tides,International League,3,1,0,0,1,0,0,0,0,5,1,1,0,0,2022-06-22
683002,hitting,2022,11,Norfolk Tides,International League,5,0,0,0,1,0,1,0,0,5,0,0,1,0,2022-06-23
683002,hitting,2022,11,Norfolk Tides,International League,6,0,0,0,1,0,3,1,0,6,3,0,0,0,2022-06-24
683002,hitting,2022,11,Norfolk Tides,International League,4,0,0,0,1,0,0,0,0,4,0,0,0,0,2022-06-25
683002,hitting,2022,11,Norfolk Tides,International League,4,0,0,0,1,0,2,1,0,4,1,0,0,0,2022-06-26
683002,hitting,2022,11,Norfolk Tides,International League,4,0,0,1,1,0,4,1,0,4,4,0,0,1,2022-06-28
683002,hitting,2022,11,Norfolk Tides,International League,4,1,0,0,1,0,1,0,0,5,0,0,1,0,2022-06-29
683002,hitting,2022,11,Norfolk Tides,International League,3,1,0,0,1,0,0,0,0,4,0,0,0,0,2022-07-01
683002,hitting,2022,11,Norfolk Tides,International League,4,0,0,0,1,0,0,0,0,4,0,0,0,0,2022-07-02
683002,hitting,2022,11,Norfolk Tides,International League,5,0,0,0,1,0,1,0,0,5,0,0,0,0,2022-07-03
683002,hitting,2022,11,Norfolk Tides,International League,4,0,0,0,1,0,0,0,0,4,0,0,0,0,2022-07-04
683002,hitting,2022,11,Norfolk Tides,International League,5,0,0,1,1,0,1,0,0,5,1,0,0,0,2022-07-06
683002,hitting,2022,11,Norfolk Tides,International League,5,0,0,0,1,0,1,0,0,5,1,0,0,0,2022-07-07
683002,hitting,2022,11,Norfolk Tides,International League,0,0,0,0,1,1,0,0,0,1,0,0,0,0,2022-07-08
683002,hitting,2022,11,Norfolk Tides,International League,3,1,0,0,1,0,0,0,0,4,0,0,0,0,2022-07-09
683002,hitting,2022,11,Norfolk Tides,International League,3,2,0,0,1,0,1,0,0,5,0,0,0,0,2022-07-10
683002,hitting,2022,11,Norfolk Tides,International League,3,1,0,0,1,0,1,0,0,4,0,0,0,1,2022-07-12
683002,hitting,2022,11,Norfolk Tides,International League,3,0,0,0,1,0,1,0,0,3,0,0,0,0,2022-07-14
683002,hitting,2022,11,Norfolk Tides,International League,3,1,0,0,1,0,1,0,0,4,2,0,0,1,2022-07-14
683002,hitting,2022,11,Norfolk Tides,International League,4,0,0,0,1,0,1,0,0,4,0,0,0,0,2022-07-22
683002,hitting,2022,11,Norfolk Tides,International League,4,0,0,0,1,1,1,0,0,5,1,0,0,0,2022-07-23
683002,hitting,2022,11,Norfolk Tides,International League,4,0,1,0,1,0,1,1,0,4,1,0,0,0,2022-07-24
683002,hitting,2022,11,Norfolk Tides,International League,5,0,0,1,1,0,1,0,0,5,1,0,0,0,2022-07-26
683002,hitting,2022,11,Norfolk Tides,International League,5,0,0,1,1,0,4,2,0,5,4,0,0,0,2022-07-27
683002,hitting,2022,11,Norfolk Tides,International League,5,0,0,0,1,0,2,0,0,5,0,0,0,0,2022-07-28
683002,hitting,2022,11,Norfolk Tides,International League,3,1,0,0,1,0,1,0,0,4,0,0,0,0,2022-07-29
683002,hitting,2022,11,Norfolk Tides,International League,3,2,0,0,1,0,1,0,0,5,0,0,1,0,2022-07-30
683002,hitting,2022,11,Norfolk Tides,International League,5,0,0,1,1,0,2,0,0,5,2,0,0,0,2022-08-02
683002,hitting,2022,11,Norfolk Tides,International League,5,0,0,0,1,0,2,0,0,5,0,0,0,0,2022-08-03
683002,hitting,2022,11,Norfolk Tides,International League,4,0,0,0,1,0,0,0,0,4,0,0,0,0,2022-08-04
683002,hitting,2022,11,Norfolk Tides,International League,4,1,0,1,1,0,2,1,0,5,2,0,0,0,2022-08-05
683002,hitting,2022,11,Norfolk Tides,International League,3,1,0,0,1,1,2,0,0,5,1,0,0,0,2022-08-06
683002,hitting,2022,11,Norfolk Tides,International League,3,1,0,0,1,0,0,0,0,4,0,0,0,0,2022-08-07
683002,hitting,2022,11,Norfolk Tides,International League,4,2,0,0,1,0,1,0,0,6,2,0,0,0,2022-08-09
683002,hitting,2022,11,Norfolk Tides,International League,4,1,0,0,1,0,0,0,0,5,1,0,0,0,2022-08-10
683002,hitting,2022,11,Norfolk Tides,International League,4,0,0,0,1,0,1,0,0,4,1,0,1,0,2022-08-11
683002,hitting,2022,11,Norfolk Tides,International League,4,1,0,0,1,0,1,0,0,5,1,0,0,0,2022-08-12
683002,hitting,2022,11,Norfolk Tides,International League,4,0,0,0,1,0,1,0,0,4,1,0,0,0,2022-08-13
683002,hitting,2022,11,Norfolk Tides,International League,6,0,0,1,1,0,3,1,0,6,2,0,1,0,2022-08-14
683002,hitting,2022,11,Norfolk Tides,International League,4,0,0,1,1,0,1,0,0,4,0,0,0,0,2022-08-16
683002,hitting,2022,11,Norfolk Tides,International League,4,0,0,0,1,0,0,0,0,4,0,0,0,0,2022-08-17
683002,hitting,2022,11,Norfolk Tides,International League,5,0,0,1,1,0,1,0,0,5,1,0,0,0,2022-08-18
683002,hitting,2022,11,Norfolk Tides,International League,3,1,0,0,1,0,1,0,0,4,2,0,0,0,2022-08-19
683002,hitting,2022,11,Norfolk Tides,International League,6,0,0,1,1,0,3,1,0,6,1,0,0,0,2022-08-20
683002,hitting,2022,11,Norfolk Tides,International League,5,0,0,0,1,0,1,0,0,5,1,0,1,0,2022-08-21
683002,hitting,2022,11,Norfolk Tides,International League,3,1,0,0,1,1,0,0,0,5,2,0,0,0,2022-08-23
683002,hitting,2022,11,Norfolk Tides,International League,3,1,0,0,1,0,0,0,0,4,1,0,0,0,2022-08-24
683002,hitting,2022,11,Norfolk Tides,International League,2,2,0,0,1,0,0,0,0,4,0,0,1,0,2022-08-25
683002,hitting,2022,11,Norfolk Tides,International League,5,0,0,0,1,0,1,0,0,5,1,0,0,0,2022-08-26
683002,hitting,2022,11,Norfolk Tides,International League,3,1,0,0,1,0,0,0,0,4,0,0,0,0,2022-08-27
683002,hitting,2022,11,Norfolk Tides,International League,4,0,0,0,1,0,3,0,0,5,1,1,0,1,2022-08-28
683002,hitting,2022,11,Norfolk Tides,International League,5,0,0,0,1,0,3,0,0,5,2,0,2,0,2022-08-30
683002,hitting,2022,12,Bowie Baysox,Eastern League,4,0,0,1,1,1,1,0,0,5,2,0,0,0,2022-04-08
683002,hitting,2022,12,Bowie Baysox,Eastern League,3,1,0,0,1,0,0,0,0,4,0,0,0,0,2022-04-09
683002,hitting,2022,12,Bowie Baysox,Eastern League,5,0,0,0,1,0,1,0,0,5,2,0,1,0,2022-04-10
683002,hitting,2022,12,Bowie Baysox,Eastern League,3,0,0,0,1,0,1,0,0,4,0,1,0,0,2022-04-12
683002,hitting,2022,12,Bowie Baysox,Eastern League,3,1,0,1,1,0,2,0,0,4,0,0,1,0,2022-04-13
683002,hitting,2022,12,Bowie Baysox,Eastern League,4,1,0,0,1,0,1,0,0,5,1,0,1,0,2022-04-14
683002,hitting,2022,12,Bowie Baysox,Eastern League,1,3,0,0,1,0,0,0,0,5,1,1,0,0,2022-04-15
683002,hitting,2022,12,Bowie Baysox,Eastern League,5,0,0,0,1,0,2,0,0,5,0,0,0,0,2022-04-17
683002,hitting,2022,12,Bowie Baysox,Eastern League,3,3,0,0,1,0,0,0,0,6,2,0,0,0,2022-04-19
683002,hitting,2022,12,Bowie Baysox,Eastern League,3,1,0,1,1,0,1,0,0,4,2,0,0,0,2022-04-20
683002,hitting,2022,12,Bowie Baysox,Eastern League,3,1,0,0,1,0,1,0,0,4,1,0,0,0,2022-04-21
683002,hitting,2022,12,Bowie Baysox,Eastern League,3,1,0,0,1,0,1,1,0,4,1,0,0,0,2022-04-22
683002,hitting,2022,12,Bowie Baysox,Eastern League,3,1,0,0,1,0,1,1,0,4,1,0,0,0,2022-04-23
683002,hitting,2022,12,Bowie Baysox,Eastern League,3,1,0,0,1,0,0,0,0,4,0,0,0,0,2022-04-24
683002,hitting,2022,12,Bowie Baysox,Eastern League,3,1,0,0,1,0,0,0,0,4,0,0,0,0,2022-04-26
683002,hitting,2022,12,Bowie Baysox,Eastern League,5,0,0,0,1,0,2,1,0,5,1,0,0,0,2022-04-27
683002,hitting,2022,12,Bowie Baysox,Eastern League,3,2,0,0,1,0,0,0,0,5,1,0,1,0,2022-04-28
683002,hitting,2022,12,Bowie Baysox,Eastern League,1,2,0,0,1,0,0,0,0,4,0,1,2,0,2022-04-29
683002,hitting,2022,12,Bowie Baysox,Eastern League,2,2,0,0,1,0,1,0,0,4,1,0,0,0,2022-04-30
683002,hitting,2022,12,Bowie Baysox,Eastern League,4,0,0,0,1,0,1,0,0,4,0,0,0,0,2022-05-01
683002,hitting,2022,12,Bowie Baysox,Eastern League,4,0,0,0,1,0,3,1,0,4,1,0,0,0,2022-05-03
683002,hitting,2022,12,Bowie Baysox,Eastern League,4,0,0,1,1,1,3,0,0,5,2,0,1,0,2022-05-04
683002,hitting,2022,12,Bowie Baysox,Eastern League,4,1,0,0,1,0,0,0,0,5,0,0,0,0,2022-05-05
683002,hitting,2022,12,Bowie Baysox,Eastern League,3,0,0,0,1,0,2,0,0,3,2,0,3,0,2022-05-08
683002,hitting,2022,12,Bowie Baysox,Eastern League,2,1,0,0,1,0,1,0,0,3,0,0,0,0,2022-05-08
683002,hitting,2022,12,Bowie Baysox,Eastern League,3,1,1,1,1,0,2,0,0,5,0,1,0,0,2022-05-10
683002,hitting,2022,12,Bowie Baysox,Eastern League,3,2,0,0,1,0,0,0,0,5,0,0,0,0,2022-05-11
683002,hitting,2022,12,Bowie Baysox,Eastern League,2,3,0,0,1,0,0,0,0,5,2,0,1,0,2022-05-12
683002,hitting,2022,12,Bowie Baysox,Eastern League,3,2,0,0,1,0,1,0,0,6,3,1,0,0,2022-05-13
683002,hitting,2022,12,Bowie Baysox,Eastern League,4,0,0,0,1,0,0,0,0,4,0,0,0,0,2022-05-15
683002,hitting,2022,12,Bowie Baysox,Eastern League,3,0,0,0,1,0,1,0,0,3,1,0,1,1,2022-05-15
683002,hitting,2022,12,Bowie Baysox,Eastern League,4,0,0,0,1,1,2,2,0,5,2,0,0,0,2022-05-17
683002,hitting,2022,12,Bowie Baysox,Eastern League,3,1,0,0,1,0,1,1,0,4,1,0,0,0,2022-05-18
683002,hitting,2022,12,Bowie Baysox,Eastern League,4,1,0,0,1,0,1,0,0,5,1,0,0,0,2022-05-19
683002,hitting,2022,12,Bowie Baysox,Eastern League,4,0,0,0,1,0,0,0,0,4,0,0,0,0,2022-05-21
683002,hitting,2022,12,Bowie Baysox,Eastern League,3,2,0,1,1,0,1,0,0,5,2,0,0,0,2022-05-22
683002,hitting,2022,12,Bowie Baysox,Eastern League,2,2,0,0,1,0,0,0,0,4,0,0,0,0,2022-05-24
683002,hitting,2022,12,Bowie Baysox,Eastern League,5,0,0,1,1,0,3,0,0,5,1,0,0,0,2022-05-25
683002,hitting,2022,12,Bowie Baysox,Eastern League,3,1,0,1,1,0,1,0,0,4,1,0,0,0,2022-05-26
683002,hitting,2022,12,Bowie Baysox,Eastern League,2,0,0,0,1,0,0,0,0,2,0,0,0,0,2022-05-27
683002,hitting,2022,12,Bowie Baysox,Eastern League,3,1,0,0,1,0,1,0,0,4,2,0,0,1,2022-05-28
683002,hitting,2022,12,Bowie Baysox,Eastern League,4,1,0,0,1,0,0,0,0,5,1,0,0,0,2022-05-29
683002,hitting,2022,12,Bowie Baysox,Eastern League,5,0,0,2,1,0,3,0,0,5,1,0,0,0,2022-05-31
683002,hitting,2022,12,Bowie Baysox,Eastern League,4,0,0,1,1,0,3,0,0,5,0,1,0,0,2022-06-01
683002,hitting,2022,12,Bowie Baysox,Eastern League,4,1,0,0,1,1,2,1,0,6,2,0,0,0,2022-06-02
683002,hitting,2022,12,Bowie Baysox,Eastern League,4,0,1,0,1,0,1,0,0,4,0,0,0,0,2022-06-03
683002,hitting,2022,12,Bowie Baysox,Eastern League,4,0,0,0,1,0,1,0,0,4,0,0,0,1,2022-06-05
683146,hitting,2022,11,Syracuse Mets,International League,4,0,0,0,1,0,0,0,0,4,0,0,0,0,2022-08-09
683146,hitting,2022,11,Syracuse Mets,International League,3,1,0,0,1,0,2,0,0,4,1,0,0,0,2022-08-10
683146,hitting,2022,11,Syracuse Mets,International League,4,1,0,0,1,0,2,0,0,5,2,0,0,0,2022-08-11
683146,hitting,2022,11,Syracuse Mets,International League,4,0,1,0,1,1,1,0,0,5,0,0,0,0,2022-08-12
683146,hitting,2022,11,Syracuse Mets,International League,3,1,0,0,1,0,1,0,0,4,0,0,0,0,2022-08-13
683146,hitting,2022,11,Syracuse Mets,International League,4,0,0,0,1,0,2,0,0,4,0,0,0,0,2022-08-14
683146,hitting,2022,12,Binghamton Rumble Ponies,Eastern League,5,0,0,1,1,0,2,1,0,5,2,0,0,0,2022-04-08
683146,hitting,2022,12,Binghamton Rumble Ponies,Eastern League,4,0,0,0,1,0,1,0,0,4,1,0,0,0,2022-04-09
683146,hitting,2022,12,Binghamton Rumble Ponies,Eastern League,5,0,0,0,1,0,2,0,0,5,1,0,0,0,2022-04-10
683146,hitting,2022,12,Binghamton Rumble Ponies,Eastern League,5,0,0,2,1,0,3,0,0,5,2,0,0,0,2022-04-12
683146,hitting,2022,12,Binghamton Rumble Ponies,Eastern League,4,0,0,1,1,0,3,0,0,4,1,0,0,0,2022-04-13
683146,hitting,2022,12,Binghamton Rumble Ponies,Eastern League,4,0,0,0,1,0,0,0,0,4,0,0,0,0,2022-04-14
683146,hitting,2022,12,Binghamton Rumble Ponies,Eastern League,3,1,0,1,1,0,1,0,0,4,0,0,0,0,2022-04-17
683146,hitting,2022,12,Binghamton Rumble Ponies,Eastern League,3,1,0,0,1,1,1,0,0,5,2,0,0,0,2022-04-19
683146,hitting,2022,12,Binghamton Rumble Ponies,Eastern League,5,0,0,0,1,0,2,0,0,5,0,0,0,0,2022-04-20
683146,hitting,2022,12,Binghamton Rumble Ponies,Eastern League,2,0,0,0,1,0,0,0,0,2,0,0,0,0,2022-04-21
683146,hitting,2022,12,Binghamton Rumble Ponies,Eastern League,1,0,0,0,1,0,0,0,0,1,0,0,0,0,2022-04-22
683146,hitting,2022,12,Binghamton Rumble Ponies,Eastern League,4,0,0,1,1,0,2,0,0,4,1,0,0,0,2022-04-23
683146,hitting,2022,12,Binghamton Rumble Ponies,Eastern League,3,2,0,0,1,0,0,0,0,5,1,0,0,0,2022-04-24
683146,hitting,2022,12,Binghamton Rumble Ponies,Eastern League,2,0,0,0,1,1,0,0,0,3,0,0,0,0,2022-04-27
683146,hitting,2022,12,Binghamton Rumble Ponies,Eastern League,3,0,0,0,1,0,0,0,0,3,0,0,0,0,2022-04-27
683146,hitting,2022,12,Binghamton Rumble Ponies,Eastern League,5,0,0,1,1,0,1,0,0,5,0,0,0,0,2022-04-28
683146,hitting,2022,12,Binghamton Rumble Ponies,Eastern League,3,1,0,1,1,0,1,0,0,4,1,0,0,0,2022-04-29
683146,hitting,2022,12,Binghamton Rumble Ponies,Eastern League,3,1,0,0,1,0,0,0,0,4,0,0,0,0,2022-04-30
683146,hitting,2022,12,Binghamton Rumble Ponies,Eastern League,4,0,0,0,1,0,0,0,0,4,0,0,0,0,2022-05-01
683146,hitting,2022,12,Binghamton Rumble Ponies,Eastern League,3,2,0,0,1,0,1,0,0,5,0,0,0,0,2022-05-03
683146,hitting,2022,12,Binghamton Rumble Ponies,Eastern League,5,0,0,0,1,0,0,0,0,5,0,0,0,0,2022-05-04
683146,hitting,2022,12,Binghamton Rumble Ponies,Eastern League,3,2,0,0,1,0,0,0,0,5,1,0,0,0,2022-05-05
683146,hitting,2022,12,Binghamton Rumble Ponies,Eastern League,4,0,0,0,1,0,1,0,0,4,0,0,0,0,2022-05-06
683146,hitting,2022,12,Binghamton Rumble Ponies,Eastern League,4,0,0,0,1,0,2,0,0,4,1,0,0,0,2022-05-07
683146,hitting,2022,12,Binghamton Rumble Ponies,Eastern League,4,0,0,0,1,0,1,0,0,4,0,0,0,0,2022-05-08
683146,hitting,2022,12,Binghamton Rumble Ponies,Eastern League,4,1,0,1,1,0,1,0,0,5,0,0,0,0,2022-05-10
683146,hitting,2022,12,Binghamton Rumble Ponies,Eastern League,4,1,0,2,1,0,3,1,0,5,3,0,0,0,2022-05-11
683146,hitting,2022,12,Binghamton Rumble Ponies,Eastern League,4,0,0,0,1,0,1,0,0,4,0,0,0,0,2022-05-12
683146,hitting,2022,12,Binghamton Rumble Ponies,Eastern League,4,0,0,0,1,0,2,1,0,4,1,0,0,0,2022-05-13
683146,hitting,2022,12,Binghamton Rumble Ponies,Eastern League,5,0,1,0,1,0,1,0,0,5,0,0,0,0,2022-05-14
683146,hitting,2022,12,Binghamton Rumble Ponies,Eastern League,4,1,0,1,1,0,1,0,0,5,1,0,0,0,2022-05-15
683146,hitting,2022,12,Binghamton Rumble Ponies,Eastern League,3,1,0,0,1,0,0,0,0,4,0,0,0,0,2022-05-17
683146,hitting,2022,12,Binghamton Rumble Ponies,Eastern League,3,2,0,0,1,0,0,0,0,5,0,0,0,0,2022-05-18
683146,hitting,2022,12,Binghamton Rumble Ponies,Eastern League,3,1,0,0,1,0,0,0,0,4,1,0,0,0,2022-05-19
683146,hitting,2022,12,Binghamton Rumble Ponies,Eastern League,3,1,0,0,1,0,0,0,0,4,1,0,0,0,2022-05-20
683146,hitting,2022,12,Binghamton Rumble Ponies,Eastern League,4,0,0,0,1,0,0,0,0,4,0,0,0,0,2022-05-25
683146,hitting,2022,12,Binghamton Rumble Ponies,Eastern League,4,0,0,0,1,0,2,0,0,4,1,0,0,0,2022-06-03
683146,hitting,2022,12,Binghamton Rumble Ponies,Eastern League,4,1,0,0,1,0,0,0,0,5,0,0,0,0,2022-06-04
683146,hitting,2022,12,Binghamton Rumble Ponies,Eastern League,4,0,0,0,1,0,2,0,0,4,1,0,0,0,2022-06-05
683146,hitting,2022,12,Binghamton Rumble Ponies,Eastern League,3,0,0,0,1,0,0,0,0,3,0,0,0,0,2022-06-08
683146,hitting,2022,12,Binghamton Rumble Ponies,Eastern League,3,0,1,0,1,0,2,1,0,3,1,0,0,0,2022-06-08
683146,hitting,2022,12,Binghamton Rumble Ponies,Eastern League,3,2,0,0,1,0,2,0,0,5,2,0,0,0,2022-06-09
683146,hitting,2022,12,Binghamton Rumble Ponies,Eastern League,4,0,0,0,1,0,1,0,0,4,0,0,0,0,2022-06-10
683146,hitting,2022,12,Binghamton Rumble Ponies,Eastern League,5,0,0,0,1,0,2,0,0,5,1,0,0,0,2022-06-11
683146,hitting,2022,12,Binghamton Rumble Ponies,Eastern League,2,2,0,0,1,0,1,1,0,4,2,0,0,0,2022-06-12
683146,hitting,2022,12,Binghamton Rumble Ponies,Eastern League,4,0,0,0,1,0,1,0,0,4,0,0,0,0,2022-06-14
683146,hitting,2022,12,Binghamton Rumble Ponies,Eastern League,5,0,0,1,1,0,2,0,0,5,2,0,1,0,2022-06-15
683146,hitting,2022,12,Binghamton Rumble Ponies,Eastern League,4,0,0,0,1,0,1,0,0,4,2,0,0,0,2022-06-16
683146,hitting,2022,12,Binghamton Rumble Ponies,Eastern League,5,0,0,0,1,0,1,0,0,5,1,0,0,0,2022-06-17
683146,hitting,2022,12,Binghamton Rumble Ponies,Eastern League,5,0,0,0,1,0,1,1,0,5,1,0,0,0,2022-06-18
683146,hitting,2022,12,Binghamton Rumble Ponies,Eastern League,4,0,0,0,1,1,1,0,0,5,1,0,0,0,2022-06-19
683146,hitting,2022,12,Binghamton Rumble Ponies,Eastern League,4,1,0,0,1,0,1,0,0,5,0,0,0,0,2022-06-21
683146,hitting,2022,12,Binghamton Rumble Ponies,Eastern League,3,1,0,0,1,0,1,0,0,4,1,0,0,0,2022-06-22
683146,hitting,2022,12,Binghamton Rumble Ponies,Eastern League,4,1,0,0,1,0,3,1,0,5,1,0,0,0,2022-06-23
683146,hitting,2022,12,Binghamton Rumble Ponies,Eastern League,3,0,0,0,1,1,1,0,0,4,1,0,0,0,2022-06-24
683146,hitting,2022,12,Binghamton Rumble Ponies,Eastern League,4,1,0,0,1,0,1,0,0,5,2,0,0,0,2022-06-25
683146,hitting,2022,12,Binghamton Rumble Ponies,Eastern League,2,2,0,0,1,0,0,0,0,4,2,0,0,0,2022-06-26
683146,hitting,2022,12,Binghamton Rumble Ponies,Eastern League,2,2,0,0,1,0,1,1,0,4,1,0,0,0,2022-06-28
683146,hitting,2022,12,Binghamton Rumble Ponies,Eastern League,3,1,0,0,1,0,0,0,0,4,1,0,0,0,2022-06-29
683146,hitting,2022,12,Binghamton Rumble Ponies,Eastern League,5,0,0,1,1,0,2,0,0,5,1,0,0,0,2022-06-30
683146,hitting,2022,12,Binghamton Rumble Ponies,Eastern League,4,0,0,0,1,0,1,1,0,4,1,0,0,0,2022-07-01
683146,hitting,2022,12,Binghamton Rumble Ponies,Eastern League,4,0,0,0,1,1,1,1,0,5,1,0,0,0,2022-07-02
683146,hitting,2022,12,Binghamton Rumble Ponies,Eastern League,4,1,0,2,1,0,2,0,0,5,2,0,0,0,2022-07-03
683146,hitting,2022,12,Binghamton Rumble Ponies,Eastern League,4,0,0,0,1,0,2,0,0,4,0,0,0,0,2022-07-04
683146,hitting,2022,12,Binghamton Rumble Ponies,Eastern League,5,0,0,0,1,0,2,0,0,5,1,0,0,0,2022-07-06
683146,hitting,2022,12,Binghamton Rumble Ponies,Eastern League,5,0,0,0,1,0,0,0,0,5,0,0,0,0,2022-07-07
683146,hitting,2022,12,Binghamton Rumble Ponies,Eastern League,5,0,0,0,1,0,1,1,0,5,1,0,0,0,2022-07-08
683146,hitting,2022,12,Binghamton Rumble Ponies,Eastern League,4,1,0,0,1,0,0,0,0,5,0,0,0,0,2022-07-09
683146,hitting,2022,12,Binghamton Rumble Ponies,Eastern League,4,0,0,0,1,0,0,0,0,4,0,0,0,0,2022-07-10
683146,hitting,2022,12,Binghamton Rumble Ponies,Eastern League,3,0,1,0,1,1,1,0,0,4,0,0,0,0,2022-07-12
683146,hitting,2022,12,Binghamton Rumble Ponies,Eastern League,5,0,0,0,1,0,3,1,0,5,1,0,0,0,2022-07-13
683146,hitting,2022,12,Binghamton Rumble Ponies,Eastern League,4,1,0,0,1,0,1,0,0,5,1,0,0,0,2022-07-14
683146,hitting,2022,12,Binghamton Rumble Ponies,Eastern League,4,1,0,0,1,0,2,0,0,5,1,0,0,0,2022-07-15
683146,hitting,2022,12,Binghamton Rumble Ponies,Eastern League,2,3,0,0,1,0,2,1,0,5,3,0,0,0,2022-07-16
683146,hitting,2022,12,Binghamton Rumble Ponies,Eastern League,3,0,0,0,1,0,1,0,0,3,0,0,0,0,2022-07-17
683146,hitting,2022,12,Binghamton Rumble Ponies,Eastern League,5,0,0,2,1,0,2,0,0,5,0,0,0,0,2022-07-22
683146,hitting,2022,12,Binghamton Rumble Ponies,Eastern League,5,0,0,1,1,0,2,0,0,5,1,0,0,0,2022-07-24
683146,hitting,2022,12,Binghamton Rumble Ponies,Eastern League,5,0,0,1,1,0,3,0,0,5,1,0,0,0,2022-07-26
683146,hitting,2022,12,Binghamton Rumble Ponies,Eastern League,3,1,0,0,1,0,2,0,0,4,0,0,0,0,2022-07-27
683146,hitting,2022,12,Binghamton Rumble Ponies,Eastern League,5,0,0,0,1,0,2,1,0,5,1,0,0,0,2022-07-28
683146,hitting,2022,12,Binghamton Rumble Ponies,Eastern League,5,0,0,0,1,0,3,2,0,5,2,0,0,0,2022-07-29
683146,hitting,2022,12,Binghamton Rumble Ponies,Eastern League,3,1,0,0,1,1,0,0,0,5,0,0,0,0,2022-07-30
683146,hitting,2022,12,Binghamton Rumble Ponies,Eastern League,5,0,0,1,1,0,2,0,0,5,0,0,1,0,2022-07-31
683146,hitting,2022,12,Binghamton Rumble Ponies,Eastern League,5,1,0,1,1,0,1,0,0,6,2,0,0,0,2022-08-02
683146,hitting,2022,12,Binghamton Rumble Ponies,Eastern League,4,1,0,0,1,0,1,0,0,5,2,0,0,0,2022-08-03
683146,hitting,2022,12,Binghamton Rumble Ponies,Eastern League,4,0,0,0,1,1,3,2,0,5,2,0,0,0,2022-08-04
683146,hitting,2022,12,Binghamton Rumble Ponies,Eastern League,3,1,0,0,1,0,2,0,0,4,2,0,0,0,2022-08-05
683146,hitting,2022,12,Binghamton Rumble Ponies,Eastern League,4,0,0,0,1,0,0,0,0,4,0,0,0,0,2022-08-06
683146,hitting,2022,12,Binghamton Rumble Ponies,Eastern League,3,2,0,0,1,0,2,1,0,5,2,0,0,0,2022-08-07
683357,hitting,2025,11,Iowa Cubs,International League,3,0,0,0,1,1,1,1,0,4,1,0,0,0,2025-03-28
683357,hitting,2025,11,Iowa Cubs,International League,4,1,0,0,1,0,0,0,0,5,0,0,0,0,2025-03-29
683357,hitting,2025,11,Iowa Cubs,International League,4,0,0,0,1,0,0,0,0,4,0,0,0,0,2025-04-01
683357,hitting,2025,11,Iowa Cubs,International League,5,0,0,1,1,0,1,0,0,5,0,0,0,0,2025-04-03
683357,hitting,2025,11,Iowa Cubs,International League,4,0,0,0,1,0,3,0,0,4,1,0,0,1,2025-04-03
683357,hitting,2025,11,Iowa Cubs,International League,4,1,0,0,1,0,1,0,0,5,1,0,0,0,2025-04-04
683357,hitting,2025,11,Iowa Cubs,International League,2,1,0,1,1,0,1,0,0,3,0,0,0,0,2025-04-06
683357,hitting,2025,11,Iowa Cubs,International League,3,1,0,0,1,0,0,0,0,4,0,0,0,0,2025-04-15
683357,hitting,2025,11,Iowa Cubs,International League,6,0,0,0,1,0,2,1,0,6,1,0,0,0,2025-04-16
683357,hitting,2025,11,Iowa Cubs,International League,5,0,0,0,1,0,0,0,0,5,0,0,0,0,2025-04-17
683357,hitting,2025,11,Iowa Cubs,International League,4,1,0,0,1,0,0,0,0,5,0,0,0,0,2025-04-18
683357,hitting,2025,11,Iowa Cubs,International League,4,0,0,0,1,0,1,1,0,4,1,0,0,0,2025-04-19
683357,hitting,2025,11,Iowa Cubs,International League,3,1,0,0,1,0,1,1,0,4,1,0,0,0,2025-04-22
683357,hitting,2025,11,Iowa Cubs,International League,4,0,0,0,1,0,1,0,0,4,0,0,0,0,2025-04-23
683357,hitting,2025,11,Iowa Cubs,International League,3,1,0,1,1,0,1,0,0,4,1,0,0,0,2025-04-26
683357,hitting,2025,11,Iowa Cubs,International League,4,0,0,0,1,0,1,0,0,4,1,0,0,0,2025-04-26
683357,hitting,2025,11,Iowa Cubs,International League,3,2,0,1,1,0,1,0,0,5,2,0,0,0,2025-04-27
683357,hitting,2025,11,Iowa Cubs,International League,4,1,0,0,1,0,1,0,0,5,0,0,0,1,2025-04-29
683357,hitting,2025,11,Iowa Cubs,International League,4,1,0,1,1,0,1,0,0,5,1,0,0,0,2025-04-30
683357,hitting,2025,11,Iowa Cubs,International League,3,1,0,0,1,0,0,0,0,4,1,0,0,0,2025-05-02
683357,hitting,2025,11,Iowa Cubs,International League,4,1,0,1,1,0,1,0,0,5,2,0,0,0,2025-05-03
683357,hitting,2025,11,Iowa Cubs,International League,4,0,0,1,1,0,1,0,0,4,0,0,0,0,2025-05-04
683357,hitting,2025,11,Iowa Cubs,International League,3,1,0,0,1,0,1,1,0,4,1,0,0,0,2025-05-06
683357,hitting,2025,11,Iowa Cubs,International League,1,0,0,0,1,0,0,0,0,1,0,0,0,0,2025-05-09
683357,hitting,2025,11,Iowa Cubs,International League,5,0,0,0,1,0,1,1,0,5,1,0,0,0,2025-05-10
683357,hitting,2025,11,Iowa Cubs,International League,3,1,0,0,1,0,0,0,0,4,0,0,0,0,2025-05-11
683357,hitting,2025,11,Iowa Cubs,International League,5,0,0,0,1,0,2,0,0,5,2,0,0,0,2025-05-13
683357,hitting,2025,11,Iowa Cubs,International League,4,1,0,0,1,0,0,0,0,5,0,0,0,0,2025-05-14
683357,hitting,2025,11,Iowa Cubs,International League,3,1,0,0,1,0,0,0,0,4,2,0,1,0,2025-05-15
683357,hitting,2025,11,Iowa Cubs,International League,4,0,0,1,1,0,1,0,0,4,1,0,0,0,2025-05-15
683357,hitting,2025,11,Iowa Cubs,International League,5,0,0,0,1,0,3,0,0,5,1,0,0,0,2025-05-16
683357,hitting,2025,11,Iowa Cubs,International League,3,3,0,0,1,0,1,0,0,6,2,0,0,0,2025-05-17
683357,hitting,2025,11,Iowa Cubs,International League,4,0,0,0,1,0,0,0,0,4,0,0,0,0,2025-05-18
683357,hitting,2025,11,Iowa Cubs,International League,4,0,0,0,1,0,1,0,0,4,0,0,0,0,2025-05-20
683357,hitting,2025,11,Iowa Cubs,International League,4,0,0,0,1,0,2,1,0,4,1,0,0,0,2025-05-21
683357,hitting,2025,11,Iowa Cubs,International League,3,2,0,0,1,0,0,0,0,5,0,0,0,0,2025-05-22
683357,hitting,2025,11,Iowa Cubs,International League,5,0,0,1,1,0,2,0,0,5,1,0,1,0,2025-05-23
683357,hitting,2025,11,Iowa Cubs,International League,6,0,0,0,1,0,3,0,0,6,2,0,0,0,2025-05-25
683357,hitting,2025,11,Iowa Cubs,International League,3,0,0,1,1,0,1,0,0,3,0,0,0,0,2025-05-28
683357,hitting,2025,11,Iowa Cubs,International League,2,2,0,0,1,0,0,0,0,4,1,0,0,0,2025-05-28
683357,hitting,2025,11,Iowa Cubs,International League,5,0,0,0,1,0,0,0,0,5,0,0,0,0,2025-05-29
683357,hitting,2025,11,Iowa Cubs,International League,4,0,0,0,1,0,1,0,0,4,0,0,0,0,2025-05-30
683357,hitting,2025,11,Iowa Cubs,International League,4,1,0,1,1,0,1,0,0,5,0,0,0,0,2025-05-31
683357,hitting,2025,11,Iowa Cubs,International League,5,0,0,1,1,0,2,0,0,5,1,0,0,0,2025-06-01
683357,hitting,2025,11,Iowa Cubs,International League,2,1,0,1,1,0,1,0,0,3,0,0,0,0,2025-06-04
683357,hitting,2025,11,Iowa Cubs,International League,4,0,0,0,1,0,2,0,0,4,0,0,0,0,2025-06-04
683357,hitting,2025,11,Iowa Cubs,International League,4,1,0,0,1,0,0,0,0,5,0,0,0,0,2025-06-05
683357,hitting,2025,11,Iowa Cubs,International League,3,1,0,1,1,0,1,0,0,4,1,0,0,0,2025-06-06
683357,hitting,2025,11,Iowa Cubs,International League,3,1,0,1,1,0,2,0,0,4,1,0,0,0,2025-06-06
683357,hitting,2025,11,Iowa Cubs,International League,3,0,1,0,1,1,1,0,0,4,1,0,0,0,2025-06-07
683357,hitting,2025,11,Iowa Cubs,International League,5,0,0,0,1,0,1,1,0,5,1,0,0,0,2025-06-08
683357,hitting,2025,11,Iowa Cubs,International League,3,1,0,0,1,0,1,1,0,4,1,0,0,0,2025-06-10
683357,hitting,2025,11,Iowa Cubs,International League,3,1,0,0,1,0,2,1,0,4,1,0,1,0,2025-06-12
683357,hitting,2025,11,Iowa Cubs,International League,3,0,0,1,1,0,1,0,0,3,1,0,0,0,2025-06-12
683357,hitting,2025,11,Iowa Cubs,International League,5,0,0,0,1,0,1,0,0,5,1,0,0,0,2025-06-13
683357,hitting,2025,11,Iowa Cubs,International League,3,0,0,0,1,1,1,0,0,4,0,0,0,0,2025-06-14
683357,hitting,2025,11,Iowa Cubs,International League,3,1,1,0,1,0,1,1,0,4,1,0,0,0,2025-06-15
683357,hitting,2025,11,Iowa Cubs,International League,4,0,0,1,1,0,4,0,0,4,0,0,0,0,2025-06-17
683357,hitting,2025,11,Iowa Cubs,International League,3,2,0,0,1,0,0,0,0,5,1,0,0,0,2025-06-18
683357,hitting,2025,11,Iowa Cubs,International League,4,1,0,1,1,0,2,0,0,5,2,0,0,0,2025-06-19
683357,hitting,2025,11,Iowa Cubs,International League,5,0,0,0,1,0,0,0,0,5,0,0,0,0,2025-06-20
683357,hitting,2025,11,Iowa Cubs,International League,1,0,0,0,1,0,0,0,0,1,0,0,0,0,2025-06-21
683357,hitting,2025,11,Iowa Cubs,International League,4,0,0,0,1,0,0,0,0,4,0,0,0,0,2025-06-22
683357,hitting,2025,11,Iowa Cubs,International League,4,0,0,0,1,0,0,0,0,4,0,0,0,0,2025-06-24
683357,hitting,2025,11,Iowa Cubs,International League,2,4,0,0,1,0,1,1,0,6,1,0,0,0,2025-06-25
683357,hitting,2025,11,Iowa Cubs,International League,4,1,0,0,1,0,0,0,0,5,0,0,0,0,2025-07-02
683357,hitting,2025,11,Iowa Cubs,International League,4,1,0,0,1,0,2,2,0,5,3,0,0,0,2025-07-03
683357,hitting,2025,11,Iowa Cubs,International League,4,1,0,1,1,0,3,0,0,5,2,0,0,0,2025-07-04
683357,hitting,2025,11,Iowa Cubs,International League,4,0,0,0,1,0,2,2,0,4,2,0,0,0,2025-07-05
683357,hitting,2025,11,Iowa Cubs,International League,5,1,0,1,1,0,3,0,0,6,2,0,0,0,2025-07-06
683357,hitting,2025,11,Iowa Cubs,International League,5,0,0,0,1,0,2,2,0,5,2,0,0,0,2025-07-08
683357,hitting,2025,11,Iowa Cubs,International League,3,2,0,0,1,0,0,0,0,5,2,0,0,0,2025-07-09
683357,hitting,2025,11,Iowa Cubs,International League,4,0,0,0,1,0,1,1,0,4,1,0,0,0,2025-07-10
683357,hitting,2025,11,Iowa Cubs,International League,5,0,0,0,1,0,0,0,0,5,0,0,0,0,2025-07-18
683357,hitting,2025,11,Iowa Cubs,International League,4,0,0,0,1,0,0,0,0,4,0,0,0,0,2025-07-19
683357,hitting,2025,11,Iowa Cubs,International League,4,0,0,1,1,0,1,0,0,4,1,0,0,0,2025-07-20
683357,hitting,2025,11,Iowa Cubs,International League,5,0,0,2,1,0,5,1,0,5,2,0,0,0,2025-07-22
683357,hitting,2025,11,Iowa Cubs,International League,4,1,0,0,1,0,1,0,0,5,2,0,0,0,2025-07-23
683357,hitting,2025,11,Iowa Cubs,International League,4,0,0,0,1,0,0,0,0,4,0,0,0,0,2025-07-24
683357,hitting,2025,11,Iowa Cubs,International League,5,0,0,0,1,0,1,0,0,5,1,0,0,0,2025-07-25
683357,hitting,2025,11,Iowa Cubs,International League,5,0,0,1,1,0,2,0,0,5,0,0,0,0,2025-07-26
683357,hitting,2025,11,Iowa Cubs,International League,4,0,0,1,1,0,1,0,0,4,0,0,0,0,2025-07-29
683357,hitting,2025,11,Iowa Cubs,International League,2,1,1,0,1,0,0,0,0,4,0,1,0,0,2025-07-30
683357,hitting,2025,11,Iowa Cubs,International League,3,1,0,1,1,0,2,0,0,4,1,0,0,0,2025-07-31
683357,hitting,2025,11,Iowa Cubs,International League,5,0,0,0,1,0,2,0,0,5,1,0,0,0,2025-08-01
683357,hitting,2025,11,Iowa Cubs,International League,3,1,0,0,1,0,1,0,0,4,0,0,0,0,2025-08-02
683357,hitting,2025,11,Iowa Cubs,International League,1,0,0,0,1,1,0,0,0,2,0,0,0,0,2025-08-05
683357,hitting,2025,11,Iowa Cubs,International League,0,0,0,0,1,0,0,0,0,0,0,0,0,0,2025-08-07
683357,hitting,2025,11,Iowa Cubs,International League,6,0,0,0,1,0,3,0,0,6,1,0,0,0,2025-08-08
683357,hitting,2025,11,Iowa Cubs,International League,2,2,1,0,1,0,1,1,0,4,1,0,0,0,2025-08-09
683357,hitting,2025,11,Iowa Cubs,International League,2,2,0,0,1,0,1,0,0,4,0,0,0,0,2025-08-10
683357,hitting,2025,11,Iowa Cubs,International League,5,0,0,0,1,0,3,1,0,5,2,0,0,0,2025-08-12
683357,hitting,2025,11,Iowa Cubs,International League,4,0,0,0,1,0,0,0,0,4,0,0,0,0,2025-08-13
683737,hitting,2023,11,Oklahoma City Dodgers,Pacific Coast League,5,0,0,0,1,0,3,0,0,5,1,0,0,0,2023-03-31
683737,hitting,2023,11,Oklahoma City Dodgers,Pacific Coast League,4,1,0,0,1,0,1,0,0,5,1,0,0,0,2023-04-01
683737,hitting,2023,11,Oklahoma City Dodgers,Pacific Coast League,4,1,0,0,1,0,1,0,0,5,0,0,0,0,2023-04-02
683737,hitting,2023,11,Oklahoma City Dodgers,Pacific Coast League,4,1,0,0,1,0,0,0,0,5,0,0,0,0,2023-04-04
683737,hitting,2023,11,Oklahoma City Dodgers,Pacific Coast League,5,0,0,0,1,0,1,0,0,5,0,0,0,0,2023-04-05
683737,hitting,2023,11,Oklahoma City Dodgers,Pacific Coast League,4,0,0,0,1,1,2,0,0,5,2,0,0,0,2023-04-06
683737,hitting,2023,11,Oklahoma City Dodgers,Pacific Coast League,5,0,0,0,1,0,1,0,0,5,1,0,0,0,2023-04-07
683737,hitting,2023,11,Oklahoma City Dodgers,Pacific Coast League,4,0,0,0,1,0,1,0,0,4,0,0,0,0,2023-04-08
683737,hitting,2023,11,Oklahoma City Dodgers,Pacific Coast League,4,1,0,1,1,0,3,0,0,5,1,0,0,0,2023-04-09
683737,hitting,2023,11,Oklahoma City Dodgers,Pacific Coast League,4,1,0,1,1,0,1,0,0,5,0,0,0,0,2023-04-11
683737,hitting,2023,11,Oklahoma City Dodgers,Pacific Coast League,2,2,0,1,1,0,1,0,0,4,2,0,1,0,2023-04-12
683737,hitting,2023,11,Oklahoma City Dodgers,Pacific Coast League,4,2,0,1,1,0,3,1,0,6,3,0,0,0,2023-04-13
683737,hitting,2023,11,Oklahoma City Dodgers,Pacific Coast League,3,1,0,0,1,0,0,0,0,4,0,0,0,0,2023-04-14
683737,hitting,2023,11,Oklahoma City Dodgers,Pacific Coast League,3,1,0,0,1,0,1,0,0,4,0,0,0,0,2023-04-15
683737,hitting,2023,11,Oklahoma City Dodgers,Pacific Coast League,4,0,0,1,1,0,1,0,0,4,0,0,0,0,2023-04-16
683737,hitting,2023,11,Oklahoma City Dodgers,Pacific Coast League,3,2,0,0,1,0,1,1,0,5,2,0,0,0,2023-04-18
683737,hitting,2023,11,Oklahoma City Dodgers,Pacific Coast League,4,2,0,0,1,0,2,0,0,6,2,0,0,0,2023-04-19
683737,hitting,2023,11,Oklahoma City Dodgers,Pacific Coast League,4,1,0,1,1,0,1,0,0,5,1,0,0,0,2023-04-20
683737,hitting,2023,11,Oklahoma City Dodgers,Pacific Coast League,4,1,0,1,1,0,1,0,0,5,0,0,0,0,2023-04-21
683737,hitting,2023,11,Oklahoma City Dodgers,Pacific Coast League,3,1,0,0,1,0,0,0,0,4,0,0,0,0,2023-04-22
683737,hitting,2023,11,Oklahoma City Dodgers,Pacific Coast League,6,0,0,1,1,0,3,0,0,6,1,0,0,0,2023-04-23
683953,hitting,2026,11,Columbus Clippers,International League,5,0,0,1,1,0,1,0,0,5,0,0,0,0,2026-03-27
683953,hitting,2026,11,Columbus Clippers,International League,4,1,1,0,1,0,2,0,0,5,1,0,0,1,2026-03-28
683953,hitting,2026,11,Columbus Clippers,International League,3,2,0,0,1,0,0,0,0,5,2,0,0,0,2026-03-29
683953,hitting,2026,11,Columbus Clippers,International League,3,1,0,0,1,0,0,0,0,4,0,0,0,0,2026-03-31
683953,hitting,2026,11,Columbus Clippers,International League,3,1,0,0,1,0,0,0,0,4,0,0,0,0,2026-04-01
683953,hitting,2026,11,Columbus Clippers,International League,6,0,0,1,1,0,2,0,0,6,0,0,0,0,2026-04-02
683953,hitting,2026,11,Columbus Clippers,International League,5,0,0,0,1,0,2,0,0,6,2,0,0,1,2026-04-03
683953,hitting,2026,11,Columbus Clippers,International League,4,0,0,0,1,0,0,0,0,4,1,0,1,0,2026-04-04
683953,hitting,2026,11,Columbus Clippers,International League,6,1,0,0,1,0,2,0,0,7,1,0,1,0,2026-04-07
683953,hitting,2026,11,Columbus Clippers,International League,4,1,0,0,1,0,0,0,0,5,0,0,0,0,2026-04-08
683953,hitting,2026,11,Columbus Clippers,International League,4,0,0,0,1,0,0,0,0,4,0,0,0,0,2026-04-09
683953,hitting,2026,11,Columbus Clippers,International League,3,1,0,0,1,0,1,0,0,4,0,0,1,0,2026-04-10
683953,hitting,2026,11,Columbus Clippers,International League,4,1,0,0,1,0,2,0,0,5,3,0,0,0,2026-04-11
683953,hitting,2026,11,Columbus Clippers,International League,3,1,0,2,1,0,2,0,0,4,0,0,0,0,2026-04-12
683953,hitting,2026,11,Columbus Clippers,International League,4,0,0,1,1,0,1,0,0,4,0,0,0,0,2026-04-14
683953,hitting,2026,11,Columbus Clippers,International League,4,1,0,1,1,0,2,0,0,5,1,0,1,0,2026-04-15
683953,hitting,2026,11,Columbus Clippers,International League,6,0,0,2,1,0,3,0,0,6,1,0,0,0,2026-04-16
683953,hitting,2026,11,Columbus Clippers,International League,3,1,0,0,1,0,0,0,0,4,0,0,1,0,2026-04-17
683953,hitting,2026,11,Columbus Clippers,International League,5,0,1,1,1,0,2,1,0,5,1,0,0,0,2026-04-18
683953,hitting,2026,11,Columbus Clippers,International League,2,3,0,0,1,0,1,0,0,5,2,0,1,0,2026-04-21
683953,hitting,2026,11,Columbus Clippers,International League,3,2,0,0,1,0,1,0,0,5,0,0,0,0,2026-04-22
683953,hitting,2026,11,Columbus Clippers,International League,4,1,0,0,1,0,1,1,0,5,1,0,1,0,2026-04-23
683953,hitting,2026,11,Columbus Clippers,International League,3,2,0,2,1,1,2,0,0,6,2,0,1,0,2026-04-24
683953,hitting,2026,11,Columbus Clippers,International League,3,1,0,0,1,0,0,0,0,4,0,0,0,0,2026-04-26
686217,hitting,2023,11,Nashville Sounds,International League,3,1,0,0,1,0,1,0,0,4,2,0,1,1,2023-04-01
686217,hitting,2023,11,Nashville Sounds,International League,4,1,0,0,1,0,2,0,0,5,0,0,1,0,2023-04-01
686217,hitting,2023,11,Nashville Sounds,International League,4,1,1,0,1,0,0,0,0,5,0,0,0,0,2023-04-02
686217,hitting,2023,11,Nashville Sounds,International League,5,0,0,0,1,0,0,0,0,5,0,0,0,0,2023-04-04
686217,hitting,2023,11,Nashville Sounds,International League,4,0,0,1,1,0,3,0,0,4,1,0,1,0,2023-04-06
686217,hitting,2023,11,Nashville Sounds,International League,3,0,0,0,1,0,1,0,0,3,0,0,0,0,2023-04-06
686217,hitting,2023,11,Nashville Sounds,International League,4,0,0,0,1,1,0,0,0,5,0,0,0,0,2023-04-07
686217,hitting,2023,11,Nashville Sounds,International League,4,0,0,0,1,0,0,0,0,4,0,0,0,0,2023-04-09
686217,hitting,2023,11,Nashville Sounds,International League,4,1,0,0,1,0,0,0,0,5,0,0,0,0,2023-04-11
686217,hitting,2023,11,Nashville Sounds,International League,4,0,1,0,1,0,1,0,0,4,0,0,0,0,2023-04-12
686217,hitting,2023,11,Nashville Sounds,International League,4,0,0,0,1,0,1,0,0,4,1,0,1,0,2023-04-13
686217,hitting,2023,11,Nashville Sounds,International League,3,0,0,0,1,0,0,0,0,4,0,0,0,0,2023-04-14
686217,hitting,2023,11,Nashville Sounds,International League,2,1,0,0,1,0,0,0,0,4,1,0,0,0,2023-04-15
686217,hitting,2023,11,Nashville Sounds,International League,3,1,0,0,1,0,1,0,0,4,0,0,0,0,2023-04-16
686217,hitting,2023,11,Nashville Sounds,International League,5,0,0,2,1,0,3,0,0,5,1,0,0,0,2023-04-18
686217,hitting,2023,11,Nashville Sounds,International League,3,2,0,0,1,0,1,0,0,5,1,0,0,0,2023-06-14
686217,hitting,2023,11,Nashville Sounds,International League,5,0,0,0,1,0,2,0,0,5,2,0,1,0,2023-06-16
686217,hitting,2023,11,Nashville Sounds,International League,3,1,1,1,1,0,2,1,0,5,2,0,1,0,2023-06-17
686217,hitting,2023,11,Nashville Sounds,International League,3,1,0,0,1,0,0,0,0,4,0,0,0,0,2023-06-18
686217,hitting,2023,11,Nashville Sounds,International League,5,0,0,0,1,0,2,0,0,5,1,0,0,0,2023-06-21
686217,hitting,2023,11,Nashville Sounds,International League,4,0,0,0,1,0,1,0,0,4,0,0,0,0,2023-06-22
686217,hitting,2023,11,Nashville Sounds,International League,3,0,0,0,1,0,0,0,0,3,0,0,0,0,2023-06-22
686217,hitting,2023,11,Nashville Sounds,International League,4,0,0,0,1,0,0,0,0,4,0,0,0,0,2023-06-25
686217,hitting,2023,11,Nashville Sounds,International League,5,0,0,0,1,0,0,0,0,5,0,0,0,0,2023-06-28
686217,hitting,2023,11,Nashville Sounds,International League,4,0,0,0,1,1,1,0,0,5,1,0,0,0,2023-06-29
686217,hitting,2023,11,Nashville Sounds,International League,5,0,0,0,1,0,1,0,0,5,1,0,0,0,2023-06-30
686217,hitting,2023,11,Nashville Sounds,International League,4,1,0,0,1,0,2,0,0,5,2,0,0,0,2023-07-02
686217,hitting,2023,11,Nashville Sounds,International League,6,0,0,0,1,0,1,0,0,6,1,0,0,0,2023-07-03
686217,hitting,2023,11,Nashville Sounds,International League,5,0,0,0,1,0,1,0,0,5,0,0,0,0,2023-07-04
686217,hitting,2023,11,Nashville Sounds,International League,3,3,0,0,1,0,1,0,0,6,2,0,0,0,2023-07-05
686217,hitting,2023,11,Nashville Sounds,International League,4,0,0,0,1,0,1,0,0,4,0,0,0,0,2023-07-06
686217,hitting,2023,11,Nashville Sounds,International League,4,0,0,0,1,0,0,0,0,4,0,0,0,0,2023-07-07
686217,hitting,2023,11,Nashville Sounds,International League,4,0,0,1,1,0,1,0,0,4,0,0,0,0,2023-07-09
686217,hitting,2023,11,Nashville Sounds,International League,4,1,0,0,1,0,0,0,0,5,0,0,0,0,2023-07-14
686217,hitting,2023,11,Nashville Sounds,International League,2,2,0,0,1,0,0,0,0,4,0,0,0,0,2023-07-15
686217,hitting,2023,11,Nashville Sounds,International League,4,0,0,0,1,0,2,0,0,5,0,1,1,0,2023-07-16
686217,hitting,2023,11,Nashville Sounds,International League,4,1,0,0,1,0,2,0,0,5,1,0,1,0,2023-07-18
686217,hitting,2023,11,Nashville Sounds,International League,5,0,1,0,1,0,1,0,0,5,0,0,0,0,2023-07-19
686217,hitting,2023,11,Nashville Sounds,International League,4,1,0,2,1,0,3,1,0,5,3,0,0,0,2023-07-20
686217,hitting,2023,11,Nashville Sounds,International League,5,0,0,0,1,0,1,0,0,5,2,0,0,0,2023-07-21
686217,hitting,2023,16,ACL Brewers,Arizona Complex League,3,0,0,0,1,0,0,0,0,3,1,0,0,0,2023-06-09
686217,hitting,2023,16,ACL Brewers,Arizona Complex League,2,2,0,1,1,0,1,0,0,4,1,0,0,0,2023-06-10
686217,hitting,2023,16,ACL Brewers,Arizona Complex League,4,1,0,1,1,0,2,0,0,5,2,0,0,0,2023-06-12
686611,hitting,2024,11,Rochester Red Wings,International League,5,0,0,0,1,0,0,0,0,5,0,0,0,0,2024-06-18
686611,hitting,2024,11,Rochester Red Wings,International League,5,0,0,0,1,0,1,1,0,5,1,0,0,0,2024-06-19
686611,hitting,2024,11,Rochester Red Wings,International League,5,0,0,0,1,0,1,0,0,5,0,0,0,0,2024-06-20
686611,hitting,2024,11,Rochester Red Wings,International League,4,0,0,0,1,0,2,1,0,4,1,0,2,0,2024-06-21
686611,hitting,2024,11,Rochester Red Wings,International League,6,0,0,0,1,0,1,0,0,6,0,0,0,0,2024-06-22
686611,hitting,2024,11,Rochester Red Wings,International League,4,0,1,1,1,0,2,0,0,4,1,0,0,0,2024-06-23
686611,hitting,2024,11,Rochester Red Wings,International League,3,1,0,0,1,0,1,0,0,4,1,0,0,0,2024-06-25
686611,hitting,2024,11,Rochester Red Wings,International League,3,0,0,0,1,0,1,0,0,3,0,0,0,0,2024-06-27
686611,hitting,2024,11,Rochester Red Wings,International League,4,0,0,1,1,0,1,0,0,4,1,0,0,0,2024-06-27
686611,hitting,2024,11,Rochester Red Wings,International League,5,1,0,1,1,0,2,0,0,6,4,0,0,0,2024-06-28
686611,hitting,2024,11,Rochester Red Wings,International League,5,0,0,0,1,0,2,0,0,5,2,0,1,0,2024-06-30
686611,hitting,2024,11,Rochester Red Wings,International League,5,0,0,0,1,0,0,0,0,5,0,0,0,0,2024-07-01
686611,hitting,2024,11,Rochester Red Wings,International League,5,0,0,1,1,0,2,0,0,5,1,0,0,0,2024-07-02
686611,hitting,2024,11,Rochester Red Wings,International League,4,1,0,0,1,0,0,0,0,5,0,0,0,0,2024-07-03
686611,hitting,2024,11,Rochester Red Wings,International League,5,1,0,0,1,0,0,0,0,6,0,0,0,0,2024-07-04
686611,hitting,2024,11,Rochester Red Wings,International League,5,0,0,0,1,0,1,1,0,5,1,0,0,0,2024-07-05
686611,hitting,2024,11,Rochester Red Wings,International League,5,1,0,0,1,0,2,0,0,6,0,0,0,0,2024-07-06
686611,hitting,2024,11,Rochester Red Wings,International League,5,0,0,1,1,0,2,0,0,5,0,0,1,0,2024-07-09
686611,hitting,2024,11,Rochester Red Wings,International League,3,1,0,0,1,1,1,0,0,5,1,0,1,0,2024-07-10
686611,hitting,2024,11,Rochester Red Wings,International League,5,0,0,0,1,0,1,0,0,5,0,0,0,0,2024-07-11
686611,hitting,2024,11,Rochester Red Wings,International League,4,1,0,0,1,0,1,0,0,5,0,0,0,0,2024-07-19
686611,hitting,2024,11,Rochester Red Wings,International League,3,2,0,0,1,0,1,0,0,5,0,0,0,0,2024-07-20
686611,hitting,2024,11,Rochester Red Wings,International League,3,2,0,0,1,0,1,1,0,5,1,0,0,0,2024-07-21
686611,hitting,2024,11,Rochester Red Wings,International League,4,1,0,0,1,0,1,0,0,5,0,0,0,0,2024-07-23
686611,hitting,2024,11,Rochester Red Wings,International League,4,0,0,0,1,0,0,0,0,4,0,0,0,0,2024-07-24
686611,hitting,2024,11,Rochester Red Wings,International League,4,1,0,2,1,0,2,0,0,5,0,0,0,0,2024-07-25
686611,hitting,2024,11,Rochester Red Wings,International League,5,0,0,1,1,0,1,0,0,5,1,0,0,0,2024-07-26
686611,hitting,2024,11,Rochester Red Wings,International League,5,0,0,0,1,0,1,0,0,5,1,0,0,1,2024-07-27
686611,hitting,2024,11,Rochester Red Wings,International League,3,1,0,0,1,0,0,0,0,4,0,0,0,0,2024-07-28
686611,hitting,2024,11,Rochester Red Wings,International League,5,0,0,1,1,0,3,0,0,5,2,0,0,0,2024-07-30
686611,hitting,2024,11,Rochester Red Wings,International League,4,1,0,0,1,0,0,0,0,5,0,0,0,0,2024-07-31
686611,hitting,2024,11,Rochester Red Wings,International League,4,0,0,0,1,0,1,0,0,5,0,1,0,1,2024-08-01
686611,hitting,2024,11,Rochester Red Wings,International League,4,0,0,0,1,0,0,0,0,4,0,0,0,0,2024-08-02
686611,hitting,2024,11,Rochester Red Wings,International League,4,0,1,0,1,0,1,0,0,4,0,0,0,0,2024-08-03
686611,hitting,2024,11,Rochester Red Wings,International League,4,0,0,1,1,1,3,0,0,5,1,0,1,1,2024-08-07
686611,hitting,2024,11,Rochester Red Wings,International League,4,0,0,0,1,0,1,0,0,4,1,0,0,0,2024-08-07
686611,hitting,2024,11,Rochester Red Wings,International League,3,1,0,0,1,0,0,0,0,4,1,0,0,0,2024-08-08
686611,hitting,2024,11,Rochester Red Wings,International League,4,0,0,0,1,1,2,1,0,5,2,0,0,0,2024-08-09
686611,hitting,2024,11,Rochester Red Wings,International League,4,0,0,0,1,0,2,1,0,4,1,0,0,0,2024-08-10
686611,hitting,2024,11,Rochester Red Wings,International League,4,0,0,0,1,2,1,0,0,6,1,0,1,0,2024-08-11
686611,hitting,2024,11,Rochester Red Wings,International League,5,0,0,0,1,0,1,1,0,5,1,0,0,0,2024-08-13
686611,hitting,2024,11,Rochester Red Wings,International League,5,0,0,0,1,0,1,0,0,5,2,0,0,0,2024-08-14
686611,hitting,2024,11,Rochester Red Wings,International League,2,1,0,0,1,0,0,0,0,4,0,1,0,0,2024-08-15
686611,hitting,2024,11,Rochester Red Wings,International League,5,0,0,0,1,0,1,0,0,5,1,0,0,0,2024-08-16
686611,hitting,2024,11,Rochester Red Wings,International League,4,1,0,0,1,0,1,0,0,5,1,0,1,0,2024-08-17
686611,hitting,2024,11,Rochester Red Wings,International League,5,1,0,0,1,0,1,1,0,6,1,0,0,0,2024-08-20
686611,hitting,2024,11,Rochester Red Wings,International League,5,0,0,0,1,0,4,0,0,5,1,0,2,0,2024-08-21
686611,hitting,2024,11,Rochester Red Wings,International League,6,0,0,0,1,0,2,0,0,6,1,0,0,0,2024-08-22
686611,hitting,2024,11,Rochester Red Wings,International League,4,1,0,0,1,0,0,0,0,5,0,0,0,0,2024-08-23
686611,hitting,2024,12,Harrisburg Senators,Eastern League,5,0,0,0,1,0,0,0,0,5,0,0,0,0,2024-04-05
686611,hitting,2024,12,Harrisburg Senators,Eastern League,3,1,0,0,1,0,0,0,0,4,0,0,0,0,2024-04-06
686611,hitting,2024,12,Harrisburg Senators,Eastern League,5,0,0,0,1,0,1,0,0,5,1,0,0,0,2024-04-07
686611,hitting,2024,12,Harrisburg Senators,Eastern League,5,0,0,0,1,0,4,1,0,5,1,0,0,0,2024-04-09
686611,hitting,2024,12,Harrisburg Senators,Eastern League,3,0,0,0,1,1,0,0,0,5,0,0,0,0,2024-04-10
686611,hitting,2024,12,Harrisburg Senators,Eastern League,4,0,0,0,1,0,0,0,0,4,0,0,0,0,2024-04-13
686611,hitting,2024,12,Harrisburg Senators,Eastern League,3,1,0,1,1,0,1,0,0,4,2,0,0,0,2024-04-13
686611,hitting,2024,12,Harrisburg Senators,Eastern League,5,0,0,0,1,0,3,1,0,5,2,0,1,0,2024-04-14
686611,hitting,2024,12,Harrisburg Senators,Eastern League,4,1,0,0,1,0,1,0,0,5,0,0,0,0,2024-04-16
686611,hitting,2024,12,Harrisburg Senators,Eastern League,4,0,0,0,1,1,0,0,0,5,1,0,1,0,2024-04-17
686611,hitting,2024,12,Harrisburg Senators,Eastern League,4,0,0,0,1,0,1,0,0,4,0,0,0,0,2024-04-27
686611,hitting,2024,12,Harrisburg Senators,Eastern League,4,0,0,0,1,0,0,0,0,4,0,0,0,0,2024-04-30
686611,hitting,2024,12,Harrisburg Senators,Eastern League,3,0,0,1,1,0,2,0,0,3,1,0,0,1,2024-05-02
686611,hitting,2024,12,Harrisburg Senators,Eastern League,4,0,0,0,1,0,0,0,0,4,1,0,0,0,2024-05-03
686611,hitting,2024,12,Harrisburg Senators,Eastern League,3,1,0,0,1,0,1,0,0,4,1,0,0,1,2024-05-04
686611,hitting,2024,12,Harrisburg Senators,Eastern League,2,1,0,0,1,0,0,0,0,4,0,1,0,0,2024-05-05
686611,hitting,2024,12,Harrisburg Senators,Eastern League,4,1,0,1,1,0,2,0,0,5,0,0,2,0,2024-05-07
686611,hitting,2024,12,Harrisburg Senators,Eastern League,3,1,0,0,1,0,0,0,0,4,0,0,0,0,2024-05-08
686611,hitting,2024,12,Harrisburg Senators,Eastern League,4,0,0,0,1,0,1,1,0,4,1,0,0,0,2024-05-09
686611,hitting,2024,12,Harrisburg Senators,Eastern League,3,1,0,0,1,0,1,0,0,4,2,0,1,0,2024-05-12
686611,hitting,2024,12,Harrisburg Senators,Eastern League,2,1,0,0,1,0,0,0,0,3,0,0,0,0,2024-05-14
686611,hitting,2024,12,Harrisburg Senators,Eastern League,5,0,0,2,1,0,3,0,0,5,0,0,0,0,2024-05-15
686611,hitting,2024,12,Harrisburg Senators,Eastern League,3,0,0,0,1,0,1,0,0,3,1,0,1,0,2024-05-16
686611,hitting,2024,12,Harrisburg Senators,Eastern League,3,0,0,0,1,0,1,0,0,3,0,0,0,0,2024-05-16
686611,hitting,2024,12,Harrisburg Senators,Eastern League,4,0,0,0,1,0,0,0,0,4,0,0,0,0,2024-05-17
686611,hitting,2024,12,Harrisburg Senators,Eastern League,3,1,1,0,1,0,1,0,0,4,0,0,0,0,2024-05-18
686611,hitting,2024,12,Harrisburg Senators,Eastern League,4,0,0,2,1,0,2,0,0,4,1,0,0,0,2024-05-19
686611,hitting,2024,12,Harrisburg Senators,Eastern League,4,0,0,0,1,0,2,0,0,4,0,0,0,1,2024-05-21
686611,hitting,2024,12,Harrisburg Senators,Eastern League,4,0,0,0,1,0,1,0,0,4,0,0,0,0,2024-05-22
686611,hitting,2024,12,Harrisburg Senators,Eastern League,4,0,1,0,1,0,2,0,0,4,0,0,1,0,2024-05-23
686611,hitting,2024,12,Harrisburg Senators,Eastern League,5,0,0,0,1,1,0,0,0,6,1,0,1,0,2024-05-24
686611,hitting,2024,12,Harrisburg Senators,Eastern League,2,0,0,0,1,0,0,0,0,3,0,1,0,0,2024-05-26
686611,hitting,2024,12,Harrisburg Senators,Eastern League,2,1,0,0,1,0,0,0,0,3,1,0,0,0,2024-05-26
686611,hitting,2024,12,Harrisburg Senators,Eastern League,4,0,1,0,1,0,1,0,0,4,1,0,1,0,2024-05-27
686611,hitting,2024,12,Harrisburg Senators,Eastern League,1,1,0,0,1,1,1,0,0,3,0,0,0,0,2024-05-29
686611,hitting,2024,12,Harrisburg Senators,Eastern League,4,0,0,0,1,0,1,1,0,4,1,0,0,0,2024-05-30
686611,hitting,2024,12,Harrisburg Senators,Eastern League,4,1,0,0,1,0,2,0,0,5,1,0,0,0,2024-05-31
686611,hitting,2024,12,Harrisburg Senators,Eastern League,4,0,0,0,1,1,2,0,0,5,0,0,0,0,2024-06-01
686611,hitting,2024,12,Harrisburg Senators,Eastern League,5,0,0,0,1,0,1,0,0,5,0,0,0,0,2024-06-02
686611,hitting,2024,12,Harrisburg Senators,Eastern League,5,0,0,2,1,0,2,0,0,5,0,0,0,0,2024-06-04
686611,hitting,2024,12,Harrisburg Senators,Eastern League,3,0,0,0,1,0,0,0,0,3,0,0,0,0,2024-06-06
686611,hitting,2024,12,Harrisburg Senators,Eastern League,2,2,0,0,1,0,1,0,0,4,1,0,2,0,2024-06-07
686611,hitting,2024,12,Harrisburg Senators,Eastern League,3,0,0,0,1,0,1,0,0,3,0,0,1,0,2024-06-08
686611,hitting,2024,12,Harrisburg Senators,Eastern League,2,0,0,0,1,0,0,0,0,3,0,1,0,0,2024-06-08
686611,hitting,2024,12,Harrisburg Senators,Eastern League,4,0,0,0,1,0,0,0,0,4,0,0,0,0,2024-06-09
686611,hitting,2024,12,Harrisburg Senators,Eastern League,4,0,0,0,1,0,0,0,0,4,0,0,0,0,2024-06-11
686611,hitting,2024,12,Harrisburg Senators,Eastern League,4,0,0,1,1,0,2,0,0,4,1,0,0,0,2024-06-12
686611,hitting,2024,12,Harrisburg Senators,Eastern League,4,0,0,0,1,0,2,0,0,4,2,0,1,0,2024-06-13
686611,hitting,2024,12,Harrisburg Senators,Eastern League,4,0,0,0,1,0,1,0,0,4,0,0,0,0,2024-06-14
686611,hitting,2024,12,Harrisburg Senators,Eastern League,4,1,0,1,1,0,2,0,0,5,1,0,1,0,2024-06-15
686611,hitting,2024,12,Harrisburg Senators,Eastern League,5,0,0,0,1,0,1,1,0,5,1,0,1,0,2024-06-16
686797,hitting,2024,11,St. Paul Saints,International League,3,1,0,0,1,0,1,0,0,4,1,0,0,0,2024-06-05
686797,hitting,2024,11,St. Paul Saints,International League,3,0,0,0,1,0,0,0,0,3,0,0,0,0,2024-06-06
686797,hitting,2024,11,St. Paul Saints,International League,4,1,0,0,1,0,1,0,0,5,0,0,0,0,2024-06-07
686797,hitting,2024,11,St. Paul Saints,International League,4,0,0,0,1,0,1,0,0,4,0,0,0,0,2024-06-08
686797,hitting,2024,11,St. Paul Saints,International League,4,1,0,1,1,0,2,0,0,5,1,0,0,0,2024-06-11
686797,hitting,2024,11,St. Paul Saints,International League,6,0,0,0,1,0,3,1,0,6,2,0,0,0,2024-06-13
686797,hitting,2024,11,St. Paul Saints,International League,5,0,0,0,1,0,2,0,0,5,1,0,0,0,2024-06-14
686797,hitting,2024,11,St. Paul Saints,International League,4,0,0,0,1,0,0,0,0,4,0,0,0,0,2024-06-15
686797,hitting,2024,11,St. Paul Saints,International League,5,0,0,0,1,0,1,0,0,5,1,0,0,0,2024-06-16
686797,hitting,2024,11,St. Paul Saints,International League,4,0,0,0,1,0,2,1,0,4,1,0,0,0,2024-06-18
686797,hitting,2024,11,St. Paul Saints,International League,5,0,0,3,1,0,3,0,0,5,2,0,0,0,2024-06-19
686797,hitting,2024,11,St. Paul Saints,International League,5,0,0,0,1,0,2,2,0,5,2,0,0,0,2024-06-20
686797,hitting,2024,11,St. Paul Saints,International League,5,0,0,0,1,0,2,0,0,5,1,0,0,0,2024-06-21
686797,hitting,2024,11,St. Paul Saints,International League,3,2,0,0,1,0,1,0,0,5,1,0,1,0,2024-06-22
686797,hitting,2024,11,St. Paul Saints,International League,4,1,0,0,1,0,1,1,0,5,1,0,0,0,2024-06-25
686797,hitting,2024,11,St. Paul Saints,International League,4,2,0,0,1,0,1,1,0,6,2,0,0,0,2024-06-26
686797,hitting,2024,11,St. Paul Saints,International League,4,1,0,0,1,0,3,0,0,5,2,0,0,0,2024-06-27
686797,hitting,2024,11,St. Paul Saints,International League,4,0,0,0,1,0,0,0,0,4,0,0,0,0,2024-06-28
686797,hitting,2024,11,St. Paul Saints,International League,5,0,0,1,1,0,1,0,0,5,1,0,0,0,2024-06-29
686797,hitting,2024,11,St. Paul Saints,International League,4,0,0,0,1,0,1,1,0,4,1,0,0,0,2024-07-02
686797,hitting,2024,14,Fort Myers Mighty Mussels,Florida State League,4,0,0,0,1,0,0,0,0,4,0,0,0,0,2024-05-28
686797,hitting,2024,14,Fort Myers Mighty Mussels,Florida State League,4,1,0,0,1,0,2,0,0,5,1,0,1,0,2024-05-29
686797,hitting,2024,14,Fort Myers Mighty Mussels,Florida State League,4,0,0,0,1,0,2,0,0,4,0,0,0,0,2024-05-31
686797,hitting,2024,14,Fort Myers Mighty Mussels,Florida State League,3,1,0,0,1,0,1,0,0,4,0,0,0,0,2024-06-01
686797,hitting,2024,14,Fort Myers Mighty Mussels,Florida State League,3,1,0,1,1,0,1,0,0,4,1,0,0,0,2024-06-02
686797,hitting,2024,16,FCL Twins,Florida Complex League,4,0,0,0,1,0,0,0,0,4,0,0,0,0,2024-05-20
686797,hitting,2024,16,FCL Twins,Florida Complex League,4,0,0,1,1,0,1,0,0,4,1,0,0,0,2024-05-21
686797,hitting,2024,16,FCL Twins,Florida Complex League,4,0,0,1,1,0,2,0,0,4,2,0,0,0,2024-05-23
686797,hitting,2024,16,FCL Twins,Florida Complex League,4,0,0,0,1,0,3,0,0,4,1,0,0,0,2024-05-24
686797,hitting,2024,16,FCL Twins,Florida Complex League,4,1,0,0,1,0,3,0,0,5,1,0,0,0,2024-05-25
687221,hitting,2025,11,Oklahoma City Comets,Pacific Coast League,4,0,0,0,1,0,2,1,0,4,1,0,0,0,2025-03-28
687221,hitting,2025,11,Oklahoma City Comets,Pacific Coast League,4,0,0,0,1,0,1,0,0,5,0,1,0,0,2025-03-29
687221,hitting,2025,11,Oklahoma City Comets,Pacific Coast League,3,1,0,0,1,1,0,0,1,5,0,0,0,0,2025-03-30
687221,hitting,2025,11,Oklahoma City Comets,Pacific Coast League,0,1,0,0,1,0,0,0,0,1,0,0,0,0,2025-04-01
687221,hitting,2025,11,Oklahoma City Comets,Pacific Coast League,5,0,0,0,1,1,0,0,0,6,0,0,0,0,2025-04-03
687221,hitting,2025,11,Oklahoma City Comets,Pacific Coast League,5,0,0,0,1,0,4,0,0,5,3,0,0,0,2025-04-04
687221,hitting,2025,11,Oklahoma City Comets,Pacific Coast League,5,1,0,0,1,0,2,0,0,6,3,0,0,1,2025-04-05
687221,hitting,2025,11,Oklahoma City Comets,Pacific Coast League,0,1,0,0,1,0,0,0,0,1,0,0,0,0,2025-04-06
687221,hitting,2025,11,Oklahoma City Comets,Pacific Coast League,6,0,0,0,1,0,0,0,0,6,0,0,0,0,2025-04-08
687221,hitting,2025,11,Oklahoma City Comets,Pacific Coast League,4,1,0,0,1,0,1,0,0,5,0,0,0,0,2025-04-09
687221,hitting,2025,11,Oklahoma City Comets,Pacific Coast League,3,1,0,0,1,0,2,0,0,4,0,0,0,0,2025-04-15
687221,hitting,2025,11,Oklahoma City Comets,Pacific Coast League,4,0,0,0,1,0,1,0,0,4,1,0,0,0,2025-04-17
687221,hitting,2025,11,Oklahoma City Comets,Pacific Coast League,3,0,0,0,1,0,0,0,0,4,0,1,0,0,2025-04-18
687221,hitting,2025,11,Oklahoma City Comets,Pacific Coast League,3,1,0,0,1,0,1,0,0,4,1,0,0,0,2025-04-20
687221,hitting,2025,11,Oklahoma City Comets,Pacific Coast League,3,1,0,0,1,0,1,1,0,4,1,0,0,0,2025-04-22
687221,hitting,2025,11,Oklahoma City Comets,Pacific Coast League,4,1,0,0,1,0,0,0,0,5,0,0,0,0,2025-04-23
687221,hitting,2025,11,Oklahoma City Comets,Pacific Coast League,5,0,0,1,1,0,4,1,0,5,2,0,0,0,2025-04-24
687221,hitting,2025,11,Oklahoma City Comets,Pacific Coast League,4,0,0,0,1,0,0,0,0,4,0,0,0,0,2025-04-25
687221,hitting,2025,11,Oklahoma City Comets,Pacific Coast League,3,2,0,1,1,0,1,0,0,5,1,0,0,0,2025-04-27
687221,hitting,2025,11,Oklahoma City Comets,Pacific Coast League,4,1,0,0,1,0,2,0,0,5,2,0,1,0,2025-04-30
687221,hitting,2025,11,Oklahoma City Comets,Pacific Coast League,1,0,0,1,1,0,1,0,0,1,0,0,0,0,2025-05-01
687221,hitting,2025,11,Oklahoma City Comets,Pacific Coast League,3,1,0,1,1,0,1,0,0,4,1,0,0,0,2025-05-01
687221,hitting,2025,11,Oklahoma City Comets,Pacific Coast League,4,1,0,0,1,0,1,0,0,5,2,0,0,0,2025-05-02
687221,hitting,2025,11,Oklahoma City Comets,Pacific Coast League,3,1,0,1,1,0,1,0,0,4,0,0,0,0,2025-05-03
687221,hitting,2025,11,Oklahoma City Comets,Pacific Coast League,2,2,0,0,1,0,0,0,0,4,0,0,0,0,2025-05-04
687221,hitting,2025,11,Oklahoma City Comets,Pacific Coast League,5,0,0,0,1,0,2,0,0,5,0,0,0,0,2025-05-06
687221,hitting,2025,11,Oklahoma City Comets,Pacific Coast League,3,1,0,0,1,0,2,1,0,4,1,0,0,0,2025-05-07
687221,hitting,2025,11,Oklahoma City Comets,Pacific Coast League,3,2,0,0,1,0,1,0,0,5,2,0,0,0,2025-05-08
687221,hitting,2025,11,Oklahoma City Comets,Pacific Coast League,2,0,0,0,1,0,0,0,0,2,0,0,0,0,2025-05-09
687221,hitting,2025,11,Oklahoma City Comets,Pacific Coast League,4,0,0,0,1,0,0,0,0,4,0,0,0,0,2025-05-11
687221,hitting,2025,11,Oklahoma City Comets,Pacific Coast League,5,1,0,0,1,0,2,1,0,6,2,0,0,0,2025-05-13
687263,hitting,2023,12,Rocket City Trash Pandas,Southern League,3,2,0,1,1,0,1,0,1,5,0,0,0,0,2023-04-06
687263,hitting,2023,12,Rocket City Trash Pandas,Southern League,4,0,0,0,1,0,2,0,0,4,2,0,0,0,2023-04-08
687263,hitting,2023,12,Rocket City Trash Pandas,Southern League,2,1,0,0,1,0,0,0,0,3,1,0,0,0,2023-04-08
687263,hitting,2023,12,Rocket City Trash Pandas,Southern League,5,0,0,0,1,1,4,1,0,6,1,0,0,0,2023-04-11
687263,hitting,2023,12,Rocket City Trash Pandas,Southern League,4,1,0,0,1,0,0,0,0,5,0,0,1,0,2023-04-12
687263,hitting,2023,12,Rocket City Trash Pandas,Southern League,5,1,0,0,1,0,2,0,0,6,3,0,2,0,2023-04-13
687263,hitting,2023,12,Rocket City Trash Pandas,Southern League,4,1,0,0,1,0,3,2,0,5,3,0,0,0,2023-04-14
687401,hitting,2023,11,Norfolk Tides,International League,4,0,0,0,1,0,0,0,0,4,0,0,0,0,2023-04-04
687401,hitting,2023,11,Norfolk Tides,International League,4,0,0,0,1,0,1,0,0,4,1,0,0,0,2023-04-05
687401,hitting,2023,11,Norfolk Tides,International League,4,1,0,0,1,0,2,0,0,5,0,0,0,0,2023-04-06
687401,hitting,2023,11,Norfolk Tides,International League,6,0,0,0,1,0,2,0,0,6,2,0,0,0,2023-04-08
687401,hitting,2023,11,Norfolk Tides,International League,4,0,0,0,1,0,1,0,0,5,0,1,0,1,2023-04-11
687401,hitting,2023,11,Norfolk Tides,International League,5,0,0,0,1,0,0,0,0,5,0,0,0,0,2023-04-12
687401,hitting,2023,11,Norfolk Tides,International League,3,0,0,1,1,0,1,0,0,4,0,1,0,0,2023-04-13
687401,hitting,2023,11,Norfolk Tides,International League,5,0,0,0,1,0,3,0,0,5,0,0,0,0,2023-04-14
687401,hitting,2023,11,Norfolk Tides,International League,5,0,0,1,1,0,3,0,0,5,1,0,0,0,2023-04-16
687401,hitting,2023,11,Norfolk Tides,International League,4,0,0,0,1,0,3,0,0,4,0,0,1,0,2023-04-18
687401,hitting,2023,11,Norfolk Tides,International League,4,0,0,2,1,0,3,0,0,4,0,0,0,0,2023-04-19
687401,hitting,2023,11,Norfolk Tides,International League,3,2,0,0,1,0,2,0,0,5,1,0,0,0,2023-04-20
687401,hitting,2023,11,Norfolk Tides,International League,3,0,0,0,1,0,1,0,0,3,0,0,0,1,2023-04-21
687401,hitting,2023,11,Norfolk Tides,International League,3,0,0,0,1,0,0,0,0,3,0,0,0,0,2023-04-22
687401,hitting,2023,11,Norfolk Tides,International League,4,0,0,0,1,0,0,0,0,5,0,1,0,0,2023-04-23
687401,hitting,2023,11,Norfolk Tides,International League,3,2,0,1,1,0,1,0,0,5,1,0,0,0,2023-04-25
687551,hitting,2025,11,Syracuse Mets,International League,4,0,0,0,1,0,1,0,0,4,1,0,0,0,2025-04-17
687551,hitting,2025,11,Syracuse Mets,International League,3,0,0,0,1,0,0,0,0,3,0,0,0,0,2025-04-18
687551,hitting,2025,11,Syracuse Mets,International League,2,1,0,0,1,0,2,0,0,4,0,1,0,0,2025-04-20
687551,hitting,2025,11,Syracuse Mets,International League,3,0,0,0,1,1,0,0,0,4,0,0,0,0,2025-04-22
687551,hitting,2025,11,Syracuse Mets,International League,3,1,0,1,1,0,2,0,0,4,0,0,0,0,2025-04-23
687551,hitting,2025,11,Syracuse Mets,International League,4,1,0,1,1,0,2,0,0,5,2,0,0,0,2025-04-25
687551,hitting,2025,11,Syracuse Mets,International League,3,1,0,0,1,0,0,0,0,4,0,0,0,0,2025-04-27
687551,hitting,2025,11,Syracuse Mets,International League,5,1,0,0,1,0,0,0,0,6,1,0,0,0,2025-04-27
687551,hitting,2025,11,Syracuse Mets,International League,3,0,0,0,1,0,1,0,0,3,0,0,0,0,2025-04-30
687551,hitting,2025,11,Syracuse Mets,International League,1,1,0,0,1,1,0,0,0,3,0,0,0,0,2025-04-30
687551,hitting,2025,11,Syracuse Mets,International League,4,1,0,0,1,0,1,0,0,5,2,0,0,0,2025-05-01
687551,hitting,2025,11,Syracuse Mets,International League,3,0,0,1,1,0,1,0,0,4,1,1,0,0,2025-05-02
687551,hitting,2025,11,Syracuse Mets,International League,2,3,0,0,1,0,1,1,0,5,2,0,0,0,2025-05-03
687551,hitting,2025,11,Syracuse Mets,International League,4,0,0,0,1,0,1,0,0,4,0,0,0,0,2025-05-04
687551,hitting,2025,11,Syracuse Mets,International League,5,0,0,0,1,0,1,0,0,5,0,0,0,0,2025-05-06
687551,hitting,2025,11,Syracuse Mets,International League,4,1,0,0,1,0,0,0,0,5,0,0,0,0,2025-05-07
687551,hitting,2025,11,Syracuse Mets,International League,4,0,0,0,1,0,1,0,0,4,0,0,0,0,2025-05-08
687551,hitting,2025,11,Syracuse Mets,International League,4,0,0,0,1,0,1,1,0,4,1,0,0,0,2025-05-09
687551,hitting,2025,11,Syracuse Mets,International League,4,1,0,0,1,0,0,0,0,5,0,0,0,0,2025-05-10
687551,hitting,2025,11,Syracuse Mets,International League,3,0,0,0,1,1,1,0,0,4,0,0,0,0,2025-05-11
687551,hitting,2025,11,Syracuse Mets,International League,3,2,0,1,1,0,2,0,0,5,0,0,0,0,2025-05-13
687551,hitting,2025,11,Syracuse Mets,International League,4,1,0,0,1,0,0,0,0,5,1,0,0,0,2025-05-14
687551,hitting,2025,11,Syracuse Mets,International League,3,1,0,0,1,0,1,0,0,4,1,0,0,0,2025-05-15
687551,hitting,2025,11,Syracuse Mets,International League,3,1,0,0,1,0,0,0,0,4,1,0,0,0,2025-05-16
687551,hitting,2025,11,Syracuse Mets,International League,3,1,1,0,1,0,1,0,0,4,1,0,0,0,2025-05-17
687551,hitting,2025,11,Syracuse Mets,International League,5,0,0,0,1,0,1,0,0,5,0,0,0,0,2025-05-20
687551,hitting,2025,11,Syracuse Mets,International League,4,1,0,0,1,0,1,0,0,5,1,0,0,0,2025-05-21
687551,hitting,2025,11,Syracuse Mets,International League,4,1,0,0,1,0,1,0,0,5,0,0,0,0,2025-05-22
687551,hitting,2025,11,Syracuse Mets,International League,2,1,0,0,1,0,0,0,0,4,1,1,0,0,2025-05-24
687551,hitting,2025,11,Syracuse Mets,International League,5,0,0,0,1,0,0,0,0,5,1,0,0,0,2025-05-24
687551,hitting,2025,11,Syracuse Mets,International League,5,0,0,0,1,0,1,0,0,5,1,0,0,0,2025-05-25
687551,hitting,2025,11,Syracuse Mets,International League,3,0,0,0,1,0,0,0,0,3,0,0,0,0,2025-05-28
687551,hitting,2025,11,Syracuse Mets,International League,3,1,0,0,1,0,0,0,0,4,0,0,1,0,2025-05-28
687551,hitting,2025,11,Syracuse Mets,International League,4,1,0,0,1,0,0,0,0,5,1,0,0,0,2025-05-29
687551,hitting,2025,11,Syracuse Mets,International League,4,0,0,2,1,1,2,0,0,5,1,0,0,0,2025-05-30
687551,hitting,2025,11,Syracuse Mets,International League,5,0,0,1,1,0,1,0,0,5,1,0,0,0,2025-05-31
687551,hitting,2025,11,Syracuse Mets,International League,5,0,0,0,1,0,1,0,0,5,0,0,0,0,2025-06-01
687551,hitting,2025,11,Syracuse Mets,International League,5,0,0,0,1,0,1,0,0,5,1,0,0,0,2025-06-03
687551,hitting,2025,11,Syracuse Mets,International League,2,2,1,0,1,0,1,0,0,4,1,0,0,1,2025-06-04
687551,hitting,2025,11,Syracuse Mets,International League,4,0,0,0,1,0,0,0,0,4,0,0,0,0,2025-06-05
687551,hitting,2025,11,Syracuse Mets,International League,6,0,0,0,1,0,2,1,0,6,1,0,0,0,2025-06-06
687551,hitting,2025,11,Syracuse Mets,International League,4,1,0,1,1,0,1,0,0,5,2,0,0,0,2025-06-07
687551,hitting,2025,11,Syracuse Mets,International League,5,0,0,0,1,0,0,0,0,5,1,0,0,0,2025-06-08
687551,hitting,2025,11,Syracuse Mets,International League,4,1,0,1,1,0,1,0,0,5,0,0,0,0,2025-06-10
687551,hitting,2025,11,Syracuse Mets,International League,4,1,0,0,1,0,1,1,0,5,1,0,0,0,2025-06-11
687551,hitting,2025,11,Syracuse Mets,International League,3,0,0,0,1,0,0,0,0,4,0,0,0,0,2025-06-12
687551,hitting,2025,11,Syracuse Mets,International League,4,0,0,1,1,0,1,0,0,4,1,0,0,0,2025-06-13
687551,hitting,2025,11,Syracuse Mets,International League,3,1,0,0,1,0,1,0,0,4,0,0,0,0,2025-06-14
687551,hitting,2025,11,Syracuse Mets,International League,2,1,0,0,1,2,1,0,0,5,0,0,1,0,2025-06-15
687551,hitting,2025,11,Syracuse Mets,International League,4,0,0,0,1,0,2,0,0,4,0,0,0,0,2025-06-17
687551,hitting,2025,11,Syracuse Mets,International League,3,1,1,0,1,0,1,0,0,5,0,1,0,0,2025-06-18
687551,hitting,2025,11,Syracuse Mets,International League,4,1,0,0,1,0,1,0,0,5,0,0,0,0,2025-06-19
687551,hitting,2025,11,Syracuse Mets,International League,3,0,0,1,1,0,1,0,0,3,0,0,0,0,2025-06-20
687551,hitting,2025,11,Syracuse Mets,International League,4,0,0,0,1,0,0,0,0,4,0,0,0,0,2025-06-21
687551,hitting,2025,11,Syracuse Mets,International League,5,0,0,0,1,0,0,0,0,5,0,0,0,0,2025-06-22
687551,hitting,2025,11,Syracuse Mets,International League,5,0,0,1,1,0,3,0,0,5,1,0,0,0,2025-06-24
687551,hitting,2025,11,Syracuse Mets,International League,4,0,0,0,1,0,1,0,0,4,0,0,0,0,2025-06-25
687551,hitting,2025,11,Syracuse Mets,International League,2,2,0,0,1,0,0,0,0,4,0,0,0,0,2025-06-27
687551,hitting,2025,11,Syracuse Mets,International League,4,0,0,0,1,0,1,0,0,4,1,0,0,0,2025-06-28
687551,hitting,2025,11,Syracuse Mets,International League,5,0,0,0,1,0,2,2,0,5,3,0,0,0,2025-06-28
687551,hitting,2025,11,Syracuse Mets,International League,3,0,0,0,1,1,0,0,0,4,0,0,0,0,2025-06-29
687551,hitting,2025,11,Syracuse Mets,International League,4,0,0,0,1,0,1,1,0,4,1,0,0,0,2025-07-02
687551,hitting,2025,11,Syracuse Mets,International League,3,0,0,0,1,0,1,0,0,3,0,0,0,0,2025-07-02
687551,hitting,2025,11,Syracuse Mets,International League,5,0,0,0,1,0,3,2,0,5,2,0,0,0,2025-07-03
687551,hitting,2025,11,Syracuse Mets,International League,2,1,0,0,1,1,0,0,0,4,0,0,1,0,2025-07-04
687551,hitting,2025,11,Syracuse Mets,International League,3,0,0,0,1,1,1,0,0,4,0,0,0,0,2025-07-05
687551,hitting,2025,11,Syracuse Mets,International League,4,1,0,1,1,0,1,0,0,5,1,0,0,0,2025-07-08
687551,hitting,2025,11,Syracuse Mets,International League,4,0,0,0,1,0,1,0,0,4,0,0,0,0,2025-07-09
687551,hitting,2025,11,Syracuse Mets,International League,3,0,0,0,1,0,0,0,0,3,0,0,0,0,2025-07-10
687551,hitting,2025,11,Syracuse Mets,International League,5,0,0,0,1,0,1,0,0,5,1,0,0,1,2025-07-11
687551,hitting,2025,11,Syracuse Mets,International League,5,0,0,1,1,0,3,1,0,5,1,0,0,0,2025-07-12
687551,hitting,2025,11,Syracuse Mets,International League,2,0,0,1,1,0,1,0,0,2,0,0,0,0,2025-07-13
687551,hitting,2025,11,Syracuse Mets,International League,5,1,0,0,1,0,1,0,0,6,1,0,0,0,2025-07-18
687551,hitting,2025,11,Syracuse Mets,International League,5,0,0,0,1,0,1,0,0,5,1,0,0,0,2025-07-20
687551,hitting,2025,11,Syracuse Mets,International League,2,1,0,0,1,1,0,0,0,4,0,0,0,0,2025-07-22
687551,hitting,2025,11,Syracuse Mets,International League,5,0,0,1,1,0,4,0,0,5,0,0,0,0,2025-07-23
687551,hitting,2025,11,Syracuse Mets,International League,4,0,0,0,1,0,0,0,0,4,0,0,0,0,2025-07-24
687551,hitting,2025,11,Syracuse Mets,International League,4,0,0,1,1,0,3,2,0,4,3,0,0,0,2025-07-25
687551,hitting,2025,11,Syracuse Mets,International League,4,1,0,0,1,0,1,0,0,5,0,0,0,0,2025-07-26
687551,hitting,2025,11,Syracuse Mets,International League,4,0,0,0,1,0,1,0,0,4,0,0,0,0,2025-07-27
687551,hitting,2025,11,Syracuse Mets,International League,3,1,0,0,1,0,0,0,0,4,0,0,0,0,2025-07-29
687551,hitting,2025,11,Syracuse Mets,International League,4,1,0,0,1,0,0,0,0,5,0,0,1,0,2025-07-30
687551,hitting,2025,11,Sacramento River Cats,Pacific Coast League,3,1,0,0,1,0,2,0,0,4,1,0,0,1,2025-08-02
687551,hitting,2025,11,Sacramento River Cats,Pacific Coast League,4,2,0,0,1,0,2,0,0,6,1,0,1,0,2025-08-03
687551,hitting,2025,11,Sacramento River Cats,Pacific Coast League,5,1,0,0,1,0,2,0,0,6,1,0,0,1,2025-08-05
687551,hitting,2025,11,Sacramento River Cats,Pacific Coast League,2,2,0,1,1,0,1,0,0,4,0,0,1,0,2025-08-06
687551,hitting,2025,11,Sacramento River Cats,Pacific Coast League,0,0,0,0,1,0,0,0,0,0,0,0,0,0,2025-08-07
687551,hitting,2025,14,St. Lucie Mets,Florida State League,5,0,0,0,1,0,1,0,0,5,0,0,0,0,2025-04-04
687551,hitting,2025,14,St. Lucie Mets,Florida State League,4,0,0,0,1,0,0,0,0,4,0,0,0,0,2025-04-06
687551,hitting,2025,14,St. Lucie Mets,Florida State League,3,2,0,0,1,0,2,0,0,5,0,0,0,0,2025-04-08
687551,hitting,2025,14,St. Lucie Mets,Florida State League,4,1,0,1,1,0,2,1,0,5,3,0,0,0,2025-04-10
687551,hitting,2025,14,St. Lucie Mets,Florida State League,4,0,0,0,1,0,2,1,0,4,1,0,0,0,2025-04-11
687551,hitting,2025,14,St. Lucie Mets,Florida State League,4,0,0,1,1,0,2,0,0,4,0,0,0,0,2025-04-13
687597,hitting,2024,11,Albuquerque Isotopes,Pacific Coast League,4,1,0,0,1,0,2,1,0,5,1,0,0,0,2024-03-29
687597,hitting,2024,11,Albuquerque Isotopes,Pacific Coast League,3,1,0,0,1,0,0,0,0,4,0,0,0,0,2024-03-30
687597,hitting,2024,11,Albuquerque Isotopes,Pacific Coast League,5,0,0,0,1,0,3,1,0,6,3,1,0,1,2024-03-31
687597,hitting,2024,11,Albuquerque Isotopes,Pacific Coast League,2,2,0,0,1,0,0,0,0,4,1,0,0,0,2024-04-02
687597,hitting,2024,11,Albuquerque Isotopes,Pacific Coast League,4,1,0,1,1,0,1,0,0,5,0,0,0,0,2024-04-03
687597,hitting,2024,11,Albuquerque Isotopes,Pacific Coast League,3,1,0,1,1,0,1,0,0,4,0,0,0,0,2024-04-04
687597,hitting,2024,11,Albuquerque Isotopes,Pacific Coast League,4,0,0,0,1,0,1,0,0,4,0,0,0,0,2024-04-06
687597,hitting,2024,11,Albuquerque Isotopes,Pacific Coast League,3,1,0,0,1,0,1,1,0,4,2,0,0,0,2024-04-07
687597,hitting,2024,11,Albuquerque Isotopes,Pacific Coast League,4,0,0,0,1,0,1,0,0,4,1,0,0,0,2024-04-09
687597,hitting,2024,11,Albuquerque Isotopes,Pacific Coast League,5,0,0,0,1,0,1,0,0,5,0,0,0,1,2024-04-10
687597,hitting,2024,11,Albuquerque Isotopes,Pacific Coast League,3,1,0,0,1,0,0,0,0,4,1,0,0,0,2024-04-11
687597,hitting,2024,11,Albuquerque Isotopes,Pacific Coast League,4,1,0,1,1,0,3,1,0,5,4,0,1,0,2024-04-13
687597,hitting,2024,11,Albuquerque Isotopes,Pacific Coast League,5,1,0,1,1,0,1,0,0,6,0,0,0,0,2024-04-14
687597,hitting,2024,11,Albuquerque Isotopes,Pacific Coast League,3,0,0,0,1,0,0,0,0,4,0,1,0,0,2024-04-16
687597,hitting,2024,11,Albuquerque Isotopes,Pacific Coast League,4,1,0,0,1,0,1,0,0,5,1,0,0,0,2024-04-17
687597,hitting,2024,11,Albuquerque Isotopes,Pacific Coast League,5,0,0,2,1,0,4,1,0,5,2,0,0,0,2024-04-18
687597,hitting,2024,11,Albuquerque Isotopes,Pacific Coast League,4,0,0,0,1,0,0,0,0,4,0,0,0,0,2024-04-19
687597,hitting,2024,11,Albuquerque Isotopes,Pacific Coast League,4,2,0,0,1,0,0,0,0,6,1,0,0,0,2024-04-20
687597,hitting,2024,11,Albuquerque Isotopes,Pacific Coast League,5,0,0,0,1,0,0,0,0,5,0,0,0,0,2024-04-21
687597,hitting,2024,11,Albuquerque Isotopes,Pacific Coast League,6,0,0,0,1,0,3,0,0,6,3,0,1,0,2024-04-23
687597,hitting,2024,11,Albuquerque Isotopes,Pacific Coast League,5,0,0,1,1,0,3,0,0,5,0,0,1,0,2024-04-24
687597,hitting,2024,11,Albuquerque Isotopes,Pacific Coast League,4,2,0,2,1,0,2,0,0,6,2,0,1,0,2024-04-25
687597,hitting,2024,11,Albuquerque Isotopes,Pacific Coast League,4,0,0,0,1,0,0,0,0,4,0,0,0,0,2024-04-26
687597,hitting,2024,11,Albuquerque Isotopes,Pacific Coast League,3,3,0,1,1,0,2,0,0,6,2,0,0,0,2024-04-27
687597,hitting,2024,11,Albuquerque Isotopes,Pacific Coast League,5,0,0,0,1,0,1,0,0,5,0,0,1,0,2024-04-28
690291,hitting,2024,11,Toledo Mud Hens,International League,4,1,0,0,1,0,0,0,0,5,0,0,0,0,2024-03-29
690291,hitting,2024,11,Toledo Mud Hens,International League,4,0,0,1,1,0,2,0,0,4,0,0,0,0,2024-03-30
690291,hitting,2024,11,Toledo Mud Hens,International League,4,0,0,0,1,0,1,0,0,4,0,0,0,0,2024-03-31
690291,hitting,2024,11,Toledo Mud Hens,International League,2,2,0,0,1,0,0,0,0,5,0,1,0,0,2024-04-02
690291,hitting,2024,11,Toledo Mud Hens,International League,5,1,0,0,1,0,0,0,0,6,0,0,0,0,2024-04-03
690291,hitting,2024,11,Toledo Mud Hens,International League,4,0,0,0,1,0,2,1,0,4,1,0,0,0,2024-04-04
690291,hitting,2024,11,Toledo Mud Hens,International League,5,0,0,0,1,0,0,0,0,5,0,0,0,0,2024-04-05
690291,hitting,2024,11,Toledo Mud Hens,International League,3,1,0,0,1,0,1,0,0,4,1,0,0,0,2024-04-06
690291,hitting,2024,11,Toledo Mud Hens,International League,4,1,0,1,1,0,3,0,0,5,2,0,0,0,2024-04-07
690291,hitting,2024,11,Toledo Mud Hens,International League,3,1,0,1,1,0,3,1,0,4,1,0,0,0,2024-04-09
690291,hitting,2024,11,Toledo Mud Hens,International League,3,1,0,0,1,0,0,0,0,4,1,0,0,0,2024-04-10
690291,hitting,2024,11,Toledo Mud Hens,International League,5,0,0,0,1,0,0,0,0,5,0,0,0,0,2024-04-12
690291,hitting,2024,11,Toledo Mud Hens,International League,3,0,0,1,1,0,1,0,0,3,1,0,0,0,2024-04-13
690291,hitting,2024,11,Toledo Mud Hens,International League,5,0,0,1,1,0,2,1,0,5,2,0,0,0,2024-04-14
690291,hitting,2024,11,Toledo Mud Hens,International League,3,1,0,0,1,0,0,0,0,4,0,0,0,0,2024-04-16
690291,hitting,2024,11,Toledo Mud Hens,International League,4,0,0,0,1,0,1,0,0,4,1,0,1,0,2024-04-17
690291,hitting,2024,11,Toledo Mud Hens,International League,3,1,0,0,1,0,0,0,0,4,1,0,0,0,2024-04-18
690291,hitting,2024,11,Toledo Mud Hens,International League,4,0,0,0,1,0,0,0,0,4,0,0,0,0,2024-04-19
690291,hitting,2024,11,Toledo Mud Hens,International League,5,0,0,0,1,0,1,0,0,5,0,0,0,0,2024-04-20
690291,hitting,2024,11,Toledo Mud Hens,International League,4,1,0,0,1,0,1,1,0,5,2,0,0,0,2024-04-21
690291,hitting,2024,11,Toledo Mud Hens,International League,1,1,0,0,1,0,0,0,0,3,0,1,0,0,2024-04-24
690291,hitting,2024,11,Toledo Mud Hens,International League,3,0,0,1,1,0,1,0,0,3,0,0,0,0,2024-04-24
690291,hitting,2024,11,Toledo Mud Hens,International League,4,1,0,0,1,0,0,0,0,5,1,0,0,0,2024-04-25
690291,hitting,2024,11,Toledo Mud Hens,International League,3,1,0,0,1,0,0,0,0,4,0,0,0,0,2024-04-26
690291,hitting,2024,11,Toledo Mud Hens,International League,3,2,0,1,1,0,3,0,0,5,1,0,0,0,2024-04-27
690291,hitting,2024,11,Toledo Mud Hens,International League,2,3,0,1,1,0,2,0,0,5,0,0,0,0,2024-04-28
690291,hitting,2024,11,Toledo Mud Hens,International League,3,1,0,0,1,0,0,0,0,5,0,1,0,0,2024-04-30
690291,hitting,2024,11,Toledo Mud Hens,International League,5,0,0,0,1,0,0,0,0,5,0,0,0,0,2024-05-01
690291,hitting,2024,11,Toledo Mud Hens,International League,4,0,0,0,1,1,2,0,0,5,0,0,0,1,2024-05-02
690291,hitting,2024,11,Toledo Mud Hens,International League,4,1,0,0,1,0,2,1,0,5,1,0,0,0,2024-05-03
690291,hitting,2024,11,Toledo Mud Hens,International League,2,2,0,0,1,0,0,0,0,4,1,0,0,0,2024-05-04
690291,hitting,2024,11,Toledo Mud Hens,International League,3,1,1,1,1,0,2,0,0,5,1,0,0,0,2024-05-05
690291,hitting,2024,11,Toledo Mud Hens,International League,4,0,0,0,1,0,3,1,0,4,2,0,0,0,2024-05-07
690291,hitting,2024,11,Toledo Mud Hens,International League,4,0,0,0,1,0,1,0,0,5,0,1,0,0,2024-05-08
690291,hitting,2024,11,Toledo Mud Hens,International League,2,2,0,1,1,0,1,0,0,4,1,0,0,0,2024-05-09
690291,hitting,2024,11,Toledo Mud Hens,International League,4,0,0,0,1,0,1,0,0,4,0,0,0,0,2024-05-16
690291,hitting,2024,11,Toledo Mud Hens,International League,3,0,0,0,1,0,0,0,0,3,0,0,0,0,2024-05-16
690291,hitting,2024,11,Toledo Mud Hens,International League,5,0,0,0,1,0,1,1,0,5,1,0,0,0,2024-05-17
690291,hitting,2024,11,Toledo Mud Hens,International League,5,1,0,0,1,0,1,0,0,6,0,0,0,0,2024-05-18
690291,hitting,2024,11,Toledo Mud Hens,International League,4,1,0,0,1,0,2,1,0,5,2,0,0,0,2024-05-19
690291,hitting,2024,11,Toledo Mud Hens,International League,3,0,0,0,1,0,1,0,0,3,0,0,0,0,2024-05-19
690291,hitting,2024,11,Toledo Mud Hens,International League,5,0,0,0,1,0,1,0,0,5,1,0,0,0,2024-05-21
690291,hitting,2024,11,Toledo Mud Hens,International League,5,0,0,1,1,0,1,0,0,5,1,0,0,0,2024-05-22
690291,hitting,2024,11,Toledo Mud Hens,International League,2,1,0,0,1,0,0,0,0,3,0,0,0,0,2024-05-24
690291,hitting,2024,11,Toledo Mud Hens,International League,4,0,0,1,1,0,2,0,0,4,0,0,0,0,2024-05-25
690291,hitting,2024,11,Toledo Mud Hens,International League,5,0,0,1,1,0,1,0,0,5,1,0,0,0,2024-05-28
690291,hitting,2024,11,Toledo Mud Hens,International League,4,0,0,0,1,0,1,0,0,4,0,0,0,0,2024-05-29
690291,hitting,2024,11,Toledo Mud Hens,International League,4,0,0,0,1,0,0,0,0,4,0,0,0,0,2024-05-30
690291,hitting,2024,11,Toledo Mud Hens,International League,2,3,0,0,1,0,2,0,0,5,0,0,0,0,2024-06-01
690291,hitting,2024,11,Toledo Mud Hens,International League,4,1,0,1,1,0,1,0,0,5,0,0,0,0,2024-06-02
690291,hitting,2024,11,Toledo Mud Hens,International League,3,1,0,0,1,0,0,0,0,4,0,0,0,0,2024-06-04
690291,hitting,2024,11,Toledo Mud Hens,International League,2,2,0,1,1,0,2,0,0,4,1,0,0,0,2024-06-05
690291,hitting,2024,11,Toledo Mud Hens,International League,4,1,0,0,1,0,1,1,0,5,1,0,0,0,2024-06-06
690291,hitting,2024,11,Toledo Mud Hens,International League,2,2,0,0,1,0,0,0,0,4,0,0,0,0,2024-06-07
690291,hitting,2024,11,Toledo Mud Hens,International League,5,0,0,1,1,0,1,0,0,5,1,0,0,0,2024-06-08
690291,hitting,2024,11,Toledo Mud Hens,International League,5,0,0,1,1,0,3,0,0,5,0,0,0,0,2024-06-09
690291,hitting,2024,11,Toledo Mud Hens,International League,3,2,0,0,1,0,2,2,0,5,2,0,0,0,2024-06-11
690291,hitting,2024,11,Toledo Mud Hens,International League,4,2,0,0,1,0,1,0,0,6,1,0,0,0,2024-06-12
690291,hitting,2024,11,Toledo Mud Hens,International League,3,0,0,0,1,0,0,0,0,3,0,0,0,0,2024-06-14
690291,hitting,2024,11,Toledo Mud Hens,International League,3,1,0,0,1,0,0,0,0,4,0,0,0,0,2024-06-14
690291,hitting,2024,11,Toledo Mud Hens,International League,3,1,0,0,1,0,1,0,0,4,0,0,0,0,2024-06-15
690291,hitting,2024,11,Toledo Mud Hens,International League,3,2,0,0,1,0,0,0,0,5,0,0,0,0,2024-06-16
690291,hitting,2024,11,Toledo Mud Hens,International League,3,0,0,1,1,0,1,0,0,3,0,0,0,0,2024-06-18
690291,hitting,2024,11,Toledo Mud Hens,International League,4,0,0,0,1,0,0,0,0,4,0,0,0,0,2024-06-19
690291,hitting,2024,11,Toledo Mud Hens,International League,4,1,0,0,1,0,0,0,0,5,1,0,0,0,2024-07-09
690291,hitting,2024,11,Toledo Mud Hens,International League,3,2,0,0,1,0,0,0,0,5,2,0,0,0,2024-07-10
690291,hitting,2024,11,Toledo Mud Hens,International League,5,0,0,0,1,0,2,2,0,5,2,0,0,0,2024-07-12
690291,hitting,2024,11,Toledo Mud Hens,International League,4,0,0,0,1,1,2,0,0,5,1,0,0,0,2024-07-13
690291,hitting,2024,11,Toledo Mud Hens,International League,4,1,0,0,1,0,0,0,0,5,1,0,0,0,2024-07-14
690291,hitting,2024,11,Toledo Mud Hens,International League,3,2,0,0,1,0,2,0,0,5,0,0,0,0,2024-07-19
690291,hitting,2024,11,Toledo Mud Hens,International League,5,0,0,0,1,0,2,0,0,5,0,0,0,0,2024-07-20
690291,hitting,2024,11,Toledo Mud Hens,International League,4,0,0,1,1,0,1,0,0,4,1,0,0,0,2024-07-21
690291,hitting,2024,11,Toledo Mud Hens,International League,6,0,0,0,1,0,0,0,0,6,0,0,0,0,2024-07-23
690291,hitting,2024,11,Toledo Mud Hens,International League,3,1,0,0,1,0,1,0,0,4,1,0,0,0,2024-07-24
690291,hitting,2024,11,Toledo Mud Hens,International League,2,2,0,0,1,0,1,1,0,5,1,1,0,0,2024-07-26
690291,hitting,2024,11,Toledo Mud Hens,International League,4,1,0,1,1,0,1,0,0,5,0,0,0,0,2024-07-27
690291,hitting,2024,11,Toledo Mud Hens,International League,5,0,0,0,1,0,1,0,0,5,0,0,0,0,2024-07-28
690291,hitting,2024,11,Toledo Mud Hens,International League,5,0,0,0,1,0,0,0,0,5,0,0,0,0,2024-07-30
690291,hitting,2024,11,Toledo Mud Hens,International League,5,0,0,0,1,0,0,0,0,5,0,0,0,0,2024-07-31
690291,hitting,2024,11,Toledo Mud Hens,International League,4,0,0,0,1,0,0,0,0,4,0,0,0,0,2024-08-01
690291,hitting,2024,11,Toledo Mud Hens,International League,4,1,0,1,1,0,2,0,0,5,0,0,0,0,2024-08-02
690291,hitting,2024,11,Toledo Mud Hens,International League,4,1,0,0,1,0,2,0,0,5,1,0,1,0,2024-08-03
690291,hitting,2024,11,Toledo Mud Hens,International League,5,0,0,0,1,0,1,0,0,5,0,0,0,0,2024-08-04
690291,hitting,2024,11,Toledo Mud Hens,International League,2,3,0,0,1,0,1,0,0,5,3,0,0,0,2024-08-06
690291,hitting,2024,11,Toledo Mud Hens,International League,4,1,0,0,1,0,1,0,0,5,0,0,0,0,2024-08-07
690291,hitting,2024,11,Toledo Mud Hens,International League,5,0,0,1,1,0,1,0,0,5,1,0,0,0,2024-08-08
690291,hitting,2024,11,Toledo Mud Hens,International League,3,2,0,0,1,0,2,0,0,5,1,0,0,0,2024-08-09
690291,hitting,2024,11,Toledo Mud Hens,International League,5,0,0,1,1,0,1,0,0,5,1,0,0,0,2024-08-10
690291,hitting,2024,11,Toledo Mud Hens,International League,3,1,0,0,1,0,1,0,0,5,0,1,0,0,2024-08-11
690291,hitting,2024,11,Toledo Mud Hens,International League,4,0,0,0,1,0,0,0,0,4,0,0,0,0,2024-08-13
690291,hitting,2024,11,Toledo Mud Hens,International League,4,1,1,0,1,0,0,0,0,5,0,0,0,0,2024-08-14
690291,hitting,2024,14,Lakeland Flying Tigers,Florida State League,1,2,0,0,1,0,0,0,0,3,0,0,0,0,2024-07-01
690291,hitting,2024,14,Lakeland Flying Tigers,Florida State League,4,1,0,1,1,0,2,0,0,5,1,0,0,0,2024-07-03
690291,hitting,2024,14,Lakeland Flying Tigers,Florida State League,2,1,0,0,1,0,0,0,0,3,1,0,1,0,2024-07-05
690291,hitting,2024,14,Lakeland Flying Tigers,Florida State League,3,0,0,0,1,0,1,1,0,4,1,1,0,0,2024-07-06
690976,hitting,2025,11,Oklahoma City Comets,Pacific Coast League,4,0,0,0,1,0,1,0,0,4,0,0,0,0,2025-03-28
690976,hitting,2025,11,Oklahoma City Comets,Pacific Coast League,4,1,0,0,1,0,2,0,0,5,1,0,0,0,2025-03-29
690976,hitting,2025,11,Oklahoma City Comets,Pacific Coast League,4,1,0,0,1,0,1,0,0,5,0,0,1,0,2025-03-30
690976,hitting,2025,11,Oklahoma City Comets,Pacific Coast League,2,1,0,0,1,0,0,0,0,4,0,1,0,0,2025-04-01
690976,hitting,2025,11,Oklahoma City Comets,Pacific Coast League,4,1,0,0,1,0,0,0,0,5,1,0,0,0,2025-04-02
690976,hitting,2025,11,Oklahoma City Comets,Pacific Coast League,5,1,0,0,1,0,0,0,0,6,0,0,1,0,2025-04-03
690976,hitting,2025,11,Oklahoma City Comets,Pacific Coast League,5,0,1,0,1,0,2,0,0,5,0,0,0,0,2025-04-04
690976,hitting,2025,11,Oklahoma City Comets,Pacific Coast League,4,1,0,1,1,0,3,0,0,5,2,0,0,0,2025-04-05
690976,hitting,2025,11,Oklahoma City Comets,Pacific Coast League,5,0,0,1,1,0,2,0,0,5,1,0,1,0,2025-04-06
690976,hitting,2025,11,Oklahoma City Comets,Pacific Coast League,5,0,0,1,1,1,3,1,0,6,1,0,2,0,2025-04-08
690976,hitting,2025,11,Oklahoma City Comets,Pacific Coast League,3,2,0,1,1,0,2,0,0,5,1,0,0,0,2025-04-09
690976,hitting,2025,11,Oklahoma City Comets,Pacific Coast League,4,0,0,1,1,0,2,0,0,5,2,1,0,0,2025-04-10
690976,hitting,2025,11,Oklahoma City Comets,Pacific Coast League,5,0,0,0,1,0,0,0,0,5,0,0,0,0,2025-04-11
690976,hitting,2025,11,Oklahoma City Comets,Pacific Coast League,6,0,0,1,1,0,3,0,0,6,1,0,0,0,2025-04-12
690976,hitting,2025,11,Oklahoma City Comets,Pacific Coast League,4,1,0,0,1,0,1,0,0,5,0,0,0,0,2025-04-13
690976,hitting,2025,11,Oklahoma City Comets,Pacific Coast League,5,0,0,0,1,0,0,0,0,5,0,0,0,0,2025-04-15
690976,hitting,2025,11,Oklahoma City Comets,Pacific Coast League,4,0,0,2,1,0,2,0,0,4,0,0,0,0,2025-04-16
690976,hitting,2025,11,Oklahoma City Comets,Pacific Coast League,5,0,0,1,1,0,2,0,0,5,0,0,0,0,2025-04-17
690976,hitting,2025,11,Oklahoma City Comets,Pacific Coast League,2,2,0,0,1,0,0,0,0,4,1,0,1,0,2025-04-18
690976,hitting,2025,11,Oklahoma City Comets,Pacific Coast League,3,0,0,1,1,0,1,0,0,4,1,1,0,0,2025-04-20
690976,hitting,2025,11,Oklahoma City Comets,Pacific Coast League,2,2,0,1,1,0,1,0,1,4,2,0,0,0,2025-04-20
690976,hitting,2025,11,Oklahoma City Comets,Pacific Coast League,3,1,1,0,1,0,1,0,0,4,0,0,0,0,2025-04-22
690976,hitting,2025,11,Oklahoma City Comets,Pacific Coast League,5,0,0,1,1,0,2,0,0,5,1,0,0,0,2025-04-23
690976,hitting,2025,11,Oklahoma City Comets,Pacific Coast League,5,0,0,0,1,0,0,0,0,5,0,0,0,0,2025-04-24
690976,hitting,2025,11,Oklahoma City Comets,Pacific Coast League,3,0,0,0,1,0,1,0,0,5,0,2,0,0,2025-04-25
690976,hitting,2025,11,Oklahoma City Comets,Pacific Coast League,5,0,0,0,1,0,2,1,0,5,2,0,0,0,2025-04-26
690976,hitting,2025,11,Oklahoma City Comets,Pacific Coast League,4,1,0,0,1,0,0,0,0,5,0,0,0,0,2025-04-27
690976,hitting,2025,11,Oklahoma City Comets,Pacific Coast League,5,0,0,0,1,0,2,0,0,5,0,0,0,0,2025-04-30
690976,hitting,2025,11,Oklahoma City Comets,Pacific Coast League,3,1,0,0,1,0,0,0,0,4,1,0,0,0,2025-05-01
690976,hitting,2025,11,Oklahoma City Comets,Pacific Coast League,3,0,0,0,1,1,2,1,0,4,2,0,0,0,2025-05-01
690976,hitting,2025,11,Oklahoma City Comets,Pacific Coast League,1,3,0,0,1,0,1,0,0,4,0,0,0,0,2025-05-03
690976,hitting,2025,11,Oklahoma City Comets,Pacific Coast League,4,0,0,0,1,0,0,0,0,4,0,0,0,0,2025-05-04
690976,hitting,2025,11,Oklahoma City Comets,Pacific Coast League,5,0,0,0,1,0,0,0,0,5,0,0,0,0,2025-05-06
690976,hitting,2025,11,Oklahoma City Comets,Pacific Coast League,3,2,0,0,1,0,0,0,0,5,1,0,0,0,2025-05-07
690976,hitting,2025,11,Oklahoma City Comets,Pacific Coast League,4,1,0,0,1,0,1,0,0,5,1,0,0,0,2025-05-08
690976,hitting,2025,11,Oklahoma City Comets,Pacific Coast League,3,1,0,0,1,0,0,0,0,4,1,0,0,0,2025-05-09
690976,hitting,2025,11,Oklahoma City Comets,Pacific Coast League,4,0,0,0,1,0,0,0,0,4,0,0,0,0,2025-05-10
690976,hitting,2025,11,Oklahoma City Comets,Pacific Coast League,3,1,0,0,1,0,0,0,0,4,0,0,1,0,2025-05-11
690976,hitting,2025,11,Oklahoma City Comets,Pacific Coast League,4,2,0,1,1,0,2,0,0,6,1,0,0,0,2025-05-13
690976,hitting,2025,11,Oklahoma City Comets,Pacific Coast League,4,0,0,1,1,0,1,0,0,4,0,0,0,0,2025-05-14
690976,hitting,2025,11,Oklahoma City Comets,Pacific Coast League,4,0,0,2,1,0,2,0,0,4,1,0,0,0,2025-05-15
690976,hitting,2025,11,Oklahoma City Comets,Pacific Coast League,4,1,0,0,1,0,0,0,0,5,1,0,0,0,2025-05-16
690976,hitting,2025,11,Oklahoma City Comets,Pacific Coast League,4,0,0,0,1,0,2,0,0,4,2,0,1,0,2025-05-17
690976,hitting,2025,11,Oklahoma City Comets,Pacific Coast League,4,1,0,0,1,0,1,0,0,5,0,0,0,0,2025-05-18
690976,hitting,2025,11,Oklahoma City Comets,Pacific Coast League,3,1,0,0,1,0,0,0,0,4,0,0,0,0,2025-05-20
690976,hitting,2025,11,Oklahoma City Comets,Pacific Coast League,4,0,0,1,1,0,1,0,0,4,0,0,0,0,2025-05-21
690976,hitting,2025,11,Oklahoma City Comets,Pacific Coast League,3,2,0,0,1,0,0,0,0,5,2,0,0,0,2025-05-22
690976,hitting,2025,11,Oklahoma City Comets,Pacific Coast League,4,1,0,0,1,0,1,1,0,5,1,0,0,0,2025-05-23
690976,hitting,2025,11,Oklahoma City Comets,Pacific Coast League,4,1,0,0,1,0,0,0,0,5,0,0,1,0,2025-05-24
690976,hitting,2025,11,Oklahoma City Comets,Pacific Coast League,5,0,1,0,1,0,3,2,0,5,2,0,0,0,2025-05-27
690976,hitting,2025,11,Oklahoma City Comets,Pacific Coast League,4,0,0,0,1,0,2,0,0,4,0,0,0,0,2025-05-28
690976,hitting,2025,11,Oklahoma City Comets,Pacific Coast League,5,0,0,1,1,0,3,0,0,5,3,0,0,0,2025-05-29
690976,hitting,2025,11,Oklahoma City Comets,Pacific Coast League,5,0,0,1,1,0,2,0,0,5,0,0,0,0,2025-05-30
690976,hitting,2025,11,Oklahoma City Comets,Pacific Coast League,6,1,0,0,1,0,0,0,0,7,2,0,0,0,2025-05-31
690976,hitting,2025,11,Oklahoma City Comets,Pacific Coast League,4,2,0,0,1,0,2,0,0,6,2,0,1,0,2025-06-01
690976,hitting,2025,11,Oklahoma City Comets,Pacific Coast League,2,2,0,0,1,0,0,0,0,5,0,1,0,0,2025-06-03
690976,hitting,2025,11,Oklahoma City Comets,Pacific Coast League,4,1,0,0,1,0,1,0,0,5,0,0,0,0,2025-06-04
690976,hitting,2025,11,Oklahoma City Comets,Pacific Coast League,5,0,0,0,1,0,0,0,0,5,0,0,0,0,2025-06-05
690976,hitting,2025,11,Oklahoma City Comets,Pacific Coast League,4,1,0,0,1,0,1,1,0,5,1,0,0,0,2025-06-06
690976,hitting,2025,11,Oklahoma City Comets,Pacific Coast League,2,3,0,0,1,0,0,0,0,5,1,0,1,0,2025-06-07
690976,hitting,2025,11,Oklahoma City Comets,Pacific Coast League,2,3,0,0,1,0,0,0,0,5,3,0,1,0,2025-06-08
690976,hitting,2025,11,Oklahoma City Comets,Pacific Coast League,4,0,0,0,1,0,0,0,0,4,0,0,0,0,2025-06-10
690976,hitting,2025,11,Oklahoma City Comets,Pacific Coast League,5,0,0,0,1,0,0,0,0,5,0,0,0,0,2025-06-11
690976,hitting,2025,11,Oklahoma City Comets,Pacific Coast League,3,2,0,1,1,0,2,1,0,5,3,0,0,0,2025-06-12
690976,hitting,2025,11,Oklahoma City Comets,Pacific Coast League,3,2,0,1,1,0,1,0,0,5,1,0,0,0,2025-06-13
690976,hitting,2025,11,Oklahoma City Comets,Pacific Coast League,3,1,0,0,1,0,1,0,0,5,1,1,0,0,2025-06-14
690976,hitting,2025,11,Oklahoma City Comets,Pacific Coast League,5,0,0,1,1,0,3,0,0,5,1,0,1,0,2025-06-15
690976,hitting,2025,11,Oklahoma City Comets,Pacific Coast League,3,2,0,0,1,0,2,1,0,5,2,0,0,0,2025-06-17
690976,hitting,2025,11,Oklahoma City Comets,Pacific Coast League,4,1,0,0,1,0,1,1,0,5,1,0,0,0,2025-06-18
690976,hitting,2025,11,Oklahoma City Comets,Pacific Coast League,5,0,1,0,1,0,0,0,0,5,0,0,0,0,2025-06-19
690976,hitting,2025,11,Oklahoma City Comets,Pacific Coast League,5,0,0,0,1,0,2,0,0,5,1,0,0,0,2025-06-20
690976,hitting,2025,11,Oklahoma City Comets,Pacific Coast League,4,0,0,1,1,0,1,0,0,4,0,0,0,0,2025-06-21
690976,hitting,2025,11,Oklahoma City Comets,Pacific Coast League,2,2,0,0,1,0,0,0,0,4,0,0,0,0,2025-06-22
690976,hitting,2025,11,Oklahoma City Comets,Pacific Coast League,4,1,0,1,1,0,1,0,0,5,1,0,0,0,2025-07-01
690976,hitting,2025,11,Oklahoma City Comets,Pacific Coast League,6,0,0,0,1,0,1,0,0,6,1,0,0,0,2025-07-02
690976,hitting,2025,11,Oklahoma City Comets,Pacific Coast League,5,0,0,0,1,0,0,0,0,5,0,0,0,0,2025-07-03
690976,hitting,2025,11,Oklahoma City Comets,Pacific Coast League,4,1,0,0,1,0,0,0,0,5,0,0,0,0,2025-07-04
690976,hitting,2025,11,Oklahoma City Comets,Pacific Coast League,4,1,1,0,1,0,2,0,0,5,0,0,0,0,2025-07-05
690976,hitting,2025,11,Oklahoma City Comets,Pacific Coast League,4,0,0,0,1,1,2,0,0,5,1,0,1,0,2025-07-06
690976,hitting,2025,11,Oklahoma City Comets,Pacific Coast League,3,1,0,0,1,0,0,0,0,4,0,0,0,0,2025-07-08
690976,hitting,2025,11,Oklahoma City Comets,Pacific Coast League,4,0,0,0,1,0,0,0,0,4,0,0,0,0,2025-07-09
690976,hitting,2025,11,Oklahoma City Comets,Pacific Coast League,3,2,0,0,1,0,1,0,0,5,1,0,2,0,2025-07-10
690976,hitting,2025,11,Oklahoma City Comets,Pacific Coast League,3,2,1,0,1,0,1,0,0,5,2,0,0,0,2025-07-11
690976,hitting,2025,11,Oklahoma City Comets,Pacific Coast League,4,1,0,0,1,0,1,0,0,5,2,0,0,0,2025-07-12
690976,hitting,2025,11,Oklahoma City Comets,Pacific Coast League,3,1,0,0,1,0,0,0,0,4,0,0,0,0,2025-07-13
690976,hitting,2025,11,Oklahoma City Comets,Pacific Coast League,3,1,0,0,1,0,1,0,0,4,1,0,0,0,2025-07-18
690976,hitting,2025,11,Oklahoma City Comets,Pacific Coast League,5,1,0,0,1,0,0,0,0,6,0,0,0,0,2025-07-19
690976,hitting,2025,11,Oklahoma City Comets,Pacific Coast League,4,1,0,0,1,0,0,0,0,5,1,0,0,0,2025-07-20
690976,hitting,2025,11,Oklahoma City Comets,Pacific Coast League,4,2,0,0,1,0,1,0,0,6,2,0,0,0,2025-07-22
690976,hitting,2025,11,Oklahoma City Comets,Pacific Coast League,5,0,0,1,1,0,1,0,0,5,0,0,0,0,2025-07-23
690976,hitting,2025,11,Oklahoma City Comets,Pacific Coast League,5,1,0,1,1,0,3,1,0,6,1,0,0,0,2025-07-24
690976,hitting,2025,11,Oklahoma City Comets,Pacific Coast League,4,0,0,0,1,0,1,1,0,4,1,0,0,0,2025-07-25
690976,hitting,2025,11,Oklahoma City Comets,Pacific Coast League,4,1,0,0,1,0,0,0,0,5,0,0,0,0,2025-07-26
690976,hitting,2025,11,Oklahoma City Comets,Pacific Coast League,3,2,0,0,1,0,0,0,0,5,0,0,1,0,2025-07-27
690987,hitting,2025,11,Rochester Red Wings,International League,5,0,0,0,1,0,0,0,0,5,0,0,0,0,2025-03-28
690987,hitting,2025,11,Rochester Red Wings,International League,4,1,0,0,1,0,2,0,0,5,1,0,0,0,2025-03-29
690987,hitting,2025,11,Rochester Red Wings,International League,5,0,0,1,1,0,3,0,0,5,2,0,1,0,2025-04-01
690987,hitting,2025,11,Rochester Red Wings,International League,4,0,0,0,1,0,0,0,0,4,0,0,1,0,2025-04-03
690987,hitting,2025,11,Rochester Red Wings,International League,4,0,0,0,1,0,1,0,0,4,1,0,0,0,2025-04-03
690987,hitting,2025,11,Rochester Red Wings,International League,4,1,0,0,1,0,1,0,0,5,0,0,0,0,2025-04-04
690987,hitting,2025,11,Rochester Red Wings,International League,4,0,0,0,1,0,1,0,0,4,0,0,0,0,2025-04-05
690987,hitting,2025,11,Rochester Red Wings,International League,4,1,0,1,1,0,1,0,0,5,2,0,1,0,2025-04-06
690987,hitting,2025,11,Rochester Red Wings,International League,4,0,0,0,1,0,3,0,0,4,1,0,2,0,2025-04-09
690987,hitting,2025,11,Rochester Red Wings,International League,0,0,0,0,1,0,0,0,0,0,0,0,0,0,2025-04-09
690987,hitting,2025,11,Rochester Red Wings,International League,7,0,0,1,1,0,2,0,0,7,1,0,0,0,2025-04-11
690987,hitting,2025,11,Rochester Red Wings,International League,2,1,0,0,1,0,0,0,0,3,0,0,0,0,2025-04-13
690987,hitting,2025,11,Rochester Red Wings,International League,3,0,0,0,1,0,0,0,0,3,0,0,0,0,2025-04-13
690987,hitting,2025,11,Rochester Red Wings,International League,5,0,0,0,1,0,0,0,0,5,0,0,0,0,2025-04-15
690987,hitting,2025,11,Rochester Red Wings,International League,2,1,0,0,1,0,0,0,0,3,0,0,0,0,2025-04-17
690987,hitting,2025,11,Rochester Red Wings,International League,3,1,0,0,1,0,0,0,0,4,0,0,0,0,2025-04-17
690987,hitting,2025,11,Rochester Red Wings,International League,4,1,0,0,1,0,1,0,0,5,0,0,0,0,2025-04-18
690987,hitting,2025,11,Rochester Red Wings,International League,5,0,1,0,1,0,1,0,0,5,0,0,0,0,2025-04-19
690987,hitting,2025,11,Rochester Red Wings,International League,5,0,0,0,1,0,2,0,0,5,0,0,0,0,2025-04-22
690987,hitting,2025,11,Rochester Red Wings,International League,3,0,0,0,1,0,0,0,0,3,0,0,0,0,2025-04-23
690987,hitting,2025,11,Rochester Red Wings,International League,3,0,0,0,1,0,0,0,0,3,1,0,1,0,2025-04-23
690987,hitting,2025,11,Rochester Red Wings,International League,4,0,0,0,1,0,2,0,0,4,0,0,0,0,2025-04-24
690987,hitting,2025,11,Rochester Red Wings,International League,4,0,0,1,1,0,1,0,0,4,1,0,0,0,2025-04-25
690987,hitting,2025,11,Rochester Red Wings,International League,1,0,0,0,1,0,0,0,0,1,0,0,0,0,2025-04-26
690987,hitting,2025,11,Rochester Red Wings,International League,4,0,0,0,1,0,2,0,0,4,0,0,0,0,2025-04-27
690987,hitting,2025,11,Rochester Red Wings,International League,4,0,0,0,1,0,1,0,0,4,0,0,0,0,2025-04-29
690987,hitting,2025,11,Rochester Red Wings,International League,3,1,0,0,1,0,0,0,0,4,0,0,1,0,2025-04-30
690987,hitting,2025,11,Rochester Red Wings,International League,4,0,0,0,1,0,4,0,0,4,0,0,0,0,2025-05-01
690987,hitting,2025,11,Rochester Red Wings,International League,5,1,0,0,1,0,4,2,1,6,3,0,0,0,2025-05-02
690987,hitting,2025,11,Rochester Red Wings,International League,3,0,0,0,1,0,0,0,0,3,0,0,0,0,2025-05-04
690987,hitting,2025,11,Rochester Red Wings,International League,4,0,0,1,1,0,2,0,0,4,1,0,0,0,2025-05-04
690987,hitting,2025,11,Rochester Red Wings,International League,3,0,0,0,1,0,0,0,0,3,0,0,0,0,2025-05-07
690987,hitting,2025,11,Rochester Red Wings,International League,4,0,0,0,1,0,3,0,0,4,1,0,0,0,2025-05-07
690987,hitting,2025,11,Rochester Red Wings,International League,3,2,0,0,1,0,0,0,0,5,0,0,1,0,2025-05-10
690987,hitting,2025,11,Rochester Red Wings,International League,4,0,0,0,1,0,1,0,0,4,1,0,0,0,2025-05-10
690987,hitting,2025,11,Rochester Red Wings,International League,4,0,0,0,1,0,0,0,0,4,0,0,0,0,2025-05-11
690987,hitting,2025,11,Rochester Red Wings,International League,4,0,0,0,1,0,2,0,0,4,0,0,0,0,2025-05-13
690987,hitting,2025,11,Rochester Red Wings,International League,4,0,0,0,1,0,1,1,0,4,1,0,0,0,2025-05-14
690987,hitting,2025,11,Rochester Red Wings,International League,5,0,0,0,1,0,1,0,0,5,0,0,1,0,2025-05-15
690987,hitting,2025,11,Rochester Red Wings,International League,4,1,0,0,1,0,2,1,0,5,1,0,0,0,2025-05-16
690987,hitting,2025,11,Rochester Red Wings,International League,4,0,0,0,1,0,0,0,0,4,0,0,0,0,2025-05-17
690987,hitting,2025,11,Rochester Red Wings,International League,4,0,0,0,1,0,0,0,0,4,0,0,0,0,2025-05-18
690987,hitting,2025,11,Rochester Red Wings,International League,4,0,0,2,1,0,3,0,0,4,1,0,0,0,2025-05-20
691011,hitting,2024,11,Albuquerque Isotopes,Pacific Coast League,4,0,0,1,1,0,1,0,0,4,1,0,0,0,2024-03-29
691011,hitting,2024,11,Albuquerque Isotopes,Pacific Coast League,4,0,0,0,1,0,0,0,0,4,0,0,0,0,2024-04-02
691011,hitting,2024,11,Albuquerque Isotopes,Pacific Coast League,4,0,0,0,1,0,0,0,0,4,0,0,0,0,2024-04-03
691011,hitting,2024,11,Albuquerque Isotopes,Pacific Coast League,4,0,0,0,1,0,0,0,0,4,0,0,0,0,2024-04-05
691011,hitting,2024,11,Albuquerque Isotopes,Pacific Coast League,4,0,0,0,1,0,1,0,0,4,0,0,0,0,2024-04-06
691011,hitting,2024,11,Albuquerque Isotopes,Pacific Coast League,4,0,0,0,1,0,1,0,0,4,0,0,0,0,2024-04-09
691011,hitting,2024,11,Albuquerque Isotopes,Pacific Coast League,5,0,0,1,1,0,2,0,0,5,1,0,0,0,2024-04-10
691011,hitting,2024,11,Albuquerque Isotopes,Pacific Coast League,1,0,0,0,1,0,1,0,0,1,0,0,0,0,2024-04-11
691011,hitting,2024,11,Albuquerque Isotopes,Pacific Coast League,5,0,0,0,1,0,3,0,0,5,3,0,0,0,2024-04-13
691011,hitting,2024,11,Albuquerque Isotopes,Pacific Coast League,5,0,0,0,1,0,2,0,0,5,0,0,0,0,2024-04-14
691011,hitting,2024,11,Albuquerque Isotopes,Pacific Coast League,4,0,0,0,1,0,1,0,0,4,0,0,0,0,2024-04-16
691011,hitting,2024,11,Albuquerque Isotopes,Pacific Coast League,3,1,0,0,1,0,1,0,0,4,0,0,0,0,2024-04-17
691011,hitting,2024,11,Albuquerque Isotopes,Pacific Coast League,4,0,0,1,1,0,1,0,0,4,1,0,0,0,2024-04-19
691011,hitting,2024,11,Albuquerque Isotopes,Pacific Coast League,4,0,0,0,1,0,2,0,0,4,0,0,0,0,2024-04-21
691011,hitting,2024,11,Albuquerque Isotopes,Pacific Coast League,5,0,0,1,1,0,2,0,0,5,2,0,0,1,2024-04-23
691011,hitting,2024,11,Albuquerque Isotopes,Pacific Coast League,5,0,0,1,1,0,1,0,0,5,1,0,0,0,2024-04-24
691011,hitting,2024,11,Albuquerque Isotopes,Pacific Coast League,4,0,0,0,1,0,2,0,0,4,1,0,0,0,2024-04-26
691011,hitting,2024,11,Albuquerque Isotopes,Pacific Coast League,5,0,0,1,1,0,3,0,0,5,2,0,0,0,2024-04-27
691011,hitting,2024,11,Albuquerque Isotopes,Pacific Coast League,5,0,0,1,1,0,2,0,0,5,0,0,0,0,2024-04-28
691011,hitting,2024,11,Albuquerque Isotopes,Pacific Coast League,3,0,0,0,1,0,2,1,0,4,1,1,0,0,2024-04-30
691011,hitting,2024,11,Albuquerque Isotopes,Pacific Coast League,4,0,0,2,1,0,4,0,0,4,1,0,2,0,2024-05-01
691011,hitting,2024,11,Albuquerque Isotopes,Pacific Coast League,4,0,0,1,1,0,3,0,0,4,1,0,0,0,2024-05-03
691011,hitting,2024,11,Albuquerque Isotopes,Pacific Coast League,3,0,0,0,1,0,0,0,0,4,0,1,0,0,2024-05-04
691011,hitting,2024,11,Albuquerque Isotopes,Pacific Coast League,4,0,0,0,1,0,1,0,0,4,0,0,0,0,2024-05-05
691011,hitting,2024,11,Albuquerque Isotopes,Pacific Coast League,4,0,0,0,1,1,0,0,0,5,0,0,0,0,2024-05-07
691011,hitting,2024,11,Albuquerque Isotopes,Pacific Coast League,5,0,0,0,1,0,1,1,0,5,1,0,0,0,2024-05-09
691011,hitting,2024,11,Albuquerque Isotopes,Pacific Coast League,4,0,0,0,1,0,2,0,0,4,0,0,0,0,2024-05-11
691011,hitting,2024,11,Albuquerque Isotopes,Pacific Coast League,5,0,1,1,1,0,3,1,0,5,2,0,0,0,2024-05-12
691011,hitting,2024,11,Albuquerque Isotopes,Pacific Coast League,4,0,0,0,1,1,1,0,0,5,0,0,0,0,2024-05-14
691011,hitting,2024,11,Albuquerque Isotopes,Pacific Coast League,4,0,0,0,1,0,2,1,0,4,1,0,0,0,2024-05-15
691011,hitting,2024,11,Albuquerque Isotopes,Pacific Coast League,3,1,0,0,1,0,2,0,0,4,2,0,0,0,2024-05-17
691011,hitting,2024,11,Albuquerque Isotopes,Pacific Coast League,5,0,0,0,1,0,3,0,0,5,1,0,0,0,2024-05-18
691011,hitting,2024,11,Albuquerque Isotopes,Pacific Coast League,5,0,0,0,1,0,1,1,0,5,1,0,0,0,2024-05-21
691011,hitting,2024,11,Albuquerque Isotopes,Pacific Coast League,5,0,0,0,1,0,1,0,0,5,0,0,0,0,2024-05-22
691011,hitting,2024,11,Albuquerque Isotopes,Pacific Coast League,5,0,0,0,1,0,0,0,0,5,0,0,0,0,2024-05-23
691011,hitting,2024,11,Albuquerque Isotopes,Pacific Coast League,4,0,0,0,1,0,1,0,0,4,0,0,0,0,2024-05-24
691011,hitting,2024,11,Albuquerque Isotopes,Pacific Coast League,4,0,0,0,1,0,1,1,0,4,1,0,0,0,2024-05-25
691011,hitting,2024,11,Albuquerque Isotopes,Pacific Coast League,3,0,0,0,1,1,1,0,0,4,0,0,0,1,2024-05-26
691011,hitting,2024,11,Albuquerque Isotopes,Pacific Coast League,4,0,0,0,1,0,0,0,0,4,0,0,0,0,2024-05-28
691011,hitting,2024,11,Albuquerque Isotopes,Pacific Coast League,2,0,0,0,1,1,0,0,0,3,0,0,0,0,2024-05-29
691011,hitting,2024,11,Albuquerque Isotopes,Pacific Coast League,4,0,0,0,1,0,1,0,0,4,0,0,0,0,2024-05-30
691011,hitting,2024,11,Albuquerque Isotopes,Pacific Coast League,5,0,0,1,1,0,3,1,0,5,1,0,0,0,2024-06-01
691011,hitting,2024,11,Albuquerque Isotopes,Pacific Coast League,4,0,0,0,1,0,0,0,0,4,0,0,0,0,2024-06-04
691011,hitting,2024,11,Albuquerque Isotopes,Pacific Coast League,2,1,0,0,1,0,0,0,0,3,0,0,0,0,2024-06-05
691011,hitting,2024,11,Albuquerque Isotopes,Pacific Coast League,4,0,0,0,1,0,1,0,0,4,0,0,0,0,2024-06-06
691011,hitting,2024,11,Albuquerque Isotopes,Pacific Coast League,4,0,0,0,1,0,0,0,0,4,0,0,0,0,2024-06-08
691011,hitting,2024,11,Albuquerque Isotopes,Pacific Coast League,4,0,0,0,1,0,0,0,0,4,0,0,0,0,2024-06-11
691011,hitting,2024,11,Albuquerque Isotopes,Pacific Coast League,3,1,0,0,1,0,1,0,0,4,1,0,0,0,2024-06-13
691011,hitting,2024,11,Albuquerque Isotopes,Pacific Coast League,4,0,0,0,1,0,1,0,0,4,0,0,0,0,2024-06-14
691011,hitting,2024,11,Albuquerque Isotopes,Pacific Coast League,4,0,0,1,1,0,1,0,0,5,1,0,0,0,2024-06-15
691011,hitting,2024,11,Albuquerque Isotopes,Pacific Coast League,5,0,0,0,1,0,0,0,0,5,0,0,0,0,2024-06-18
691011,hitting,2024,11,Albuquerque Isotopes,Pacific Coast League,4,0,0,1,1,0,1,0,0,5,0,1,0,0,2024-06-20
691011,hitting,2024,11,Albuquerque Isotopes,Pacific Coast League,3,1,0,0,1,0,0,0,0,4,1,0,0,0,2024-06-21
691011,hitting,2024,11,Albuquerque Isotopes,Pacific Coast League,4,0,0,0,1,0,1,1,0,4,1,0,0,0,2024-06-22
691011,hitting,2024,11,Albuquerque Isotopes,Pacific Coast League,5,0,0,1,1,0,3,0,0,5,1,0,0,0,2024-06-23
691011,hitting,2024,11,Albuquerque Isotopes,Pacific Coast League,4,1,0,0,1,0,1,1,0,5,1,0,1,0,2024-06-25
691011,hitting,2024,11,Albuquerque Isotopes,Pacific Coast League,3,1,0,0,1,0,0,0,0,4,1,0,0,0,2024-06-26
691011,hitting,2024,11,Albuquerque Isotopes,Pacific Coast League,4,0,0,0,1,1,1,0,0,5,0,0,0,0,2024-06-27
691011,hitting,2024,11,Albuquerque Isotopes,Pacific Coast League,5,1,0,0,1,0,3,0,0,6,1,0,0,0,2024-06-28
691011,hitting,2024,11,Albuquerque Isotopes,Pacific Coast League,4,0,0,0,1,0,1,1,0,4,1,0,0,0,2024-06-29
691011,hitting,2024,11,Albuquerque Isotopes,Pacific Coast League,3,0,0,0,1,0,0,0,0,3,0,0,0,0,2024-06-30
691011,hitting,2024,11,Albuquerque Isotopes,Pacific Coast League,4,0,0,1,1,0,1,0,0,4,0,0,0,0,2024-07-02
691011,hitting,2024,11,Albuquerque Isotopes,Pacific Coast League,5,0,0,0,1,0,3,0,0,5,1,0,0,1,2024-07-03
691011,hitting,2024,11,Albuquerque Isotopes,Pacific Coast League,5,0,0,0,1,0,2,0,0,5,1,0,0,0,2024-07-04
691011,hitting,2024,11,Albuquerque Isotopes,Pacific Coast League,3,0,0,0,1,1,0,0,0,4,1,0,0,0,2024-07-06
691011,hitting,2024,11,Albuquerque Isotopes,Pacific Coast League,5,0,0,0,1,0,0,0,0,5,1,0,0,0,2024-07-09
691011,hitting,2024,11,Albuquerque Isotopes,Pacific Coast League,3,1,0,0,1,0,1,1,0,4,1,0,0,0,2024-07-11
691011,hitting,2024,11,Albuquerque Isotopes,Pacific Coast League,5,0,0,0,1,0,2,1,0,5,2,0,0,0,2024-07-12
691011,hitting,2024,11,Albuquerque Isotopes,Pacific Coast League,4,0,0,0,1,0,0,0,0,4,0,0,0,0,2024-07-13
691011,hitting,2024,11,Albuquerque Isotopes,Pacific Coast League,4,0,0,0,1,0,1,0,0,4,0,0,0,0,2024-07-19
691011,hitting,2024,11,Albuquerque Isotopes,Pacific Coast League,4,0,0,0,1,1,0,0,0,5,0,0,0,0,2024-07-21
691011,hitting,2024,11,Albuquerque Isotopes,Pacific Coast League,4,1,0,0,1,0,1,0,0,5,0,0,0,0,2024-07-23
691011,hitting,2024,11,Albuquerque Isotopes,Pacific Coast League,4,0,0,0,1,0,1,0,0,4,1,0,0,0,2024-07-24
691011,hitting,2024,11,Albuquerque Isotopes,Pacific Coast League,4,0,0,0,1,0,1,1,0,4,1,0,0,0,2024-07-25
691011,hitting,2024,11,Albuquerque Isotopes,Pacific Coast League,4,0,0,0,1,0,1,0,0,4,0,0,0,0,2024-07-26
691011,hitting,2024,11,Albuquerque Isotopes,Pacific Coast League,4,0,0,0,1,0,2,0,0,4,0,0,0,0,2024-07-27
691011,hitting,2024,11,Albuquerque Isotopes,Pacific Coast League,4,1,0,1,1,0,2,0,0,5,2,0,0,0,2024-07-30
691011,hitting,2024,11,Albuquerque Isotopes,Pacific Coast League,3,2,0,0,1,0,1,0,0,5,2,0,0,0,2024-08-01
691011,hitting,2024,11,Albuquerque Isotopes,Pacific Coast League,5,0,0,0,1,0,1,0,0,5,0,0,0,0,2024-08-02
691011,hitting,2024,11,Albuquerque Isotopes,Pacific Coast League,5,1,0,0,1,0,1,0,0,6,0,0,0,0,2024-08-03
691011,hitting,2024,11,Albuquerque Isotopes,Pacific Coast League,4,1,0,1,1,0,3,0,0,5,1,0,0,0,2024-08-06
691011,hitting,2024,11,Albuquerque Isotopes,Pacific Coast League,4,0,0,0,1,0,0,0,0,4,0,0,0,0,2024-08-08
691011,hitting,2024,11,Albuquerque Isotopes,Pacific Coast League,4,0,0,1,1,0,3,0,0,4,2,0,0,1,2024-08-09
691011,hitting,2024,11,Albuquerque Isotopes,Pacific Coast League,4,0,0,0,1,0,0,0,0,4,0,0,0,0,2024-08-10
691011,hitting,2024,11,Albuquerque Isotopes,Pacific Coast League,3,1,0,0,1,0,1,1,0,4,1,0,0,0,2024-08-13
691016,hitting,2023,11,Las Vegas Aviators,Pacific Coast League,4,1,0,1,1,0,2,0,0,5,3,0,0,0,2023-03-31
691016,hitting,2023,11,Las Vegas Aviators,Pacific Coast League,5,0,0,2,1,0,3,1,0,5,1,0,0,0,2023-04-02
691016,hitting,2023,11,Las Vegas Aviators,Pacific Coast League,4,1,0,1,1,0,1,0,0,5,0,0,0,0,2023-04-04
691016,hitting,2023,11,Las Vegas Aviators,Pacific Coast League,4,0,0,0,1,0,0,0,0,4,0,0,0,0,2023-04-05
691016,hitting,2023,11,Las Vegas Aviators,Pacific Coast League,4,0,0,0,1,0,1,0,0,4,0,0,0,0,2023-04-06
691016,hitting,2023,11,Las Vegas Aviators,Pacific Coast League,4,0,0,0,1,0,0,0,0,4,0,0,0,0,2023-04-07
691016,hitting,2023,11,Las Vegas Aviators,Pacific Coast League,4,0,0,1,1,0,3,1,0,5,2,1,0,0,2023-04-08
691016,hitting,2023,11,Las Vegas Aviators,Pacific Coast League,5,0,0,0,1,0,0,0,0,5,0,0,0,0,2023-04-09
691016,hitting,2023,11,Las Vegas Aviators,Pacific Coast League,4,1,0,0,1,0,0,0,0,5,0,0,0,0,2023-04-11
691016,hitting,2023,11,Las Vegas Aviators,Pacific Coast League,4,1,0,0,1,0,1,0,0,5,2,0,0,0,2023-04-13
691016,hitting,2023,11,Las Vegas Aviators,Pacific Coast League,3,2,0,0,1,0,1,0,0,5,2,0,0,0,2023-04-16
691016,hitting,2023,11,Las Vegas Aviators,Pacific Coast League,5,0,0,0,1,0,3,1,0,5,2,0,0,1,2023-04-18
691016,hitting,2023,11,Las Vegas Aviators,Pacific Coast League,5,0,0,0,1,0,0,0,0,5,0,0,0,0,2023-04-19
691016,hitting,2023,11,Las Vegas Aviators,Pacific Coast League,4,0,0,0,1,0,2,1,0,4,1,0,0,0,2023-04-20
691016,hitting,2023,11,Las Vegas Aviators,Pacific Coast League,4,0,0,1,1,0,1,0,0,4,1,0,0,0,2023-04-21
691016,hitting,2023,11,Las Vegas Aviators,Pacific Coast League,5,0,0,0,1,0,0,0,0,5,0,0,0,0,2023-04-23
691016,hitting,2023,11,Las Vegas Aviators,Pacific Coast League,4,0,0,0,1,1,0,0,0,5,0,0,0,0,2023-04-25
691016,hitting,2023,11,Las Vegas Aviators,Pacific Coast League,5,1,0,1,1,0,1,0,0,6,1,0,0,0,2023-04-26
691016,hitting,2023,11,Las Vegas Aviators,Pacific Coast League,5,0,0,0,1,0,1,1,0,5,1,0,0,0,2023-04-28
691016,hitting,2023,11,Las Vegas Aviators,Pacific Coast League,3,1,0,0,1,0,0,0,0,4,1,0,0,0,2023-04-29
691016,hitting,2023,11,Las Vegas Aviators,Pacific Coast League,4,0,0,1,1,0,2,0,0,4,0,0,0,0,2023-05-02
691016,hitting,2023,11,Las Vegas Aviators,Pacific Coast League,5,0,0,0,1,0,1,0,0,5,0,0,0,0,2023-05-03
691016,hitting,2023,11,Las Vegas Aviators,Pacific Coast League,5,0,0,1,1,0,2,0,0,5,0,0,0,0,2023-05-04
691016,hitting,2023,11,Las Vegas Aviators,Pacific Coast League,5,0,0,0,1,0,1,0,0,5,1,0,0,0,2023-05-05
691016,hitting,2023,11,Las Vegas Aviators,Pacific Coast League,4,0,0,0,1,0,1,0,0,4,0,0,0,0,2023-05-06
691016,hitting,2023,11,Las Vegas Aviators,Pacific Coast League,1,0,0,0,1,0,1,0,0,1,0,0,0,0,2023-05-07
691016,hitting,2023,11,Las Vegas Aviators,Pacific Coast League,5,0,0,0,1,0,1,0,0,5,0,0,0,0,2023-05-09
691016,hitting,2023,11,Las Vegas Aviators,Pacific Coast League,4,0,0,0,1,0,1,0,0,4,0,0,0,0,2023-05-10
691016,hitting,2023,11,Las Vegas Aviators,Pacific Coast League,4,0,0,0,1,0,1,1,0,4,1,0,0,0,2023-05-11
691016,hitting,2023,11,Las Vegas Aviators,Pacific Coast League,4,0,0,0,1,0,0,0,0,4,0,0,0,0,2023-05-12
691016,hitting,2023,11,Las Vegas Aviators,Pacific Coast League,2,0,0,0,1,0,0,0,0,2,0,0,0,0,2023-05-13
691016,hitting,2023,11,Las Vegas Aviators,Pacific Coast League,5,0,0,2,1,0,3,1,0,5,2,0,0,0,2023-05-14
691016,hitting,2023,11,Las Vegas Aviators,Pacific Coast League,5,0,0,0,1,0,2,1,0,5,1,0,0,0,2023-05-16
691016,hitting,2023,11,Las Vegas Aviators,Pacific Coast League,5,0,0,0,1,0,2,0,0,6,2,1,0,0,2023-05-17
691016,hitting,2023,11,Las Vegas Aviators,Pacific Coast League,3,1,0,0,1,0,2,0,0,4,0,0,0,0,2023-05-18
691016,hitting,2023,11,Las Vegas Aviators,Pacific Coast League,5,0,0,2,1,0,2,0,0,5,1,0,0,0,2023-05-19
691016,hitting,2023,11,Las Vegas Aviators,Pacific Coast League,4,1,0,0,1,0,1,0,0,5,0,0,0,0,2023-05-20
691016,hitting,2023,11,Las Vegas Aviators,Pacific Coast League,3,1,0,0,1,0,0,0,0,4,0,0,0,0,2023-05-23
691016,hitting,2023,11,Las Vegas Aviators,Pacific Coast League,2,0,0,0,1,0,0,0,0,2,0,0,0,0,2023-05-24
691016,hitting,2023,11,Las Vegas Aviators,Pacific Coast League,4,1,0,0,1,0,2,2,0,5,3,0,0,0,2023-05-26
691016,hitting,2023,11,Las Vegas Aviators,Pacific Coast League,5,0,0,0,1,0,0,0,0,5,0,0,0,0,2023-05-27
691016,hitting,2023,11,Las Vegas Aviators,Pacific Coast League,5,0,0,1,1,0,1,0,0,5,0,0,0,0,2023-05-28
691016,hitting,2023,11,Las Vegas Aviators,Pacific Coast League,1,0,0,0,1,0,0,0,0,1,0,0,0,0,2023-05-30
691016,hitting,2023,11,Las Vegas Aviators,Pacific Coast League,4,1,0,0,1,0,0,0,0,5,0,0,0,0,2023-05-31
691016,hitting,2023,11,Las Vegas Aviators,Pacific Coast League,4,0,0,0,1,0,0,0,0,4,0,0,0,0,2023-06-01
691016,hitting,2023,11,Las Vegas Aviators,Pacific Coast League,5,0,0,0,1,0,2,2,0,5,2,0,0,0,2023-06-03
691016,hitting,2023,11,Las Vegas Aviators,Pacific Coast League,3,0,0,0,1,0,1,0,0,4,0,1,0,0,2023-06-04
691016,hitting,2023,11,Las Vegas Aviators,Pacific Coast League,4,0,0,0,1,0,0,0,0,4,0,0,0,0,2023-06-06
691016,hitting,2023,11,Las Vegas Aviators,Pacific Coast League,5,0,0,0,1,0,2,1,0,5,2,0,0,0,2023-06-07
691016,hitting,2023,11,Las Vegas Aviators,Pacific Coast League,3,1,0,1,1,0,1,0,0,4,0,0,0,0,2023-06-08
691016,hitting,2023,11,Las Vegas Aviators,Pacific Coast League,3,2,0,0,1,0,2,1,0,5,1,0,0,1,2023-06-10
691016,hitting,2023,11,Las Vegas Aviators,Pacific Coast League,3,1,0,0,1,0,0,0,0,4,0,0,0,0,2023-06-11
691016,hitting,2023,11,Las Vegas Aviators,Pacific Coast League,4,0,0,0,1,0,0,0,0,4,0,0,0,0,2023-06-13
691016,hitting,2023,11,Las Vegas Aviators,Pacific Coast League,4,0,0,0,1,0,1,0,0,4,0,0,0,0,2023-06-14
691016,hitting,2023,11,Las Vegas Aviators,Pacific Coast League,4,0,0,0,1,0,0,0,0,4,0,0,0,0,2023-06-15
691016,hitting,2023,11,Las Vegas Aviators,Pacific Coast League,5,0,0,0,1,0,1,0,0,5,1,0,0,0,2023-06-16
691016,hitting,2023,11,Las Vegas Aviators,Pacific Coast League,5,0,0,0,1,0,1,1,0,5,1,0,0,0,2023-06-18
691016,hitting,2023,11,Las Vegas Aviators,Pacific Coast League,4,0,0,0,1,0,2,0,0,4,1,0,0,0,2023-06-20
691016,hitting,2023,11,Las Vegas Aviators,Pacific Coast League,4,0,0,0,1,0,2,0,0,4,0,0,1,0,2023-06-21
691016,hitting,2023,11,Las Vegas Aviators,Pacific Coast League,4,0,0,0,1,0,1,1,0,4,1,0,0,0,2023-06-23
691016,hitting,2023,11,Las Vegas Aviators,Pacific Coast League,4,0,0,0,1,0,1,0,0,4,0,0,0,0,2023-06-24
691016,hitting,2023,11,Las Vegas Aviators,Pacific Coast League,4,0,0,0,1,0,2,1,0,4,2,0,0,0,2023-06-28
691016,hitting,2023,11,Las Vegas Aviators,Pacific Coast League,5,0,0,0,1,0,2,2,0,5,2,0,0,0,2023-06-29
691016,hitting,2023,11,Las Vegas Aviators,Pacific Coast League,3,1,0,0,1,0,0,0,0,4,1,0,0,0,2023-06-30
691016,hitting,2023,11,Las Vegas Aviators,Pacific Coast League,4,1,0,0,1,0,1,1,1,5,1,0,0,0,2023-07-01
691016,hitting,2023,11,Las Vegas Aviators,Pacific Coast League,3,1,0,0,1,0,0,0,0,4,0,0,0,0,2023-07-02
691016,hitting,2023,11,Las Vegas Aviators,Pacific Coast League,5,0,0,0,1,0,1,0,0,5,1,0,0,0,2023-07-03
691016,hitting,2023,11,Las Vegas Aviators,Pacific Coast League,4,0,0,0,1,0,1,0,0,4,0,0,0,0,2023-07-05
691016,hitting,2023,11,Las Vegas Aviators,Pacific Coast League,5,0,0,0,1,0,1,0,0,5,1,0,0,0,2023-07-06
691019,hitting,2025,11,Charlotte Knights,International League,4,1,0,0,1,0,2,1,0,5,1,0,0,0,2025-03-28
691019,hitting,2025,11,Charlotte Knights,International League,5,0,0,1,1,0,3,1,0,5,2,0,0,0,2025-03-29
691019,hitting,2025,11,Charlotte Knights,International League,3,1,0,0,1,0,1,0,0,4,1,0,0,0,2025-03-30
691019,hitting,2025,11,Charlotte Knights,International League,3,1,0,0,1,0,0,0,0,4,0,0,0,0,2025-04-01
691019,hitting,2025,11,Charlotte Knights,International League,4,0,0,0,1,0,0,0,0,4,0,0,1,0,2025-04-02
691019,hitting,2025,11,Charlotte Knights,International League,4,0,0,1,1,0,1,0,0,4,0,0,0,0,2025-04-03
691019,hitting,2025,11,Charlotte Knights,International League,5,0,0,0,1,0,1,0,0,5,1,0,0,0,2025-04-04
691019,hitting,2025,11,Charlotte Knights,International League,2,2,0,0,1,0,0,0,0,4,0,0,0,0,2025-04-05
691019,hitting,2025,11,Charlotte Knights,International League,4,1,0,0,1,0,0,0,0,5,0,0,0,0,2025-04-06
691019,hitting,2025,11,Charlotte Knights,International League,4,0,0,0,1,0,0,0,0,4,0,0,0,0,2025-04-08
691019,hitting,2025,11,Charlotte Knights,International League,4,0,0,0,1,0,0,0,0,4,0,0,0,0,2025-04-09
691019,hitting,2025,11,Charlotte Knights,International League,3,1,1,0,1,0,1,0,0,4,1,0,0,1,2025-04-10
691019,hitting,2025,11,Charlotte Knights,International League,2,1,0,0,1,0,0,0,0,3,1,0,0,0,2025-04-12
691019,hitting,2025,11,Charlotte Knights,International League,2,1,0,0,1,0,0,0,0,3,0,0,0,0,2025-04-12
691019,hitting,2025,11,Charlotte Knights,International League,3,1,0,0,1,0,1,0,0,4,0,0,0,0,2025-04-13
691019,hitting,2025,11,Charlotte Knights,International League,4,1,0,1,1,0,1,0,0,5,1,0,0,0,2025-04-16
691019,hitting,2025,11,Charlotte Knights,International League,5,0,0,0,1,0,1,0,0,5,1,0,0,0,2025-04-17
691019,hitting,2025,11,Charlotte Knights,International League,4,0,0,0,1,0,2,0,0,4,0,0,0,0,2025-04-19
691019,hitting,2025,11,Charlotte Knights,International League,5,0,0,0,1,0,1,1,0,5,1,0,0,0,2025-04-20
691019,hitting,2025,11,Charlotte Knights,International League,5,0,0,0,1,0,1,0,0,5,1,0,0,0,2025-04-22
691019,hitting,2025,11,Charlotte Knights,International League,4,0,0,0,1,0,2,0,0,4,0,0,0,0,2025-04-23
691019,hitting,2025,11,Charlotte Knights,International League,2,1,0,0,1,0,0,0,0,3,1,0,1,0,2025-04-25
691019,hitting,2025,11,Charlotte Knights,International League,3,2,0,0,1,0,2,0,0,5,1,0,0,0,2025-04-26
691019,hitting,2025,11,Charlotte Knights,International League,5,1,0,0,1,0,1,0,0,6,2,0,0,0,2025-04-27
691019,hitting,2025,11,Charlotte Knights,International League,4,0,0,0,1,0,2,0,0,4,1,0,1,0,2025-04-29
691019,hitting,2025,11,Charlotte Knights,International League,5,0,0,0,1,0,2,0,0,5,0,0,0,0,2025-04-30
691019,hitting,2025,11,Charlotte Knights,International League,4,0,0,1,1,0,1,0,0,4,0,0,0,0,2025-05-01
691019,hitting,2025,11,Charlotte Knights,International League,3,1,0,0,1,0,1,0,0,4,1,0,0,0,2025-05-02
691019,hitting,2025,11,Charlotte Knights,International League,3,1,0,0,1,0,1,0,0,4,1,0,0,0,2025-05-04
691019,hitting,2025,11,Charlotte Knights,International League,5,0,0,0,1,0,1,0,0,5,0,0,0,0,2025-05-06
691019,hitting,2025,11,Charlotte Knights,International League,5,0,0,0,1,0,1,1,0,5,1,0,1,0,2025-05-07
691019,hitting,2025,11,Charlotte Knights,International League,2,0,0,1,1,0,1,0,0,2,0,0,0,0,2025-05-09
691019,hitting,2025,11,Charlotte Knights,International League,3,0,0,0,1,0,1,0,0,3,0,0,0,0,2025-05-10
691019,hitting,2025,11,Charlotte Knights,International League,2,2,0,0,1,0,1,0,0,4,2,0,0,0,2025-05-11
691019,hitting,2025,11,Charlotte Knights,International League,3,1,0,0,1,0,1,0,0,4,1,0,0,0,2025-05-14
691019,hitting,2025,11,Charlotte Knights,International League,5,0,0,0,1,0,1,0,0,5,0,0,0,0,2025-05-15
691019,hitting,2025,11,Charlotte Knights,International League,4,1,0,1,1,0,2,0,0,5,0,0,0,0,2025-05-17
691019,hitting,2025,11,Charlotte Knights,International League,4,0,0,0,1,0,1,0,0,4,0,0,0,0,2025-05-18
691019,hitting,2025,11,Charlotte Knights,International League,3,1,0,0,1,0,1,0,0,4,0,0,0,0,2025-05-20
691019,hitting,2025,11,Charlotte Knights,International League,4,0,0,0,1,0,3,2,0,4,3,0,0,0,2025-05-22
691019,hitting,2025,11,Charlotte Knights,International League,4,1,0,1,1,0,3,1,0,5,3,0,0,0,2025-05-23
691019,hitting,2025,11,Charlotte Knights,International League,3,2,0,0,1,0,0,0,0,5,0,0,0,0,2025-05-24
691019,hitting,2025,11,Charlotte Knights,International League,2,2,0,1,1,0,1,0,0,4,1,0,0,0,2025-05-25
691019,hitting,2025,11,Charlotte Knights,International League,5,0,0,1,1,0,2,0,0,5,1,0,0,0,2025-05-27
691019,hitting,2025,11,Charlotte Knights,International League,2,1,0,0,1,0,0,0,0,3,1,0,1,0,2025-05-29
691019,hitting,2025,11,Charlotte Knights,International League,3,0,0,0,1,0,0,0,0,3,0,0,0,0,2025-05-29
691019,hitting,2025,11,Charlotte Knights,International League,2,2,0,0,1,0,1,1,0,4,1,0,1,0,2025-05-30
691019,hitting,2025,11,Charlotte Knights,International League,4,0,0,0,1,0,1,0,0,4,0,0,1,0,2025-05-31
691019,hitting,2025,11,Charlotte Knights,International League,5,0,0,0,1,0,1,0,0,5,1,0,0,0,2025-06-03
691019,hitting,2025,11,Charlotte Knights,International League,5,0,0,1,1,0,3,0,0,5,1,0,0,0,2025-06-04
691026,hitting,2023,11,Memphis Redbirds,International League,4,1,0,0,1,0,1,0,0,5,1,0,0,0,2023-03-31
691026,hitting,2023,11,Memphis Redbirds,International League,4,0,0,0,1,0,0,0,0,4,0,0,0,0,2023-04-01
691026,hitting,2023,11,Memphis Redbirds,International League,4,1,0,0,1,0,0,0,0,5,1,0,0,0,2023-04-02
691026,hitting,2023,11,Memphis Redbirds,International League,5,0,0,0,1,0,3,0,0,5,2,0,1,1,2023-04-04
691026,hitting,2023,11,Memphis Redbirds,International League,4,0,0,0,1,0,0,0,0,4,0,0,0,0,2023-04-06
691026,hitting,2023,11,Memphis Redbirds,International League,1,2,0,0,1,0,0,0,0,3,1,0,0,0,2023-04-06
691026,hitting,2023,11,Memphis Redbirds,International League,4,0,0,0,1,0,1,0,0,4,0,0,1,0,2023-04-07
691026,hitting,2023,11,Memphis Redbirds,International League,5,0,0,0,1,0,0,0,0,5,0,0,0,0,2023-04-08
691026,hitting,2023,11,Memphis Redbirds,International League,3,1,0,0,1,1,0,0,0,5,0,0,1,0,2023-04-09
691026,hitting,2023,11,Memphis Redbirds,International League,4,0,0,0,1,0,2,0,0,4,0,0,1,0,2023-04-11
691026,hitting,2023,11,Memphis Redbirds,International League,6,0,0,0,1,0,3,1,0,6,2,0,0,0,2023-04-12
691026,hitting,2023,11,Memphis Redbirds,International League,5,0,0,1,1,0,2,0,0,5,1,0,1,0,2023-04-13
691026,hitting,2023,11,Memphis Redbirds,International League,6,0,0,0,1,0,0,0,0,6,0,0,1,0,2023-04-14
691026,hitting,2023,11,Memphis Redbirds,International League,4,0,0,1,1,0,1,0,0,4,1,0,0,0,2023-04-15
691026,hitting,2023,11,Memphis Redbirds,International League,5,0,0,0,1,0,2,0,0,5,1,0,1,0,2023-04-16
691026,hitting,2023,11,Memphis Redbirds,International League,4,0,0,0,1,0,0,0,0,4,0,0,0,0,2023-04-18
691026,hitting,2023,11,Memphis Redbirds,International League,5,0,0,0,1,0,1,0,0,5,1,0,0,0,2023-04-19
691026,hitting,2023,11,Memphis Redbirds,International League,4,0,0,0,1,0,0,0,0,4,0,0,0,0,2023-04-20
691026,hitting,2023,11,Memphis Redbirds,International League,4,1,0,1,1,0,2,0,0,5,1,0,1,0,2023-04-21
691026,hitting,2023,11,Memphis Redbirds,International League,4,0,0,0,1,0,0,0,0,4,0,0,0,0,2023-04-22
691026,hitting,2023,11,Memphis Redbirds,International League,4,0,0,0,1,0,0,0,0,4,0,0,0,0,2023-04-23
691026,hitting,2023,11,Memphis Redbirds,International League,6,0,0,0,1,0,2,0,0,6,1,0,0,0,2023-04-25
691026,hitting,2023,11,Memphis Redbirds,International League,5,0,0,0,1,0,3,1,0,5,2,0,0,0,2023-04-26
691026,hitting,2023,11,Memphis Redbirds,International League,4,0,0,0,1,0,0,0,0,4,0,0,0,0,2023-04-27
691026,hitting,2023,11,Memphis Redbirds,International League,4,1,0,0,1,0,1,0,0,5,1,0,0,0,2023-04-28
691026,hitting,2023,11,Memphis Redbirds,International League,5,0,0,0,1,0,2,0,0,5,1,0,0,0,2023-04-29
691026,hitting,2023,11,Memphis Redbirds,International League,3,3,1,0,1,0,0,0,0,6,1,0,0,0,2023-04-30
691026,hitting,2023,11,Memphis Redbirds,International League,5,0,0,0,1,0,3,0,0,5,1,0,0,0,2023-05-02
691026,hitting,2023,11,Memphis Redbirds,International League,2,3,0,0,1,0,0,0,0,5,0,0,1,0,2023-05-03
691026,hitting,2023,11,Memphis Redbirds,International League,3,1,0,0,1,1,2,0,0,5,2,0,1,1,2023-05-04
691026,hitting,2023,11,Memphis Redbirds,International League,5,0,0,0,1,0,2,2,0,5,2,0,0,0,2023-05-05
691026,hitting,2023,11,Memphis Redbirds,International League,5,1,0,0,1,0,2,1,0,6,2,0,0,0,2023-05-06
691026,hitting,2023,11,Memphis Redbirds,International League,4,1,0,0,1,0,1,0,0,5,2,0,1,0,2023-05-07
691026,hitting,2023,11,Memphis Redbirds,International League,5,0,0,0,1,0,1,0,0,5,0,0,0,0,2023-05-09
691026,hitting,2023,11,Memphis Redbirds,International League,3,0,0,0,1,0,1,0,0,3,0,0,0,0,2023-05-10
691026,hitting,2023,11,Memphis Redbirds,International League,4,1,0,0,1,0,1,0,0,5,2,0,0,0,2023-05-11
691026,hitting,2023,11,Memphis Redbirds,International League,4,1,0,0,1,0,1,0,0,5,0,0,0,0,2023-05-13
691026,hitting,2023,11,Memphis Redbirds,International League,5,1,0,0,1,0,2,0,0,6,1,0,0,0,2023-05-14
691026,hitting,2023,11,Memphis Redbirds,International League,5,0,0,0,1,0,1,0,0,5,0,0,0,0,2023-05-16
691026,hitting,2023,11,Memphis Redbirds,International League,4,0,0,0,1,0,0,0,0,4,0,0,0,0,2023-05-17
691026,hitting,2023,11,Memphis Redbirds,International League,5,1,0,0,1,0,0,0,0,6,0,0,0,0,2023-05-18
691026,hitting,2023,11,Memphis Redbirds,International League,5,0,0,0,1,0,0,0,0,5,0,0,0,0,2023-05-21
691026,hitting,2023,11,Memphis Redbirds,International League,5,1,0,0,1,0,2,0,0,6,3,0,0,0,2023-05-23
691026,hitting,2023,11,Memphis Redbirds,International League,5,0,0,0,1,0,1,0,0,5,1,0,0,0,2023-05-24
691026,hitting,2023,11,Memphis Redbirds,International League,5,0,0,0,1,0,1,0,0,5,0,0,0,0,2023-05-25
691026,hitting,2023,11,Memphis Redbirds,International League,5,0,0,0,1,0,2,0,0,5,0,0,0,0,2023-05-26
691026,hitting,2023,11,Memphis Redbirds,International League,5,0,0,0,1,0,3,0,0,5,1,0,0,0,2023-05-27
691026,hitting,2023,11,Memphis Redbirds,International League,4,0,0,0,1,1,1,0,0,5,1,0,0,1,2023-05-28
691026,hitting,2023,11,Memphis Redbirds,International League,5,0,0,0,1,0,1,0,0,5,1,0,0,0,2023-05-30
691026,hitting,2023,11,Memphis Redbirds,International League,5,0,0,0,1,0,1,1,0,5,2,0,0,0,2023-05-31
691026,hitting,2023,11,Memphis Redbirds,International League,6,0,0,0,1,0,1,0,0,6,1,0,0,0,2023-06-01
691026,hitting,2023,11,Memphis Redbirds,International League,6,0,0,1,1,0,2,0,0,6,0,0,1,0,2023-06-02
691026,hitting,2023,11,Memphis Redbirds,International League,4,0,0,0,1,0,1,0,0,4,0,0,0,0,2023-06-03
691026,hitting,2023,11,Memphis Redbirds,International League,5,0,0,0,1,0,2,0,0,5,0,0,0,0,2023-06-04
691026,hitting,2023,11,Memphis Redbirds,International League,4,0,0,0,1,0,2,0,0,4,0,0,0,0,2023-06-06
691026,hitting,2023,11,Memphis Redbirds,International League,5,0,0,0,1,0,2,0,0,5,1,0,1,0,2023-06-07
691026,hitting,2023,11,Memphis Redbirds,International League,3,2,0,0,1,1,1,0,0,6,4,0,0,0,2023-06-08
691026,hitting,2023,11,Memphis Redbirds,International League,3,1,0,0,1,0,1,0,0,4,1,0,0,0,2023-06-09
691026,hitting,2023,11,Memphis Redbirds,International League,3,2,0,0,1,0,0,0,0,5,1,0,0,0,2023-06-10
691026,hitting,2023,11,Memphis Redbirds,International League,4,0,0,0,1,0,0,0,0,4,0,0,0,0,2023-06-11
691026,hitting,2023,11,Memphis Redbirds,International League,2,1,0,0,1,0,0,0,0,3,0,0,0,0,2023-06-14
691026,hitting,2023,11,Memphis Redbirds,International League,3,0,0,0,1,0,1,1,0,3,1,0,0,0,2023-06-14
691026,hitting,2023,11,Memphis Redbirds,International League,5,0,0,0,1,0,1,0,0,5,1,0,0,0,2023-06-16
691026,hitting,2023,11,Memphis Redbirds,International League,3,0,0,0,1,0,0,0,0,3,0,0,0,0,2023-06-16
691026,hitting,2023,11,Memphis Redbirds,International League,4,0,0,1,1,1,1,0,0,5,1,0,0,0,2023-06-17
691026,hitting,2023,11,Memphis Redbirds,International League,6,0,0,1,1,0,4,0,0,6,2,0,0,0,2023-06-18
691026,hitting,2023,11,Memphis Redbirds,International League,4,1,0,0,1,0,1,0,0,5,2,0,0,1,2023-06-20
691026,hitting,2023,11,Memphis Redbirds,International League,4,0,0,0,1,0,1,0,0,4,0,0,1,0,2023-06-21
691026,hitting,2023,11,Memphis Redbirds,International League,5,0,0,0,1,0,1,1,0,5,1,0,0,0,2023-06-24
691026,hitting,2023,11,Memphis Redbirds,International League,4,1,0,0,1,0,1,0,0,6,1,1,0,0,2023-06-25
691026,hitting,2023,11,Memphis Redbirds,International League,3,1,0,0,1,0,2,0,0,4,2,0,0,0,2023-06-28
691026,hitting,2023,11,Memphis Redbirds,International League,4,0,0,0,1,0,1,0,0,4,1,0,0,0,2023-06-29
691026,hitting,2023,11,Memphis Redbirds,International League,4,0,0,0,1,0,1,0,0,4,1,0,0,0,2023-06-30
691026,hitting,2023,11,Memphis Redbirds,International League,5,0,0,1,1,0,2,0,0,5,0,0,0,0,2023-07-01
691026,hitting,2023,11,Memphis Redbirds,International League,5,0,0,0,1,0,1,0,0,5,1,0,0,0,2023-07-02
691026,hitting,2023,11,Memphis Redbirds,International League,4,0,0,0,1,0,0,0,0,4,0,0,0,0,2023-07-03
691026,hitting,2023,11,Memphis Redbirds,International League,5,0,0,0,1,0,2,0,0,5,1,0,0,0,2023-07-04
691026,hitting,2023,11,Memphis Redbirds,International League,3,2,0,0,1,0,1,1,0,5,1,0,0,0,2023-07-05
691026,hitting,2023,11,Memphis Redbirds,International League,3,1,0,0,1,0,0,0,0,4,0,0,1,0,2023-07-07
691026,hitting,2023,11,Memphis Redbirds,International League,6,0,0,1,1,0,3,0,0,6,1,0,0,0,2023-07-08
691026,hitting,2023,11,Memphis Redbirds,International League,5,1,0,1,1,0,2,1,0,6,3,0,0,0,2023-07-09
691026,hitting,2023,11,Memphis Redbirds,International League,4,1,0,0,1,0,1,1,0,5,2,0,1,0,2023-07-14
691026,hitting,2023,11,Memphis Redbirds,International League,4,0,1,0,1,0,2,0,0,4,1,0,0,1,2023-07-15
691026,hitting,2023,11,Memphis Redbirds,International League,5,0,0,1,1,0,3,0,0,5,1,0,0,0,2023-07-16
691026,hitting,2023,11,Memphis Redbirds,International League,4,0,0,0,1,0,1,0,0,4,1,0,0,0,2023-07-18
691026,hitting,2023,11,Memphis Redbirds,International League,5,0,0,2,1,0,3,0,0,5,3,0,0,0,2023-07-19
691026,hitting,2023,11,Memphis Redbirds,International League,4,1,0,1,1,1,3,1,0,6,2,0,0,0,2023-07-21
691026,hitting,2023,11,Memphis Redbirds,International League,5,0,0,1,1,0,2,1,0,5,2,0,0,0,2023-07-22
691026,hitting,2023,11,Memphis Redbirds,International League,4,1,0,0,1,0,1,0,0,5,1,0,0,0,2023-07-23
691026,hitting,2023,11,Memphis Redbirds,International League,5,0,0,0,1,0,3,1,0,5,2,0,0,1,2023-07-25
691026,hitting,2023,11,Memphis Redbirds,International League,4,0,0,0,1,1,0,0,0,5,1,0,0,0,2023-07-26
691026,hitting,2023,11,Memphis Redbirds,International League,4,1,0,0,1,0,1,1,0,5,1,0,0,0,2023-07-27
691026,hitting,2023,11,Memphis Redbirds,International League,4,0,0,0,1,0,1,1,0,4,1,0,0,0,2023-07-28
691026,hitting,2023,11,Memphis Redbirds,International League,4,1,0,0,1,0,1,0,0,5,1,0,0,0,2023-07-29
691026,hitting,2023,11,Memphis Redbirds,International League,0,0,0,0,1,0,0,0,0,0,0,0,0,0,2023-07-30
691026,hitting,2023,11,Memphis Redbirds,International League,4,1,0,0,1,0,0,0,0,6,1,1,0,0,2023-08-01
691026,hitting,2023,11,Memphis Redbirds,International League,4,0,0,0,1,0,0,0,0,4,0,0,0,0,2023-08-02
691026,hitting,2023,11,Memphis Redbirds,International League,5,1,0,1,1,0,4,1,0,6,4,0,0,0,2023-08-03
691026,hitting,2023,11,Memphis Redbirds,International League,5,0,0,0,1,0,2,0,0,5,1,0,1,0,2023-08-05
691026,hitting,2023,11,Memphis Redbirds,International League,3,0,0,0,1,0,0,0,0,3,0,0,0,0,2023-08-06
691026,hitting,2023,11,Memphis Redbirds,International League,4,0,0,0,1,0,2,0,0,4,2,0,0,0,2023-08-11
691026,hitting,2023,11,Memphis Redbirds,International League,3,1,0,0,1,0,0,0,0,4,1,0,0,0,2023-08-12
691026,hitting,2023,11,Memphis Redbirds,International League,4,1,0,0,1,0,1,0,0,5,0,0,0,1,2023-08-15
691026,hitting,2023,11,Memphis Redbirds,International League,4,1,0,0,1,0,1,0,0,5,2,0,0,0,2023-08-16
691026,hitting,2023,11,Memphis Redbirds,International League,4,0,0,0,1,0,3,1,0,4,2,0,0,0,2023-08-17
691176,hitting,2023,11,Scranton/Wilkes-Barre RailRiders,International League,6,0,1,1,1,0,3,0,0,6,1,0,0,0,2023-08-22
691176,hitting,2023,11,Scranton/Wilkes-Barre RailRiders,International League,0,1,0,0,1,0,0,0,1,1,0,0,0,0,2023-08-23
691176,hitting,2023,11,Scranton/Wilkes-Barre RailRiders,International League,2,1,0,0,1,0,0,0,0,3,0,0,0,0,2023-08-23
691176,hitting,2023,11,Scranton/Wilkes-Barre RailRiders,International League,5,0,0,0,1,0,2,0,0,5,0,0,1,0,2023-08-25
691176,hitting,2023,11,Scranton/Wilkes-Barre RailRiders,International League,3,1,0,0,1,0,1,0,0,4,0,0,0,0,2023-08-26
691176,hitting,2023,11,Scranton/Wilkes-Barre RailRiders,International League,4,0,0,1,1,0,3,0,0,4,2,0,0,0,2023-08-26
691176,hitting,2023,11,Scranton/Wilkes-Barre RailRiders,International League,3,1,0,0,1,0,2,0,0,4,1,0,0,1,2023-08-27
691176,hitting,2023,11,Scranton/Wilkes-Barre RailRiders,International League,4,1,0,0,1,0,1,0,0,5,1,0,1,0,2023-08-29
691176,hitting,2023,11,Scranton/Wilkes-Barre RailRiders,International League,4,1,0,1,1,0,1,0,0,5,1,0,1,0,2023-08-30
691176,hitting,2023,12,Somerset Patriots,Eastern League,3,1,0,0,1,0,0,0,0,4,1,0,1,0,2023-04-07
691176,hitting,2023,12,Somerset Patriots,Eastern League,2,1,0,0,1,0,0,0,0,3,1,0,0,0,2023-04-08
691176,hitting,2023,12,Somerset Patriots,Eastern League,2,1,0,0,1,0,0,0,0,3,0,0,1,0,2023-04-08
691176,hitting,2023,12,Somerset Patriots,Eastern League,4,1,0,0,1,0,0,0,0,5,0,0,0,0,2023-04-11
691176,hitting,2023,12,Somerset Patriots,Eastern League,5,0,0,0,1,0,0,0,0,5,0,0,1,0,2023-04-12
691176,hitting,2023,12,Somerset Patriots,Eastern League,3,2,0,0,1,0,1,0,0,5,2,0,1,0,2023-04-14
691176,hitting,2023,12,Somerset Patriots,Eastern League,3,2,1,1,1,0,1,0,0,5,2,0,1,0,2023-04-15
691176,hitting,2023,12,Somerset Patriots,Eastern League,4,0,0,0,1,0,0,0,0,4,0,0,0,0,2023-04-16
691176,hitting,2023,12,Somerset Patriots,Eastern League,4,0,0,0,1,0,1,1,0,5,1,1,0,0,2023-04-18
691176,hitting,2023,12,Somerset Patriots,Eastern League,4,1,0,0,1,0,0,0,0,5,1,0,2,0,2023-04-19
691176,hitting,2023,12,Somerset Patriots,Eastern League,3,2,0,0,1,0,0,0,1,5,0,0,1,0,2023-04-20
691176,hitting,2023,12,Somerset Patriots,Eastern League,1,1,0,0,1,0,0,0,0,2,0,0,0,0,2023-04-22
691176,hitting,2023,12,Somerset Patriots,Eastern League,1,3,0,0,1,0,0,0,0,4,1,0,1,0,2023-04-23
691176,hitting,2023,12,Somerset Patriots,Eastern League,4,0,0,1,1,0,2,1,0,4,1,0,0,0,2023-04-25
691176,hitting,2023,12,Somerset Patriots,Eastern League,3,2,0,0,1,0,1,0,0,5,1,0,0,1,2023-04-27
691176,hitting,2023,12,Somerset Patriots,Eastern League,2,1,0,0,1,0,1,0,0,3,0,0,0,0,2023-04-29
691176,hitting,2023,12,Somerset Patriots,Eastern League,2,2,0,0,1,0,0,0,0,4,1,0,0,0,2023-04-29
691176,hitting,2023,12,Somerset Patriots,Eastern League,2,1,0,0,1,1,0,0,0,4,2,0,1,0,2023-05-02
691176,hitting,2023,12,Somerset Patriots,Eastern League,4,0,0,0,1,0,0,0,0,4,0,0,0,0,2023-05-03
691176,hitting,2023,12,Somerset Patriots,Eastern League,3,2,0,0,1,0,2,0,0,5,1,0,0,0,2023-05-04
691176,hitting,2023,12,Somerset Patriots,Eastern League,4,0,0,0,1,0,1,0,0,4,1,0,0,0,2023-05-05
691176,hitting,2023,12,Somerset Patriots,Eastern League,3,1,0,0,1,0,1,1,0,4,1,0,0,0,2023-05-06
691176,hitting,2023,12,Somerset Patriots,Eastern League,5,0,0,1,1,0,1,0,0,5,0,0,0,0,2023-05-07
691176,hitting,2023,12,Somerset Patriots,Eastern League,5,0,0,0,1,0,2,1,0,5,2,0,0,0,2023-05-09
691176,hitting,2023,12,Somerset Patriots,Eastern League,4,1,0,0,1,0,2,0,0,5,0,0,1,0,2023-05-10
691176,hitting,2023,12,Somerset Patriots,Eastern League,2,3,0,0,1,0,0,0,0,5,1,0,0,0,2023-05-12
691176,hitting,2023,12,Somerset Patriots,Eastern League,4,0,0,0,1,0,1,0,0,4,1,0,1,0,2023-05-13
691176,hitting,2023,12,Somerset Patriots,Eastern League,4,0,0,0,1,0,0,0,0,4,0,0,0,0,2023-05-14
691176,hitting,2023,12,Somerset Patriots,Eastern League,6,0,0,0,1,0,3,1,0,6,4,0,1,0,2023-05-16
691176,hitting,2023,12,Somerset Patriots,Eastern League,4,0,0,0,1,0,1,0,0,4,0,0,0,0,2023-05-17
691176,hitting,2023,12,Somerset Patriots,Eastern League,4,0,0,0,1,0,1,1,0,5,2,1,0,0,2023-05-18
691176,hitting,2023,12,Somerset Patriots,Eastern League,5,0,0,0,1,0,0,0,0,5,0,0,0,0,2023-05-19
691176,hitting,2023,12,Somerset Patriots,Eastern League,3,2,0,0,1,0,0,0,0,5,2,0,0,0,2023-05-20
691176,hitting,2023,12,Somerset Patriots,Eastern League,5,0,1,0,1,0,1,0,0,5,0,0,0,0,2023-05-21
691176,hitting,2023,12,Somerset Patriots,Eastern League,5,0,0,0,1,0,0,0,0,5,0,0,0,0,2023-05-23
691176,hitting,2023,12,Somerset Patriots,Eastern League,4,1,0,1,1,0,2,0,0,5,1,0,1,0,2023-05-24
691176,hitting,2023,12,Somerset Patriots,Eastern League,3,2,0,0,1,0,0,0,0,5,1,0,0,0,2023-05-25
691176,hitting,2023,12,Somerset Patriots,Eastern League,2,3,0,0,1,0,1,0,0,5,0,0,0,0,2023-05-26
691176,hitting,2023,12,Somerset Patriots,Eastern League,5,0,0,0,1,0,2,1,0,5,1,0,0,0,2023-05-27
691176,hitting,2023,12,Somerset Patriots,Eastern League,4,0,0,0,1,0,1,0,0,4,0,0,0,0,2023-05-28
691176,hitting,2023,12,Somerset Patriots,Eastern League,3,1,0,0,1,0,0,0,0,4,0,0,0,0,2023-05-30
691176,hitting,2023,12,Somerset Patriots,Eastern League,4,0,0,0,1,0,1,0,0,4,0,0,0,0,2023-05-31
691176,hitting,2023,12,Somerset Patriots,Eastern League,4,1,0,0,1,0,1,1,0,5,2,0,0,0,2023-06-01
691176,hitting,2023,12,Somerset Patriots,Eastern League,3,2,0,0,1,0,0,0,0,5,1,0,0,0,2023-06-02
691176,hitting,2023,12,Somerset Patriots,Eastern League,3,1,1,0,1,0,2,0,0,4,0,0,0,0,2023-06-03
691176,hitting,2023,12,Somerset Patriots,Eastern League,4,1,0,0,1,0,1,0,0,5,1,0,0,0,2023-06-04
691176,hitting,2023,12,Somerset Patriots,Eastern League,5,0,0,0,1,0,0,0,0,5,0,0,0,0,2023-06-06
691176,hitting,2023,12,Somerset Patriots,Eastern League,3,2,0,0,1,0,0,0,0,5,0,0,0,0,2023-06-07
691176,hitting,2023,12,Somerset Patriots,Eastern League,3,2,0,0,1,0,1,0,0,5,2,0,0,0,2023-06-08
691176,hitting,2023,12,Somerset Patriots,Eastern League,6,0,0,1,1,0,2,1,0,6,1,0,0,0,2023-06-09
691176,hitting,2023,12,Somerset Patriots,Eastern League,4,0,0,0,1,0,0,0,0,4,0,0,0,0,2023-06-10
691176,hitting,2023,12,Somerset Patriots,Eastern League,4,0,0,0,1,0,2,0,0,5,1,1,1,0,2023-06-11
691176,hitting,2023,12,Somerset Patriots,Eastern League,3,1,0,0,1,0,0,0,0,4,1,0,1,0,2023-06-13
691176,hitting,2023,12,Somerset Patriots,Eastern League,5,0,0,0,1,0,1,0,0,5,0,0,0,0,2023-06-14
691176,hitting,2023,12,Somerset Patriots,Eastern League,5,0,0,0,1,0,1,0,0,5,0,0,0,0,2023-06-15
691176,hitting,2023,12,Somerset Patriots,Eastern League,4,0,0,0,1,0,2,1,0,4,1,0,0,0,2023-06-16
691176,hitting,2023,12,Somerset Patriots,Eastern League,3,1,0,0,1,0,0,0,0,4,1,0,0,0,2023-06-17
691176,hitting,2023,12,Somerset Patriots,Eastern League,4,0,0,1,1,0,1,0,0,4,1,0,0,0,2023-06-18
691176,hitting,2023,12,Somerset Patriots,Eastern League,3,1,0,0,1,0,0,0,0,4,0,0,0,0,2023-06-20
691176,hitting,2023,12,Somerset Patriots,Eastern League,4,0,0,0,1,0,0,0,0,4,0,0,0,0,2023-06-21
691176,hitting,2023,12,Somerset Patriots,Eastern League,5,1,0,0,1,0,0,0,0,6,0,0,0,0,2023-06-22
691176,hitting,2023,12,Somerset Patriots,Eastern League,4,1,0,0,1,0,1,0,0,5,3,0,0,0,2023-06-23
691176,hitting,2023,12,Somerset Patriots,Eastern League,3,1,0,0,1,0,1,0,0,4,1,0,0,0,2023-06-24
691176,hitting,2023,12,Somerset Patriots,Eastern League,4,1,0,0,1,0,1,0,0,5,0,0,1,0,2023-06-25
691176,hitting,2023,12,Somerset Patriots,Eastern League,4,1,0,0,1,0,0,0,0,5,0,0,0,0,2023-06-28
691176,hitting,2023,12,Somerset Patriots,Eastern League,4,1,0,1,1,0,1,0,0,5,2,0,1,0,2023-06-29
691176,hitting,2023,12,Somerset Patriots,Eastern League,3,1,0,0,1,0,0,0,0,4,1,0,0,0,2023-06-30
691176,hitting,2023,12,Somerset Patriots,Eastern League,5,0,0,0,1,0,2,0,0,5,2,0,1,0,2023-07-01
691176,hitting,2023,12,Somerset Patriots,Eastern League,5,0,0,0,1,0,2,0,0,5,0,0,1,0,2023-07-02
691176,hitting,2023,12,Somerset Patriots,Eastern League,5,0,0,0,1,0,0,0,0,5,0,0,0,0,2023-07-03
691176,hitting,2023,12,Somerset Patriots,Eastern League,4,0,0,0,1,0,1,0,0,4,0,0,2,0,2023-07-04
691176,hitting,2023,12,Somerset Patriots,Eastern League,2,2,1,0,1,0,0,0,0,4,1,0,0,0,2023-07-05
691176,hitting,2023,12,Somerset Patriots,Eastern League,3,1,0,0,1,0,0,0,0,4,0,0,0,0,2023-07-06
691176,hitting,2023,12,Somerset Patriots,Eastern League,5,0,0,0,1,0,2,0,0,5,0,0,0,0,2023-07-07
691176,hitting,2023,12,Somerset Patriots,Eastern League,3,2,0,1,1,0,2,0,1,5,1,0,2,0,2023-07-08
691176,hitting,2023,12,Somerset Patriots,Eastern League,5,0,0,0,1,0,0,0,0,5,1,0,0,0,2023-07-09
691176,hitting,2023,12,Somerset Patriots,Eastern League,3,1,0,0,1,0,2,0,0,4,0,0,1,0,2023-07-14
691176,hitting,2023,12,Somerset Patriots,Eastern League,3,1,0,0,1,0,2,1,0,4,1,0,0,0,2023-07-15
691176,hitting,2023,12,Somerset Patriots,Eastern League,4,1,0,0,1,0,2,0,0,5,1,0,0,1,2023-07-16
691176,hitting,2023,12,Somerset Patriots,Eastern League,5,0,0,0,1,0,2,1,0,5,1,0,0,0,2023-07-18
691176,hitting,2023,12,Somerset Patriots,Eastern League,5,0,0,0,1,0,0,0,0,5,0,0,0,0,2023-07-19
691176,hitting,2023,12,Somerset Patriots,Eastern League,5,0,0,0,1,0,1,0,0,5,1,0,0,0,2023-07-20
691176,hitting,2023,12,Somerset Patriots,Eastern League,5,0,0,0,1,0,1,0,0,5,1,0,0,0,2023-07-21
691176,hitting,2023,12,Somerset Patriots,Eastern League,5,0,0,0,1,0,1,0,0,5,1,0,0,0,2023-07-22
691176,hitting,2023,12,Somerset Patriots,Eastern League,5,0,1,0,1,0,2,0,0,5,1,0,0,0,2023-07-23
691176,hitting,2023,12,Somerset Patriots,Eastern League,3,1,1,0,1,0,1,0,0,4,1,0,1,0,2023-07-25
691176,hitting,2023,12,Somerset Patriots,Eastern League,4,1,0,0,1,0,0,0,0,5,0,0,0,0,2023-07-26
691176,hitting,2023,12,Somerset Patriots,Eastern League,5,0,0,0,1,0,3,0,0,5,0,0,1,0,2023-07-27
691176,hitting,2023,12,Somerset Patriots,Eastern League,5,0,0,0,1,0,1,0,0,5,1,0,1,0,2023-07-28
691176,hitting,2023,12,Somerset Patriots,Eastern League,5,0,0,2,1,0,3,0,0,5,1,0,0,0,2023-07-29
691176,hitting,2023,12,Somerset Patriots,Eastern League,3,2,0,0,1,0,0,0,0,5,0,0,1,0,2023-07-30
691176,hitting,2023,12,Somerset Patriots,Eastern League,2,2,1,0,1,0,1,0,0,4,0,0,0,0,2023-08-01
691176,hitting,2023,12,Somerset Patriots,Eastern League,5,0,0,0,1,0,2,0,0,5,0,0,1,0,2023-08-02
691176,hitting,2023,12,Somerset Patriots,Eastern League,4,1,0,0,1,0,1,0,0,5,0,0,0,0,2023-08-03
691176,hitting,2023,12,Somerset Patriots,Eastern League,5,0,0,0,1,0,1,0,0,5,0,0,0,0,2023-08-04
691176,hitting,2023,12,Somerset Patriots,Eastern League,5,0,0,2,1,0,3,0,0,5,0,0,0,0,2023-08-05
691176,hitting,2023,12,Somerset Patriots,Eastern League,4,1,0,0,1,0,2,1,0,5,4,0,3,0,2023-08-06
691176,hitting,2023,12,Somerset Patriots,Eastern League,5,0,0,1,1,0,3,0,0,5,2,0,0,0,2023-08-08
691176,hitting,2023,12,Somerset Patriots,Eastern League,4,0,0,1,1,0,2,0,0,4,0,0,2,0,2023-08-09
691176,hitting,2023,12,Somerset Patriots,Eastern League,5,0,0,0,1,0,2,0,0,5,2,0,1,0,2023-08-10
691176,hitting,2023,12,Somerset Patriots,Eastern League,3,2,0,0,1,0,0,0,0,5,1,0,0,0,2023-08-11
691176,hitting,2023,12,Somerset Patriots,Eastern League,4,0,0,0,1,0,0,0,0,4,0,0,0,0,2023-08-12
691176,hitting,2023,12,Somerset Patriots,Eastern League,5,0,0,0,1,0,0,0,0,5,0,0,0,0,2023-08-13
691176,hitting,2023,12,Somerset Patriots,Eastern League,3,1,0,0,1,0,1,0,0,5,1,1,0,0,2023-08-15
691176,hitting,2023,12,Somerset Patriots,Eastern League,5,0,0,1,1,0,3,1,0,5,1,0,0,0,2023-08-16
691176,hitting,2023,12,Somerset Patriots,Eastern League,4,1,0,1,1,0,1,0,0,5,0,0,0,0,2023-08-17
691176,hitting,2023,12,Somerset Patriots,Eastern League,6,1,0,0,1,0,4,1,0,7,4,0,1,0,2023-08-18
691176,hitting,2023,12,Somerset Patriots,Eastern League,5,0,0,0,1,0,0,0,0,5,0,0,0,0,2023-08-19
691176,hitting,2023,12,Somerset Patriots,Eastern League,5,0,0,3,1,0,4,0,0,5,2,0,0,0,2023-08-20
691182,hitting,2024,12,Hartford Yard Goats,Eastern League,3,1,0,0,1,0,0,0,0,4,0,0,1,0,2024-04-07
691182,hitting,2024,12,Hartford Yard Goats,Eastern League,4,0,0,0,1,0,0,0,0,4,0,0,1,0,2024-04-09
691182,hitting,2024,12,Hartford Yard Goats,Eastern League,2,3,0,0,1,0,1,0,0,5,2,0,2,0,2024-04-10
691182,hitting,2024,12,Hartford Yard Goats,Eastern League,4,1,0,0,1,0,1,0,0,5,2,0,0,0,2024-04-12
691182,hitting,2024,12,Hartford Yard Goats,Eastern League,2,2,1,0,1,0,0,0,0,4,0,0,0,0,2024-04-13
691182,hitting,2024,12,Hartford Yard Goats,Eastern League,4,0,0,0,1,0,0,0,0,4,0,0,0,0,2024-04-13
691182,hitting,2024,12,Hartford Yard Goats,Eastern League,4,1,0,0,1,0,1,0,0,5,1,0,2,0,2024-04-16
691182,hitting,2024,12,Hartford Yard Goats,Eastern League,4,1,0,0,1,0,0,0,0,5,1,0,0,0,2024-04-17
691182,hitting,2024,12,Hartford Yard Goats,Eastern League,3,1,0,0,1,0,0,0,0,4,0,0,0,0,2024-04-19
691182,hitting,2024,12,Hartford Yard Goats,Eastern League,5,0,0,0,1,0,1,0,0,5,0,0,2,0,2024-04-21
691182,hitting,2024,12,Hartford Yard Goats,Eastern League,3,1,0,0,1,1,0,0,0,5,0,0,0,0,2024-04-23
691182,hitting,2024,12,Hartford Yard Goats,Eastern League,4,1,0,0,1,0,1,0,0,5,1,0,2,0,2024-04-24
691182,hitting,2024,12,Hartford Yard Goats,Eastern League,2,2,0,0,1,0,1,0,0,4,1,0,0,0,2024-04-25
691182,hitting,2024,12,Hartford Yard Goats,Eastern League,4,0,0,1,1,0,2,0,0,4,0,0,0,0,2024-04-26
691182,hitting,2024,12,Hartford Yard Goats,Eastern League,4,0,0,0,1,0,1,0,0,4,0,0,0,0,2024-04-27
691182,hitting,2024,12,Hartford Yard Goats,Eastern League,2,2,0,0,1,1,0,0,0,5,3,0,0,0,2024-04-28
691182,hitting,2024,12,Hartford Yard Goats,Eastern League,3,1,0,0,1,0,0,0,0,4,0,0,0,0,2024-05-01
691182,hitting,2024,12,Hartford Yard Goats,Eastern League,4,0,0,0,1,0,0,0,0,4,1,0,0,0,2024-05-01
691182,hitting,2024,12,Hartford Yard Goats,Eastern League,3,0,0,0,1,1,0,0,0,4,0,0,1,0,2024-05-02
691182,hitting,2024,12,Hartford Yard Goats,Eastern League,4,0,0,0,1,0,0,0,0,4,0,0,0,0,2024-05-03
691182,hitting,2024,12,Hartford Yard Goats,Eastern League,4,1,0,0,1,0,0,0,0,5,0,0,0,0,2024-05-07
691182,hitting,2024,12,Hartford Yard Goats,Eastern League,4,0,0,0,1,0,0,0,0,4,0,0,0,0,2024-05-08
691182,hitting,2024,12,Hartford Yard Goats,Eastern League,5,0,0,0,1,0,1,0,0,5,1,0,0,0,2024-05-09
691182,hitting,2024,12,Hartford Yard Goats,Eastern League,2,1,1,0,1,0,1,0,0,3,0,0,0,0,2024-05-11
691182,hitting,2024,12,Hartford Yard Goats,Eastern League,4,0,0,0,1,0,1,0,0,4,0,0,1,0,2024-05-12
691182,hitting,2024,12,Hartford Yard Goats,Eastern League,5,0,0,0,1,0,1,0,0,5,1,0,0,0,2024-05-14
691182,hitting,2024,12,Hartford Yard Goats,Eastern League,4,1,0,0,1,0,0,0,0,5,1,0,0,0,2024-05-15
691182,hitting,2024,12,Hartford Yard Goats,Eastern League,4,0,1,0,1,0,1,0,0,4,0,0,0,0,2024-05-16
691182,hitting,2024,12,Hartford Yard Goats,Eastern League,1,3,0,0,1,0,0,0,0,4,1,0,2,0,2024-05-17
691182,hitting,2024,12,Hartford Yard Goats,Eastern League,4,0,0,0,1,0,0,0,0,4,0,0,0,0,2024-05-18
691182,hitting,2024,12,Hartford Yard Goats,Eastern League,4,1,0,0,1,0,1,0,0,5,0,0,1,0,2024-05-19
691182,hitting,2024,12,Hartford Yard Goats,Eastern League,4,0,0,0,1,0,1,1,0,4,1,0,0,0,2024-05-21
691182,hitting,2024,12,Hartford Yard Goats,Eastern League,2,1,0,0,1,0,0,0,0,3,0,0,0,0,2024-05-21
691182,hitting,2024,12,Hartford Yard Goats,Eastern League,4,2,0,0,1,0,2,0,0,6,2,0,0,0,2024-05-22
691182,hitting,2024,12,Hartford Yard Goats,Eastern League,4,2,0,0,1,0,1,0,0,6,2,0,1,0,2024-05-23
691182,hitting,2024,12,Hartford Yard Goats,Eastern League,4,0,0,0,1,0,0,0,0,4,0,0,0,0,2024-05-24
691182,hitting,2024,12,Hartford Yard Goats,Eastern League,4,0,0,0,1,0,0,0,0,4,0,0,0,0,2024-05-24
691182,hitting,2024,12,Hartford Yard Goats,Eastern League,6,0,0,0,1,0,5,2,0,6,4,0,0,0,2024-05-25
691182,hitting,2024,12,Hartford Yard Goats,Eastern League,3,2,0,0,1,0,1,1,0,5,1,0,2,0,2024-05-26
691182,hitting,2024,12,Hartford Yard Goats,Eastern League,4,0,0,0,1,0,0,0,0,5,0,1,0,0,2024-05-28
691182,hitting,2024,12,Hartford Yard Goats,Eastern League,4,0,0,0,1,0,1,0,0,4,0,0,1,0,2024-05-29
691182,hitting,2024,12,Hartford Yard Goats,Eastern League,4,0,0,1,1,1,1,0,0,5,1,0,1,0,2024-06-02
691182,hitting,2024,12,Hartford Yard Goats,Eastern League,4,1,0,0,1,0,2,1,0,5,2,0,1,0,2024-06-04
691182,hitting,2024,12,Hartford Yard Goats,Eastern League,5,1,0,0,1,0,2,1,0,6,1,0,1,0,2024-06-05
691182,hitting,2024,12,Hartford Yard Goats,Eastern League,4,0,0,0,1,0,2,1,0,5,1,0,0,0,2024-06-06
691182,hitting,2024,12,Hartford Yard Goats,Eastern League,5,0,0,0,1,0,0,0,0,5,0,0,0,0,2024-06-07
691406,hitting,2023,12,Montgomery Biscuits,Southern League,6,0,0,1,1,0,2,0,0,6,0,0,0,0,2023-05-30
691406,hitting,2023,12,Montgomery Biscuits,Southern League,4,0,0,0,1,0,0,0,0,4,0,0,0,0,2023-05-31
691406,hitting,2023,12,Montgomery Biscuits,Southern League,4,0,0,0,1,0,0,0,0,4,0,0,0,0,2023-06-01
691406,hitting,2023,12,Montgomery Biscuits,Southern League,4,0,0,0,1,0,2,0,0,4,0,0,0,0,2023-06-02
691406,hitting,2023,12,Montgomery Biscuits,Southern League,5,0,0,0,1,0,3,0,0,5,1,0,0,0,2023-06-03
691406,hitting,2023,12,Montgomery Biscuits,Southern League,3,1,0,0,1,0,1,0,0,4,2,0,0,0,2023-06-04
691406,hitting,2023,12,Montgomery Biscuits,Southern League,3,1,0,1,1,0,1,0,0,4,1,0,0,0,2023-06-06
691406,hitting,2023,12,Montgomery Biscuits,Southern League,5,0,0,0,1,0,0,0,0,5,0,0,0,0,2023-06-07
691406,hitting,2023,12,Montgomery Biscuits,Southern League,4,0,0,0,1,0,2,1,0,5,1,1,0,0,2023-06-08
691406,hitting,2023,12,Montgomery Biscuits,Southern League,1,0,0,0,1,0,0,0,0,1,0,0,0,0,2023-06-09
691406,hitting,2023,12,Montgomery Biscuits,Southern League,3,1,1,0,1,0,1,0,0,4,0,0,0,0,2023-06-10
691406,hitting,2023,12,Montgomery Biscuits,Southern League,4,0,0,0,1,0,1,1,0,5,1,1,0,0,2023-06-11
691406,hitting,2023,12,Montgomery Biscuits,Southern League,3,2,0,0,1,0,2,0,0,5,2,0,0,0,2023-06-13
691406,hitting,2023,12,Montgomery Biscuits,Southern League,4,0,0,0,1,0,0,0,0,4,0,0,0,0,2023-06-15
691406,hitting,2023,12,Montgomery Biscuits,Southern League,3,1,0,0,1,0,0,0,0,4,1,0,0,0,2023-06-16
691406,hitting,2023,12,Montgomery Biscuits,Southern League,4,0,1,0,1,0,1,0,0,4,0,0,0,0,2023-06-17
691406,hitting,2023,12,Montgomery Biscuits,Southern League,4,0,1,1,1,0,3,0,0,4,2,0,0,0,2023-06-18
691406,hitting,2023,12,Montgomery Biscuits,Southern League,4,0,0,0,1,0,0,0,0,4,0,0,0,0,2023-06-22
691406,hitting,2023,12,Montgomery Biscuits,Southern League,3,0,0,0,1,0,1,1,0,3,1,0,0,0,2023-06-22
691406,hitting,2023,12,Montgomery Biscuits,Southern League,5,0,0,1,1,0,1,0,0,5,0,0,0,0,2023-06-23
691406,hitting,2023,12,Montgomery Biscuits,Southern League,3,1,0,0,1,0,2,1,0,4,3,0,0,0,2023-06-24
691406,hitting,2023,12,Montgomery Biscuits,Southern League,3,0,0,0,1,0,1,0,0,3,0,0,0,0,2023-06-24
691406,hitting,2023,12,Montgomery Biscuits,Southern League,3,2,0,0,1,0,1,0,0,5,0,0,0,0,2023-06-25
691406,hitting,2023,12,Montgomery Biscuits,Southern League,3,1,0,0,1,0,2,0,0,4,1,0,0,1,2023-06-28
691406,hitting,2023,12,Montgomery Biscuits,Southern League,4,0,0,0,1,0,1,0,0,4,0,0,0,0,2023-06-29
691406,hitting,2023,12,Montgomery Biscuits,Southern League,3,1,0,0,1,0,1,0,0,4,0,0,0,0,2023-06-30
691406,hitting,2023,12,Montgomery Biscuits,Southern League,4,0,0,0,1,0,0,0,0,4,0,0,0,0,2023-07-01
691406,hitting,2023,12,Montgomery Biscuits,Southern League,4,0,0,0,1,0,3,1,0,4,1,0,0,0,2023-07-02
691406,hitting,2023,12,Montgomery Biscuits,Southern League,2,1,0,0,1,0,0,0,0,3,0,0,0,0,2023-07-04
691406,hitting,2023,12,Montgomery Biscuits,Southern League,4,1,0,0,1,0,1,0,0,5,1,0,1,0,2023-07-05
691406,hitting,2023,12,Montgomery Biscuits,Southern League,4,0,0,0,1,0,2,0,0,4,0,0,0,0,2023-07-14
691406,hitting,2023,12,Montgomery Biscuits,Southern League,4,0,0,0,1,0,1,0,0,4,1,0,0,0,2023-07-15
691406,hitting,2023,12,Montgomery Biscuits,Southern League,4,0,0,0,1,0,0,0,0,4,0,0,0,0,2023-07-16
691406,hitting,2023,12,Montgomery Biscuits,Southern League,5,0,0,0,1,0,0,0,0,5,0,0,0,0,2023-07-18
691406,hitting,2023,12,Montgomery Biscuits,Southern League,4,1,0,0,1,0,2,0,0,5,1,0,0,0,2023-07-19
691406,hitting,2023,12,Montgomery Biscuits,Southern League,5,0,0,0,1,0,1,0,0,5,1,0,0,0,2023-07-20
691406,hitting,2023,12,Montgomery Biscuits,Southern League,4,0,0,0,1,0,1,0,0,4,0,0,0,0,2023-07-21
691406,hitting,2023,12,Montgomery Biscuits,Southern League,4,1,0,0,1,0,0,0,0,5,1,0,0,0,2023-07-23
691406,hitting,2023,12,Montgomery Biscuits,Southern League,5,0,0,0,1,0,1,0,0,5,0,0,0,0,2023-07-25
691406,hitting,2023,12,Montgomery Biscuits,Southern League,3,2,0,0,1,0,1,0,0,5,2,0,0,0,2023-07-26
691406,hitting,2023,12,Montgomery Biscuits,Southern League,6,0,0,2,1,0,4,0,0,6,4,0,0,0,2023-07-27
691406,hitting,2023,12,Montgomery Biscuits,Southern League,5,0,0,1,1,0,1,0,0,5,0,0,0,0,2023-07-28
691406,hitting,2023,12,Montgomery Biscuits,Southern League,5,0,0,0,1,0,1,0,0,5,0,0,1,0,2023-07-29
691406,hitting,2023,12,Montgomery Biscuits,Southern League,4,1,0,1,1,0,1,0,0,5,0,0,0,0,2023-07-30
691406,hitting,2023,12,Montgomery Biscuits,Southern League,2,2,0,0,1,0,0,0,0,4,0,0,0,0,2023-08-01
691406,hitting,2023,12,Montgomery Biscuits,Southern League,4,0,1,0,1,0,1,0,0,4,0,0,0,0,2023-08-02
691406,hitting,2023,12,Montgomery Biscuits,Southern League,5,0,0,0,1,0,2,0,0,5,0,0,0,0,2023-08-03
691406,hitting,2023,12,Montgomery Biscuits,Southern League,4,0,0,0,1,0,1,0,0,4,0,0,0,0,2023-08-04
691406,hitting,2023,12,Montgomery Biscuits,Southern League,5,0,0,0,1,0,3,2,0,5,2,0,0,0,2023-08-05
691406,hitting,2023,12,Montgomery Biscuits,Southern League,5,0,0,0,1,0,1,0,0,5,0,0,0,0,2023-08-06
691406,hitting,2023,12,Montgomery Biscuits,Southern League,4,0,0,0,1,0,2,0,0,4,0,0,0,0,2023-08-08
691406,hitting,2023,12,Montgomery Biscuits,Southern League,3,0,0,0,1,1,0,0,0,4,0,0,0,0,2023-08-09
691406,hitting,2023,12,Montgomery Biscuits,Southern League,4,0,0,0,1,0,1,0,0,4,1,0,0,0,2023-08-10
691406,hitting,2023,12,Montgomery Biscuits,Southern League,4,0,0,0,1,0,3,3,0,4,3,0,0,0,2023-08-12
691406,hitting,2023,12,Montgomery Biscuits,Southern League,4,0,0,0,1,0,2,0,0,4,0,0,0,0,2023-08-12
691406,hitting,2023,12,Montgomery Biscuits,Southern League,2,1,0,0,1,0,0,0,0,3,0,0,0,0,2023-08-13
691406,hitting,2023,12,Montgomery Biscuits,Southern League,4,0,0,0,1,0,2,1,0,4,1,0,0,0,2023-08-16
691406,hitting,2023,12,Montgomery Biscuits,Southern League,4,0,0,0,1,0,1,0,0,4,0,0,0,0,2023-08-17
691406,hitting,2023,12,Montgomery Biscuits,Southern League,3,1,0,0,1,0,0,0,0,4,0,0,0,0,2023-08-18
691406,hitting,2023,12,Montgomery Biscuits,Southern League,4,1,0,0,1,0,2,0,0,5,1,0,0,0,2023-08-20
691406,hitting,2023,12,Montgomery Biscuits,Southern League,3,1,0,0,1,0,0,0,0,4,0,0,0,0,2023-08-22
691406,hitting,2023,12,Montgomery Biscuits,Southern League,3,1,0,0,1,0,3,0,0,5,1,1,1,0,2023-08-23
691406,hitting,2023,12,Montgomery Biscuits,Southern League,5,0,0,0,1,0,2,0,0,5,1,0,0,1,2023-08-24
691406,hitting,2023,12,Montgomery Biscuits,Southern League,4,0,0,0,1,0,2,1,0,4,2,0,0,0,2023-08-25
691406,hitting,2023,12,Montgomery Biscuits,Southern League,4,0,0,0,1,0,1,1,0,4,1,0,0,0,2023-08-27
691406,hitting,2023,12,Montgomery Biscuits,Southern League,4,1,0,0,1,0,1,1,1,5,1,0,0,0,2023-08-29
691406,hitting,2023,12,Montgomery Biscuits,Southern League,4,0,0,0,1,0,2,0,0,4,0,0,0,0,2023-08-30
691406,hitting,2023,12,Montgomery Biscuits,Southern League,5,0,0,0,1,0,2,1,0,5,2,0,0,0,2023-08-31
691406,hitting,2023,12,Montgomery Biscuits,Southern League,4,0,0,0,1,0,1,0,0,4,0,0,0,1,2023-09-02
691406,hitting,2023,12,Montgomery Biscuits,Southern League,1,2,0,0,1,1,0,0,0,4,1,0,0,0,2023-09-02
691406,hitting,2023,12,Montgomery Biscuits,Southern League,4,2,0,0,1,0,3,2,0,6,4,0,0,0,2023-09-03
691406,hitting,2023,12,Montgomery Biscuits,Southern League,3,1,0,1,1,0,1,0,0,4,0,0,0,0,2023-09-05
691406,hitting,2023,12,Montgomery Biscuits,Southern League,3,0,0,0,1,0,0,0,0,3,0,0,0,0,2023-09-06
691406,hitting,2023,12,Montgomery Biscuits,Southern League,4,0,0,0,1,0,0,0,0,4,0,0,0,0,2023-09-07
691406,hitting,2023,12,Montgomery Biscuits,Southern League,4,0,0,0,1,0,2,1,0,4,2,0,0,0,2023-09-09
691406,hitting,2023,12,Montgomery Biscuits,Southern League,4,0,0,0,1,0,2,1,0,4,1,0,0,0,2023-09-10
691406,hitting,2023,12,Montgomery Biscuits,Southern League,6,0,0,0,1,0,2,1,0,6,1,0,0,0,2023-09-12
691406,hitting,2023,12,Montgomery Biscuits,Southern League,5,0,0,0,1,0,1,0,0,5,1,0,0,0,2023-09-13
691406,hitting,2023,12,Montgomery Biscuits,Southern League,4,0,0,0,1,0,1,0,0,4,1,0,0,0,2023-09-14
691406,hitting,2023,12,Montgomery Biscuits,Southern League,3,1,0,0,1,0,1,0,0,4,0,0,0,0,2023-09-15
691406,hitting,2023,12,Montgomery Biscuits,Southern League,5,0,0,0,1,0,0,0,0,5,0,0,0,0,2023-09-16
691406,hitting,2023,13,Bowling Green Hot Rods,South Atlantic League,6,0,0,0,1,0,5,1,0,6,2,0,0,0,2023-04-06
691406,hitting,2023,13,Bowling Green Hot Rods,South Atlantic League,4,0,0,0,1,0,0,0,0,4,0,0,0,0,2023-04-11
691406,hitting,2023,13,Bowling Green Hot Rods,South Atlantic League,3,2,0,0,1,0,2,0,0,5,2,0,0,0,2023-04-12
691406,hitting,2023,13,Bowling Green Hot Rods,South Atlantic League,4,1,0,1,1,0,1,0,0,5,1,0,0,0,2023-04-14
691406,hitting,2023,13,Bowling Green Hot Rods,South Atlantic League,4,1,0,0,1,0,2,0,0,5,0,0,0,0,2023-04-15
691406,hitting,2023,13,Bowling Green Hot Rods,South Atlantic League,4,0,0,0,1,0,1,0,0,4,1,0,0,0,2023-04-16
691406,hitting,2023,13,Bowling Green Hot Rods,South Atlantic League,5,0,0,0,1,0,2,1,0,5,2,0,0,0,2023-04-18
691406,hitting,2023,13,Bowling Green Hot Rods,South Atlantic League,4,0,1,0,1,1,4,2,0,5,3,0,1,0,2023-04-19
691406,hitting,2023,13,Bowling Green Hot Rods,South Atlantic League,4,0,0,0,1,0,0,0,0,4,0,0,0,0,2023-04-20
691406,hitting,2023,13,Bowling Green Hot Rods,South Atlantic League,5,0,0,1,1,0,2,0,0,5,1,0,0,0,2023-04-21
691406,hitting,2023,13,Bowling Green Hot Rods,South Atlantic League,4,0,0,0,1,0,0,0,0,4,0,0,0,0,2023-04-22
691406,hitting,2023,13,Bowling Green Hot Rods,South Atlantic League,4,0,0,0,1,0,0,0,0,4,0,0,0,0,2023-04-23
691406,hitting,2023,13,Bowling Green Hot Rods,South Atlantic League,4,0,0,0,1,0,2,0,0,4,1,0,0,1,2023-04-25
691406,hitting,2023,13,Bowling Green Hot Rods,South Atlantic League,3,0,0,0,1,0,0,0,0,3,0,0,0,0,2023-04-26
691406,hitting,2023,13,Bowling Green Hot Rods,South Atlantic League,5,0,0,0,1,0,3,1,0,5,2,0,0,0,2023-04-26
691406,hitting,2023,13,Bowling Green Hot Rods,South Atlantic League,4,0,0,0,1,0,1,1,0,4,1,0,0,0,2023-04-28
691406,hitting,2023,13,Bowling Green Hot Rods,South Atlantic League,4,0,0,0,1,1,2,1,0,5,3,0,0,0,2023-04-29
691406,hitting,2023,13,Bowling Green Hot Rods,South Atlantic League,3,0,0,1,1,0,2,0,0,3,1,0,0,0,2023-04-30
691406,hitting,2023,13,Bowling Green Hot Rods,South Atlantic League,4,0,0,0,1,0,1,1,0,4,1,0,0,0,2023-05-03
691406,hitting,2023,13,Bowling Green Hot Rods,South Atlantic League,4,0,0,0,1,0,1,0,0,4,0,0,1,0,2023-05-04
691406,hitting,2023,13,Bowling Green Hot Rods,South Atlantic League,3,1,0,0,1,0,0,0,0,4,0,0,0,0,2023-05-05
691406,hitting,2023,13,Bowling Green Hot Rods,South Atlantic League,5,1,0,0,1,0,1,0,0,6,0,0,0,0,2023-05-06
691406,hitting,2023,13,Bowling Green Hot Rods,South Atlantic League,4,0,0,1,1,1,3,0,0,5,1,0,0,1,2023-05-09
691406,hitting,2023,13,Bowling Green Hot Rods,South Atlantic League,4,0,0,2,1,0,2,0,0,4,1,0,0,0,2023-05-10
691406,hitting,2023,13,Bowling Green Hot Rods,South Atlantic League,4,0,0,0,1,0,1,0,0,4,1,0,0,0,2023-05-11
691406,hitting,2023,13,Bowling Green Hot Rods,South Atlantic League,4,0,0,1,1,0,1,0,0,4,0,0,0,0,2023-05-13
691406,hitting,2023,13,Bowling Green Hot Rods,South Atlantic League,3,1,0,0,1,0,1,0,0,4,1,0,0,1,2023-05-14
691406,hitting,2023,13,Bowling Green Hot Rods,South Atlantic League,4,1,0,1,1,0,2,1,0,5,2,0,0,0,2023-05-16
691406,hitting,2023,13,Bowling Green Hot Rods,South Atlantic League,3,1,0,0,1,0,1,0,0,4,0,0,0,0,2023-05-17
691406,hitting,2023,13,Bowling Green Hot Rods,South Atlantic League,5,0,0,0,1,0,0,0,0,5,1,0,0,0,2023-05-18
691406,hitting,2023,13,Bowling Green Hot Rods,South Atlantic League,4,0,0,0,1,0,0,0,0,4,0,0,0,0,2023-05-19
691406,hitting,2023,13,Bowling Green Hot Rods,South Atlantic League,4,0,0,0,1,0,2,1,0,4,1,0,0,0,2023-05-20
691406,hitting,2023,13,Bowling Green Hot Rods,South Atlantic League,5,0,0,1,1,0,2,1,0,5,1,0,0,0,2023-05-21
691406,hitting,2023,13,Bowling Green Hot Rods,South Atlantic League,3,1,0,0,1,0,1,0,0,4,0,0,0,0,2023-05-24
691406,hitting,2023,13,Bowling Green Hot Rods,South Atlantic League,5,0,0,0,1,0,2,0,0,5,0,0,0,0,2023-05-25
691406,hitting,2023,13,Bowling Green Hot Rods,South Atlantic League,4,0,0,0,1,0,2,0,0,4,0,0,0,0,2023-05-26
691620,hitting,2026,11,Nashville Sounds,International League,2,1,0,0,1,1,0,0,0,4,0,0,0,0,2026-03-27
691718,hitting,2023,11,Iowa Cubs,International League,3,1,0,0,1,0,0,0,0,4,0,0,1,0,2023-08-01
691718,hitting,2023,11,Iowa Cubs,International League,3,0,0,0,1,1,0,0,0,4,0,0,0,0,2023-08-03
691718,hitting,2023,11,Iowa Cubs,International League,4,0,0,0,1,0,1,1,0,4,1,0,0,0,2023-08-04
691718,hitting,2023,11,Iowa Cubs,International League,6,0,0,0,1,0,1,0,0,6,0,0,0,0,2023-08-05
691718,hitting,2023,11,Iowa Cubs,International League,4,1,0,1,1,0,1,0,0,5,0,0,0,0,2023-08-06
691718,hitting,2023,11,Iowa Cubs,International League,3,2,0,0,1,0,1,1,0,5,1,0,1,0,2023-08-08
691718,hitting,2023,11,Iowa Cubs,International League,4,2,0,0,1,0,2,0,0,6,4,0,0,0,2023-08-09
691718,hitting,2023,11,Iowa Cubs,International League,5,0,0,0,1,0,1,0,0,5,0,0,0,0,2023-08-10
691718,hitting,2023,11,Iowa Cubs,International League,3,2,0,1,1,0,2,0,0,5,3,0,1,0,2023-08-11
691718,hitting,2023,11,Iowa Cubs,International League,5,0,0,1,1,0,2,1,0,5,2,0,0,0,2023-08-12
691718,hitting,2023,11,Iowa Cubs,International League,5,0,0,0,1,0,2,1,0,5,2,0,0,0,2023-08-15
691718,hitting,2023,11,Iowa Cubs,International League,4,1,0,0,1,0,2,0,0,5,1,0,1,0,2023-08-16
691718,hitting,2023,11,Iowa Cubs,International League,4,1,0,0,1,0,1,0,0,5,2,0,0,0,2023-08-17
691718,hitting,2023,11,Iowa Cubs,International League,4,0,0,0,1,0,1,0,0,4,1,0,0,0,2023-08-18
691718,hitting,2023,11,Iowa Cubs,International League,5,0,0,1,1,0,2,0,0,5,1,0,1,1,2023-08-19
691718,hitting,2023,11,Iowa Cubs,International League,5,0,0,0,1,0,1,0,0,5,1,0,0,0,2023-08-20
691718,hitting,2023,11,Iowa Cubs,International League,5,0,0,1,1,0,1,0,0,5,1,0,0,0,2023-08-22
691718,hitting,2023,11,Iowa Cubs,International League,2,0,0,0,1,0,0,0,0,2,0,0,0,0,2023-08-23
691718,hitting,2023,11,Iowa Cubs,International League,5,0,0,0,1,0,0,0,0,5,0,0,0,0,2023-08-24
691718,hitting,2023,11,Iowa Cubs,International League,3,1,0,0,1,0,0,0,0,4,0,0,0,0,2023-08-25
691718,hitting,2023,11,Iowa Cubs,International League,5,0,0,0,1,0,2,0,0,5,0,0,0,0,2023-08-26
691718,hitting,2023,11,Iowa Cubs,International League,2,1,1,0,1,0,0,0,0,4,0,0,1,0,2023-08-27
691718,hitting,2023,11,Iowa Cubs,International League,3,0,0,0,1,1,0,0,0,4,0,0,1,0,2023-08-29
691718,hitting,2023,11,Iowa Cubs,International League,3,2,0,0,1,0,1,0,0,5,2,0,1,0,2023-08-30
691718,hitting,2023,11,Iowa Cubs,International League,5,0,0,0,1,0,2,0,0,5,2,0,0,0,2023-08-31
691718,hitting,2023,11,Iowa Cubs,International League,5,0,0,1,1,0,1,0,0,5,0,0,0,0,2023-09-01
691718,hitting,2023,11,Iowa Cubs,International League,5,0,1,0,1,0,1,0,0,5,0,0,0,0,2023-09-02
691718,hitting,2023,11,Iowa Cubs,International League,5,0,0,0,1,0,1,0,0,5,0,0,0,0,2023-09-03
691718,hitting,2023,11,Iowa Cubs,International League,4,1,0,0,1,0,1,1,0,5,1,0,0,0,2023-09-05
691718,hitting,2023,11,Iowa Cubs,International League,5,0,0,0,1,0,0,0,0,5,0,0,1,0,2023-09-06
691718,hitting,2023,11,Iowa Cubs,International League,5,0,0,0,1,0,1,0,0,5,1,0,0,1,2023-09-07
691718,hitting,2023,11,Iowa Cubs,International League,1,0,0,0,1,0,0,0,0,1,0,0,0,0,2023-09-08
691718,hitting,2023,11,Iowa Cubs,International League,5,0,0,0,1,0,3,0,0,5,1,0,1,0,2023-09-09
691718,hitting,2023,11,Iowa Cubs,International League,5,0,0,1,1,0,4,1,0,5,3,0,0,0,2023-09-10
691718,hitting,2023,12,Tennessee Smokies,Southern League,4,1,1,0,1,0,2,0,0,5,0,0,1,0,2023-04-06
691718,hitting,2023,12,Tennessee Smokies,Southern League,4,0,0,0,1,1,0,0,0,5,1,0,1,0,2023-04-07
691718,hitting,2023,12,Tennessee Smokies,Southern League,4,0,0,0,1,0,2,0,0,4,0,0,1,1,2023-04-08
691718,hitting,2023,12,Tennessee Smokies,Southern League,4,0,0,0,1,0,1,0,0,4,1,0,0,0,2023-04-11
691718,hitting,2023,12,Tennessee Smokies,Southern League,4,0,0,0,1,0,2,0,0,4,1,0,1,0,2023-04-12
691718,hitting,2023,12,Tennessee Smokies,Southern League,3,0,0,0,1,0,0,0,0,3,0,0,0,0,2023-04-13
691718,hitting,2023,12,Tennessee Smokies,Southern League,5,0,0,1,1,0,3,0,0,5,3,0,1,1,2023-04-14
691718,hitting,2023,12,Tennessee Smokies,Southern League,3,0,0,0,1,0,0,0,0,3,0,0,0,0,2023-04-16
691718,hitting,2023,12,Tennessee Smokies,Southern League,4,1,0,0,1,0,2,1,0,5,3,0,1,0,2023-04-18
691718,hitting,2023,12,Tennessee Smokies,Southern League,5,0,0,1,1,0,2,0,0,5,1,0,1,0,2023-04-25
691718,hitting,2023,12,Tennessee Smokies,Southern League,4,0,0,0,1,0,1,1,0,5,1,1,0,0,2023-04-26
691718,hitting,2023,12,Tennessee Smokies,Southern League,5,0,0,0,1,0,0,0,0,5,0,0,0,0,2023-04-27
691718,hitting,2023,12,Tennessee Smokies,Southern League,4,0,0,0,1,0,1,0,0,4,0,0,1,0,2023-04-28
691718,hitting,2023,12,Tennessee Smokies,Southern League,4,0,1,0,1,1,2,0,0,5,1,0,1,0,2023-04-29
691718,hitting,2023,12,Tennessee Smokies,Southern League,5,0,0,1,1,0,1,0,0,5,1,0,0,0,2023-05-02
691718,hitting,2023,12,Tennessee Smokies,Southern League,5,0,0,0,1,0,1,0,0,5,1,0,0,0,2023-05-03
691718,hitting,2023,12,Tennessee Smokies,Southern League,6,0,0,1,1,0,3,1,0,6,3,0,0,0,2023-05-04
691718,hitting,2023,12,Tennessee Smokies,Southern League,4,0,0,0,1,1,0,0,0,5,0,0,0,0,2023-05-05
691718,hitting,2023,12,Tennessee Smokies,Southern League,4,0,0,0,1,0,1,0,0,5,0,1,0,0,2023-05-06
691718,hitting,2023,12,Tennessee Smokies,Southern League,4,1,0,0,1,0,0,0,0,5,0,0,0,0,2023-05-09
691718,hitting,2023,12,Tennessee Smokies,Southern League,4,0,0,0,1,1,1,0,0,5,0,0,0,0,2023-05-11
691718,hitting,2023,12,Tennessee Smokies,Southern League,5,0,0,0,1,0,2,1,0,5,1,0,0,0,2023-05-12
691718,hitting,2023,12,Tennessee Smokies,Southern League,3,1,0,0,1,0,0,0,0,4,0,0,0,0,2023-05-13
691718,hitting,2023,12,Tennessee Smokies,Southern League,4,0,1,0,1,0,2,0,0,4,1,0,1,0,2023-05-14
691718,hitting,2023,12,Tennessee Smokies,Southern League,4,0,0,0,1,0,0,0,0,4,0,0,0,0,2023-05-16
691718,hitting,2023,12,Tennessee Smokies,Southern League,3,2,0,0,1,0,1,0,0,5,0,0,1,0,2023-05-23
691718,hitting,2023,12,Tennessee Smokies,Southern League,3,2,0,0,1,0,0,0,0,5,0,0,0,0,2023-05-24
691718,hitting,2023,12,Tennessee Smokies,Southern League,5,1,0,0,1,0,1,0,0,6,0,0,0,0,2023-05-26
691718,hitting,2023,12,Tennessee Smokies,Southern League,5,0,0,0,1,0,0,0,0,5,0,0,0,0,2023-05-27
691718,hitting,2023,12,Tennessee Smokies,Southern League,2,0,1,1,1,0,1,0,0,2,0,0,0,0,2023-05-28
691718,hitting,2023,12,Tennessee Smokies,Southern League,5,0,0,1,1,0,2,0,0,5,1,0,0,0,2023-05-29
691718,hitting,2023,12,Tennessee Smokies,Southern League,6,0,0,0,1,0,3,1,0,6,1,0,0,0,2023-05-31
691718,hitting,2023,12,Tennessee Smokies,Southern League,4,0,0,1,1,0,1,0,0,4,0,0,0,0,2023-06-01
691718,hitting,2023,12,Tennessee Smokies,Southern League,2,3,0,0,1,0,0,0,0,5,2,0,1,0,2023-06-02
691718,hitting,2023,12,Tennessee Smokies,Southern League,4,0,0,0,1,1,1,1,0,5,1,0,0,0,2023-06-03
691718,hitting,2023,12,Tennessee Smokies,Southern League,4,0,0,0,1,0,2,1,0,4,2,0,0,0,2023-06-04
691718,hitting,2023,12,Tennessee Smokies,Southern League,5,0,0,0,1,0,2,0,0,5,2,0,1,1,2023-06-06
691718,hitting,2023,12,Tennessee Smokies,Southern League,5,0,0,0,1,0,1,1,0,5,1,0,0,0,2023-06-07
691718,hitting,2023,12,Tennessee Smokies,Southern League,4,0,1,0,1,1,2,0,0,5,1,0,1,0,2023-06-08
691718,hitting,2023,12,Tennessee Smokies,Southern League,2,2,1,0,1,1,0,0,0,5,0,0,1,0,2023-06-09
691718,hitting,2023,12,Tennessee Smokies,Southern League,5,0,0,1,1,0,2,0,0,5,1,0,0,1,2023-06-10
691718,hitting,2023,12,Tennessee Smokies,Southern League,5,0,0,0,1,0,2,0,0,5,1,0,0,0,2023-06-11
691718,hitting,2023,12,Tennessee Smokies,Southern League,5,0,0,0,1,0,2,0,0,5,1,0,1,0,2023-06-13
691718,hitting,2023,12,Tennessee Smokies,Southern League,5,0,0,1,1,0,2,0,0,5,1,0,0,0,2023-06-14
691718,hitting,2023,12,Tennessee Smokies,Southern League,5,0,0,0,1,0,1,1,0,5,2,0,0,0,2023-06-15
691718,hitting,2023,12,Tennessee Smokies,Southern League,4,0,0,0,1,0,0,0,0,4,0,0,0,0,2023-06-17
691718,hitting,2023,12,Tennessee Smokies,Southern League,3,0,0,0,1,1,1,0,0,4,1,0,0,0,2023-06-17
691718,hitting,2023,12,Tennessee Smokies,Southern League,4,1,0,0,1,0,0,0,0,5,1,0,0,0,2023-06-18
691718,hitting,2023,12,Tennessee Smokies,Southern League,3,0,0,0,1,1,0,0,0,4,0,0,1,0,2023-06-21
691718,hitting,2023,12,Tennessee Smokies,Southern League,3,1,0,0,1,0,1,0,0,4,1,0,1,0,2023-06-22
691718,hitting,2023,12,Tennessee Smokies,Southern League,2,3,1,0,1,0,1,0,0,5,2,0,1,0,2023-06-23
691718,hitting,2023,12,Tennessee Smokies,Southern League,3,0,0,0,1,0,1,0,0,3,1,0,0,0,2023-06-24
691718,hitting,2023,12,Tennessee Smokies,Southern League,3,1,0,1,1,0,1,0,0,4,2,0,0,0,2023-06-24
691718,hitting,2023,12,Tennessee Smokies,Southern League,4,1,0,0,1,0,1,0,0,5,3,0,2,0,2023-06-28
691718,hitting,2023,12,Tennessee Smokies,Southern League,5,0,0,1,1,0,2,0,0,5,1,0,1,0,2023-06-29
691718,hitting,2023,12,Tennessee Smokies,Southern League,6,0,0,0,1,0,1,0,0,6,1,0,0,0,2023-07-01
691718,hitting,2023,12,Tennessee Smokies,Southern League,5,1,0,1,1,0,2,1,0,6,1,0,1,0,2023-07-02
691718,hitting,2023,12,Tennessee Smokies,Southern League,4,0,0,0,1,0,0,0,0,4,0,0,0,0,2023-07-03
691718,hitting,2023,12,Tennessee Smokies,Southern League,2,1,0,0,1,1,0,0,0,5,2,1,0,0,2023-07-04
691718,hitting,2023,12,Tennessee Smokies,Southern League,5,0,0,1,1,0,1,0,0,5,1,0,0,0,2023-07-05
691718,hitting,2023,12,Tennessee Smokies,Southern League,5,0,0,0,1,0,1,0,0,5,0,0,0,0,2023-07-06
691718,hitting,2023,12,Tennessee Smokies,Southern League,5,0,0,1,1,0,2,0,0,5,2,0,0,1,2023-07-14
691718,hitting,2023,12,Tennessee Smokies,Southern League,5,0,0,2,1,0,2,0,0,5,2,0,0,0,2023-07-16
691718,hitting,2023,12,Tennessee Smokies,Southern League,4,0,0,0,1,0,1,1,0,4,1,0,0,0,2023-07-18
691718,hitting,2023,12,Tennessee Smokies,Southern League,5,1,0,1,1,0,3,0,0,6,1,0,0,0,2023-07-19
691718,hitting,2023,12,Tennessee Smokies,Southern League,4,2,0,0,1,0,2,1,0,6,2,0,0,0,2023-07-21
691718,hitting,2023,12,Tennessee Smokies,Southern League,3,0,0,0,1,0,1,0,0,3,0,0,0,0,2023-07-22
691718,hitting,2023,12,Tennessee Smokies,Southern League,4,0,0,0,1,0,0,0,0,4,0,0,0,0,2023-07-23
691718,hitting,2023,12,Tennessee Smokies,Southern League,5,0,0,1,1,0,2,1,0,5,2,0,0,0,2023-07-25
691718,hitting,2023,12,Tennessee Smokies,Southern League,4,1,1,1,1,0,2,0,0,5,2,0,2,0,2023-07-26
691718,hitting,2023,12,Tennessee Smokies,Southern League,3,1,0,0,1,0,1,0,0,4,1,0,1,0,2023-07-27
691718,hitting,2023,12,Tennessee Smokies,Southern League,2,2,0,0,1,0,1,0,0,4,1,0,1,0,2023-07-28
691718,hitting,2023,12,Tennessee Smokies,Southern League,4,1,0,0,1,0,1,1,0,5,1,0,0,0,2023-07-29
691723,hitting,2024,11,Norfolk Tides,International League,5,0,0,0,1,0,2,0,0,5,0,0,0,0,2024-03-29
691723,hitting,2024,11,Norfolk Tides,International League,5,0,0,1,1,0,2,0,0,5,2,0,0,0,2024-03-30
691723,hitting,2024,11,Norfolk Tides,International League,4,0,0,0,1,0,1,1,0,4,1,0,0,0,2024-03-31
691723,hitting,2024,11,Norfolk Tides,International League,5,0,0,0,1,0,0,0,0,5,0,0,0,0,2024-04-02
691723,hitting,2024,11,Norfolk Tides,International League,7,0,0,1,1,0,5,0,0,7,2,0,0,1,2024-04-03
691723,hitting,2024,11,Norfolk Tides,International League,4,1,0,0,1,0,1,1,0,5,1,0,0,0,2024-04-04
691723,hitting,2024,11,Norfolk Tides,International League,3,1,0,0,1,1,2,0,0,5,1,0,0,0,2024-04-05
691723,hitting,2024,11,Norfolk Tides,International League,4,2,0,0,1,0,2,0,0,6,2,0,1,0,2024-04-06
691723,hitting,2024,11,Norfolk Tides,International League,4,0,0,0,1,0,1,0,0,4,0,0,0,0,2024-04-07
691723,hitting,2024,11,Norfolk Tides,International League,4,0,0,0,1,0,1,1,0,4,1,0,0,0,2024-04-09
691723,hitting,2024,11,Norfolk Tides,International League,4,1,0,1,1,0,2,0,0,5,1,0,0,0,2024-04-10
691723,hitting,2024,11,Norfolk Tides,International League,4,0,0,1,1,0,1,0,0,4,0,0,0,0,2024-04-11
691723,hitting,2024,11,Norfolk Tides,International League,4,0,0,0,1,0,2,2,0,4,2,0,0,0,2024-04-12
691723,hitting,2024,11,Norfolk Tides,International League,4,0,0,0,1,0,1,0,0,4,0,0,1,0,2024-04-13
691723,hitting,2024,11,Norfolk Tides,International League,4,0,0,0,1,0,1,0,0,5,0,1,1,0,2024-04-14
691723,hitting,2024,11,Norfolk Tides,International League,4,0,0,0,1,1,0,0,0,5,1,0,0,0,2024-04-16
691723,hitting,2024,11,Norfolk Tides,International League,4,0,0,0,1,0,1,0,0,4,1,0,0,0,2024-04-17
691723,hitting,2024,11,Norfolk Tides,International League,4,0,0,0,1,0,0,0,0,4,0,0,0,0,2024-04-18
691723,hitting,2024,11,Norfolk Tides,International League,4,0,0,0,1,0,0,0,0,4,0,0,0,0,2024-04-19
691723,hitting,2024,11,Norfolk Tides,International League,5,0,0,1,1,0,3,2,0,5,2,0,0,0,2024-04-20
691723,hitting,2024,11,Norfolk Tides,International League,4,0,0,0,1,0,3,0,0,4,1,0,0,0,2024-04-21
691723,hitting,2024,11,Norfolk Tides,International League,4,1,1,1,1,0,1,0,0,5,0,0,0,0,2024-04-23
691723,hitting,2024,11,Norfolk Tides,International League,4,0,0,0,1,0,0,0,0,4,0,0,0,0,2024-04-24
691723,hitting,2024,11,Norfolk Tides,International League,3,1,0,0,1,0,0,0,0,4,0,0,0,0,2024-04-25
691723,hitting,2024,11,Norfolk Tides,International League,3,1,0,0,1,0,1,0,0,4,1,0,0,1,2024-04-26
691723,hitting,2024,11,Norfolk Tides,International League,4,1,0,0,1,0,2,0,0,5,0,0,0,0,2024-04-27
691723,hitting,2024,11,Norfolk Tides,International League,3,1,0,0,1,0,1,1,0,4,1,0,0,0,2024-04-28
691723,hitting,2024,11,Norfolk Tides,International League,4,2,0,0,1,0,2,1,0,6,1,0,0,0,2024-04-30
691723,hitting,2024,11,Norfolk Tides,International League,5,0,0,0,1,0,2,1,0,5,1,0,0,0,2024-05-01
691723,hitting,2024,11,Norfolk Tides,International League,6,0,0,1,1,0,2,1,0,6,2,0,0,0,2024-05-02
691723,hitting,2024,11,Norfolk Tides,International League,4,0,0,0,1,0,0,0,0,4,1,0,0,0,2024-05-03
691723,hitting,2024,11,Norfolk Tides,International League,4,0,0,0,1,0,0,0,0,4,0,0,0,0,2024-05-04
691723,hitting,2024,11,Norfolk Tides,International League,5,0,0,1,1,0,1,0,0,5,0,0,0,0,2024-05-05
691723,hitting,2024,11,Norfolk Tides,International League,4,1,0,0,1,0,0,0,0,5,0,0,0,0,2024-05-07
691723,hitting,2024,11,Norfolk Tides,International League,3,2,0,0,1,0,0,0,0,5,0,0,0,0,2024-05-08
691723,hitting,2024,11,Norfolk Tides,International League,5,0,0,0,1,0,0,0,0,5,0,0,0,0,2024-05-09
691723,hitting,2024,11,Norfolk Tides,International League,5,1,0,1,1,0,3,1,0,6,2,0,0,0,2024-05-10
691723,hitting,2024,11,Norfolk Tides,International League,4,0,0,0,1,0,0,0,0,4,0,0,0,0,2024-05-11
691723,hitting,2024,11,Norfolk Tides,International League,4,0,0,1,1,0,2,1,0,4,2,0,0,0,2024-05-12
691723,hitting,2024,11,Norfolk Tides,International League,2,1,1,0,1,0,0,0,0,3,0,0,0,0,2024-05-15
691723,hitting,2024,11,Norfolk Tides,International League,4,0,0,0,1,0,0,0,0,4,0,0,0,0,2024-05-15
691723,hitting,2024,11,Norfolk Tides,International League,2,0,0,1,1,0,2,0,0,2,2,0,0,0,2024-05-16
691723,hitting,2024,11,Norfolk Tides,International League,4,0,0,0,1,0,0,0,0,4,0,0,0,0,2024-06-18
691723,hitting,2024,11,Norfolk Tides,International League,4,0,0,1,1,0,2,0,0,4,1,0,0,0,2024-06-19
691723,hitting,2024,11,Norfolk Tides,International League,4,0,0,1,1,0,3,1,0,4,1,0,0,0,2024-06-21
691723,hitting,2024,11,Norfolk Tides,International League,5,1,0,0,1,0,1,0,0,6,1,0,0,0,2024-06-22
691723,hitting,2024,11,Norfolk Tides,International League,3,2,0,0,1,0,1,0,0,5,1,0,0,0,2024-06-23
691723,hitting,2024,11,Norfolk Tides,International League,4,0,0,0,1,0,2,1,0,4,1,0,0,0,2024-06-25
691723,hitting,2024,11,Norfolk Tides,International League,4,0,0,0,1,0,2,1,0,4,1,0,0,0,2024-06-26
691723,hitting,2024,11,Norfolk Tides,International League,4,1,0,1,1,0,3,1,0,5,2,0,0,0,2024-06-27
691723,hitting,2024,11,Norfolk Tides,International League,3,1,0,0,1,0,1,0,0,4,0,0,0,0,2024-06-28
691723,hitting,2024,11,Norfolk Tides,International League,3,1,0,0,1,0,0,0,1,4,0,0,0,0,2024-06-29
691723,hitting,2024,11,Norfolk Tides,International League,4,0,0,0,1,1,1,0,0,5,0,0,0,0,2024-06-30
691723,hitting,2024,11,Norfolk Tides,International League,3,1,0,0,1,0,0,0,0,4,0,0,0,0,2024-07-01
691723,hitting,2024,11,Norfolk Tides,International League,4,1,1,0,1,0,3,1,0,5,1,0,0,0,2024-07-02
691723,hitting,2024,11,Norfolk Tides,International League,5,0,0,0,1,0,0,0,0,5,0,0,0,0,2024-07-03
691723,hitting,2024,11,Norfolk Tides,International League,4,2,0,1,1,0,1,0,0,6,3,0,0,0,2024-07-04
691723,hitting,2024,11,Norfolk Tides,International League,3,1,0,0,1,0,0,0,0,4,1,0,0,0,2024-07-05
691723,hitting,2024,11,Norfolk Tides,International League,3,1,0,0,1,0,1,0,0,4,0,0,0,0,2024-07-06
691723,hitting,2024,11,Norfolk Tides,International League,4,1,0,0,1,0,1,0,0,5,1,0,0,0,2024-07-09
691723,hitting,2024,11,Norfolk Tides,International League,4,0,0,0,1,0,1,1,0,4,1,0,0,0,2024-07-10
691723,hitting,2024,11,Norfolk Tides,International League,4,0,0,1,1,0,1,0,0,4,1,0,0,0,2024-07-11
691723,hitting,2024,11,Norfolk Tides,International League,1,1,0,0,1,0,0,0,0,2,1,0,0,0,2024-07-12
691723,hitting,2024,11,Norfolk Tides,International League,6,0,0,1,1,0,3,0,0,6,2,0,0,0,2024-07-13
691723,hitting,2024,11,Norfolk Tides,International League,4,0,0,0,1,0,1,0,0,4,0,0,0,0,2024-07-14
691723,hitting,2024,11,Norfolk Tides,International League,5,0,0,1,1,0,2,0,0,5,1,0,0,0,2024-07-19
691723,hitting,2024,11,Norfolk Tides,International League,2,1,1,0,1,0,0,0,0,3,0,0,0,0,2024-07-21
691723,hitting,2024,11,Norfolk Tides,International League,3,0,0,0,1,0,0,0,0,4,0,1,0,0,2024-07-21
691723,hitting,2024,11,Norfolk Tides,International League,3,0,0,0,1,0,0,0,0,3,0,0,0,0,2024-07-24
691723,hitting,2024,11,Norfolk Tides,International League,3,0,0,0,1,0,1,0,0,3,0,0,0,0,2024-07-24
691723,hitting,2024,11,Norfolk Tides,International League,4,0,0,1,1,0,2,1,0,4,2,0,0,0,2024-07-26
691723,hitting,2024,11,Norfolk Tides,International League,3,0,0,0,1,0,0,0,0,3,0,0,0,0,2024-07-26
691723,hitting,2024,11,Norfolk Tides,International League,4,0,0,0,1,0,0,0,0,4,0,0,0,0,2024-07-27
691723,hitting,2024,11,Norfolk Tides,International League,4,0,0,0,1,0,2,0,0,4,2,0,0,0,2024-07-28
691723,hitting,2024,11,Norfolk Tides,International League,4,0,0,1,1,0,1,0,0,4,0,0,0,0,2024-07-30
691723,hitting,2024,11,Norfolk Tides,International League,2,2,0,1,1,0,1,0,0,4,0,0,0,0,2024-07-31
691723,hitting,2024,11,Norfolk Tides,International League,6,0,0,1,1,0,4,0,0,6,1,0,1,0,2024-08-01
691723,hitting,2024,13,Aberdeen IronBirds,South Atlantic League,2,1,0,1,1,0,1,0,0,3,0,0,0,0,2024-06-13
691723,hitting,2024,13,Aberdeen IronBirds,South Atlantic League,2,0,0,1,1,1,2,1,0,3,1,0,0,0,2024-06-14
691723,hitting,2024,13,Aberdeen IronBirds,South Atlantic League,4,0,0,1,1,0,1,0,0,4,0,0,0,0,2024-06-15
691723,hitting,2024,13,Aberdeen IronBirds,South Atlantic League,5,1,0,0,1,0,2,2,0,6,3,0,0,0,2024-06-16
691728,hitting,2025,11,Albuquerque Isotopes,Pacific Coast League,4,0,0,1,1,0,2,0,0,4,0,0,0,0,2025-03-28
691728,hitting,2025,11,Albuquerque Isotopes,Pacific Coast League,4,0,0,0,1,0,1,0,0,4,0,0,0,0,2025-03-29
691728,hitting,2025,11,Albuquerque Isotopes,Pacific Coast League,3,1,1,1,1,0,1,0,0,4,1,0,0,0,2025-03-30
691728,hitting,2025,11,Albuquerque Isotopes,Pacific Coast League,3,1,0,0,1,0,1,0,0,4,0,0,0,0,2025-04-01
691728,hitting,2025,11,Albuquerque Isotopes,Pacific Coast League,5,0,0,0,1,0,2,0,0,6,2,0,1,1,2025-04-02
691728,hitting,2025,11,Albuquerque Isotopes,Pacific Coast League,3,1,0,0,1,1,0,0,0,5,1,0,0,0,2025-04-03
691728,hitting,2025,11,Albuquerque Isotopes,Pacific Coast League,5,0,0,2,1,0,5,1,0,5,2,0,0,0,2025-04-05
691728,hitting,2025,11,Albuquerque Isotopes,Pacific Coast League,4,1,0,0,1,0,0,0,0,5,1,0,0,0,2025-04-06
691781,hitting,2025,11,Rochester Red Wings,International League,4,1,0,0,1,0,0,0,0,5,1,0,0,0,2025-03-28
691781,hitting,2025,11,Rochester Red Wings,International League,5,0,0,0,1,0,2,0,0,5,1,0,0,0,2025-03-29
691781,hitting,2025,11,Rochester Red Wings,International League,5,0,0,0,1,0,2,0,0,5,1,0,0,1,2025-04-01
691781,hitting,2025,11,Rochester Red Wings,International League,3,0,0,0,1,0,2,1,0,3,1,0,0,0,2025-04-03
691781,hitting,2025,11,Rochester Red Wings,International League,3,0,0,0,1,0,1,0,0,3,0,0,0,0,2025-04-03
691781,hitting,2025,11,Rochester Red Wings,International League,4,1,0,1,1,0,1,0,0,5,0,0,0,0,2025-04-04
691781,hitting,2025,11,Rochester Red Wings,International League,2,0,0,0,1,0,1,0,0,2,0,0,0,0,2025-04-05
691781,hitting,2025,11,Rochester Red Wings,International League,4,1,0,1,1,0,2,0,0,5,2,0,0,0,2025-04-06
691781,hitting,2025,11,Rochester Red Wings,International League,4,0,0,0,1,0,0,0,0,4,0,0,0,0,2025-04-09
691781,hitting,2025,11,Rochester Red Wings,International League,3,0,0,0,1,0,1,0,0,3,0,0,0,0,2025-04-09
691781,hitting,2025,11,Rochester Red Wings,International League,6,0,0,1,1,0,2,0,0,6,1,0,0,0,2025-04-11
691781,hitting,2025,11,Rochester Red Wings,International League,4,0,0,0,1,0,0,0,0,4,0,0,0,0,2025-04-13
691781,hitting,2025,11,Rochester Red Wings,International League,3,0,0,0,1,0,0,0,0,3,0,0,0,0,2025-04-13
691781,hitting,2025,11,Rochester Red Wings,International League,2,2,0,0,1,0,0,0,0,4,0,0,0,0,2025-04-15
691781,hitting,2025,11,Rochester Red Wings,International League,2,1,0,0,1,0,0,0,0,3,0,0,0,0,2025-04-17
691781,hitting,2025,11,Rochester Red Wings,International League,4,0,0,0,1,0,1,0,0,4,0,0,0,0,2025-04-17
691781,hitting,2025,11,Rochester Red Wings,International League,4,1,0,0,1,0,1,0,0,5,1,0,0,0,2025-04-18
691781,hitting,2025,11,Rochester Red Wings,International League,5,0,0,0,1,0,4,2,0,5,3,0,0,0,2025-04-19
691781,hitting,2025,11,Rochester Red Wings,International League,4,0,0,0,1,0,1,0,0,4,0,0,0,0,2025-04-20
691781,hitting,2025,11,Rochester Red Wings,International League,5,1,0,0,1,0,1,0,1,6,1,0,0,0,2025-04-22
691781,hitting,2025,11,Rochester Red Wings,International League,4,0,1,0,1,0,2,0,0,4,1,0,0,0,2025-04-23
691781,hitting,2025,11,Rochester Red Wings,International League,4,0,0,0,1,0,1,0,0,4,0,0,0,0,2025-04-23
691781,hitting,2025,11,Rochester Red Wings,International League,3,1,0,1,1,0,1,0,0,4,1,0,0,0,2025-04-24
691781,hitting,2025,11,Rochester Red Wings,International League,5,0,0,1,1,0,2,1,0,5,2,0,0,0,2025-04-25
691781,hitting,2025,11,Rochester Red Wings,International League,1,2,0,0,1,0,0,0,0,4,1,1,0,0,2025-04-26
691781,hitting,2025,11,Rochester Red Wings,International League,4,0,0,0,1,0,1,0,0,4,0,0,0,0,2025-04-27
691781,hitting,2025,11,Rochester Red Wings,International League,4,0,0,0,1,0,1,0,0,4,0,0,0,0,2025-04-29
691781,hitting,2025,11,Rochester Red Wings,International League,5,0,0,0,1,0,1,1,0,5,1,0,0,0,2025-04-30
691781,hitting,2025,11,Rochester Red Wings,International League,3,1,0,0,1,0,0,0,0,4,0,0,0,0,2025-05-01
691781,hitting,2025,11,Rochester Red Wings,International League,6,0,0,2,1,0,4,0,0,6,2,0,0,0,2025-05-02
691781,hitting,2025,11,Rochester Red Wings,International League,4,0,0,0,1,0,1,0,0,4,0,0,0,0,2025-05-04
691781,hitting,2025,11,Rochester Red Wings,International League,4,0,0,0,1,0,0,0,0,4,0,0,0,0,2025-05-04
691781,hitting,2025,11,Rochester Red Wings,International League,4,0,0,1,1,0,2,0,0,4,0,0,0,0,2025-05-07
691781,hitting,2025,11,Rochester Red Wings,International League,4,0,0,0,1,0,0,0,0,4,1,0,0,0,2025-05-07
691781,hitting,2025,11,Rochester Red Wings,International League,4,1,0,0,1,0,1,0,0,5,0,0,0,0,2025-05-10
691781,hitting,2025,11,Rochester Red Wings,International League,3,1,0,0,1,0,0,0,0,4,0,0,0,0,2025-05-10
691781,hitting,2025,11,Rochester Red Wings,International League,5,0,0,0,1,0,1,0,0,5,0,0,0,0,2025-05-13
691781,hitting,2025,11,Rochester Red Wings,International League,4,0,0,0,1,0,2,1,0,4,2,0,0,0,2025-05-14
691781,hitting,2025,11,Rochester Red Wings,International League,5,0,0,0,1,0,1,0,0,5,0,0,0,0,2025-05-15
691781,hitting,2025,11,Rochester Red Wings,International League,4,0,0,1,1,1,1,0,0,5,1,0,0,0,2025-05-16
691781,hitting,2025,11,Rochester Red Wings,International League,4,0,0,0,1,0,2,2,0,4,2,0,0,0,2025-05-17
691781,hitting,2025,11,Rochester Red Wings,International League,3,1,0,0,1,0,0,0,0,4,0,0,0,0,2025-05-18
691781,hitting,2025,11,Rochester Red Wings,International League,5,0,0,0,1,0,1,0,0,5,1,0,0,0,2025-05-20
691781,hitting,2025,11,Rochester Red Wings,International League,4,0,0,0,1,0,1,0,0,4,1,0,0,0,2025-05-21
691781,hitting,2025,11,Rochester Red Wings,International League,3,0,0,0,1,0,0,0,0,4,0,1,0,0,2025-05-22
691781,hitting,2025,11,Rochester Red Wings,International League,4,0,0,0,1,0,0,0,0,4,0,0,0,0,2025-05-24
691781,hitting,2025,11,Rochester Red Wings,International League,4,0,0,1,1,0,2,0,0,4,1,0,0,0,2025-05-24
691781,hitting,2025,11,Rochester Red Wings,International League,5,0,0,0,1,0,3,1,0,5,3,0,0,0,2025-05-25
691781,hitting,2025,11,Rochester Red Wings,International League,4,0,0,1,1,0,2,0,0,4,0,0,0,0,2025-05-26
691781,hitting,2025,11,Rochester Red Wings,International League,4,0,0,0,1,0,0,0,0,4,0,0,0,0,2025-05-28
691781,hitting,2025,11,Rochester Red Wings,International League,4,2,0,0,1,0,2,1,0,6,2,0,0,0,2025-05-29
691781,hitting,2025,11,Rochester Red Wings,International League,3,2,0,0,1,0,2,0,0,5,2,0,0,0,2025-05-30
691781,hitting,2025,11,Rochester Red Wings,International League,5,0,0,1,1,0,1,0,0,5,1,0,0,0,2025-05-31
691781,hitting,2025,11,Rochester Red Wings,International League,4,0,0,2,1,0,2,0,0,4,1,0,0,0,2025-06-01
691781,hitting,2025,11,Rochester Red Wings,International League,5,0,0,0,1,0,1,1,0,5,1,0,0,0,2025-06-03
691781,hitting,2025,11,Rochester Red Wings,International League,4,0,0,0,1,0,1,0,0,4,0,0,0,0,2025-06-04
691781,hitting,2025,11,Rochester Red Wings,International League,5,0,0,0,1,0,3,1,0,5,1,0,0,0,2025-06-05
691781,hitting,2025,11,Rochester Red Wings,International League,4,0,0,0,1,0,2,0,0,4,0,0,0,0,2025-06-06
691781,hitting,2025,11,Rochester Red Wings,International League,4,0,0,0,1,0,1,0,0,4,1,0,0,0,2025-06-07
691781,hitting,2025,11,Rochester Red Wings,International League,4,0,0,0,1,0,1,0,0,4,0,0,0,0,2025-06-10
691781,hitting,2025,11,Rochester Red Wings,International League,4,0,0,0,1,0,2,0,0,4,0,0,0,0,2025-06-11
691781,hitting,2025,11,Rochester Red Wings,International League,4,0,0,0,1,0,1,1,0,4,1,0,0,0,2025-06-12
691781,hitting,2025,11,Rochester Red Wings,International League,5,0,0,0,1,0,2,0,0,5,0,0,0,0,2025-06-13
691781,hitting,2025,11,Rochester Red Wings,International League,5,0,0,0,1,0,1,0,0,5,0,0,0,0,2025-06-14
691781,hitting,2025,11,Rochester Red Wings,International League,4,1,0,1,1,0,2,0,0,5,0,0,0,0,2025-06-15
691783,hitting,2023,11,Reno Aces,Pacific Coast League,4,2,0,0,1,0,1,1,0,6,2,0,0,0,2023-08-15
691783,hitting,2023,11,Reno Aces,Pacific Coast League,3,1,0,0,1,0,2,0,0,4,0,0,0,0,2023-08-16
691783,hitting,2023,11,Reno Aces,Pacific Coast League,3,0,0,0,1,0,1,0,0,4,1,1,1,0,2023-08-17
691783,hitting,2023,11,Reno Aces,Pacific Coast League,4,1,0,0,1,0,1,1,0,5,1,0,1,0,2023-08-18
691783,hitting,2023,11,Reno Aces,Pacific Coast League,4,0,0,0,1,0,0,0,0,4,0,0,0,0,2023-08-20
691783,hitting,2023,11,Reno Aces,Pacific Coast League,4,0,1,0,1,0,1,0,0,4,0,0,0,0,2023-08-22
691783,hitting,2023,11,Reno Aces,Pacific Coast League,3,2,0,0,1,0,1,0,0,5,1,0,0,0,2023-08-23
691783,hitting,2023,11,Reno Aces,Pacific Coast League,6,0,0,0,1,0,2,0,0,6,1,0,0,0,2023-08-25
691783,hitting,2023,11,Reno Aces,Pacific Coast League,5,0,0,0,1,0,1,0,0,5,0,0,0,0,2023-08-26
691783,hitting,2023,11,Reno Aces,Pacific Coast League,3,0,0,0,1,1,2,0,0,4,0,0,0,1,2023-08-27
691783,hitting,2023,11,Reno Aces,Pacific Coast League,4,1,0,0,1,0,1,0,0,5,1,0,0,0,2023-08-29
691783,hitting,2023,11,Reno Aces,Pacific Coast League,3,1,0,0,1,1,0,0,0,6,2,1,0,0,2023-08-30
691783,hitting,2023,11,Reno Aces,Pacific Coast League,6,0,0,0,1,0,2,1,0,6,2,0,0,0,2023-08-31
691783,hitting,2023,11,Reno Aces,Pacific Coast League,6,0,0,0,1,0,4,0,0,6,2,0,1,0,2023-09-01
691783,hitting,2023,11,Reno Aces,Pacific Coast League,5,0,0,0,1,0,3,0,0,5,2,0,0,0,2023-09-03
691783,hitting,2023,11,Reno Aces,Pacific Coast League,4,1,0,0,1,0,2,2,0,5,3,0,0,0,2023-09-05
691783,hitting,2023,12,Amarillo Sod Poodles,Texas League,3,1,0,0,1,0,1,1,0,4,1,0,0,0,2023-04-06
691783,hitting,2023,12,Amarillo Sod Poodles,Texas League,4,0,0,0,1,0,1,0,0,4,0,0,0,0,2023-04-07
691783,hitting,2023,12,Amarillo Sod Poodles,Texas League,3,2,0,0,1,0,1,0,0,5,2,0,2,0,2023-04-08
691783,hitting,2023,12,Amarillo Sod Poodles,Texas League,3,1,0,0,1,0,0,0,0,4,1,0,0,0,2023-04-11
691783,hitting,2023,12,Amarillo Sod Poodles,Texas League,5,1,0,1,1,0,2,0,0,6,1,0,1,0,2023-04-12
691783,hitting,2023,12,Amarillo Sod Poodles,Texas League,3,0,0,1,1,1,1,0,0,4,0,0,0,0,2023-04-13
691783,hitting,2023,12,Amarillo Sod Poodles,Texas League,5,0,0,0,1,0,1,0,0,5,1,0,0,0,2023-04-14
691783,hitting,2023,12,Amarillo Sod Poodles,Texas League,3,1,0,0,1,0,1,1,0,4,1,0,1,0,2023-04-15
691783,hitting,2023,12,Amarillo Sod Poodles,Texas League,2,1,0,0,1,0,1,1,0,4,1,1,1,0,2023-04-18
691783,hitting,2023,12,Amarillo Sod Poodles,Texas League,4,0,0,0,1,0,1,0,0,4,0,0,1,0,2023-04-19
691783,hitting,2023,12,Amarillo Sod Poodles,Texas League,3,2,0,0,1,0,0,0,0,5,0,0,0,0,2023-04-20
691783,hitting,2023,12,Amarillo Sod Poodles,Texas League,4,0,0,0,1,0,0,0,0,4,0,0,0,0,2023-04-21
691783,hitting,2023,12,Amarillo Sod Poodles,Texas League,4,1,0,0,1,0,0,0,0,5,0,0,0,0,2023-04-23
691783,hitting,2023,12,Amarillo Sod Poodles,Texas League,4,0,0,0,1,0,1,0,0,4,0,0,0,0,2023-04-25
691783,hitting,2023,12,Amarillo Sod Poodles,Texas League,6,0,0,1,1,0,2,1,0,6,1,0,0,0,2023-04-26
691783,hitting,2023,12,Amarillo Sod Poodles,Texas League,4,0,0,0,1,0,0,0,0,4,0,0,0,0,2023-04-27
691783,hitting,2023,12,Amarillo Sod Poodles,Texas League,3,2,0,0,1,0,1,0,0,5,2,0,2,1,2023-04-29
691783,hitting,2023,12,Amarillo Sod Poodles,Texas League,3,1,0,0,1,1,0,0,0,5,1,0,0,0,2023-04-30
691783,hitting,2023,12,Amarillo Sod Poodles,Texas League,2,2,1,0,1,0,0,0,0,4,0,0,0,0,2023-05-02
691783,hitting,2023,12,Amarillo Sod Poodles,Texas League,4,0,0,0,1,0,0,0,0,4,0,0,0,0,2023-05-03
691783,hitting,2023,12,Amarillo Sod Poodles,Texas League,4,0,0,0,1,0,0,0,0,4,0,0,0,0,2023-05-04
691783,hitting,2023,12,Amarillo Sod Poodles,Texas League,5,1,0,1,1,0,1,0,0,6,1,0,0,0,2023-05-05
691783,hitting,2023,12,Amarillo Sod Poodles,Texas League,5,0,0,0,1,0,0,0,0,5,0,0,0,0,2023-05-07
691783,hitting,2023,12,Amarillo Sod Poodles,Texas League,5,0,0,0,1,0,2,1,0,5,2,0,0,0,2023-05-09
691783,hitting,2023,12,Amarillo Sod Poodles,Texas League,4,0,0,0,1,0,1,0,0,4,0,0,0,0,2023-05-10
691783,hitting,2023,12,Amarillo Sod Poodles,Texas League,4,1,0,0,1,0,1,0,0,5,0,0,0,0,2023-05-11
691783,hitting,2023,12,Amarillo Sod Poodles,Texas League,4,0,0,0,1,0,0,0,0,4,0,0,0,0,2023-05-12
691783,hitting,2023,12,Amarillo Sod Poodles,Texas League,4,0,0,0,1,0,0,0,0,4,0,0,0,0,2023-05-14
691783,hitting,2023,12,Amarillo Sod Poodles,Texas League,0,0,0,0,1,1,0,0,0,1,0,0,0,0,2023-05-16
691783,hitting,2023,12,Amarillo Sod Poodles,Texas League,3,1,0,0,1,0,0,0,0,4,0,0,0,0,2023-05-19
691783,hitting,2023,12,Amarillo Sod Poodles,Texas League,3,1,0,0,1,0,0,0,0,5,1,1,1,0,2023-05-20
691783,hitting,2023,12,Amarillo Sod Poodles,Texas League,4,1,0,0,1,0,0,0,0,5,1,0,1,0,2023-05-21
691783,hitting,2023,12,Amarillo Sod Poodles,Texas League,4,1,0,0,1,0,1,0,0,5,1,0,1,0,2023-05-23
691783,hitting,2023,12,Amarillo Sod Poodles,Texas League,4,0,0,0,1,0,1,0,0,4,0,0,0,0,2023-05-24
691783,hitting,2023,12,Amarillo Sod Poodles,Texas League,4,0,1,1,1,1,3,0,0,5,0,0,0,0,2023-05-25
691783,hitting,2023,12,Amarillo Sod Poodles,Texas League,4,0,0,0,1,0,1,0,0,4,0,0,0,0,2023-05-26
691783,hitting,2023,12,Amarillo Sod Poodles,Texas League,4,1,0,0,1,0,1,0,0,5,1,0,1,0,2023-05-27
691783,hitting,2023,12,Amarillo Sod Poodles,Texas League,3,1,0,1,1,0,1,0,0,4,0,0,1,0,2023-05-30
691783,hitting,2023,12,Amarillo Sod Poodles,Texas League,6,0,0,0,1,0,2,1,0,6,2,0,0,0,2023-05-31
691783,hitting,2023,12,Amarillo Sod Poodles,Texas League,4,0,0,1,1,0,2,0,0,4,0,0,0,0,2023-06-03
691783,hitting,2023,12,Amarillo Sod Poodles,Texas League,3,0,0,0,1,0,2,1,0,3,2,0,0,0,2023-06-03
691783,hitting,2023,12,Amarillo Sod Poodles,Texas League,5,0,0,0,1,0,0,0,0,5,1,0,0,0,2023-06-04
691783,hitting,2023,12,Amarillo Sod Poodles,Texas League,5,0,0,1,1,0,2,0,0,5,1,0,0,0,2023-06-06
691783,hitting,2023,12,Amarillo Sod Poodles,Texas League,3,1,0,1,1,0,2,1,0,4,2,0,0,0,2023-06-07
691783,hitting,2023,12,Amarillo Sod Poodles,Texas League,5,0,0,0,1,0,3,0,0,5,2,0,0,0,2023-06-08
691783,hitting,2023,12,Amarillo Sod Poodles,Texas League,5,0,0,0,1,0,1,0,0,5,2,0,0,1,2023-06-09
691783,hitting,2023,12,Amarillo Sod Poodles,Texas League,5,0,0,0,1,0,2,0,0,5,3,0,2,0,2023-06-10
691783,hitting,2023,12,Amarillo Sod Poodles,Texas League,4,0,0,1,1,0,1,0,0,4,1,0,0,0,2023-06-11
691783,hitting,2023,12,Amarillo Sod Poodles,Texas League,4,1,0,1,1,0,3,0,0,5,2,0,1,0,2023-06-13
691783,hitting,2023,12,Amarillo Sod Poodles,Texas League,4,1,0,0,1,0,1,0,0,5,0,0,1,0,2023-06-14
691783,hitting,2023,12,Amarillo Sod Poodles,Texas League,4,1,0,0,1,0,1,1,0,5,1,0,0,0,2023-06-15
691783,hitting,2023,12,Amarillo Sod Poodles,Texas League,4,1,0,0,1,0,0,0,0,5,0,0,0,0,2023-06-16
691783,hitting,2023,12,Amarillo Sod Poodles,Texas League,4,0,0,1,1,0,2,0,0,4,1,0,0,1,2023-06-17
691783,hitting,2023,12,Amarillo Sod Poodles,Texas League,5,0,0,0,1,0,1,1,0,5,1,0,0,0,2023-06-20
691783,hitting,2023,12,Amarillo Sod Poodles,Texas League,4,1,0,1,1,0,1,0,0,5,1,0,0,0,2023-06-21
691783,hitting,2023,12,Amarillo Sod Poodles,Texas League,5,0,0,0,1,0,1,0,0,5,0,0,1,0,2023-06-22
691783,hitting,2023,12,Amarillo Sod Poodles,Texas League,6,0,0,0,1,0,1,0,0,6,0,0,1,0,2023-06-23
691783,hitting,2023,12,Amarillo Sod Poodles,Texas League,4,0,0,0,1,1,1,0,0,5,1,0,1,0,2023-06-25
691783,hitting,2023,12,Amarillo Sod Poodles,Texas League,4,0,0,0,1,0,0,0,0,4,0,0,0,0,2023-06-28
691783,hitting,2023,12,Amarillo Sod Poodles,Texas League,4,0,0,0,1,1,2,0,0,5,3,0,3,0,2023-06-29
691783,hitting,2023,12,Amarillo Sod Poodles,Texas League,5,1,0,0,1,0,0,0,0,6,0,0,1,0,2023-06-30
691783,hitting,2023,12,Amarillo Sod Poodles,Texas League,2,2,0,0,1,1,1,1,0,5,4,0,2,0,2023-07-03
691783,hitting,2023,12,Amarillo Sod Poodles,Texas League,5,1,0,0,1,0,2,0,0,6,1,0,0,0,2023-07-04
691783,hitting,2023,12,Amarillo Sod Poodles,Texas League,4,0,0,0,1,0,1,1,0,4,1,0,0,0,2023-07-05
691783,hitting,2023,12,Amarillo Sod Poodles,Texas League,4,0,0,0,1,0,1,0,0,4,0,0,0,0,2023-07-06
691783,hitting,2023,12,Amarillo Sod Poodles,Texas League,4,0,1,1,1,0,1,0,0,4,0,0,0,0,2023-07-14
691783,hitting,2023,12,Amarillo Sod Poodles,Texas League,2,2,0,0,1,1,0,0,0,5,1,0,0,0,2023-07-15
691783,hitting,2023,12,Amarillo Sod Poodles,Texas League,4,0,0,0,1,0,1,1,0,4,1,0,0,0,2023-07-16
691783,hitting,2023,12,Amarillo Sod Poodles,Texas League,4,0,0,0,1,0,2,0,0,4,1,0,1,0,2023-07-18
691783,hitting,2023,12,Amarillo Sod Poodles,Texas League,5,0,0,2,1,0,3,0,0,5,2,0,0,0,2023-07-19
691783,hitting,2023,12,Amarillo Sod Poodles,Texas League,3,0,0,0,1,0,1,0,0,3,0,0,0,0,2023-07-20
691783,hitting,2023,12,Amarillo Sod Poodles,Texas League,4,0,0,0,1,0,1,0,0,4,0,0,0,0,2023-07-21
691783,hitting,2023,12,Amarillo Sod Poodles,Texas League,3,1,0,2,1,0,2,0,0,4,2,0,0,0,2023-07-22
691783,hitting,2023,12,Amarillo Sod Poodles,Texas League,3,1,1,0,1,0,0,0,0,4,0,0,0,0,2023-07-23
691783,hitting,2023,12,Amarillo Sod Poodles,Texas League,4,1,0,1,1,0,1,0,0,5,2,0,0,0,2023-07-25
691783,hitting,2023,12,Amarillo Sod Poodles,Texas League,3,1,0,0,1,1,0,0,0,5,0,0,0,0,2023-07-26
691783,hitting,2023,12,Amarillo Sod Poodles,Texas League,3,2,0,0,1,0,0,0,0,5,2,0,1,0,2023-07-28
691783,hitting,2023,12,Amarillo Sod Poodles,Texas League,3,2,0,0,1,0,0,0,0,5,2,0,0,0,2023-07-29
691783,hitting,2023,12,Amarillo Sod Poodles,Texas League,5,0,0,0,1,0,2,0,0,5,0,0,0,0,2023-07-30
691783,hitting,2023,12,Amarillo Sod Poodles,Texas League,5,0,0,0,1,0,1,0,0,5,1,0,0,0,2023-08-01
691783,hitting,2023,12,Amarillo Sod Poodles,Texas League,4,1,0,0,1,0,2,1,0,5,3,0,0,0,2023-08-02
691783,hitting,2023,12,Amarillo Sod Poodles,Texas League,5,0,0,1,1,0,1,0,0,5,1,0,0,0,2023-08-03
691783,hitting,2023,12,Amarillo Sod Poodles,Texas League,4,0,0,0,1,1,2,1,0,5,2,0,1,0,2023-08-04
691783,hitting,2023,12,Amarillo Sod Poodles,Texas League,5,0,0,0,1,0,2,0,0,5,2,0,0,0,2023-08-06
691783,hitting,2023,12,Amarillo Sod Poodles,Texas League,5,0,0,1,1,0,2,0,0,5,0,0,0,0,2023-08-08
691783,hitting,2023,12,Amarillo Sod Poodles,Texas League,4,0,0,1,1,1,1,0,0,5,1,0,1,0,2023-08-09
691783,hitting,2023,12,Amarillo Sod Poodles,Texas League,2,3,0,0,1,0,2,0,0,5,3,0,3,0,2023-08-10
691783,hitting,2023,12,Amarillo Sod Poodles,Texas League,4,0,0,0,1,0,0,0,0,4,0,0,0,0,2023-08-11
691783,hitting,2023,12,Amarillo Sod Poodles,Texas League,5,0,0,1,1,0,2,0,0,5,0,0,0,0,2023-08-12
691785,hitting,2025,11,Worcester Red Sox,International League,4,0,0,0,1,0,0,0,0,4,0,0,0,0,2025-03-28
691785,hitting,2025,11,Worcester Red Sox,International League,5,0,0,0,1,0,2,0,0,5,1,0,1,0,2025-03-30
691785,hitting,2025,11,Worcester Red Sox,International League,4,1,0,0,1,0,2,1,0,5,1,0,0,0,2025-04-01
691785,hitting,2025,11,Worcester Red Sox,International League,4,0,0,0,1,0,1,1,0,4,1,0,0,0,2025-04-02
691785,hitting,2025,11,Worcester Red Sox,International League,4,0,0,0,1,0,0,0,0,4,0,0,0,0,2025-04-03
691785,hitting,2025,11,Worcester Red Sox,International League,4,1,0,0,1,0,1,0,0,5,2,0,0,0,2025-04-04
691785,hitting,2025,11,Worcester Red Sox,International League,5,0,0,0,1,0,2,0,0,5,1,0,0,0,2025-04-05
691785,hitting,2025,11,Worcester Red Sox,International League,3,0,0,0,1,0,1,0,0,3,1,0,0,0,2025-04-09
691785,hitting,2025,11,Worcester Red Sox,International League,4,0,0,0,1,0,0,0,0,4,0,0,0,0,2025-04-09
691785,hitting,2025,11,Worcester Red Sox,International League,4,0,0,0,1,0,0,0,0,4,0,0,0,0,2025-04-11
691785,hitting,2025,11,Worcester Red Sox,International League,4,0,0,0,1,0,0,0,0,4,0,0,0,0,2025-04-13
691785,hitting,2025,11,Worcester Red Sox,International League,5,0,0,0,1,0,1,0,0,5,0,0,0,0,2025-04-15
691785,hitting,2025,11,Worcester Red Sox,International League,4,0,0,0,1,0,1,0,0,4,1,0,0,0,2025-04-17
691785,hitting,2025,11,Worcester Red Sox,International League,3,1,0,0,1,0,0,0,0,4,0,0,0,0,2025-04-17
691785,hitting,2025,11,Worcester Red Sox,International League,7,0,0,0,1,0,2,1,0,7,1,0,0,0,2025-04-18
691785,hitting,2025,11,Worcester Red Sox,International League,4,1,0,1,1,0,2,0,0,5,0,0,0,0,2025-04-19
691785,hitting,2025,11,Worcester Red Sox,International League,5,0,0,0,1,0,2,1,0,5,1,0,0,0,2025-04-20
691785,hitting,2025,11,Worcester Red Sox,International League,4,0,0,1,1,0,2,1,0,4,1,0,0,0,2025-04-22
691785,hitting,2025,11,Worcester Red Sox,International League,3,1,0,0,1,0,2,0,1,4,0,0,0,0,2025-04-23
691785,hitting,2025,11,Worcester Red Sox,International League,3,0,0,0,1,0,2,1,0,3,1,0,0,0,2025-04-23
691785,hitting,2025,11,Worcester Red Sox,International League,3,1,0,0,1,0,0,0,0,5,1,1,0,0,2025-04-24
691785,hitting,2025,11,Worcester Red Sox,International League,4,0,0,1,1,0,1,0,0,4,1,0,0,0,2025-04-27
691785,hitting,2025,11,Worcester Red Sox,International League,3,1,0,1,1,0,2,1,0,5,3,1,0,0,2025-04-27
691785,hitting,2025,11,Worcester Red Sox,International League,4,0,0,0,1,1,0,0,0,5,0,0,0,0,2025-04-29
691785,hitting,2025,11,Worcester Red Sox,International League,3,1,0,0,1,0,1,0,0,4,0,0,0,0,2025-04-30
691785,hitting,2025,11,Worcester Red Sox,International League,3,1,0,0,1,0,0,0,0,4,0,0,0,0,2025-05-02
691785,hitting,2025,11,Worcester Red Sox,International League,4,0,0,0,1,0,1,0,0,4,0,0,0,0,2025-05-03
691785,hitting,2025,11,Worcester Red Sox,International League,5,0,0,0,1,0,2,0,0,5,1,0,0,0,2025-05-04
691785,hitting,2025,11,Worcester Red Sox,International League,4,1,0,0,1,0,1,0,0,5,1,0,0,0,2025-05-06
691785,hitting,2025,11,Worcester Red Sox,International League,5,0,0,1,1,0,2,0,0,5,2,0,0,1,2025-05-07
691785,hitting,2025,11,Worcester Red Sox,International League,2,1,0,0,1,0,1,0,0,3,0,0,0,0,2025-05-08
691785,hitting,2025,11,Worcester Red Sox,International League,4,1,0,0,1,0,2,0,0,5,1,0,0,0,2025-05-09
691785,hitting,2025,11,Worcester Red Sox,International League,3,1,0,0,1,0,0,0,0,4,0,0,0,0,2025-05-10
691785,hitting,2025,11,Worcester Red Sox,International League,4,0,0,0,1,0,0,0,0,4,0,0,0,0,2025-05-11
691785,hitting,2025,11,Worcester Red Sox,International League,4,1,0,0,1,0,2,1,0,5,2,0,0,0,2025-05-13
691785,hitting,2025,11,Worcester Red Sox,International League,4,1,0,0,1,0,2,0,0,5,2,0,0,0,2025-05-14
691785,hitting,2025,11,Worcester Red Sox,International League,4,0,0,0,1,0,0,0,0,4,0,0,0,0,2025-05-15
691785,hitting,2025,11,Worcester Red Sox,International League,3,2,0,0,1,0,0,0,0,5,1,0,0,0,2025-05-16
691785,hitting,2025,11,Worcester Red Sox,International League,5,0,0,0,1,0,2,0,0,5,0,0,1,0,2025-05-17
691785,hitting,2025,11,Worcester Red Sox,International League,5,0,0,0,1,0,0,0,0,5,0,0,0,0,2025-05-18
691785,hitting,2025,11,Worcester Red Sox,International League,5,0,0,0,1,0,2,0,0,5,1,0,0,0,2025-05-20
691785,hitting,2025,11,Worcester Red Sox,International League,2,3,0,0,1,0,0,0,0,5,1,0,0,0,2025-05-21
691785,hitting,2025,11,Worcester Red Sox,International League,4,0,0,0,1,0,2,1,0,4,2,0,0,0,2025-05-23
692585,hitting,2025,11,Albuquerque Isotopes,Pacific Coast League,3,1,0,0,1,0,0,0,0,4,0,0,0,0,2025-03-28
692585,hitting,2025,11,Albuquerque Isotopes,Pacific Coast League,3,0,0,0,1,0,0,0,0,3,0,0,0,0,2025-03-29
692585,hitting,2025,11,Albuquerque Isotopes,Pacific Coast League,2,1,0,0,1,1,0,0,0,4,0,0,0,0,2025-03-30
692585,hitting,2025,11,Albuquerque Isotopes,Pacific Coast League,3,1,0,0,1,0,0,0,0,4,0,0,0,0,2025-04-01
692585,hitting,2025,11,Albuquerque Isotopes,Pacific Coast League,5,0,0,1,1,0,2,0,0,5,2,0,0,0,2025-04-02
692585,hitting,2025,11,Albuquerque Isotopes,Pacific Coast League,4,1,0,0,1,0,1,0,0,5,0,0,0,0,2025-04-03
692585,hitting,2025,11,Albuquerque Isotopes,Pacific Coast League,3,0,0,0,1,1,0,0,0,4,0,0,0,0,2025-04-04
692585,hitting,2025,11,Albuquerque Isotopes,Pacific Coast League,5,0,0,0,1,0,2,1,0,5,2,0,0,0,2025-04-06
692585,hitting,2025,11,Albuquerque Isotopes,Pacific Coast League,4,0,0,0,1,0,1,0,0,4,0,0,0,0,2025-04-08
692585,hitting,2025,11,Albuquerque Isotopes,Pacific Coast League,4,0,0,0,1,0,1,1,0,4,1,0,0,0,2025-04-09
692585,hitting,2025,11,Albuquerque Isotopes,Pacific Coast League,5,0,0,1,1,0,3,1,0,5,2,0,0,0,2025-04-10
692585,hitting,2025,11,Albuquerque Isotopes,Pacific Coast League,4,0,0,0,1,0,0,0,0,4,0,0,0,0,2025-04-11
692585,hitting,2025,11,Albuquerque Isotopes,Pacific Coast League,3,1,0,0,1,0,0,0,0,4,0,0,0,0,2025-04-12
692585,hitting,2025,11,Albuquerque Isotopes,Pacific Coast League,3,1,0,0,1,0,0,0,0,4,0,0,0,0,2025-04-15
692585,hitting,2025,11,Albuquerque Isotopes,Pacific Coast League,3,0,0,0,1,0,1,0,0,4,1,1,0,0,2025-04-16
692585,hitting,2025,11,Albuquerque Isotopes,Pacific Coast League,4,0,0,0,1,0,0,0,0,4,0,0,0,0,2025-04-17
692585,hitting,2025,11,Albuquerque Isotopes,Pacific Coast League,3,0,0,0,1,0,2,2,0,3,2,0,0,0,2025-04-20
692585,hitting,2025,11,Albuquerque Isotopes,Pacific Coast League,4,0,0,1,1,0,2,0,0,4,1,0,0,0,2025-04-22
692585,hitting,2025,11,Albuquerque Isotopes,Pacific Coast League,6,0,0,0,1,0,3,2,0,6,2,0,0,0,2025-04-23
692585,hitting,2025,11,Albuquerque Isotopes,Pacific Coast League,5,0,0,0,1,0,1,0,0,5,1,0,0,0,2025-04-24
692585,hitting,2025,11,Albuquerque Isotopes,Pacific Coast League,4,0,0,1,1,0,1,0,0,4,1,0,0,0,2025-04-25
692585,hitting,2025,11,Albuquerque Isotopes,Pacific Coast League,4,0,0,0,1,0,0,0,0,4,0,0,0,0,2025-04-26
692585,hitting,2025,11,Albuquerque Isotopes,Pacific Coast League,4,0,0,0,1,0,0,0,0,4,0,0,0,0,2025-04-27
692585,hitting,2025,11,Albuquerque Isotopes,Pacific Coast League,3,1,0,0,1,0,2,0,0,4,0,0,0,0,2025-04-29
692585,hitting,2025,11,Albuquerque Isotopes,Pacific Coast League,4,1,0,0,1,0,0,0,0,5,0,0,0,0,2025-04-30
692585,hitting,2025,11,Albuquerque Isotopes,Pacific Coast League,4,0,0,0,1,0,0,0,0,4,0,0,0,0,2025-05-01
692585,hitting,2025,11,Albuquerque Isotopes,Pacific Coast League,4,0,0,0,1,0,0,0,0,4,0,0,0,0,2025-05-03
692585,hitting,2025,11,Albuquerque Isotopes,Pacific Coast League,4,0,0,0,1,0,0,0,0,5,0,1,0,0,2025-05-06
692585,hitting,2025,11,Albuquerque Isotopes,Pacific Coast League,3,1,0,0,1,0,1,0,0,4,1,0,0,0,2025-05-07
692585,hitting,2025,11,Albuquerque Isotopes,Pacific Coast League,2,2,0,0,1,0,1,0,0,4,1,0,0,0,2025-05-08
692585,hitting,2025,11,Albuquerque Isotopes,Pacific Coast League,4,1,0,0,1,0,0,0,0,5,1,0,0,0,2025-05-09
692585,hitting,2025,11,Albuquerque Isotopes,Pacific Coast League,4,0,0,0,1,0,1,0,0,4,0,0,0,0,2025-05-10
692585,hitting,2025,11,Albuquerque Isotopes,Pacific Coast League,2,0,0,0,1,0,0,0,0,2,0,0,0,0,2025-05-13
692585,hitting,2025,11,Albuquerque Isotopes,Pacific Coast League,4,0,0,0,1,0,1,0,0,4,0,0,0,0,2025-05-14
692585,hitting,2025,11,Albuquerque Isotopes,Pacific Coast League,4,0,0,0,1,0,0,0,0,4,0,0,0,0,2025-05-15
692585,hitting,2025,11,Albuquerque Isotopes,Pacific Coast League,5,0,0,0,1,0,2,0,0,5,0,0,0,0,2025-05-16
692585,hitting,2025,11,Albuquerque Isotopes,Pacific Coast League,3,2,0,1,1,0,2,0,0,5,2,0,0,0,2025-05-18
692585,hitting,2025,11,Albuquerque Isotopes,Pacific Coast League,5,0,0,0,1,0,2,0,0,5,0,0,0,0,2025-05-20
692585,hitting,2025,11,Albuquerque Isotopes,Pacific Coast League,4,0,0,2,1,0,2,0,0,4,0,0,0,0,2025-05-21
692585,hitting,2025,11,Albuquerque Isotopes,Pacific Coast League,3,1,0,0,1,0,1,0,0,4,1,0,0,0,2025-05-22
692585,hitting,2025,11,Albuquerque Isotopes,Pacific Coast League,4,1,0,0,1,0,1,0,0,5,1,0,0,0,2025-05-23
692585,hitting,2025,11,Albuquerque Isotopes,Pacific Coast League,4,1,0,1,1,0,2,0,0,5,1,0,0,0,2025-05-24
692585,hitting,2025,11,Albuquerque Isotopes,Pacific Coast League,5,0,0,1,1,0,2,0,0,5,0,0,0,0,2025-05-27
692585,hitting,2025,11,Albuquerque Isotopes,Pacific Coast League,4,0,0,0,1,0,2,0,0,4,0,0,0,0,2025-05-28
692585,hitting,2025,11,Albuquerque Isotopes,Pacific Coast League,4,0,0,0,1,0,1,0,0,4,1,0,0,0,2025-05-29
692585,hitting,2025,11,Albuquerque Isotopes,Pacific Coast League,3,0,0,1,1,0,2,1,0,3,1,0,0,0,2025-05-30
692585,hitting,2025,11,Albuquerque Isotopes,Pacific Coast League,3,2,0,0,1,0,0,0,0,5,2,0,0,0,2025-05-31
692585,hitting,2025,11,Albuquerque Isotopes,Pacific Coast League,3,0,0,0,1,0,0,0,0,3,0,0,0,0,2025-06-01
692585,hitting,2025,11,Albuquerque Isotopes,Pacific Coast League,4,0,0,0,1,0,0,0,0,4,0,0,0,0,2025-06-03
692585,hitting,2025,11,Albuquerque Isotopes,Pacific Coast League,4,0,0,1,1,0,3,1,0,4,1,0,0,0,2025-06-04
692585,hitting,2025,11,Albuquerque Isotopes,Pacific Coast League,5,0,0,0,1,0,2,0,0,5,1,0,0,0,2025-06-05
692585,hitting,2025,11,Albuquerque Isotopes,Pacific Coast League,4,0,0,1,1,0,2,0,0,4,2,0,0,0,2025-06-06
692585,hitting,2025,11,Albuquerque Isotopes,Pacific Coast League,4,0,1,0,1,0,2,0,0,4,1,0,0,0,2025-06-13
692585,hitting,2025,11,Albuquerque Isotopes,Pacific Coast League,5,0,0,0,1,0,3,1,0,5,2,0,0,0,2025-06-14
692585,hitting,2025,11,Albuquerque Isotopes,Pacific Coast League,3,1,0,0,1,0,1,0,0,4,0,0,0,0,2025-06-15
692585,hitting,2025,11,Albuquerque Isotopes,Pacific Coast League,4,0,0,0,1,0,0,0,0,4,0,0,0,0,2025-06-17
692585,hitting,2025,11,Albuquerque Isotopes,Pacific Coast League,4,0,0,0,1,0,2,0,0,5,1,1,0,0,2025-06-18
692585,hitting,2025,11,Albuquerque Isotopes,Pacific Coast League,4,0,0,0,1,0,1,0,0,4,0,0,0,0,2025-06-19
692585,hitting,2025,11,Albuquerque Isotopes,Pacific Coast League,4,0,0,1,1,0,2,0,0,4,2,0,0,0,2025-06-20
692585,hitting,2025,11,Albuquerque Isotopes,Pacific Coast League,4,0,0,0,1,0,1,0,0,4,0,0,0,0,2025-06-25
692585,hitting,2025,11,Albuquerque Isotopes,Pacific Coast League,4,1,0,1,1,0,2,1,0,5,2,0,0,0,2025-06-26
692585,hitting,2025,11,Albuquerque Isotopes,Pacific Coast League,4,0,0,0,1,0,0,0,0,4,0,0,0,0,2025-06-27
692585,hitting,2025,11,Albuquerque Isotopes,Pacific Coast League,3,1,0,0,1,0,2,1,0,4,3,0,0,0,2025-06-28
692585,hitting,2025,11,Albuquerque Isotopes,Pacific Coast League,3,1,0,0,1,0,1,1,0,4,1,0,0,0,2025-06-29
693304,hitting,2023,11,Indianapolis Indians,International League,5,0,0,1,1,0,2,0,0,5,0,0,0,0,2023-03-31
693304,hitting,2023,11,Indianapolis Indians,International League,3,0,0,0,1,1,0,0,0,4,0,0,0,0,2023-04-01
693304,hitting,2023,11,Indianapolis Indians,International League,3,1,0,0,1,0,1,1,0,4,1,0,0,0,2023-04-02
693304,hitting,2023,11,Indianapolis Indians,International League,4,0,0,0,1,0,0,0,0,4,0,0,0,0,2023-04-04
693304,hitting,2023,11,Indianapolis Indians,International League,2,1,0,0,1,1,0,0,0,4,0,0,0,0,2023-04-06
693304,hitting,2023,11,Indianapolis Indians,International League,3,0,0,0,1,0,2,0,0,3,0,0,0,0,2023-04-06
693304,hitting,2023,11,Indianapolis Indians,International League,3,2,0,0,1,0,0,0,0,5,0,0,0,0,2023-04-07
693304,hitting,2023,11,Indianapolis Indians,International League,4,1,0,0,1,0,1,1,0,5,1,0,0,0,2023-04-08
693304,hitting,2023,11,Indianapolis Indians,International League,2,1,0,0,1,0,0,0,0,5,0,2,0,0,2023-04-09
693304,hitting,2023,11,Indianapolis Indians,International League,4,1,0,0,1,0,0,0,0,5,1,0,0,0,2023-04-11
693304,hitting,2023,11,Indianapolis Indians,International League,4,0,0,0,1,0,1,0,0,4,0,0,0,0,2023-04-12
693304,hitting,2023,11,Indianapolis Indians,International League,4,0,0,0,1,0,1,0,0,4,1,0,0,1,2023-04-13
693304,hitting,2023,11,Indianapolis Indians,International League,5,0,0,0,1,0,2,0,0,5,0,0,0,0,2023-04-14
693304,hitting,2023,11,Indianapolis Indians,International League,5,0,0,2,1,0,4,0,0,5,1,0,0,1,2023-04-15
693304,hitting,2023,11,Indianapolis Indians,International League,0,1,0,0,1,0,0,0,0,1,0,0,0,0,2023-04-16
693304,hitting,2023,11,Indianapolis Indians,International League,5,0,0,0,1,0,1,0,0,5,0,0,0,0,2023-04-18
693304,hitting,2023,11,Indianapolis Indians,International League,4,1,0,0,1,0,2,0,0,5,1,0,0,0,2023-04-19
693304,hitting,2023,11,Indianapolis Indians,International League,4,0,0,0,1,0,0,0,0,4,0,0,0,0,2023-04-20
693304,hitting,2023,11,Indianapolis Indians,International League,4,0,0,0,1,0,1,0,0,4,1,0,0,0,2023-04-21
693304,hitting,2023,11,Indianapolis Indians,International League,4,0,0,0,1,0,0,0,0,4,0,0,0,0,2023-04-22
693304,hitting,2023,11,Indianapolis Indians,International League,5,0,0,0,1,0,3,0,0,5,1,0,1,0,2023-05-05
693304,hitting,2023,11,Indianapolis Indians,International League,5,0,0,1,1,0,1,0,0,5,1,0,0,0,2023-05-07
693304,hitting,2023,11,Indianapolis Indians,International League,4,1,0,1,1,0,1,0,0,5,0,0,0,0,2023-05-09
693304,hitting,2023,11,Indianapolis Indians,International League,5,0,0,0,1,0,2,0,0,5,1,0,0,0,2023-05-10
693304,hitting,2023,11,Indianapolis Indians,International League,4,0,0,0,1,0,1,0,0,4,0,0,0,0,2023-05-12
693304,hitting,2023,11,Indianapolis Indians,International League,4,1,0,0,1,0,1,0,0,5,1,0,0,0,2023-05-13
693304,hitting,2023,11,Indianapolis Indians,International League,5,0,0,1,1,1,2,0,0,6,3,0,0,1,2023-05-14
693304,hitting,2023,11,Indianapolis Indians,International League,5,0,0,1,1,0,2,1,0,5,2,0,0,0,2023-05-16
693304,hitting,2023,11,Indianapolis Indians,International League,3,2,1,0,1,0,0,0,0,5,1,0,0,0,2023-05-17
693304,hitting,2023,11,Indianapolis Indians,International League,4,1,0,0,1,0,1,0,0,5,1,0,0,0,2023-05-18
693304,hitting,2023,11,Indianapolis Indians,International League,3,0,0,0,1,0,0,0,0,3,0,0,0,0,2023-05-20
693304,hitting,2023,11,Indianapolis Indians,International League,4,0,0,0,1,0,1,0,0,4,1,0,0,0,2023-05-21
693304,hitting,2023,11,Indianapolis Indians,International League,5,0,0,0,1,0,1,0,0,5,0,0,0,0,2023-05-23
693304,hitting,2023,11,Indianapolis Indians,International League,5,1,0,0,1,0,1,1,1,6,1,0,0,0,2023-05-24
693304,hitting,2023,11,Indianapolis Indians,International League,3,1,0,0,1,0,0,0,0,4,0,0,0,0,2023-05-25
693304,hitting,2023,11,Indianapolis Indians,International League,5,0,0,0,1,0,1,0,0,5,0,0,0,0,2023-05-27
693304,hitting,2023,11,Indianapolis Indians,International League,5,0,0,0,1,0,0,0,0,5,0,0,0,0,2023-05-28
693304,hitting,2023,11,Indianapolis Indians,International League,5,1,0,2,1,0,2,0,0,6,2,0,0,0,2023-05-29
693304,hitting,2023,11,Indianapolis Indians,International League,4,1,0,0,1,0,1,1,0,5,1,0,0,0,2023-05-31
693304,hitting,2023,11,Indianapolis Indians,International League,4,1,0,0,1,0,0,0,0,5,1,0,0,0,2023-06-01
693304,hitting,2023,11,Indianapolis Indians,International League,4,1,0,0,1,0,2,0,0,5,0,0,0,0,2023-06-02
693304,hitting,2023,11,Indianapolis Indians,International League,3,0,0,1,1,2,1,0,0,5,2,0,0,0,2023-06-03
693304,hitting,2023,11,Indianapolis Indians,International League,3,1,0,0,1,0,0,0,0,4,1,0,0,0,2023-06-04
693304,hitting,2023,11,Indianapolis Indians,International League,4,1,0,0,1,0,1,0,0,5,0,0,0,0,2023-06-06
693304,hitting,2023,11,Indianapolis Indians,International League,3,2,0,0,1,0,1,0,0,5,2,0,0,0,2023-06-07
693304,hitting,2023,11,Indianapolis Indians,International League,4,1,0,0,1,0,1,0,0,5,2,0,0,0,2023-06-08
693304,hitting,2023,11,Indianapolis Indians,International League,5,0,0,0,1,0,2,1,0,5,1,0,0,0,2023-06-09
693304,hitting,2023,11,Indianapolis Indians,International League,5,0,0,0,1,0,0,0,0,5,0,0,0,0,2023-06-10
693304,hitting,2023,11,Indianapolis Indians,International League,3,2,1,0,1,0,2,0,0,5,0,0,0,0,2023-06-13
693304,hitting,2023,11,Indianapolis Indians,International League,4,0,0,0,1,0,0,0,0,4,0,0,0,0,2023-06-14
693304,hitting,2023,11,Indianapolis Indians,International League,4,1,1,1,1,0,2,0,0,5,1,0,0,0,2023-06-15
693304,hitting,2023,11,Indianapolis Indians,International League,3,1,0,1,1,0,2,0,0,4,1,0,0,1,2023-06-16
693304,hitting,2023,11,Indianapolis Indians,International League,2,1,0,0,1,0,0,0,0,4,1,1,0,0,2023-06-17
693304,hitting,2023,11,Indianapolis Indians,International League,3,2,0,1,1,0,1,0,0,5,0,0,0,0,2023-06-20
693304,hitting,2023,11,Indianapolis Indians,International League,2,2,0,1,1,1,1,0,0,5,1,0,0,0,2023-06-21
693304,hitting,2023,11,Indianapolis Indians,International League,3,0,0,0,1,0,0,0,0,3,0,0,0,0,2023-06-21
693304,hitting,2023,11,Indianapolis Indians,International League,4,1,0,0,1,0,1,0,0,5,2,0,0,1,2023-06-22
694208,hitting,2025,11,Iowa Cubs,International League,4,0,0,1,1,0,2,0,0,4,1,0,0,0,2025-03-28
694208,hitting,2025,11,Iowa Cubs,International League,5,0,0,0,1,0,0,0,0,5,0,0,0,0,2025-03-29
694208,hitting,2025,11,Iowa Cubs,International League,3,1,0,0,1,0,0,0,0,4,0,0,0,0,2025-04-01
694208,hitting,2025,11,Iowa Cubs,International League,4,0,0,0,1,0,1,0,0,4,1,0,0,0,2025-04-03
694208,hitting,2025,11,Iowa Cubs,International League,5,0,0,0,1,0,2,0,0,5,0,0,0,0,2025-04-04
694208,hitting,2025,11,Iowa Cubs,International League,4,0,0,0,1,1,1,0,0,5,0,0,1,0,2025-04-06
694208,hitting,2025,11,Iowa Cubs,International League,5,0,0,1,1,0,3,0,0,5,1,0,1,1,2025-04-08
694208,hitting,2025,11,Iowa Cubs,International League,4,0,0,0,1,0,0,0,0,4,0,0,0,0,2025-04-10
694208,hitting,2025,11,Iowa Cubs,International League,5,0,0,0,1,0,3,0,0,5,1,0,1,0,2025-04-11
694208,hitting,2025,11,Iowa Cubs,International League,3,0,0,0,1,0,1,0,0,3,0,0,0,0,2025-04-12
694208,hitting,2025,11,Iowa Cubs,International League,3,1,0,1,1,0,2,0,0,4,0,0,0,0,2025-04-12
694208,hitting,2025,11,Iowa Cubs,International League,3,1,0,0,1,0,1,0,0,4,0,0,0,0,2025-04-13
694208,hitting,2025,11,Iowa Cubs,International League,4,0,0,0,1,0,1,0,0,4,0,0,0,0,2025-04-15
694208,hitting,2025,11,Iowa Cubs,International League,5,1,0,1,1,0,4,2,0,6,5,0,0,0,2025-04-16
694208,hitting,2025,11,Iowa Cubs,International League,3,2,0,0,1,0,1,0,0,5,0,0,0,0,2025-04-17
694208,hitting,2025,11,Iowa Cubs,International League,4,0,0,0,1,0,2,0,0,5,1,1,0,0,2025-04-18
694208,hitting,2025,11,Iowa Cubs,International League,3,1,1,1,1,0,2,0,0,4,0,0,0,0,2025-04-19
694208,hitting,2025,11,Iowa Cubs,International League,5,0,0,1,1,0,2,0,0,5,1,0,0,0,2025-04-22
694208,hitting,2025,11,Iowa Cubs,International League,5,0,0,0,1,0,1,0,0,5,0,0,0,0,2025-04-23
694208,hitting,2025,11,Iowa Cubs,International League,4,0,0,0,1,0,3,0,0,4,1,0,0,0,2025-04-26
694208,hitting,2025,11,Iowa Cubs,International League,3,1,0,0,1,0,2,0,0,4,0,0,0,0,2025-04-26
694208,hitting,2025,11,Iowa Cubs,International League,3,2,0,1,1,0,2,0,0,5,2,0,0,0,2025-04-27
694208,hitting,2025,11,Iowa Cubs,International League,5,0,0,0,1,0,1,0,0,5,1,0,0,0,2025-04-29
694208,hitting,2025,11,Iowa Cubs,International League,5,0,0,0,1,0,2,2,0,5,2,0,0,0,2025-04-30
694208,hitting,2025,11,Iowa Cubs,International League,4,0,0,0,1,0,1,0,0,4,0,0,0,0,2025-05-01
694208,hitting,2025,11,Iowa Cubs,International League,4,0,0,0,1,0,1,0,0,4,0,0,0,0,2025-05-02
694208,hitting,2025,11,Iowa Cubs,International League,5,0,0,0,1,0,2,0,0,5,2,0,0,0,2025-05-03
694208,hitting,2025,11,Iowa Cubs,International League,3,1,0,0,1,0,0,0,0,4,0,0,0,0,2025-05-04
694208,hitting,2025,11,Iowa Cubs,International League,4,1,0,0,1,0,1,0,0,5,0,0,0,0,2025-05-06
694208,hitting,2025,11,Iowa Cubs,International League,1,0,0,0,1,0,1,0,0,1,0,0,0,0,2025-05-07
694208,hitting,2025,11,Iowa Cubs,International League,5,0,0,0,1,0,1,0,0,5,0,0,0,0,2025-05-08
694208,hitting,2025,11,Iowa Cubs,International League,4,0,0,0,1,0,0,0,0,4,0,0,0,0,2025-05-09
694208,hitting,2025,11,Iowa Cubs,International League,5,0,0,0,1,0,2,0,0,5,0,0,0,0,2025-05-10
694208,hitting,2025,11,Iowa Cubs,International League,4,0,0,0,1,0,2,0,0,4,0,0,0,0,2025-05-11
694212,hitting,2025,11,Norfolk Tides,International League,4,0,0,0,1,0,0,0,0,4,0,0,0,0,2025-03-28
694212,hitting,2025,11,Norfolk Tides,International League,4,0,0,0,1,0,1,1,0,4,1,0,0,0,2025-03-29
694212,hitting,2025,11,Norfolk Tides,International League,0,1,0,0,1,0,0,0,0,1,0,0,0,0,2025-03-30
694212,hitting,2025,11,Norfolk Tides,International League,4,0,0,0,1,0,1,0,0,4,0,0,0,0,2025-04-01
694212,hitting,2025,11,Norfolk Tides,International League,3,1,0,0,1,0,0,0,0,4,0,0,0,0,2025-04-02
694212,hitting,2025,11,Norfolk Tides,International League,4,0,0,0,1,0,2,1,0,4,2,0,0,0,2025-04-03
694212,hitting,2025,11,Norfolk Tides,International League,1,0,0,0,1,0,1,0,0,1,1,0,0,0,2025-04-04
694212,hitting,2025,11,Norfolk Tides,International League,0,1,0,0,1,0,0,0,0,2,0,1,0,0,2025-04-25
694212,hitting,2025,11,Norfolk Tides,International League,4,0,0,0,1,0,0,0,0,4,0,0,0,0,2025-04-25
694212,hitting,2025,11,Norfolk Tides,International League,2,2,0,0,1,0,1,0,0,4,0,0,0,0,2025-04-27
694212,hitting,2025,11,Norfolk Tides,International League,4,0,0,0,1,0,0,0,0,4,0,0,0,0,2025-04-29
694212,hitting,2025,11,Norfolk Tides,International League,5,0,0,0,1,0,2,1,0,5,1,0,0,0,2025-04-30
694212,hitting,2025,11,Norfolk Tides,International League,4,1,0,0,1,0,1,0,0,5,2,0,0,0,2025-05-01
694212,hitting,2025,11,Norfolk Tides,International League,5,0,0,1,1,0,1,0,0,5,0,0,0,0,2025-05-02
694212,hitting,2025,11,Norfolk Tides,International League,4,1,0,0,1,0,0,0,0,5,0,0,0,0,2025-05-04
694212,hitting,2025,11,Norfolk Tides,International League,4,0,0,0,1,0,1,1,0,4,1,0,0,0,2025-05-06
694212,hitting,2025,11,Norfolk Tides,International League,6,0,0,0,1,0,2,0,0,6,0,0,0,0,2025-05-07
694212,hitting,2025,11,Norfolk Tides,International League,4,0,0,0,1,0,0,0,0,4,0,0,0,0,2025-05-08
694212,hitting,2025,11,Norfolk Tides,International League,5,0,0,2,1,0,3,0,0,5,1,0,0,0,2025-05-10
694212,hitting,2025,11,Norfolk Tides,International League,2,2,0,0,1,0,0,0,0,4,0,0,0,0,2025-05-11
694212,hitting,2025,11,Norfolk Tides,International League,4,0,0,1,1,0,3,2,0,4,2,0,0,0,2025-05-13
694212,hitting,2025,11,Norfolk Tides,International League,3,2,0,0,1,0,0,0,0,5,1,0,0,0,2025-05-14
694212,hitting,2025,11,Norfolk Tides,International League,3,0,0,0,1,0,1,1,0,3,1,0,0,0,2025-05-15
694212,hitting,2025,11,Norfolk Tides,International League,5,0,0,0,1,0,1,0,0,5,0,0,0,0,2025-05-16
694212,hitting,2025,11,Norfolk Tides,International League,3,2,0,0,1,0,0,0,0,5,1,0,0,0,2025-05-17
694212,hitting,2025,11,Norfolk Tides,International League,0,1,0,0,1,0,0,0,1,1,0,0,0,0,2025-05-18
694212,hitting,2025,11,Norfolk Tides,International League,3,1,0,1,1,0,3,2,0,4,4,0,0,0,2025-05-22
694212,hitting,2025,11,Norfolk Tides,International League,3,1,0,0,1,0,0,0,0,4,1,0,0,0,2025-05-23
694212,hitting,2025,11,Norfolk Tides,International League,5,0,0,0,1,0,0,0,0,5,0,0,0,0,2025-05-24
694212,hitting,2025,11,Norfolk Tides,International League,4,1,0,0,1,0,1,0,0,5,1,0,0,0,2025-05-25
694212,hitting,2025,11,Norfolk Tides,International League,3,0,0,0,1,0,0,0,0,3,0,0,0,0,2025-05-29
694212,hitting,2025,11,Norfolk Tides,International League,2,2,0,0,1,0,0,0,0,4,0,0,0,0,2025-05-30
694212,hitting,2025,11,Norfolk Tides,International League,2,2,0,0,1,0,0,0,1,4,0,0,0,0,2025-05-31
694212,hitting,2025,11,Norfolk Tides,International League,3,0,0,1,1,0,1,0,0,3,0,0,0,0,2025-05-31
694212,hitting,2025,11,Norfolk Tides,International League,4,0,0,0,1,0,1,1,0,4,1,0,0,0,2025-06-01
694212,hitting,2025,11,Norfolk Tides,International League,5,0,0,0,1,0,2,2,0,5,2,0,0,0,2025-06-03
694212,hitting,2025,11,Norfolk Tides,International League,5,0,0,0,1,0,1,0,0,5,1,0,0,0,2025-06-04
694212,hitting,2025,11,Norfolk Tides,International League,3,1,0,0,1,0,2,1,0,4,1,0,0,0,2025-06-08
694212,hitting,2025,11,Norfolk Tides,International League,2,1,0,0,1,1,1,0,0,4,1,0,0,0,2025-06-08
694212,hitting,2025,11,Norfolk Tides,International League,4,1,0,0,1,0,0,0,0,5,0,0,0,0,2025-06-10
694212,hitting,2025,11,Norfolk Tides,International League,4,1,0,0,1,0,2,1,0,5,2,0,0,0,2025-06-12
694212,hitting,2025,11,Norfolk Tides,International League,5,0,0,0,1,0,3,0,0,5,1,0,0,0,2025-06-13
694212,hitting,2025,11,Norfolk Tides,International League,4,0,0,0,1,0,1,0,0,4,0,0,0,0,2025-06-15
694212,hitting,2025,11,Norfolk Tides,International League,4,0,0,0,1,0,2,1,0,4,2,0,0,0,2025-06-17
694212,hitting,2025,11,Norfolk Tides,International League,2,2,0,0,1,0,0,0,0,4,0,0,0,0,2025-06-19
694212,hitting,2025,11,Norfolk Tides,International League,4,0,0,0,1,0,1,0,0,4,0,0,0,0,2025-06-20
694212,hitting,2025,11,Norfolk Tides,International League,4,1,0,1,1,0,2,0,0,5,2,0,0,0,2025-06-21
694212,hitting,2025,11,Norfolk Tides,International League,4,0,0,1,1,0,1,0,0,4,0,0,0,0,2025-06-22
694212,hitting,2025,11,Norfolk Tides,International League,2,1,0,0,1,0,0,0,0,4,0,1,0,0,2025-06-24
694212,hitting,2025,11,Norfolk Tides,International League,1,3,0,0,1,0,0,0,0,4,1,0,0,0,2025-06-25
694212,hitting,2025,11,Norfolk Tides,International League,1,0,0,0,1,0,0,0,0,1,0,0,0,0,2025-06-26
694212,hitting,2025,11,Norfolk Tides,International League,1,3,0,0,1,0,1,0,0,4,1,0,0,0,2025-06-27
694212,hitting,2025,11,Norfolk Tides,International League,3,1,0,0,1,1,0,0,0,5,1,0,0,0,2025-06-28
694212,hitting,2025,11,Norfolk Tides,International League,4,0,0,0,1,0,1,1,0,4,1,0,0,0,2025-06-29
694212,hitting,2025,11,Norfolk Tides,International League,4,0,0,0,1,0,0,0,0,5,0,1,0,0,2025-07-01
694212,hitting,2025,11,Norfolk Tides,International League,4,0,0,0,1,0,0,0,0,4,0,0,0,0,2025-07-03
694212,hitting,2025,11,Norfolk Tides,International League,4,0,0,0,1,0,1,0,0,4,0,0,0,0,2025-07-04
694212,hitting,2025,11,Norfolk Tides,International League,4,1,0,1,1,1,3,1,0,6,1,0,0,0,2025-07-08
694212,hitting,2025,11,Norfolk Tides,International League,2,1,0,1,1,0,1,0,0,3,0,0,0,0,2025-07-10
694212,hitting,2025,11,Norfolk Tides,International League,4,0,0,0,1,0,1,1,0,4,1,0,0,0,2025-07-11
694212,hitting,2025,11,Norfolk Tides,International League,3,1,0,0,1,0,0,0,0,4,0,0,0,0,2025-07-12
694212,hitting,2025,11,Norfolk Tides,International League,5,0,0,1,1,0,2,1,0,5,1,0,0,0,2025-07-13
694212,hitting,2025,11,Norfolk Tides,International League,5,0,0,2,1,0,5,1,0,5,2,0,0,0,2025-07-25
694212,hitting,2025,11,Norfolk Tides,International League,5,1,0,0,1,0,1,0,0,6,1,0,0,0,2025-07-27
694212,hitting,2025,11,Norfolk Tides,International League,4,0,0,0,1,0,0,0,0,4,0,0,0,0,2025-07-29
694212,hitting,2025,11,Norfolk Tides,International League,5,0,0,1,1,0,1,0,0,5,0,0,0,0,2025-07-30
694212,hitting,2025,11,Norfolk Tides,International League,3,1,0,0,1,0,0,0,0,4,0,0,0,0,2025-08-01
694212,hitting,2025,11,Norfolk Tides,International League,5,0,0,0,1,1,1,0,0,6,0,0,0,0,2025-08-02
694212,hitting,2025,11,Norfolk Tides,International League,5,0,0,0,1,0,2,1,0,5,2,0,0,0,2025-08-03
694212,hitting,2025,11,Norfolk Tides,International League,5,0,0,2,1,0,3,1,0,5,3,0,0,0,2025-08-05
694212,hitting,2025,11,Norfolk Tides,International League,3,1,0,0,1,0,1,1,0,4,1,0,0,0,2025-08-06
694212,hitting,2025,11,Norfolk Tides,International League,5,0,0,0,1,0,1,0,0,5,0,0,0,0,2025-08-08
694212,hitting,2025,11,Norfolk Tides,International League,5,0,0,1,1,0,2,0,0,5,0,0,0,0,2025-08-10
694212,hitting,2025,11,Norfolk Tides,International League,5,0,0,0,1,0,1,0,0,5,0,0,0,0,2025-08-12
694212,hitting,2025,11,Norfolk Tides,International League,3,1,0,0,1,0,0,0,0,4,0,0,0,0,2025-08-13
694212,hitting,2025,11,Norfolk Tides,International League,4,1,0,0,1,0,0,0,0,5,0,0,0,0,2025-08-15
694224,hitting,2026,11,St. Paul Saints,International League,3,1,0,0,1,1,0,0,0,5,1,0,0,0,2026-03-27
694224,hitting,2026,11,St. Paul Saints,International League,5,0,0,1,1,0,1,0,0,5,1,0,0,0,2026-03-28
694224,hitting,2026,11,St. Paul Saints,International League,5,0,0,0,1,0,0,0,0,5,0,0,0,0,2026-03-29
694224,hitting,2026,11,St. Paul Saints,International League,4,1,1,0,1,0,0,0,0,5,0,0,0,0,2026-03-31
694224,hitting,2026,11,St. Paul Saints,International League,4,0,0,0,1,0,1,1,0,4,1,0,0,0,2026-04-04
694224,hitting,2026,11,St. Paul Saints,International League,3,0,0,0,1,0,1,0,0,3,0,0,0,0,2026-04-05
694224,hitting,2026,11,St. Paul Saints,International League,4,0,0,1,1,0,2,0,0,4,1,0,0,0,2026-04-05
694224,hitting,2026,11,St. Paul Saints,International League,4,0,0,0,1,0,1,0,0,4,0,0,0,0,2026-04-07
694224,hitting,2026,11,St. Paul Saints,International League,6,0,0,0,1,0,1,1,0,6,2,0,0,0,2026-04-08
694224,hitting,2026,11,St. Paul Saints,International League,3,1,0,0,1,0,0,0,0,4,0,0,0,0,2026-04-09
694224,hitting,2026,11,St. Paul Saints,International League,5,0,0,0,1,0,2,0,0,5,1,0,0,0,2026-04-10
694224,hitting,2026,11,St. Paul Saints,International League,4,0,0,0,1,0,0,0,0,4,0,0,0,0,2026-04-11
694224,hitting,2026,11,St. Paul Saints,International League,5,0,0,1,1,0,1,0,0,5,1,0,0,0,2026-04-12
694224,hitting,2026,11,St. Paul Saints,International League,4,0,0,0,1,1,1,0,0,5,0,0,0,0,2026-04-14
694224,hitting,2026,11,St. Paul Saints,International League,5,0,0,0,1,0,1,1,0,5,1,0,0,0,2026-04-15
694224,hitting,2026,11,St. Paul Saints,International League,3,1,0,0,1,0,1,0,0,4,0,0,0,0,2026-04-16
694224,hitting,2026,11,St. Paul Saints,International League,4,0,0,0,1,0,0,0,0,4,0,0,0,0,2026-04-17
694224,hitting,2026,11,St. Paul Saints,International League,5,0,1,1,1,0,2,0,0,5,1,0,0,0,2026-04-19
694224,hitting,2026,11,St. Paul Saints,International League,3,1,1,0,1,0,1,1,0,4,1,0,0,0,2026-04-21
694224,hitting,2026,11,St. Paul Saints,International League,4,0,0,0,1,0,0,0,0,4,0,0,0,0,2026-04-22
694224,hitting,2026,11,St. Paul Saints,International League,3,1,0,0,1,0,1,1,0,4,1,0,0,0,2026-04-23
694224,hitting,2026,11,St. Paul Saints,International League,4,0,0,0,1,0,2,1,0,4,1,0,0,0,2026-04-24
694224,hitting,2026,11,St. Paul Saints,International League,4,0,0,0,1,0,0,0,0,4,1,0,0,0,2026-04-25
694224,hitting,2026,11,St. Paul Saints,International League,4,0,0,0,1,0,1,0,0,4,1,0,0,0,2026-04-26
694224,hitting,2026,11,St. Paul Saints,International League,5,0,0,0,1,0,2,1,0,5,2,0,0,0,2026-04-28
694224,hitting,2026,11,St. Paul Saints,International League,3,1,0,0,1,0,0,0,0,4,0,0,0,0,2026-04-29
694224,hitting,2026,11,St. Paul Saints,International League,4,0,0,0,1,0,0,0,0,4,0,0,0,0,2026-04-30
694224,hitting,2026,11,St. Paul Saints,International League,5,0,0,0,1,0,0,0,0,5,0,0,0,0,2026-05-01
694224,hitting,2026,11,St. Paul Saints,International League,5,0,0,0,1,0,0,0,0,5,0,0,0,0,2026-05-02
694224,hitting,2026,11,St. Paul Saints,International League,2,0,0,0,1,0,0,0,0,2,0,0,0,0,2026-05-03
694224,hitting,2026,11,St. Paul Saints,International League,6,0,0,0,1,0,2,1,0,6,1,0,0,0,2026-05-05
694224,hitting,2026,11,St. Paul Saints,International League,4,1,0,0,1,0,0,0,0,5,1,0,0,0,2026-05-06
694224,hitting,2026,11,St. Paul Saints,International League,4,0,0,0,1,0,2,0,0,4,1,0,0,0,2026-05-07
694224,hitting,2026,11,St. Paul Saints,International League,2,2,0,0,1,0,0,0,0,5,1,1,0,0,2026-05-08
694224,hitting,2026,11,St. Paul Saints,International League,4,2,0,0,1,0,0,0,0,6,1,0,0,0,2026-05-09
694224,hitting,2026,11,St. Paul Saints,International League,4,0,0,0,1,0,1,0,0,4,0,0,0,0,2026-05-10
694224,hitting,2026,11,St. Paul Saints,International League,4,1,0,0,1,0,0,0,0,5,1,0,0,0,2026-05-12
694224,hitting,2026,11,St. Paul Saints,International League,5,0,0,0,1,0,0,0,0,5,0,0,0,0,2026-05-13
694224,hitting,2026,11,St. Paul Saints,International League,3,0,0,0,1,0,2,0,0,3,1,0,0,0,2026-05-15
694224,hitting,2026,11,St. Paul Saints,International League,3,0,0,0,1,0,2,0,0,3,0,0,0,0,2026-05-15
694224,hitting,2026,11,St. Paul Saints,International League,3,2,1,1,1,0,3,0,0,5,1,0,0,1,2026-05-16
694224,hitting,2026,11,St. Paul Saints,International League,4,1,0,0,1,0,1,0,0,5,0,0,0,0,2026-05-17
694224,hitting,2026,11,St. Paul Saints,International League,4,1,0,0,1,0,1,0,0,5,0,0,0,0,2026-05-19
694224,hitting,2026,11,St. Paul Saints,International League,4,1,0,0,1,0,2,0,0,5,2,0,0,0,2026-05-20
694371,hitting,2026,11,Reno Aces,Pacific Coast League,5,0,0,0,1,0,3,0,0,5,2,0,0,0,2026-03-27
694371,hitting,2026,11,Reno Aces,Pacific Coast League,3,0,0,0,1,1,2,0,0,5,0,1,0,0,2026-03-28
694371,hitting,2026,11,Reno Aces,Pacific Coast League,5,0,0,0,1,0,0,0,0,5,0,0,0,0,2026-03-29
694371,hitting,2026,11,Reno Aces,Pacific Coast League,4,1,0,0,1,0,1,0,0,5,2,0,0,1,2026-03-31
694371,hitting,2026,11,Reno Aces,Pacific Coast League,4,0,0,0,1,0,2,0,0,4,0,0,0,0,2026-04-01
694371,hitting,2026,11,Reno Aces,Pacific Coast League,6,0,0,0,1,0,2,0,0,6,1,0,0,0,2026-04-03
694371,hitting,2026,11,Reno Aces,Pacific Coast League,3,2,0,0,1,0,1,0,0,5,1,0,0,0,2026-04-04
694371,hitting,2026,11,Reno Aces,Pacific Coast League,4,0,0,0,1,0,1,0,0,4,0,0,0,0,2026-04-05
694371,hitting,2026,11,Reno Aces,Pacific Coast League,4,1,0,0,1,0,1,0,0,5,2,0,0,0,2026-04-07
694371,hitting,2026,11,Reno Aces,Pacific Coast League,5,0,0,0,1,0,1,0,0,5,2,0,0,0,2026-04-08
694371,hitting,2026,11,Reno Aces,Pacific Coast League,2,3,0,0,1,0,0,0,0,5,2,0,1,0,2026-04-09
694371,hitting,2026,11,Reno Aces,Pacific Coast League,2,2,1,0,1,0,0,0,0,4,0,0,0,0,2026-04-10
694371,hitting,2026,11,Reno Aces,Pacific Coast League,4,0,0,0,1,0,2,1,0,4,1,0,0,0,2026-04-11
694371,hitting,2026,11,Reno Aces,Pacific Coast League,5,0,0,1,1,0,3,0,0,5,1,0,1,0,2026-04-12
694371,hitting,2026,11,Reno Aces,Pacific Coast League,4,0,0,0,1,0,0,0,0,4,0,0,0,0,2026-04-14
694371,hitting,2026,11,Reno Aces,Pacific Coast League,4,1,0,0,1,0,0,0,0,5,1,0,0,0,2026-04-15
694371,hitting,2026,11,Reno Aces,Pacific Coast League,3,0,0,0,1,0,1,0,0,4,1,0,0,1,2026-04-16
694371,hitting,2026,11,Reno Aces,Pacific Coast League,3,1,0,0,1,0,1,0,0,4,1,0,0,0,2026-04-17
694371,hitting,2026,11,Reno Aces,Pacific Coast League,5,0,0,1,1,0,2,0,0,5,1,0,1,0,2026-04-18
694371,hitting,2026,11,Reno Aces,Pacific Coast League,3,1,0,1,1,0,1,0,0,4,1,0,0,0,2026-04-19
694371,hitting,2026,11,Reno Aces,Pacific Coast League,4,1,0,0,1,0,2,0,0,5,1,0,0,0,2026-04-21
694371,hitting,2026,11,Reno Aces,Pacific Coast League,5,1,0,0,1,0,2,0,0,6,2,0,1,1,2026-04-22
694371,hitting,2026,11,Reno Aces,Pacific Coast League,4,0,0,1,1,0,2,1,0,4,1,0,0,0,2026-04-23
694371,hitting,2026,11,Reno Aces,Pacific Coast League,4,1,0,0,1,0,0,0,0,5,1,0,0,0,2026-04-25
694371,hitting,2026,11,Reno Aces,Pacific Coast League,4,0,0,0,1,0,2,0,0,4,1,0,0,0,2026-04-26
694371,hitting,2026,11,Reno Aces,Pacific Coast League,5,0,0,1,1,0,1,0,0,5,2,0,0,0,2026-04-28
694371,hitting,2026,11,Reno Aces,Pacific Coast League,3,1,0,0,1,0,0,0,0,4,0,0,0,0,2026-04-29
694371,hitting,2026,11,Reno Aces,Pacific Coast League,4,0,0,0,1,0,1,0,0,4,1,0,0,0,2026-04-30
694371,hitting,2026,11,Reno Aces,Pacific Coast League,5,0,0,0,1,0,1,0,0,5,0,0,0,0,2026-05-01
694371,hitting,2026,11,Reno Aces,Pacific Coast League,5,0,0,1,1,0,2,0,0,5,0,0,1,0,2026-05-02
694371,hitting,2026,11,Reno Aces,Pacific Coast League,4,1,0,2,1,0,3,0,0,5,1,0,0,0,2026-05-03
694371,hitting,2026,11,Reno Aces,Pacific Coast League,4,1,0,0,1,0,0,0,0,5,0,0,0,0,2026-05-05
694371,hitting,2026,11,Reno Aces,Pacific Coast League,3,2,0,0,1,0,1,0,0,5,0,0,1,0,2026-05-06
694371,hitting,2026,11,Reno Aces,Pacific Coast League,4,0,0,0,1,0,1,0,0,4,0,0,0,0,2026-05-07
694371,hitting,2026,11,Reno Aces,Pacific Coast League,2,3,0,0,1,0,0,0,0,5,1,0,0,0,2026-05-08
694371,hitting,2026,11,Reno Aces,Pacific Coast League,3,1,0,0,1,0,1,0,0,4,2,0,0,0,2026-05-09
694371,hitting,2026,11,Reno Aces,Pacific Coast League,5,0,0,0,1,0,3,0,0,5,1,0,0,0,2026-05-10
694371,hitting,2026,11,Reno Aces,Pacific Coast League,5,0,0,0,1,0,2,0,0,5,2,0,0,0,2026-05-12
694371,hitting,2026,11,Reno Aces,Pacific Coast League,3,1,0,0,1,0,0,0,0,4,0,0,0,0,2026-05-14
694371,hitting,2026,11,Reno Aces,Pacific Coast League,5,0,0,2,1,0,2,0,0,5,1,0,0,0,2026-05-15
694371,hitting,2026,11,Reno Aces,Pacific Coast League,4,1,0,0,1,0,1,0,0,5,1,0,0,0,2026-05-16
694371,hitting,2026,11,Reno Aces,Pacific Coast League,4,0,0,0,1,0,0,0,0,4,0,0,0,0,2026-05-17
694371,hitting,2026,11,Reno Aces,Pacific Coast League,4,0,0,0,1,0,1,0,0,4,0,0,0,0,2026-05-19
694371,hitting,2026,11,Reno Aces,Pacific Coast League,5,0,0,0,1,0,2,1,0,5,2,0,0,0,2026-05-22
694377,hitting,2024,11,Worcester Red Sox,International League,4,1,0,0,1,0,1,0,0,5,0,0,1,0,2024-06-05
694377,hitting,2024,11,Worcester Red Sox,International League,5,0,0,1,1,0,3,0,0,5,2,0,0,0,2024-06-06
694377,hitting,2024,11,Worcester Red Sox,International League,3,1,0,0,1,0,0,0,0,4,0,0,0,0,2024-06-07
694377,hitting,2024,11,Worcester Red Sox,International League,4,1,0,0,1,0,2,1,0,5,2,0,0,0,2024-06-08
694377,hitting,2024,11,Worcester Red Sox,International League,3,1,0,0,1,0,1,1,0,4,1,0,0,0,2024-06-09
694377,hitting,2024,11,Worcester Red Sox,International League,3,1,0,0,1,0,2,0,0,4,1,0,0,0,2024-06-11
694377,hitting,2024,11,Worcester Red Sox,International League,3,1,0,0,1,0,1,0,0,4,0,0,0,0,2024-06-12
694377,hitting,2024,11,Worcester Red Sox,International League,5,1,0,0,1,0,2,0,0,6,1,0,1,0,2024-06-13
694377,hitting,2024,11,Worcester Red Sox,International League,4,0,0,1,1,0,1,0,0,4,1,0,0,0,2024-06-14
694377,hitting,2024,11,Worcester Red Sox,International League,2,2,0,1,1,0,1,0,0,4,2,0,1,0,2024-06-15
694377,hitting,2024,11,Worcester Red Sox,International League,6,0,0,1,1,0,3,0,0,6,1,0,0,0,2024-06-16
694377,hitting,2024,11,Worcester Red Sox,International League,5,0,0,0,1,0,0,0,0,5,0,0,0,0,2024-06-18
694377,hitting,2024,11,Worcester Red Sox,International League,4,1,0,0,1,0,1,0,0,5,0,0,0,0,2024-06-20
694377,hitting,2024,11,Worcester Red Sox,International League,3,1,0,0,1,0,1,0,0,4,1,0,0,0,2024-06-21
694377,hitting,2024,11,Worcester Red Sox,International League,3,1,0,1,1,0,2,0,0,4,0,0,0,0,2024-06-22
694377,hitting,2024,11,Worcester Red Sox,International League,5,0,0,0,1,0,1,0,0,5,0,0,0,0,2024-06-23
694377,hitting,2024,11,Worcester Red Sox,International League,5,0,0,0,1,0,1,0,0,5,1,0,0,0,2024-06-25
694377,hitting,2024,11,Worcester Red Sox,International League,4,0,0,0,1,0,2,0,0,4,1,0,1,0,2024-06-27
694377,hitting,2024,11,Worcester Red Sox,International League,3,1,0,0,1,0,1,0,0,4,1,0,1,0,2024-06-27
694377,hitting,2024,11,Worcester Red Sox,International League,5,0,0,1,1,0,1,0,0,5,1,0,0,0,2024-06-28
694377,hitting,2024,11,Worcester Red Sox,International League,5,0,0,0,1,0,1,0,0,5,1,0,0,0,2024-07-01
694377,hitting,2024,11,Worcester Red Sox,International League,5,1,0,0,1,0,3,2,0,6,4,0,0,0,2024-07-02
694377,hitting,2024,11,Worcester Red Sox,International League,3,2,0,0,1,0,0,0,0,5,1,0,1,0,2024-07-03
694377,hitting,2024,11,Worcester Red Sox,International League,4,0,0,0,1,0,0,0,0,4,0,0,0,0,2024-07-04
694377,hitting,2024,11,Worcester Red Sox,International League,4,0,0,0,1,0,1,0,0,4,1,0,0,0,2024-07-06
694377,hitting,2024,11,Worcester Red Sox,International League,3,1,0,0,1,0,2,0,0,4,0,0,0,0,2024-07-09
694377,hitting,2024,11,Worcester Red Sox,International League,4,0,0,0,1,0,2,2,0,4,2,0,0,0,2024-07-10
694377,hitting,2024,11,Worcester Red Sox,International League,4,0,0,0,1,0,0,0,0,4,1,0,0,0,2024-07-11
694377,hitting,2024,11,Worcester Red Sox,International League,3,2,0,0,1,0,2,0,0,5,3,0,0,0,2024-07-12
694377,hitting,2024,11,Worcester Red Sox,International League,4,0,0,0,1,0,0,0,0,4,0,0,0,0,2024-07-13
694377,hitting,2024,11,Worcester Red Sox,International League,5,1,0,0,1,0,3,0,0,6,2,0,0,0,2024-07-19
694377,hitting,2024,11,Worcester Red Sox,International League,3,1,1,0,1,0,0,0,0,4,0,0,0,0,2024-07-20
694377,hitting,2024,11,Worcester Red Sox,International League,3,1,0,0,1,0,0,0,0,4,0,0,0,0,2024-07-23
694377,hitting,2024,11,Worcester Red Sox,International League,2,1,0,0,1,0,0,0,0,3,0,0,0,0,2024-07-24
694377,hitting,2024,11,Worcester Red Sox,International League,3,1,0,1,1,0,1,0,0,4,0,0,0,0,2024-07-25
694377,hitting,2024,11,Worcester Red Sox,International League,5,0,0,0,1,0,1,0,0,5,0,0,0,0,2024-07-26
694377,hitting,2024,11,Worcester Red Sox,International League,1,0,0,0,1,0,1,0,0,1,0,0,0,0,2024-07-27
694377,hitting,2024,11,Worcester Red Sox,International League,5,0,0,1,1,0,1,0,0,5,1,0,0,0,2024-07-28
694377,hitting,2024,11,Indianapolis Indians,International League,3,0,0,0,1,0,1,0,0,4,0,1,0,0,2024-07-31
694377,hitting,2024,11,Indianapolis Indians,International League,4,0,0,1,1,0,1,0,0,4,2,0,0,0,2024-08-01
694377,hitting,2024,11,Indianapolis Indians,International League,4,0,1,0,1,0,1,0,0,4,0,0,0,0,2024-08-02
694377,hitting,2024,11,Indianapolis Indians,International League,4,0,1,2,1,0,2,0,0,5,1,0,0,0,2024-08-03
694377,hitting,2024,11,Indianapolis Indians,International League,3,1,0,0,1,1,1,0,1,5,1,0,0,0,2024-08-04
694377,hitting,2024,11,Indianapolis Indians,International League,3,1,0,0,1,0,2,0,0,4,1,0,0,0,2024-08-06
694377,hitting,2024,11,Indianapolis Indians,International League,4,0,0,0,1,0,1,0,0,4,0,0,0,0,2024-08-07
694377,hitting,2024,11,Indianapolis Indians,International League,3,1,0,1,1,0,1,0,0,4,0,0,0,0,2024-08-08
694377,hitting,2024,11,Indianapolis Indians,International League,5,0,0,0,1,0,2,0,0,5,0,0,0,0,2024-08-09
694377,hitting,2024,11,Indianapolis Indians,International League,2,0,0,0,1,0,1,0,0,2,0,0,0,0,2024-08-10
694377,hitting,2024,11,Indianapolis Indians,International League,3,0,1,0,1,0,1,0,0,3,0,0,0,0,2024-08-11
694377,hitting,2024,11,Indianapolis Indians,International League,4,0,0,0,1,0,0,0,0,4,0,0,1,0,2024-08-13
694377,hitting,2024,11,Indianapolis Indians,International League,5,0,0,1,1,0,3,0,0,5,1,0,0,0,2024-08-14
694377,hitting,2024,11,Indianapolis Indians,International League,4,1,0,1,1,0,3,0,0,5,1,0,0,0,2024-08-15
694377,hitting,2024,11,Indianapolis Indians,International League,4,0,0,0,1,0,1,0,0,4,0,0,0,0,2024-08-16
694377,hitting,2024,11,Indianapolis Indians,International League,4,0,0,0,1,0,0,0,0,4,0,0,0,0,2024-08-17
694377,hitting,2024,11,Indianapolis Indians,International League,1,0,0,0,1,0,0,0,0,1,0,0,0,0,2024-08-18
694377,hitting,2024,11,Indianapolis Indians,International League,4,1,0,0,1,0,2,0,0,5,0,0,1,0,2024-08-20
694377,hitting,2024,11,Indianapolis Indians,International League,4,0,0,0,1,0,0,0,0,4,0,0,0,0,2024-08-21
694377,hitting,2024,11,Indianapolis Indians,International League,5,0,0,2,1,0,3,0,0,5,0,0,0,0,2024-08-22
694377,hitting,2024,11,Indianapolis Indians,International League,3,2,0,1,1,0,2,0,0,5,1,0,1,0,2024-08-23
694377,hitting,2024,11,Indianapolis Indians,International League,5,0,0,0,1,0,2,0,0,5,0,0,0,0,2024-08-24
694377,hitting,2024,11,Indianapolis Indians,International League,3,0,0,1,1,1,2,0,0,4,0,0,0,0,2024-08-27
694377,hitting,2024,11,Indianapolis Indians,International League,3,0,0,1,1,0,1,0,0,3,1,0,0,0,2024-08-28
694377,hitting,2024,11,Indianapolis Indians,International League,3,0,0,0,1,0,0,0,0,3,0,0,0,0,2024-08-28
694377,hitting,2024,11,Indianapolis Indians,International League,4,1,0,0,1,0,1,0,0,5,1,0,0,0,2024-08-29
694377,hitting,2024,11,Indianapolis Indians,International League,5,1,0,1,1,0,1,0,0,6,3,0,1,0,2024-08-30
694377,hitting,2024,11,Indianapolis Indians,International League,4,0,0,0,1,0,0,0,0,4,0,0,0,0,2024-08-31
694377,hitting,2024,11,Indianapolis Indians,International League,5,0,0,0,1,0,3,1,0,5,2,0,0,0,2024-09-01
694377,hitting,2024,11,Indianapolis Indians,International League,6,0,0,3,1,0,3,0,0,6,2,0,0,0,2024-09-04
694377,hitting,2024,11,Indianapolis Indians,International League,2,1,0,0,1,1,0,0,0,4,1,0,1,0,2024-09-05
694377,hitting,2024,11,Indianapolis Indians,International League,4,1,0,1,1,0,2,0,0,5,1,0,0,0,2024-09-06
694377,hitting,2024,11,Indianapolis Indians,International League,3,2,0,0,1,0,1,0,0,5,2,0,1,0,2024-09-07
694377,hitting,2024,11,Indianapolis Indians,International League,5,0,0,0,1,0,2,0,0,5,1,0,0,0,2024-09-08
694377,hitting,2024,11,Indianapolis Indians,International League,4,1,0,0,1,0,1,0,0,5,1,0,0,0,2024-09-10
694377,hitting,2024,11,Indianapolis Indians,International League,4,0,0,1,1,0,4,1,0,4,1,0,1,0,2024-09-11
694377,hitting,2024,11,Indianapolis Indians,International League,4,0,0,0,1,0,0,0,0,4,0,0,0,0,2024-09-12
694377,hitting,2024,11,Indianapolis Indians,International League,3,2,0,0,1,0,2,0,0,5,1,0,0,0,2024-09-13
694377,hitting,2024,11,Indianapolis Indians,International League,5,1,0,0,1,0,1,0,1,6,0,0,0,0,2024-09-14
694377,hitting,2024,11,Indianapolis Indians,International League,4,1,1,0,1,0,0,0,0,5,1,0,0,0,2024-09-15
694377,hitting,2024,12,Portland Sea Dogs,Eastern League,4,0,0,0,1,0,0,0,0,4,0,0,0,0,2024-04-07
694377,hitting,2024,12,Portland Sea Dogs,Eastern League,5,0,0,1,1,0,3,0,0,5,0,0,0,0,2024-04-09
694377,hitting,2024,12,Portland Sea Dogs,Eastern League,4,0,0,0,1,0,0,0,0,4,0,0,0,0,2024-04-10
694377,hitting,2024,12,Portland Sea Dogs,Eastern League,5,0,0,1,1,0,1,0,0,5,1,0,0,0,2024-04-12
694377,hitting,2024,12,Portland Sea Dogs,Eastern League,4,0,0,0,1,0,1,1,0,4,1,0,0,0,2024-04-13
694377,hitting,2024,12,Portland Sea Dogs,Eastern League,4,1,0,0,1,0,2,0,0,5,2,0,1,0,2024-04-14
694377,hitting,2024,12,Portland Sea Dogs,Eastern League,4,0,0,0,1,0,0,0,0,4,0,0,0,0,2024-04-16
694377,hitting,2024,12,Portland Sea Dogs,Eastern League,3,0,0,0,1,1,2,0,0,4,0,0,0,0,2024-04-17
694377,hitting,2024,12,Portland Sea Dogs,Eastern League,3,1,1,0,1,0,0,0,0,4,0,0,0,0,2024-04-18
694377,hitting,2024,12,Portland Sea Dogs,Eastern League,3,1,0,0,1,0,0,0,0,4,0,0,0,0,2024-04-19
694377,hitting,2024,12,Portland Sea Dogs,Eastern League,3,1,0,0,1,0,1,0,0,4,1,0,1,0,2024-04-20
694377,hitting,2024,12,Portland Sea Dogs,Eastern League,5,0,0,1,1,0,2,0,0,5,1,0,1,0,2024-04-21
694377,hitting,2024,12,Portland Sea Dogs,Eastern League,5,0,0,0,1,0,1,0,0,5,0,0,0,0,2024-04-23
694377,hitting,2024,12,Portland Sea Dogs,Eastern League,4,1,0,0,1,0,2,1,0,5,1,0,0,0,2024-04-24
694377,hitting,2024,12,Portland Sea Dogs,Eastern League,4,1,0,0,1,0,1,1,0,5,1,0,0,0,2024-04-25
694377,hitting,2024,12,Portland Sea Dogs,Eastern League,3,1,0,1,1,0,1,0,0,4,1,0,0,0,2024-04-26
694377,hitting,2024,12,Portland Sea Dogs,Eastern League,4,0,0,1,1,0,2,0,0,4,2,0,1,0,2024-04-28
694377,hitting,2024,12,Portland Sea Dogs,Eastern League,4,1,0,0,1,0,0,0,0,5,1,0,1,0,2024-04-30
694377,hitting,2024,12,Portland Sea Dogs,Eastern League,5,0,0,0,1,0,0,0,0,5,0,0,0,0,2024-05-01
694377,hitting,2024,12,Portland Sea Dogs,Eastern League,4,1,0,0,1,0,2,0,0,5,1,0,0,0,2024-05-03
694377,hitting,2024,12,Portland Sea Dogs,Eastern League,3,0,0,0,1,0,0,0,0,3,0,0,0,0,2024-05-04
694377,hitting,2024,12,Portland Sea Dogs,Eastern League,3,1,0,0,1,0,0,0,0,4,1,0,0,0,2024-05-05
694377,hitting,2024,12,Portland Sea Dogs,Eastern League,3,1,0,0,1,0,0,0,0,4,0,0,0,0,2024-05-07
694377,hitting,2024,12,Portland Sea Dogs,Eastern League,3,1,0,0,1,0,1,0,0,4,0,0,0,0,2024-05-08
694377,hitting,2024,12,Portland Sea Dogs,Eastern League,3,1,0,0,1,0,2,0,0,4,0,0,0,0,2024-05-09
694377,hitting,2024,12,Portland Sea Dogs,Eastern League,5,0,0,0,1,0,3,0,0,5,1,0,1,0,2024-05-10
694377,hitting,2024,12,Portland Sea Dogs,Eastern League,4,0,0,1,1,0,2,0,0,5,0,1,0,0,2024-05-11
694377,hitting,2024,12,Portland Sea Dogs,Eastern League,4,0,0,0,1,0,0,0,0,4,0,0,0,0,2024-05-12
694377,hitting,2024,12,Portland Sea Dogs,Eastern League,4,1,0,0,1,0,1,0,0,5,1,0,1,0,2024-05-14
694377,hitting,2024,12,Portland Sea Dogs,Eastern League,3,1,0,0,1,0,0,0,0,4,0,0,0,0,2024-05-16
694377,hitting,2024,12,Portland Sea Dogs,Eastern League,5,0,1,0,1,0,1,0,0,5,0,0,1,0,2024-05-17
694377,hitting,2024,12,Portland Sea Dogs,Eastern League,3,1,0,0,1,0,0,0,0,4,0,0,0,0,2024-05-19
694377,hitting,2024,12,Portland Sea Dogs,Eastern League,3,0,0,0,1,0,0,0,0,3,0,0,0,0,2024-05-21
694377,hitting,2024,12,Portland Sea Dogs,Eastern League,2,0,0,0,1,0,0,0,0,2,0,0,0,0,2024-05-21
694377,hitting,2024,12,Portland Sea Dogs,Eastern League,4,0,0,1,1,0,1,0,0,4,0,0,0,0,2024-05-23
694377,hitting,2024,12,Portland Sea Dogs,Eastern League,3,0,0,0,1,0,0,0,0,3,0,0,0,0,2024-05-24
694377,hitting,2024,12,Portland Sea Dogs,Eastern League,4,0,0,0,1,0,2,0,0,4,0,0,0,0,2024-05-24
694377,hitting,2024,12,Portland Sea Dogs,Eastern League,5,0,0,0,1,0,2,0,0,6,0,1,0,0,2024-05-25
694377,hitting,2024,12,Portland Sea Dogs,Eastern League,4,0,0,0,1,0,0,0,0,4,0,0,0,0,2024-05-26
694377,hitting,2024,12,Portland Sea Dogs,Eastern League,5,0,0,0,1,0,1,0,0,5,0,0,0,0,2024-05-29
694377,hitting,2024,12,Portland Sea Dogs,Eastern League,4,0,0,0,1,0,2,1,0,4,2,0,0,0,2024-05-30
694377,hitting,2024,12,Portland Sea Dogs,Eastern League,5,0,0,1,1,0,2,0,0,5,0,0,0,0,2024-05-31
694377,hitting,2024,12,Portland Sea Dogs,Eastern League,4,1,0,0,1,1,0,0,0,6,0,0,0,0,2024-06-01
694377,hitting,2024,12,Portland Sea Dogs,Eastern League,5,0,0,0,1,0,1,0,0,5,2,0,0,0,2024-06-02
694377,hitting,2024,12,Portland Sea Dogs,Eastern League,4,1,0,0,1,0,2,0,0,5,1,0,0,0,2024-06-04
694384,hitting,2023,12,Rocket City Trash Pandas,Southern League,4,0,0,0,1,0,0,0,0,4,0,0,0,0,2023-07-29
694384,hitting,2023,12,Rocket City Trash Pandas,Southern League,4,2,0,0,1,0,3,0,0,6,2,0,1,1,2023-07-30
694384,hitting,2023,12,Rocket City Trash Pandas,Southern League,4,1,0,1,1,0,3,0,0,5,0,0,0,0,2023-08-01
694384,hitting,2023,12,Rocket City Trash Pandas,Southern League,4,0,0,0,1,0,0,0,0,4,1,0,0,0,2023-08-02
694384,hitting,2023,12,Rocket City Trash Pandas,Southern League,4,0,0,0,1,0,1,0,0,4,0,0,0,0,2023-08-02
694384,hitting,2023,12,Rocket City Trash Pandas,Southern League,4,1,0,0,1,0,1,0,0,5,3,0,0,0,2023-08-03
694384,hitting,2023,12,Rocket City Trash Pandas,Southern League,4,1,0,0,1,0,1,0,0,5,0,0,0,0,2023-08-05
694384,hitting,2023,12,Rocket City Trash Pandas,Southern League,3,2,0,0,1,0,1,0,0,5,2,0,0,0,2023-08-06
694384,hitting,2023,12,Rocket City Trash Pandas,Southern League,3,1,0,0,1,0,1,0,0,4,0,0,0,0,2023-08-08
694384,hitting,2023,12,Rocket City Trash Pandas,Southern League,4,1,0,0,1,0,1,0,0,5,1,0,0,0,2023-08-10
694384,hitting,2023,12,Rocket City Trash Pandas,Southern League,4,0,0,1,1,0,2,0,0,4,1,0,0,0,2023-08-11
694384,hitting,2023,12,Rocket City Trash Pandas,Southern League,4,0,0,0,1,0,2,1,0,4,1,0,0,0,2023-08-11
694384,hitting,2023,12,Rocket City Trash Pandas,Southern League,3,2,0,0,1,0,1,0,0,5,1,0,0,0,2023-08-12
694384,hitting,2023,12,Rocket City Trash Pandas,Southern League,1,0,0,0,1,0,0,0,0,1,0,0,0,0,2023-08-13
694384,hitting,2023,12,Rocket City Trash Pandas,Southern League,4,2,0,0,1,0,0,0,0,6,2,0,0,0,2023-08-15
694384,hitting,2023,12,Rocket City Trash Pandas,Southern League,2,2,0,0,1,0,1,0,0,4,0,0,0,0,2023-08-16
694384,hitting,2023,12,Rocket City Trash Pandas,Southern League,4,1,0,1,1,0,2,0,0,5,1,0,0,0,2023-08-17
694384,hitting,2023,14,Inland Empire 66ers,California League,3,0,0,0,1,1,2,0,0,5,1,1,0,0,2023-07-26
694384,hitting,2023,14,Inland Empire 66ers,California League,3,1,0,0,1,0,3,0,0,4,1,0,0,0,2023-07-27
694384,hitting,2023,16,ACL Angels,Arizona Complex League,3,0,0,1,1,0,2,0,0,3,1,0,1,0,2023-07-21
694384,hitting,2023,16,ACL Angels,Arizona Complex League,3,1,0,0,1,0,0,0,0,4,1,0,0,0,2023-07-22
694384,hitting,2023,16,ACL Angels,Arizona Complex League,2,3,0,0,1,0,0,0,0,5,1,0,0,0,2023-07-24
694497,hitting,2023,11,Round Rock Express,Pacific Coast League,6,0,0,0,1,0,4,0,0,6,1,0,1,0,2023-08-29
694497,hitting,2023,11,Round Rock Express,Pacific Coast League,4,0,0,0,1,1,1,0,0,5,1,0,0,0,2023-08-30
694497,hitting,2023,11,Round Rock Express,Pacific Coast League,4,1,0,1,1,0,2,0,0,5,1,0,1,0,2023-08-31
694497,hitting,2023,11,Round Rock Express,Pacific Coast League,5,0,0,0,1,0,1,0,0,5,1,0,0,0,2023-09-01
694497,hitting,2023,11,Round Rock Express,Pacific Coast League,3,1,0,0,1,0,1,0,0,4,0,0,0,0,2023-09-02
694497,hitting,2023,11,Round Rock Express,Pacific Coast League,3,1,0,0,1,0,0,0,0,4,1,0,0,0,2023-09-03
694497,hitting,2023,11,Round Rock Express,Pacific Coast League,5,0,0,0,1,0,1,0,0,5,1,0,1,0,2023-09-05
694497,hitting,2023,11,Round Rock Express,Pacific Coast League,4,1,1,0,1,0,2,0,0,5,2,0,0,0,2023-09-06
694497,hitting,2023,12,Frisco RoughRiders,Texas League,5,0,0,0,1,0,2,0,0,5,0,0,1,0,2023-04-06
694497,hitting,2023,12,Frisco RoughRiders,Texas League,4,0,0,0,1,0,1,0,0,4,0,0,0,0,2023-04-07
694497,hitting,2023,12,Frisco RoughRiders,Texas League,4,1,0,0,1,0,1,0,0,5,1,0,0,0,2023-04-08
694497,hitting,2023,12,Frisco RoughRiders,Texas League,2,2,0,0,1,0,0,0,0,4,0,0,0,0,2023-04-11
694497,hitting,2023,12,Frisco RoughRiders,Texas League,3,2,0,0,1,0,2,2,0,5,2,0,1,0,2023-04-12
694497,hitting,2023,12,Frisco RoughRiders,Texas League,5,0,1,1,1,0,2,0,0,5,0,0,0,0,2023-04-13
694497,hitting,2023,12,Frisco RoughRiders,Texas League,6,0,0,0,1,0,4,0,0,6,1,0,0,0,2023-04-14
694497,hitting,2023,12,Frisco RoughRiders,Texas League,4,0,0,0,1,0,0,0,0,4,0,0,0,0,2023-04-15
694497,hitting,2023,12,Frisco RoughRiders,Texas League,3,3,0,0,1,0,2,1,0,6,1,0,0,0,2023-04-16
694497,hitting,2023,12,Frisco RoughRiders,Texas League,1,4,1,0,1,0,0,0,0,5,0,0,1,0,2023-04-18
694497,hitting,2023,12,Frisco RoughRiders,Texas League,5,0,0,0,1,0,2,0,0,5,1,0,0,0,2023-04-19
694497,hitting,2023,12,Frisco RoughRiders,Texas League,3,1,0,0,1,1,1,0,0,5,2,0,0,0,2023-04-20
694497,hitting,2023,12,Frisco RoughRiders,Texas League,5,0,0,0,1,0,2,1,0,5,2,0,0,0,2023-04-25
694497,hitting,2023,12,Frisco RoughRiders,Texas League,3,3,0,0,1,0,0,0,0,6,1,0,0,0,2023-04-26
694497,hitting,2023,12,Frisco RoughRiders,Texas League,4,1,0,0,1,0,0,0,0,5,0,0,0,0,2023-04-27
694497,hitting,2023,12,Frisco RoughRiders,Texas League,5,1,0,0,1,0,1,0,0,6,2,0,0,0,2023-04-28
694497,hitting,2023,12,Frisco RoughRiders,Texas League,4,1,0,1,1,0,3,0,0,5,1,0,0,0,2023-04-29
694497,hitting,2023,12,Frisco RoughRiders,Texas League,4,2,0,0,1,0,1,0,0,6,0,0,0,0,2023-04-30
694497,hitting,2023,12,Frisco RoughRiders,Texas League,4,2,0,0,1,0,0,0,0,6,0,0,0,0,2023-05-02
694497,hitting,2023,12,Frisco RoughRiders,Texas League,4,0,0,0,1,0,0,0,0,4,0,0,0,0,2023-05-03
694497,hitting,2023,12,Frisco RoughRiders,Texas League,3,1,0,0,1,1,3,0,0,5,2,0,1,0,2023-05-04
694497,hitting,2023,12,Frisco RoughRiders,Texas League,4,1,0,0,1,0,0,0,0,5,0,0,0,0,2023-05-05
694497,hitting,2023,12,Frisco RoughRiders,Texas League,4,0,0,0,1,0,0,0,0,4,1,0,0,0,2023-05-06
694497,hitting,2023,12,Frisco RoughRiders,Texas League,4,1,0,0,1,0,1,0,0,5,0,0,0,0,2023-05-07
694497,hitting,2023,12,Frisco RoughRiders,Texas League,5,0,0,0,1,0,0,0,0,5,0,0,0,0,2023-05-09
694497,hitting,2023,12,Frisco RoughRiders,Texas League,5,0,0,0,1,0,2,0,0,5,0,0,1,0,2023-05-12
694497,hitting,2023,12,Frisco RoughRiders,Texas League,5,0,0,0,1,0,0,0,0,5,1,0,0,0,2023-05-13
694497,hitting,2023,12,Frisco RoughRiders,Texas League,4,0,0,0,1,0,0,0,0,4,0,0,0,0,2023-05-16
694497,hitting,2023,12,Frisco RoughRiders,Texas League,4,0,0,0,1,0,1,0,0,4,1,0,0,1,2023-05-17
694497,hitting,2023,12,Frisco RoughRiders,Texas League,4,0,0,0,1,0,2,0,0,4,1,0,1,0,2023-05-18
694497,hitting,2023,12,Frisco RoughRiders,Texas League,3,1,0,0,1,0,2,0,0,4,0,0,1,0,2023-05-19
694497,hitting,2023,12,Frisco RoughRiders,Texas League,6,0,0,0,1,0,4,0,0,6,0,0,1,0,2023-05-20
694497,hitting,2023,12,Frisco RoughRiders,Texas League,4,0,0,0,1,0,1,0,0,4,0,0,0,0,2023-05-23
694497,hitting,2023,12,Frisco RoughRiders,Texas League,3,1,0,0,1,0,0,0,0,4,0,0,0,0,2023-05-24
694497,hitting,2023,12,Frisco RoughRiders,Texas League,4,0,0,1,1,0,1,0,0,4,0,0,0,0,2023-05-25
694497,hitting,2023,12,Frisco RoughRiders,Texas League,5,1,0,0,1,0,0,0,0,6,1,0,0,0,2023-05-26
694497,hitting,2023,12,Frisco RoughRiders,Texas League,2,2,0,0,1,1,1,0,0,5,3,0,1,0,2023-05-27
694497,hitting,2023,12,Frisco RoughRiders,Texas League,5,0,0,0,1,0,1,0,0,5,1,0,0,0,2023-05-28
694497,hitting,2023,12,Frisco RoughRiders,Texas League,3,1,1,1,1,0,1,0,0,4,1,0,0,0,2023-05-30
694497,hitting,2023,12,Frisco RoughRiders,Texas League,4,0,0,0,1,0,1,0,0,4,0,0,0,0,2023-05-31
694497,hitting,2023,12,Frisco RoughRiders,Texas League,4,0,0,0,1,0,0,0,0,4,0,0,0,0,2023-06-01
694497,hitting,2023,12,Frisco RoughRiders,Texas League,4,0,1,0,1,0,3,1,0,4,2,0,0,1,2023-06-21
694497,hitting,2023,12,Frisco RoughRiders,Texas League,3,1,0,0,1,0,0,0,0,4,0,0,0,0,2023-06-22
694497,hitting,2023,12,Frisco RoughRiders,Texas League,4,0,0,0,1,0,1,0,0,5,1,1,0,0,2023-06-23
694497,hitting,2023,12,Frisco RoughRiders,Texas League,4,1,1,0,1,0,2,0,0,5,0,0,0,0,2023-06-24
694497,hitting,2023,12,Frisco RoughRiders,Texas League,3,1,0,1,1,0,2,1,0,4,2,0,0,0,2023-06-25
694497,hitting,2023,12,Frisco RoughRiders,Texas League,4,1,0,0,1,0,3,0,0,5,2,0,1,0,2023-06-28
694497,hitting,2023,12,Frisco RoughRiders,Texas League,5,0,1,0,1,0,2,0,0,5,0,0,0,0,2023-06-29
694497,hitting,2023,12,Frisco RoughRiders,Texas League,4,0,0,1,1,0,2,0,0,4,0,0,0,0,2023-06-30
694497,hitting,2023,12,Frisco RoughRiders,Texas League,4,0,0,0,1,0,1,0,0,4,0,0,0,0,2023-07-01
694497,hitting,2023,12,Frisco RoughRiders,Texas League,4,1,0,1,1,0,1,0,0,5,2,0,0,0,2023-07-02
694497,hitting,2023,12,Frisco RoughRiders,Texas League,4,1,0,0,1,0,3,1,0,5,2,0,0,0,2023-07-03
694497,hitting,2023,12,Frisco RoughRiders,Texas League,4,0,0,0,1,1,1,0,0,5,0,0,0,0,2023-07-04
694497,hitting,2023,12,Frisco RoughRiders,Texas League,4,0,0,0,1,0,1,0,0,4,0,0,0,0,2023-07-05
694497,hitting,2023,12,Frisco RoughRiders,Texas League,4,1,0,0,1,0,0,0,0,5,0,0,0,0,2023-07-07
694497,hitting,2023,12,Frisco RoughRiders,Texas League,3,0,0,0,1,0,2,1,0,3,2,0,0,0,2023-07-07
694497,hitting,2023,12,Frisco RoughRiders,Texas League,5,0,0,0,1,0,0,0,0,5,0,0,0,0,2023-07-08
694497,hitting,2023,12,Frisco RoughRiders,Texas League,4,0,1,0,1,0,1,0,0,4,0,0,0,0,2023-07-09
694497,hitting,2023,12,Frisco RoughRiders,Texas League,4,1,0,0,1,0,1,0,0,5,2,0,1,0,2023-07-14
694497,hitting,2023,12,Frisco RoughRiders,Texas League,4,0,0,0,1,0,0,0,0,4,0,0,0,0,2023-07-15
694497,hitting,2023,12,Frisco RoughRiders,Texas League,4,0,0,0,1,0,1,0,0,4,0,0,0,0,2023-07-16
694497,hitting,2023,12,Frisco RoughRiders,Texas League,3,2,0,0,1,0,2,1,0,5,3,0,0,1,2023-07-18
694497,hitting,2023,12,Frisco RoughRiders,Texas League,3,1,0,0,1,1,0,0,0,5,0,0,0,0,2023-07-19
694497,hitting,2023,12,Frisco RoughRiders,Texas League,4,1,0,0,1,0,2,1,0,5,1,0,0,0,2023-07-20
694497,hitting,2023,12,Frisco RoughRiders,Texas League,3,2,0,0,1,0,0,0,0,5,0,0,0,0,2023-07-21
694497,hitting,2023,12,Frisco RoughRiders,Texas League,3,2,0,0,1,0,1,0,1,5,1,0,0,0,2023-07-22
694497,hitting,2023,12,Frisco RoughRiders,Texas League,4,0,0,0,1,0,1,0,0,4,0,0,0,0,2023-07-23
694497,hitting,2023,12,Frisco RoughRiders,Texas League,5,0,0,0,1,0,1,0,0,5,1,0,0,0,2023-07-25
694497,hitting,2023,12,Frisco RoughRiders,Texas League,5,1,0,1,1,0,2,1,0,6,3,0,0,0,2023-07-26
694497,hitting,2023,12,Frisco RoughRiders,Texas League,3,1,0,0,1,0,0,0,0,4,0,0,0,0,2023-07-27
694497,hitting,2023,12,Frisco RoughRiders,Texas League,6,0,0,1,1,0,1,0,0,6,1,0,0,0,2023-07-28
694497,hitting,2023,12,Frisco RoughRiders,Texas League,4,1,0,0,1,0,0,0,0,5,1,0,1,0,2023-07-29
694497,hitting,2023,12,Frisco RoughRiders,Texas League,4,1,0,0,1,1,0,0,0,6,0,0,0,0,2023-07-30
694497,hitting,2023,12,Frisco RoughRiders,Texas League,4,2,0,0,1,0,0,0,0,6,1,0,0,0,2023-08-01
694497,hitting,2023,12,Frisco RoughRiders,Texas League,4,1,1,1,1,0,3,0,0,5,3,0,1,0,2023-08-02
694497,hitting,2023,12,Frisco RoughRiders,Texas League,4,1,0,0,1,1,1,0,1,6,0,0,0,0,2023-08-03
694497,hitting,2023,12,Frisco RoughRiders,Texas League,1,3,1,0,1,0,0,0,0,4,0,0,1,0,2023-08-04
694497,hitting,2023,12,Frisco RoughRiders,Texas League,3,2,0,0,1,0,1,1,0,5,1,0,0,0,2023-08-05
694497,hitting,2023,12,Frisco RoughRiders,Texas League,4,0,0,0,1,0,0,0,0,4,0,0,0,0,2023-08-06
694497,hitting,2023,12,Frisco RoughRiders,Texas League,5,0,0,0,1,0,1,0,0,5,1,0,0,0,2023-08-08
694497,hitting,2023,12,Frisco RoughRiders,Texas League,4,0,0,0,1,1,1,0,0,5,1,0,1,0,2023-08-09
694497,hitting,2023,12,Frisco RoughRiders,Texas League,4,0,0,0,1,0,1,0,0,4,1,0,0,1,2023-08-10
694497,hitting,2023,12,Frisco RoughRiders,Texas League,3,1,0,0,1,0,0,0,0,4,0,0,1,0,2023-08-11
694497,hitting,2023,12,Frisco RoughRiders,Texas League,3,1,0,0,1,0,1,0,0,4,0,0,0,0,2023-08-12
694497,hitting,2023,12,Frisco RoughRiders,Texas League,4,2,0,1,1,0,1,0,0,6,1,0,1,0,2023-08-13
694497,hitting,2023,12,Frisco RoughRiders,Texas League,3,1,0,0,1,0,1,0,0,4,1,0,1,0,2023-08-15
694497,hitting,2023,12,Frisco RoughRiders,Texas League,2,3,0,1,1,0,2,0,0,5,1,0,1,0,2023-08-16
694497,hitting,2023,12,Frisco RoughRiders,Texas League,4,0,0,0,1,0,1,0,0,4,1,0,0,1,2023-08-17
694497,hitting,2023,12,Frisco RoughRiders,Texas League,4,1,0,0,1,0,1,0,0,5,1,0,1,0,2023-08-18
694497,hitting,2023,12,Frisco RoughRiders,Texas League,5,0,0,0,1,0,1,0,0,5,0,0,1,0,2023-08-19
694497,hitting,2023,12,Frisco RoughRiders,Texas League,3,1,0,0,1,1,0,0,0,5,0,0,0,0,2023-08-20
694497,hitting,2023,12,Frisco RoughRiders,Texas League,4,1,0,2,1,0,3,0,0,5,1,0,0,0,2023-08-22
694497,hitting,2023,12,Frisco RoughRiders,Texas League,4,0,0,0,1,0,1,0,0,4,0,0,0,1,2023-08-23
694497,hitting,2023,12,Frisco RoughRiders,Texas League,4,0,0,0,1,0,2,0,0,4,0,0,1,0,2023-08-24
694497,hitting,2023,12,Frisco RoughRiders,Texas League,4,0,0,0,1,0,0,0,0,5,0,1,0,0,2023-08-25
694497,hitting,2023,12,Frisco RoughRiders,Texas League,5,0,0,0,1,0,2,0,0,5,1,0,0,0,2023-08-26
694497,hitting,2023,12,Frisco RoughRiders,Texas League,3,2,1,1,1,0,1,0,0,5,1,0,0,0,2023-08-27
694497,hitting,2023,16,ACL Rangers,Arizona Complex League,3,1,0,0,1,0,0,0,0,4,1,0,0,0,2023-06-16
694497,hitting,2023,16,ACL Rangers,Arizona Complex League,3,1,0,1,1,0,2,1,0,4,2,0,1,0,2023-06-17
694497,hitting,2023,16,ACL Rangers,Arizona Complex League,3,1,0,0,1,0,0,0,0,4,0,0,0,0,2023-06-19
695490,hitting,2026,11,Louisville Bats,International League,4,0,0,1,1,0,1,0,0,4,1,0,0,0,2026-03-27
695490,hitting,2026,11,Louisville Bats,International League,3,1,0,0,1,0,1,0,0,6,0,0,0,0,2026-03-28
695490,hitting,2026,11,Louisville Bats,International League,4,1,0,0,1,0,0,0,0,5,1,0,1,0,2026-03-29
695490,hitting,2026,11,Louisville Bats,International League,4,1,0,0,1,0,1,1,0,5,1,0,0,0,2026-03-31
695490,hitting,2026,11,Louisville Bats,International League,5,0,0,0,1,0,3,0,0,5,1,0,1,0,2026-04-01
695490,hitting,2026,11,Louisville Bats,International League,4,1,0,0,1,0,1,0,0,6,0,0,0,1,2026-04-02
695490,hitting,2026,11,Louisville Bats,International League,4,0,0,0,1,0,2,0,0,4,0,0,0,0,2026-04-03
695490,hitting,2026,11,Louisville Bats,International League,3,1,0,0,1,0,0,0,0,4,1,0,1,0,2026-04-04
695490,hitting,2026,11,Louisville Bats,International League,4,0,0,0,1,0,0,0,0,4,0,0,0,0,2026-04-05
695490,hitting,2026,11,Louisville Bats,International League,4,0,0,1,1,0,1,0,0,5,2,0,0,0,2026-04-07
695490,hitting,2026,11,Louisville Bats,International League,3,1,0,0,1,0,0,0,0,4,0,0,0,0,2026-04-08
695490,hitting,2026,11,Louisville Bats,International League,4,1,0,0,1,0,2,1,0,5,2,0,1,0,2026-04-09
695490,hitting,2026,11,Louisville Bats,International League,4,0,0,0,1,0,0,0,0,5,0,0,0,0,2026-04-10
695490,hitting,2026,11,Louisville Bats,International League,6,0,0,0,1,0,3,0,0,6,2,0,0,0,2026-04-11
695490,hitting,2026,11,Louisville Bats,International League,5,0,0,0,1,0,1,0,0,5,0,0,0,0,2026-04-12
695490,hitting,2026,11,Louisville Bats,International League,4,1,0,0,1,0,3,1,0,6,2,1,0,0,2026-04-14
695490,hitting,2026,11,Louisville Bats,International League,3,0,0,0,1,0,1,0,0,5,1,1,0,0,2026-04-15
695490,hitting,2026,11,Louisville Bats,International League,3,1,0,0,1,0,0,0,0,4,1,0,0,0,2026-04-16
695490,hitting,2026,11,Louisville Bats,International League,3,2,0,0,1,0,1,0,0,5,0,0,0,0,2026-04-17
695490,hitting,2026,11,Louisville Bats,International League,4,0,0,0,1,0,1,0,0,5,0,1,0,0,2026-04-18
695490,hitting,2026,11,Louisville Bats,International League,2,1,0,0,1,1,0,0,0,4,0,0,0,0,2026-04-19
695490,hitting,2026,11,Louisville Bats,International League,6,0,0,1,1,0,2,0,0,6,0,0,1,0,2026-04-21
695490,hitting,2026,11,Louisville Bats,International League,5,0,0,0,1,0,1,0,0,5,0,0,0,0,2026-04-22
695490,hitting,2026,11,Louisville Bats,International League,5,0,0,0,1,1,3,0,0,6,0,0,0,0,2026-04-24
695490,hitting,2026,11,Louisville Bats,International League,4,0,0,0,1,0,1,0,0,4,0,0,0,0,2026-04-25
695490,hitting,2026,11,Louisville Bats,International League,3,2,0,0,1,0,0,0,0,6,0,0,0,0,2026-04-26
695490,hitting,2026,11,Louisville Bats,International League,4,0,0,1,1,0,2,0,0,4,1,0,0,0,2026-04-28
695490,hitting,2026,11,Louisville Bats,International League,5,0,0,1,1,0,2,0,0,5,0,0,0,0,2026-04-29
695490,hitting,2026,11,Louisville Bats,International League,4,1,0,0,1,0,1,0,0,5,0,0,0,1,2026-04-30
695490,hitting,2026,11,Louisville Bats,International League,6,0,0,0,1,0,1,0,0,6,1,0,0,1,2026-05-01
695490,hitting,2026,11,Louisville Bats,International League,5,0,0,0,1,0,2,1,0,5,2,0,0,0,2026-05-02
695490,hitting,2026,11,Louisville Bats,International League,4,2,0,1,1,0,3,0,0,6,4,0,0,0,2026-05-03
695490,hitting,2026,11,Louisville Bats,International League,5,0,0,0,1,0,1,0,0,5,0,0,0,0,2026-05-06
695490,hitting,2026,11,Louisville Bats,International League,2,0,0,0,1,1,1,0,0,3,1,0,0,0,2026-05-07
695490,hitting,2026,11,Louisville Bats,International League,5,0,0,0,1,0,4,1,0,5,2,0,0,1,2026-05-07
695490,hitting,2026,11,Louisville Bats,International League,5,0,0,0,1,0,3,2,0,5,3,0,0,0,2026-05-08
695490,hitting,2026,11,Louisville Bats,International League,5,0,0,2,1,0,4,0,0,5,2,0,0,0,2026-05-09
695490,hitting,2026,11,Louisville Bats,International League,4,0,0,0,1,0,0,0,0,4,0,0,0,0,2026-05-10
695490,hitting,2026,11,Louisville Bats,International League,4,0,0,0,1,0,2,1,0,4,2,0,0,0,2026-05-12
695490,hitting,2026,11,Louisville Bats,International League,3,1,0,0,1,0,2,1,0,4,2,0,2,0,2026-05-14
695490,hitting,2026,11,Louisville Bats,International League,3,0,0,0,1,0,1,0,0,3,0,0,0,0,2026-05-15
695490,hitting,2026,11,Louisville Bats,International League,4,0,0,0,1,0,0,0,0,4,0,0,0,0,2026-05-17
695490,hitting,2026,11,Louisville Bats,International League,3,0,0,0,1,0,2,0,0,3,1,0,1,0,2026-05-17
695490,hitting,2026,11,Louisville Bats,International League,5,0,0,0,1,0,3,0,0,5,2,0,0,1,2026-05-19
695490,hitting,2026,11,Louisville Bats,International League,4,0,0,0,1,0,0,0,0,4,0,0,0,0,2026-05-20
695490,hitting,2026,11,Louisville Bats,International League,4,0,0,0,1,0,2,1,0,4,1,0,0,0,2026-05-21
695490,hitting,2026,11,Louisville Bats,International League,4,0,0,0,1,0,1,0,0,4,0,0,0,0,2026-05-23
695490,hitting,2026,11,Louisville Bats,International League,4,0,0,1,1,0,1,0,0,4,0,0,0,0,2026-05-23
695490,hitting,2026,11,Louisville Bats,International League,4,0,0,0,1,1,1,0,0,5,1,0,1,0,2026-05-26
695490,hitting,2026,11,Louisville Bats,International League,4,0,0,0,1,1,0,0,0,5,0,0,0,0,2026-05-27
695490,hitting,2026,11,Louisville Bats,International League,5,0,0,0,1,0,1,0,0,5,0,0,0,0,2026-05-28
695490,hitting,2026,11,Louisville Bats,International League,5,0,0,0,1,0,1,1,0,5,1,0,0,0,2026-05-29
695490,hitting,2026,11,Louisville Bats,International League,4,0,0,0,1,0,0,0,0,4,0,0,0,0,2026-05-30
695506,hitting,2025,11,Omaha Storm Chasers,International League,4,0,0,0,1,0,1,0,0,4,0,0,0,0,2025-05-20
695506,hitting,2025,11,Omaha Storm Chasers,International League,5,0,0,0,1,0,2,0,0,5,0,0,0,0,2025-05-21
695506,hitting,2025,11,Omaha Storm Chasers,International League,4,0,0,0,1,0,1,1,0,4,1,0,0,0,2025-05-22
695506,hitting,2025,11,Omaha Storm Chasers,International League,3,1,0,0,1,0,1,1,1,5,1,1,0,0,2025-05-23
695506,hitting,2025,11,Omaha Storm Chasers,International League,5,0,0,0,1,0,1,1,0,5,1,0,0,0,2025-05-24
695506,hitting,2025,11,Omaha Storm Chasers,International League,5,0,0,0,1,0,3,2,0,5,2,0,0,0,2025-05-25
695506,hitting,2025,11,Omaha Storm Chasers,International League,5,0,0,0,1,0,0,0,0,5,0,0,0,0,2025-05-27
695506,hitting,2025,11,Omaha Storm Chasers,International League,4,0,0,1,1,0,3,0,0,4,0,0,0,0,2025-05-28
695506,hitting,2025,11,Omaha Storm Chasers,International League,2,2,0,0,1,0,0,0,0,4,0,0,0,0,2025-05-29
695506,hitting,2025,11,Omaha Storm Chasers,International League,4,1,0,0,1,0,2,1,0,5,3,0,0,0,2025-05-30
695506,hitting,2025,11,Omaha Storm Chasers,International League,2,1,0,0,1,0,0,0,0,4,0,1,0,0,2025-05-31
695506,hitting,2025,11,Omaha Storm Chasers,International League,4,0,0,0,1,0,1,0,0,4,1,0,0,0,2025-06-01
695506,hitting,2025,12,Northwest Arkansas Naturals,Texas League,5,0,0,0,1,0,1,0,0,6,1,1,0,0,2025-04-04
695506,hitting,2025,12,Northwest Arkansas Naturals,Texas League,3,1,0,0,1,0,1,1,0,5,1,1,0,0,2025-04-05
695506,hitting,2025,12,Northwest Arkansas Naturals,Texas League,5,1,0,1,1,0,3,0,0,6,2,0,0,0,2025-04-06
695506,hitting,2025,12,Northwest Arkansas Naturals,Texas League,3,2,0,0,1,0,1,1,0,5,2,0,0,0,2025-04-08
695506,hitting,2025,12,Northwest Arkansas Naturals,Texas League,5,0,0,0,1,0,1,0,0,5,1,0,0,0,2025-04-09
695506,hitting,2025,12,Northwest Arkansas Naturals,Texas League,5,0,0,0,1,0,2,0,0,5,0,0,0,0,2025-04-10
695506,hitting,2025,12,Northwest Arkansas Naturals,Texas League,4,0,0,1,1,0,1,0,0,4,1,0,0,0,2025-04-11
695506,hitting,2025,12,Northwest Arkansas Naturals,Texas League,4,0,0,0,1,0,0,0,0,4,0,0,0,0,2025-04-12
695506,hitting,2025,12,Northwest Arkansas Naturals,Texas League,4,1,0,0,1,0,1,1,0,5,1,0,0,0,2025-04-13
695506,hitting,2025,12,Northwest Arkansas Naturals,Texas League,3,1,0,0,1,0,0,0,0,4,0,0,0,0,2025-04-15
695506,hitting,2025,12,Northwest Arkansas Naturals,Texas League,4,0,0,0,1,0,0,0,0,4,0,0,0,0,2025-04-16
695506,hitting,2025,12,Northwest Arkansas Naturals,Texas League,4,0,0,0,1,0,0,0,0,4,0,0,0,0,2025-04-17
695506,hitting,2025,12,Northwest Arkansas Naturals,Texas League,5,0,0,0,1,0,0,0,0,5,0,0,0,0,2025-04-18
695506,hitting,2025,12,Northwest Arkansas Naturals,Texas League,5,1,0,0,1,0,3,1,1,6,1,0,0,0,2025-04-19
695506,hitting,2025,12,Northwest Arkansas Naturals,Texas League,3,1,0,0,1,0,2,0,0,5,2,1,1,0,2025-04-20
695506,hitting,2025,12,Northwest Arkansas Naturals,Texas League,4,1,0,1,1,1,3,0,0,6,2,0,0,0,2025-04-22
695506,hitting,2025,12,Northwest Arkansas Naturals,Texas League,4,0,0,1,1,0,2,0,0,4,0,0,0,0,2025-04-23
695506,hitting,2025,12,Northwest Arkansas Naturals,Texas League,4,0,0,0,1,0,0,0,0,4,0,0,0,0,2025-04-24
695506,hitting,2025,12,Northwest Arkansas Naturals,Texas League,4,1,1,0,1,0,1,0,0,5,1,0,0,0,2025-04-25
695506,hitting,2025,12,Northwest Arkansas Naturals,Texas League,4,0,0,1,1,0,1,0,0,4,0,0,0,0,2025-04-26
695506,hitting,2025,12,Northwest Arkansas Naturals,Texas League,3,1,0,1,1,0,1,0,0,4,2,0,0,0,2025-04-27
695506,hitting,2025,12,Northwest Arkansas Naturals,Texas League,3,1,0,0,1,0,2,0,0,4,1,0,0,0,2025-04-30
695506,hitting,2025,12,Northwest Arkansas Naturals,Texas League,5,0,0,0,1,0,2,0,0,5,0,0,0,0,2025-05-01
695506,hitting,2025,12,Northwest Arkansas Naturals,Texas League,2,1,0,0,1,0,2,0,0,3,1,0,0,0,2025-05-02
695506,hitting,2025,12,Northwest Arkansas Naturals,Texas League,3,1,0,0,1,0,0,0,0,4,1,0,0,0,2025-05-02
695506,hitting,2025,12,Northwest Arkansas Naturals,Texas League,3,1,0,0,1,0,1,1,0,4,1,0,0,0,2025-05-03
695506,hitting,2025,12,Northwest Arkansas Naturals,Texas League,4,0,0,0,1,0,2,1,0,4,1,0,0,0,2025-05-04
695506,hitting,2025,12,Northwest Arkansas Naturals,Texas League,4,0,0,0,1,0,3,2,0,4,2,0,0,0,2025-05-06
695506,hitting,2025,12,Northwest Arkansas Naturals,Texas League,3,1,0,0,1,0,1,0,0,4,1,0,0,0,2025-05-07
695506,hitting,2025,12,Northwest Arkansas Naturals,Texas League,4,0,0,0,1,0,1,0,0,4,0,0,0,0,2025-05-08
695506,hitting,2025,12,Northwest Arkansas Naturals,Texas League,4,0,0,0,1,0,1,1,0,4,1,0,0,0,2025-05-09
695506,hitting,2025,12,Northwest Arkansas Naturals,Texas League,4,0,0,0,1,0,1,0,0,4,0,0,0,0,2025-05-10
695506,hitting,2025,12,Northwest Arkansas Naturals,Texas League,4,0,0,0,1,0,1,0,0,4,0,0,0,0,2025-05-11
695506,hitting,2025,12,Northwest Arkansas Naturals,Texas League,5,1,0,0,1,0,2,0,0,6,2,0,1,0,2025-05-13
695506,hitting,2025,12,Northwest Arkansas Naturals,Texas League,5,0,0,0,1,0,1,0,0,5,0,0,0,0,2025-05-14
695506,hitting,2025,12,Northwest Arkansas Naturals,Texas League,4,2,0,1,1,0,2,0,0,6,3,0,0,0,2025-05-15
695506,hitting,2025,12,Northwest Arkansas Naturals,Texas League,5,0,0,1,1,0,1,0,0,5,1,0,0,0,2025-05-16
695506,hitting,2025,12,Northwest Arkansas Naturals,Texas League,5,0,0,0,1,0,2,0,0,5,0,0,0,0,2025-05-18
695578,hitting,2024,11,Rochester Red Wings,International League,4,0,0,1,1,0,1,0,0,4,0,0,0,0,2024-03-29
695578,hitting,2024,11,Rochester Red Wings,International League,3,3,0,0,1,0,2,0,0,6,1,0,0,0,2024-03-30
695578,hitting,2024,11,Rochester Red Wings,International League,3,2,0,0,1,0,1,0,0,5,2,0,0,0,2024-03-31
695578,hitting,2024,11,Rochester Red Wings,International League,4,0,0,1,1,0,1,0,0,4,0,0,0,0,2024-04-06
695578,hitting,2024,11,Rochester Red Wings,International League,3,1,0,0,1,0,0,0,0,4,0,0,0,0,2024-04-07
695578,hitting,2024,11,Rochester Red Wings,International League,3,1,0,1,1,0,2,0,0,4,1,0,1,0,2024-04-07
695578,hitting,2024,11,Rochester Red Wings,International League,5,0,1,2,1,0,2,0,0,5,2,0,0,0,2024-04-09
695578,hitting,2024,11,Rochester Red Wings,International League,4,2,0,0,1,0,2,0,0,6,2,0,0,0,2024-04-10
695578,hitting,2024,11,Rochester Red Wings,International League,5,0,0,1,1,0,4,2,0,5,4,0,1,0,2024-04-11
695578,hitting,2024,11,Rochester Red Wings,International League,3,2,0,0,1,0,1,0,0,5,1,0,3,0,2024-04-13
695578,hitting,2024,11,Rochester Red Wings,International League,4,1,0,0,1,0,1,0,0,5,1,0,0,0,2024-04-13
695578,hitting,2024,11,Rochester Red Wings,International League,5,0,0,0,1,0,0,0,0,5,0,0,0,0,2024-04-14
695578,hitting,2024,11,Rochester Red Wings,International League,4,1,0,0,1,0,0,0,0,5,0,0,0,0,2024-04-16
695578,hitting,2024,11,Rochester Red Wings,International League,4,0,0,0,1,0,2,0,0,4,2,0,0,0,2024-04-17
695578,hitting,2024,11,Rochester Red Wings,International League,4,0,0,0,1,0,1,0,0,4,0,0,0,0,2024-04-18
695578,hitting,2024,11,Rochester Red Wings,International League,4,0,0,0,1,0,0,0,0,4,0,0,0,0,2024-04-19
695578,hitting,2024,11,Rochester Red Wings,International League,5,0,0,0,1,0,1,0,0,5,0,0,0,0,2024-04-20
695578,hitting,2024,11,Rochester Red Wings,International League,5,0,0,0,1,0,1,0,0,5,0,0,0,0,2024-04-21
695578,hitting,2024,11,Rochester Red Wings,International League,4,2,0,1,1,0,1,0,0,6,1,0,0,0,2024-04-23
695578,hitting,2024,11,Rochester Red Wings,International League,4,1,0,1,1,0,1,0,0,5,1,0,0,0,2024-04-24
695578,hitting,2024,11,Rochester Red Wings,International League,4,0,0,1,1,0,2,0,0,4,0,0,0,0,2024-04-25
695578,hitting,2024,11,Rochester Red Wings,International League,3,1,0,0,1,0,1,0,0,4,0,0,0,0,2024-04-27
695578,hitting,2024,11,Rochester Red Wings,International League,4,0,0,0,1,0,3,0,0,4,2,0,2,0,2024-04-27
695578,hitting,2024,11,Rochester Red Wings,International League,4,1,0,0,1,0,1,0,0,5,1,0,1,0,2024-04-30
695578,hitting,2024,11,Rochester Red Wings,International League,4,0,0,0,1,0,1,0,0,4,0,0,0,0,2024-05-01
695578,hitting,2024,11,Rochester Red Wings,International League,3,1,0,0,1,0,0,0,0,4,0,0,0,0,2024-05-02
695578,hitting,2024,11,Rochester Red Wings,International League,5,1,0,0,1,0,3,0,0,6,1,0,0,0,2024-05-03
695578,hitting,2024,11,Rochester Red Wings,International League,4,0,0,1,1,0,1,0,0,4,0,0,0,0,2024-05-04
695578,hitting,2024,11,Rochester Red Wings,International League,3,1,0,0,1,0,1,0,0,4,1,0,0,0,2024-05-05
695578,hitting,2024,11,Rochester Red Wings,International League,4,1,0,1,1,0,2,0,0,5,1,0,0,0,2024-05-07
695578,hitting,2024,11,Rochester Red Wings,International League,3,1,0,0,1,0,2,2,0,4,2,0,0,0,2024-05-08
695578,hitting,2024,11,Rochester Red Wings,International League,4,0,0,0,1,0,2,1,0,5,2,1,1,0,2024-05-09
695578,hitting,2024,11,Rochester Red Wings,International League,4,1,0,0,1,0,2,2,0,5,3,0,0,0,2024-05-11
695578,hitting,2024,11,Rochester Red Wings,International League,2,1,0,0,1,0,1,0,0,3,1,0,0,0,2024-05-11
695578,hitting,2024,11,Rochester Red Wings,International League,5,0,0,0,1,0,1,0,0,5,1,0,0,0,2024-05-12
695578,hitting,2024,11,Rochester Red Wings,International League,4,1,0,0,1,0,3,0,0,5,1,0,0,0,2024-05-14
695578,hitting,2024,11,Rochester Red Wings,International League,4,1,0,1,1,0,1,0,0,5,1,0,0,0,2024-05-15
695578,hitting,2024,11,Rochester Red Wings,International League,2,2,0,0,1,0,1,0,0,4,0,0,0,0,2024-05-16
695578,hitting,2024,11,Rochester Red Wings,International League,3,1,0,0,1,0,0,0,0,4,0,0,0,0,2024-05-18
695578,hitting,2024,11,Rochester Red Wings,International League,3,0,0,0,1,0,1,0,0,3,1,0,0,0,2024-05-18
695578,hitting,2024,11,Rochester Red Wings,International League,4,1,0,0,1,0,2,0,1,5,0,0,1,0,2024-05-19
695578,hitting,2024,11,Rochester Red Wings,International League,2,2,0,0,1,0,0,0,0,4,0,0,0,0,2024-05-21
695578,hitting,2024,11,Rochester Red Wings,International League,3,0,0,0,1,0,1,1,0,3,1,0,0,0,2024-05-21
695578,hitting,2024,11,Rochester Red Wings,International League,4,1,0,1,1,0,3,1,0,5,2,0,0,0,2024-05-22
695578,hitting,2024,11,Rochester Red Wings,International League,1,1,0,0,1,0,0,0,0,2,0,0,0,0,2024-05-23
695578,hitting,2024,11,Rochester Red Wings,International League,2,1,0,0,1,0,0,0,0,3,0,0,0,0,2024-06-18
695578,hitting,2024,11,Rochester Red Wings,International League,3,1,0,0,1,0,0,0,0,4,1,0,0,0,2024-06-20
695578,hitting,2024,11,Rochester Red Wings,International League,5,0,0,0,1,0,2,1,0,5,1,0,0,0,2024-06-22
695578,hitting,2024,11,Rochester Red Wings,International League,2,2,0,0,1,0,1,0,0,4,1,0,0,0,2024-06-23
695578,hitting,2024,11,Rochester Red Wings,International League,4,0,0,0,1,0,2,0,0,4,0,0,0,0,2024-06-25
695578,hitting,2024,11,Rochester Red Wings,International League,3,0,0,0,1,0,0,0,0,3,0,0,0,0,2024-06-27
695578,hitting,2024,11,Rochester Red Wings,International League,5,1,0,3,1,0,3,0,0,6,2,0,0,0,2024-06-28
695600,hitting,2025,11,Omaha Storm Chasers,International League,4,0,0,0,1,0,0,0,0,4,0,0,0,0,2025-06-24
695600,hitting,2025,11,Omaha Storm Chasers,International League,5,0,0,0,1,0,0,0,0,5,0,0,0,0,2025-06-25
695600,hitting,2025,11,Omaha Storm Chasers,International League,6,0,0,0,1,0,1,1,0,6,1,0,0,0,2025-06-26
695600,hitting,2025,11,Omaha Storm Chasers,International League,3,0,0,0,1,0,0,0,0,3,0,0,0,0,2025-06-27
695600,hitting,2025,11,Omaha Storm Chasers,International League,4,0,0,0,1,0,0,0,0,4,0,0,0,0,2025-06-28
695600,hitting,2025,11,Omaha Storm Chasers,International League,4,0,0,0,1,0,2,2,0,4,2,0,0,0,2025-07-01
695600,hitting,2025,11,Omaha Storm Chasers,International League,5,0,0,1,1,0,2,1,0,5,1,0,0,0,2025-07-02
695600,hitting,2025,11,Omaha Storm Chasers,International League,3,1,0,0,1,0,0,0,0,4,0,0,0,0,2025-07-03
695600,hitting,2025,11,Omaha Storm Chasers,International League,3,1,0,0,1,0,1,1,0,4,1,0,0,0,2025-07-04
695600,hitting,2025,11,Omaha Storm Chasers,International League,3,1,0,2,1,0,2,0,0,4,3,0,1,0,2025-07-05
695600,hitting,2025,11,Omaha Storm Chasers,International League,2,3,0,0,1,0,2,1,0,5,1,0,0,0,2025-07-08
695600,hitting,2025,11,Omaha Storm Chasers,International League,5,0,0,1,1,0,3,0,0,5,1,0,0,0,2025-07-09
695600,hitting,2025,11,Omaha Storm Chasers,International League,4,0,0,0,1,0,0,0,0,4,0,0,0,0,2025-07-10
695600,hitting,2025,11,Omaha Storm Chasers,International League,3,2,0,0,1,0,2,0,0,5,2,0,0,0,2025-07-18
695600,hitting,2025,11,Omaha Storm Chasers,International League,5,0,0,0,1,0,2,1,0,5,1,0,0,0,2025-07-20
695600,hitting,2025,11,Omaha Storm Chasers,International League,3,1,0,0,1,0,0,0,0,4,1,0,0,0,2025-07-22
695600,hitting,2025,11,Omaha Storm Chasers,International League,4,0,0,0,1,0,0,0,0,4,0,0,0,0,2025-07-24
695600,hitting,2025,11,Omaha Storm Chasers,International League,3,1,0,0,1,0,0,0,0,4,0,0,0,0,2025-07-25
695600,hitting,2025,11,Omaha Storm Chasers,International League,4,0,0,0,1,0,1,1,0,4,1,0,0,0,2025-07-26
695600,hitting,2025,11,Omaha Storm Chasers,International League,4,0,0,0,1,0,1,0,0,4,0,0,0,0,2025-07-27
695600,hitting,2025,11,Omaha Storm Chasers,International League,4,0,0,0,1,0,1,0,0,4,0,0,0,0,2025-07-29
695600,hitting,2025,11,Omaha Storm Chasers,International League,2,2,0,0,1,0,1,0,0,4,1,0,1,0,2025-07-30
695600,hitting,2025,11,Omaha Storm Chasers,International League,3,1,0,0,1,0,0,0,0,4,0,0,0,0,2025-07-31
695600,hitting,2025,11,Omaha Storm Chasers,International League,4,0,0,1,1,0,1,0,0,4,1,0,0,0,2025-08-01
695600,hitting,2025,11,Omaha Storm Chasers,International League,2,2,0,0,1,0,1,0,0,4,1,0,0,0,2025-08-03
695600,hitting,2025,11,Omaha Storm Chasers,International League,3,2,0,0,1,0,1,0,0,5,1,0,0,0,2025-08-05
695600,hitting,2025,11,Omaha Storm Chasers,International League,4,0,0,2,1,0,2,0,0,4,0,0,0,0,2025-08-06
695600,hitting,2025,11,Omaha Storm Chasers,International League,3,1,0,0,1,0,0,0,0,4,0,0,0,0,2025-08-07
695600,hitting,2025,11,Omaha Storm Chasers,International League,3,1,0,0,1,0,0,0,0,4,0,0,0,0,2025-08-08
695600,hitting,2025,11,Omaha Storm Chasers,International League,5,0,0,1,1,0,3,1,0,5,2,0,0,1,2025-08-09
695600,hitting,2025,11,Omaha Storm Chasers,International League,4,0,0,0,1,0,0,0,0,5,0,0,0,0,2025-08-10
695600,hitting,2025,11,Omaha Storm Chasers,International League,1,0,0,0,1,0,0,0,0,1,0,0,0,0,2025-08-12
695600,hitting,2025,11,Omaha Storm Chasers,International League,4,0,0,0,1,0,3,1,0,4,1,0,0,0,2025-08-16
695600,hitting,2025,11,Omaha Storm Chasers,International League,3,2,0,0,1,0,1,1,0,5,1,0,1,0,2025-08-17
695600,hitting,2025,11,Omaha Storm Chasers,International League,4,1,0,0,1,0,0,0,0,5,1,0,0,0,2025-08-19
695600,hitting,2025,11,Omaha Storm Chasers,International League,3,1,0,0,1,0,1,0,0,4,0,0,0,0,2025-08-20
695600,hitting,2025,11,Omaha Storm Chasers,International League,3,1,0,1,1,0,1,0,0,4,1,0,0,0,2025-08-22
695600,hitting,2025,11,Omaha Storm Chasers,International League,4,2,0,0,1,0,2,0,0,6,2,0,0,0,2025-08-23
695600,hitting,2025,11,Omaha Storm Chasers,International League,4,1,0,0,1,0,3,2,1,5,3,0,0,0,2025-08-26
695600,hitting,2025,11,Omaha Storm Chasers,International League,4,0,0,1,1,0,2,0,0,4,0,0,0,0,2025-08-27
695600,hitting,2025,11,Omaha Storm Chasers,International League,4,0,0,0,1,0,0,0,0,4,0,0,0,0,2025-08-28
695600,hitting,2025,11,Omaha Storm Chasers,International League,4,1,0,1,1,0,2,1,0,5,1,0,0,0,2025-08-29
695600,hitting,2025,11,Omaha Storm Chasers,International League,1,2,0,0,1,0,0,0,0,3,1,0,0,0,2025-08-30
695600,hitting,2025,12,Northwest Arkansas Naturals,Texas League,6,0,0,0,1,0,3,0,0,6,0,0,0,0,2025-04-04
695600,hitting,2025,12,Northwest Arkansas Naturals,Texas League,3,2,1,0,1,0,2,0,0,5,1,0,0,0,2025-04-05
695600,hitting,2025,12,Northwest Arkansas Naturals,Texas League,6,0,0,0,1,0,2,0,0,6,3,0,0,0,2025-04-06
695600,hitting,2025,12,Northwest Arkansas Naturals,Texas League,5,0,0,0,1,0,2,0,0,5,1,0,0,1,2025-04-08
695600,hitting,2025,12,Northwest Arkansas Naturals,Texas League,5,0,0,0,1,0,0,0,0,5,1,0,0,0,2025-04-09
695600,hitting,2025,12,Northwest Arkansas Naturals,Texas League,4,1,0,0,1,0,0,0,0,5,0,0,0,0,2025-04-10
695600,hitting,2025,12,Northwest Arkansas Naturals,Texas League,3,0,0,0,1,1,0,0,0,4,0,0,0,0,2025-04-11
695600,hitting,2025,12,Northwest Arkansas Naturals,Texas League,4,0,0,0,1,0,0,0,0,4,0,0,0,0,2025-04-12
695600,hitting,2025,12,Northwest Arkansas Naturals,Texas League,4,1,0,0,1,0,1,0,0,5,1,0,0,0,2025-04-13
695600,hitting,2025,12,Northwest Arkansas Naturals,Texas League,4,0,0,0,1,0,0,0,0,4,0,0,0,0,2025-04-15
695600,hitting,2025,12,Northwest Arkansas Naturals,Texas League,4,0,0,0,1,0,2,0,0,4,0,0,0,0,2025-04-16
695600,hitting,2025,12,Northwest Arkansas Naturals,Texas League,4,0,0,0,1,0,0,0,0,4,0,0,0,0,2025-04-17
695600,hitting,2025,12,Northwest Arkansas Naturals,Texas League,5,0,0,0,1,0,0,0,0,5,0,0,0,0,2025-04-18
695600,hitting,2025,12,Northwest Arkansas Naturals,Texas League,6,0,0,0,1,0,0,0,0,6,0,0,0,0,2025-04-19
695600,hitting,2025,12,Northwest Arkansas Naturals,Texas League,5,0,0,0,1,0,2,1,0,5,2,0,0,0,2025-04-20
695600,hitting,2025,12,Northwest Arkansas Naturals,Texas League,4,1,0,0,1,0,1,0,0,5,1,0,0,0,2025-04-22
695600,hitting,2025,12,Northwest Arkansas Naturals,Texas League,3,1,0,0,1,0,1,1,0,4,1,0,0,0,2025-04-23
695600,hitting,2025,12,Northwest Arkansas Naturals,Texas League,4,1,0,0,1,0,0,0,0,5,0,0,0,0,2025-04-24
695600,hitting,2025,12,Northwest Arkansas Naturals,Texas League,3,1,0,0,1,0,1,0,0,4,1,0,0,0,2025-04-25
695600,hitting,2025,12,Northwest Arkansas Naturals,Texas League,4,0,0,0,1,0,2,0,0,4,0,0,0,0,2025-04-26
695600,hitting,2025,12,Northwest Arkansas Naturals,Texas League,4,1,0,0,1,0,1,0,0,5,0,0,0,0,2025-04-30
695600,hitting,2025,12,Northwest Arkansas Naturals,Texas League,5,0,0,0,1,0,3,0,0,5,1,0,0,0,2025-05-01
695600,hitting,2025,12,Northwest Arkansas Naturals,Texas League,4,0,0,1,1,0,1,0,0,4,0,0,0,0,2025-05-02
695600,hitting,2025,12,Northwest Arkansas Naturals,Texas League,4,0,0,1,1,0,1,0,0,4,0,0,0,0,2025-05-02
695600,hitting,2025,12,Northwest Arkansas Naturals,Texas League,5,0,0,0,1,0,1,1,0,5,1,0,0,0,2025-05-03
695600,hitting,2025,12,Northwest Arkansas Naturals,Texas League,4,0,0,0,1,0,0,0,0,4,0,0,0,0,2025-05-04
695600,hitting,2025,12,Northwest Arkansas Naturals,Texas League,4,1,0,0,1,0,0,0,0,5,1,0,0,0,2025-05-06
695600,hitting,2025,12,Northwest Arkansas Naturals,Texas League,5,0,0,0,1,0,1,0,0,5,0,0,0,0,2025-05-07
695600,hitting,2025,12,Northwest Arkansas Naturals,Texas League,3,1,0,0,1,0,1,0,0,4,0,0,0,0,2025-05-08
695600,hitting,2025,12,Northwest Arkansas Naturals,Texas League,4,0,0,0,1,0,1,0,0,4,0,0,0,0,2025-05-09
695600,hitting,2025,12,Northwest Arkansas Naturals,Texas League,4,0,0,0,1,0,2,0,0,4,0,0,0,0,2025-05-10
695600,hitting,2025,12,Northwest Arkansas Naturals,Texas League,4,0,0,0,1,0,0,0,0,4,0,0,1,0,2025-05-11
695600,hitting,2025,12,Northwest Arkansas Naturals,Texas League,5,1,0,0,1,0,2,0,0,6,1,0,0,0,2025-05-13
695600,hitting,2025,12,Northwest Arkansas Naturals,Texas League,2,3,0,0,1,0,1,0,0,5,0,0,0,0,2025-05-14
695600,hitting,2025,12,Northwest Arkansas Naturals,Texas League,4,2,0,0,1,0,1,0,0,6,0,0,0,0,2025-05-15
695600,hitting,2025,12,Northwest Arkansas Naturals,Texas League,3,2,0,0,1,0,1,0,0,5,1,0,0,0,2025-05-16
695600,hitting,2025,12,Northwest Arkansas Naturals,Texas League,4,0,0,0,1,0,0,0,0,4,0,0,0,0,2025-05-17
695600,hitting,2025,12,Northwest Arkansas Naturals,Texas League,4,1,0,0,1,0,0,0,0,5,1,0,0,0,2025-05-18
695600,hitting,2025,12,Northwest Arkansas Naturals,Texas League,5,0,0,1,1,0,4,0,0,5,1,0,0,1,2025-05-20
695600,hitting,2025,12,Northwest Arkansas Naturals,Texas League,4,0,0,0,1,0,1,0,0,4,1,0,1,0,2025-05-21
695600,hitting,2025,12,Northwest Arkansas Naturals,Texas League,3,0,0,0,1,0,0,0,0,3,0,0,0,0,2025-05-22
695600,hitting,2025,12,Northwest Arkansas Naturals,Texas League,2,1,0,0,1,0,1,0,0,4,0,1,1,0,2025-05-23
695600,hitting,2025,12,Northwest Arkansas Naturals,Texas League,3,1,0,0,1,0,2,0,0,4,2,0,1,0,2025-05-24
695600,hitting,2025,12,Northwest Arkansas Naturals,Texas League,3,0,0,0,1,0,0,0,0,4,0,1,0,0,2025-05-25
695600,hitting,2025,12,Northwest Arkansas Naturals,Texas League,5,0,0,1,1,0,2,0,0,5,1,0,0,0,2025-05-28
695600,hitting,2025,12,Northwest Arkansas Naturals,Texas League,4,0,0,0,1,0,2,0,0,4,0,0,0,0,2025-05-29
695600,hitting,2025,12,Northwest Arkansas Naturals,Texas League,3,0,0,0,1,0,1,0,0,3,1,0,0,0,2025-05-30
695600,hitting,2025,12,Northwest Arkansas Naturals,Texas League,3,0,0,1,1,0,2,0,0,3,1,0,1,0,2025-05-30
695600,hitting,2025,12,Northwest Arkansas Naturals,Texas League,6,0,0,0,1,0,3,1,0,6,3,0,0,1,2025-05-31
695600,hitting,2025,12,Northwest Arkansas Naturals,Texas League,4,0,0,0,1,0,2,0,0,4,1,0,0,0,2025-06-01
695600,hitting,2025,12,Northwest Arkansas Naturals,Texas League,4,0,0,0,1,0,1,0,0,4,0,0,0,0,2025-06-03
695600,hitting,2025,12,Northwest Arkansas Naturals,Texas League,5,0,0,0,1,0,1,0,0,5,1,0,0,0,2025-06-04
695600,hitting,2025,12,Northwest Arkansas Naturals,Texas League,4,0,0,1,1,0,3,0,0,5,1,1,0,1,2025-06-05
695600,hitting,2025,12,Northwest Arkansas Naturals,Texas League,4,0,0,0,1,0,1,0,0,4,0,0,0,0,2025-06-06
695600,hitting,2025,12,Northwest Arkansas Naturals,Texas League,4,0,0,0,1,0,2,0,0,4,1,0,0,0,2025-06-07
695600,hitting,2025,12,Northwest Arkansas Naturals,Texas League,2,3,0,0,1,0,0,0,0,5,0,0,0,0,2025-06-08
695600,hitting,2025,12,Northwest Arkansas Naturals,Texas League,5,0,0,0,1,0,2,0,0,5,1,0,0,0,2025-06-10
695600,hitting,2025,12,Northwest Arkansas Naturals,Texas League,3,1,0,0,1,0,1,0,0,4,0,0,0,0,2025-06-11
695600,hitting,2025,12,Northwest Arkansas Naturals,Texas League,5,0,0,0,1,0,3,1,0,5,2,0,0,0,2025-06-12
695600,hitting,2025,12,Northwest Arkansas Naturals,Texas League,4,1,0,0,1,0,3,0,0,5,2,0,0,0,2025-06-13
695600,hitting,2025,12,Northwest Arkansas Naturals,Texas League,4,1,0,0,1,0,1,0,0,5,0,0,0,0,2025-06-14
695600,hitting,2025,12,Northwest Arkansas Naturals,Texas League,4,0,0,0,1,0,0,0,0,4,0,0,0,0,2025-06-15
695600,hitting,2025,12,Northwest Arkansas Naturals,Texas League,4,0,0,2,1,0,3,0,0,4,1,0,0,0,2025-06-17
695600,hitting,2025,12,Northwest Arkansas Naturals,Texas League,3,1,0,0,1,0,0,0,0,4,0,0,1,0,2025-06-18
695600,hitting,2025,12,Northwest Arkansas Naturals,Texas League,5,0,0,0,1,0,0,0,0,5,0,0,0,0,2025-06-19
695600,hitting,2025,12,Northwest Arkansas Naturals,Texas League,3,1,0,1,1,0,2,1,0,4,1,0,0,0,2025-06-20
695600,hitting,2025,12,Northwest Arkansas Naturals,Texas League,4,0,0,0,1,0,0,0,0,4,0,0,0,0,2025-06-21
695600,hitting,2025,12,Northwest Arkansas Naturals,Texas League,4,0,0,0,1,0,1,0,0,4,1,0,1,0,2025-06-22
695657,hitting,2025,11,Charlotte Knights,International League,5,0,0,0,1,0,1,1,0,5,2,0,0,0,2025-03-28
695657,hitting,2025,11,Charlotte Knights,International League,3,0,0,0,1,2,0,0,0,5,1,0,0,0,2025-03-29
695657,hitting,2025,11,Charlotte Knights,International League,5,0,0,0,1,0,0,0,0,5,0,0,0,0,2025-03-30
695657,hitting,2025,11,Charlotte Knights,International League,4,0,0,0,1,0,0,0,0,4,0,0,0,0,2025-04-01
695657,hitting,2025,11,Charlotte Knights,International League,3,0,0,0,1,0,0,0,0,3,0,0,0,0,2025-04-02
695657,hitting,2025,11,Charlotte Knights,International League,3,1,0,0,1,0,1,0,0,4,1,0,0,0,2025-04-04
695657,hitting,2025,11,Charlotte Knights,International League,4,0,0,0,1,0,0,0,0,4,0,0,0,0,2025-04-05
695657,hitting,2025,11,Charlotte Knights,International League,4,1,0,0,1,0,1,0,0,5,1,0,0,0,2025-04-06
695657,hitting,2025,11,Charlotte Knights,International League,3,1,0,0,1,0,0,0,0,4,0,0,0,0,2025-04-08
695657,hitting,2025,11,Charlotte Knights,International League,3,0,0,0,1,0,0,0,0,3,0,0,0,0,2025-04-09
695657,hitting,2025,11,Charlotte Knights,International League,4,0,0,0,1,0,1,0,0,4,0,0,0,0,2025-04-12
695657,hitting,2025,11,Charlotte Knights,International League,4,0,0,0,1,0,0,0,0,4,0,0,0,0,2025-04-12
695657,hitting,2025,11,Charlotte Knights,International League,4,0,0,0,1,0,2,1,0,4,1,0,0,0,2025-04-13
695657,hitting,2025,11,Charlotte Knights,International League,5,0,0,0,1,0,2,0,0,5,0,0,0,0,2025-04-15
695657,hitting,2025,11,Charlotte Knights,International League,4,1,0,0,1,0,1,0,0,5,0,0,0,0,2025-04-16
695657,hitting,2025,11,Charlotte Knights,International League,5,0,0,0,1,0,1,0,0,5,0,0,0,0,2025-04-17
695657,hitting,2025,11,Charlotte Knights,International League,5,0,0,0,1,0,1,0,0,5,0,0,0,0,2025-04-19
695657,hitting,2025,11,Charlotte Knights,International League,5,0,0,0,1,0,2,1,0,5,1,0,0,0,2025-04-20
695657,hitting,2025,11,Charlotte Knights,International League,4,1,0,0,1,0,0,0,0,5,0,0,0,0,2025-04-22
695657,hitting,2025,11,Charlotte Knights,International League,2,1,0,0,1,0,0,0,0,3,0,0,1,0,2025-04-23
695657,hitting,2025,11,Charlotte Knights,International League,4,0,0,1,1,0,1,0,0,4,0,0,0,0,2025-04-25
695657,hitting,2025,11,Charlotte Knights,International League,5,0,0,0,1,0,0,0,0,5,0,0,0,0,2025-04-26
695657,hitting,2025,11,Charlotte Knights,International League,6,1,0,0,1,0,0,0,0,7,2,0,1,0,2025-04-27
695657,hitting,2025,11,Charlotte Knights,International League,5,0,0,0,1,0,2,0,0,5,0,0,0,0,2025-05-13
695657,hitting,2025,11,Charlotte Knights,International League,4,0,0,1,1,0,1,0,0,4,0,0,0,0,2025-05-14
695657,hitting,2025,11,Charlotte Knights,International League,4,1,0,2,1,0,2,0,0,5,1,0,0,0,2025-05-15
695657,hitting,2025,11,Charlotte Knights,International League,4,0,0,0,1,0,1,0,0,4,0,0,0,0,2025-05-16
695657,hitting,2025,11,Charlotte Knights,International League,4,1,0,0,1,0,0,0,0,5,0,0,0,0,2025-05-18
695657,hitting,2025,11,Charlotte Knights,International League,4,0,1,0,1,0,3,0,0,4,1,0,0,0,2025-05-20
695657,hitting,2025,11,Charlotte Knights,International League,3,1,0,0,1,0,0,0,0,4,0,0,0,0,2025-05-21
695657,hitting,2025,11,Charlotte Knights,International League,4,1,0,0,1,0,0,0,0,5,0,0,0,0,2025-05-22
695657,hitting,2025,11,Charlotte Knights,International League,4,1,0,2,1,0,4,2,0,5,2,0,0,0,2025-05-24
695657,hitting,2025,11,Charlotte Knights,International League,5,0,0,1,1,0,1,0,0,5,1,0,0,0,2025-05-25
695657,hitting,2025,11,Charlotte Knights,International League,3,1,0,0,1,1,0,0,0,5,1,0,0,0,2025-05-27
695657,hitting,2025,11,Charlotte Knights,International League,3,0,0,0,1,0,0,0,0,3,0,0,0,0,2025-05-29
695657,hitting,2025,11,Charlotte Knights,International League,3,0,0,0,1,0,0,0,0,3,0,0,0,0,2025-05-29
695657,hitting,2025,11,Charlotte Knights,International League,1,0,0,0,1,1,0,0,0,2,0,0,0,0,2025-05-30
695657,hitting,2025,11,Charlotte Knights,International League,4,1,0,0,1,0,0,0,0,5,0,0,0,0,2025-06-04
695657,hitting,2025,11,Charlotte Knights,International League,3,0,0,0,1,1,2,2,0,4,2,0,0,0,2025-06-05
695657,hitting,2025,11,Charlotte Knights,International League,4,0,0,0,1,0,1,0,0,4,0,0,0,0,2025-06-11
695657,hitting,2025,11,Charlotte Knights,International League,3,1,0,0,1,0,0,0,0,4,0,0,0,0,2025-06-12
695657,hitting,2025,11,Charlotte Knights,International League,5,0,0,0,1,0,2,0,0,5,0,0,0,0,2025-06-13
695657,hitting,2025,11,Charlotte Knights,International League,4,0,0,0,1,0,0,0,0,4,0,0,0,0,2025-06-14
695657,hitting,2025,11,Charlotte Knights,International League,3,0,0,0,1,0,1,0,0,4,0,1,0,1,2025-06-17
695657,hitting,2025,11,Charlotte Knights,International League,4,1,0,0,1,0,0,0,0,5,0,0,0,0,2025-06-18
695657,hitting,2025,11,Charlotte Knights,International League,4,0,0,0,1,0,0,0,0,4,0,0,0,0,2025-06-19
695657,hitting,2025,11,Charlotte Knights,International League,4,1,0,1,1,0,1,0,0,5,1,0,0,0,2025-06-20
695657,hitting,2025,11,Charlotte Knights,International League,4,0,0,0,1,0,0,0,0,4,0,0,0,0,2025-06-21
695657,hitting,2025,11,Charlotte Knights,International League,4,0,0,0,1,0,1,0,0,4,0,0,0,0,2025-06-24
695657,hitting,2025,11,Charlotte Knights,International League,4,1,0,0,1,0,3,2,0,5,4,0,0,0,2025-06-26
695657,hitting,2025,11,Charlotte Knights,International League,5,0,0,1,1,0,2,0,0,5,1,0,0,0,2025-06-27
695657,hitting,2025,11,Charlotte Knights,International League,5,0,0,1,1,0,3,0,0,5,2,0,0,1,2025-06-28
695657,hitting,2025,11,Charlotte Knights,International League,4,0,0,0,1,0,2,2,0,4,2,0,0,0,2025-06-29
695657,hitting,2025,11,Charlotte Knights,International League,3,1,0,0,1,0,0,0,0,4,0,0,0,0,2025-07-01
695657,hitting,2025,11,Charlotte Knights,International League,4,0,0,0,1,1,1,0,0,5,0,0,0,0,2025-07-02
695657,hitting,2025,16,ACL White Sox,Arizona Complex League,3,1,0,0,1,0,0,0,0,4,1,0,0,0,2025-05-05
695657,hitting,2025,16,ACL White Sox,Arizona Complex League,5,0,0,0,1,0,1,0,0,5,0,0,0,0,2025-05-06
695657,hitting,2025,16,ACL White Sox,Arizona Complex League,3,0,0,0,1,0,1,0,0,3,0,0,0,0,2025-05-08
695657,hitting,2025,16,ACL White Sox,Arizona Complex League,3,0,0,0,1,0,1,0,0,3,1,0,1,0,2025-05-09
695657,hitting,2025,16,ACL White Sox,Arizona Complex League,3,1,0,0,1,0,0,0,0,4,1,0,1,0,2025-05-10
695670,hitting,2025,11,Tacoma Rainiers,Pacific Coast League,3,1,0,0,1,0,1,0,0,4,0,0,0,0,2025-03-28
695670,hitting,2025,11,Tacoma Rainiers,Pacific Coast League,4,0,0,0,1,0,1,0,0,4,0,0,0,0,2025-03-30
695670,hitting,2025,11,Tacoma Rainiers,Pacific Coast League,2,3,0,0,1,0,1,0,0,5,3,0,1,0,2025-04-02
695670,hitting,2025,11,Tacoma Rainiers,Pacific Coast League,4,0,0,1,1,0,1,0,0,5,0,1,0,0,2025-04-04
695670,hitting,2025,11,Tacoma Rainiers,Pacific Coast League,5,0,0,0,1,0,0,0,0,5,0,0,0,0,2025-04-06
695670,hitting,2025,11,Tacoma Rainiers,Pacific Coast League,2,1,0,0,1,1,0,0,0,4,0,0,0,0,2025-04-09
695670,hitting,2025,11,Tacoma Rainiers,Pacific Coast League,3,2,0,0,1,0,1,0,0,5,2,0,0,0,2025-04-10
695670,hitting,2025,11,Tacoma Rainiers,Pacific Coast League,4,1,0,0,1,0,0,0,0,5,0,0,0,0,2025-04-12
695670,hitting,2025,11,Tacoma Rainiers,Pacific Coast League,4,1,0,0,1,0,2,0,0,5,1,0,0,0,2025-04-15
695670,hitting,2025,11,Tacoma Rainiers,Pacific Coast League,3,2,0,0,1,0,0,0,0,5,0,0,0,0,2025-04-17
695670,hitting,2025,11,Tacoma Rainiers,Pacific Coast League,4,1,0,0,1,0,2,0,0,5,0,0,0,0,2025-04-18
695670,hitting,2025,11,Tacoma Rainiers,Pacific Coast League,4,0,0,0,1,0,1,0,0,4,0,0,0,0,2025-04-20
695670,hitting,2025,11,Tacoma Rainiers,Pacific Coast League,4,1,0,0,1,0,1,0,0,5,0,0,0,0,2025-04-22
695670,hitting,2025,11,Tacoma Rainiers,Pacific Coast League,3,2,0,0,1,0,1,0,0,5,2,0,1,0,2025-04-23
695670,hitting,2025,11,Tacoma Rainiers,Pacific Coast League,3,2,0,0,1,0,0,0,0,5,1,0,0,0,2025-04-24
695670,hitting,2025,11,Tacoma Rainiers,Pacific Coast League,3,1,0,0,1,0,0,0,0,4,0,0,0,0,2025-04-26
695670,hitting,2025,11,Tacoma Rainiers,Pacific Coast League,4,0,0,0,1,0,1,1,0,4,1,0,0,0,2025-04-27
695670,hitting,2025,11,Tacoma Rainiers,Pacific Coast League,3,2,0,0,1,0,0,0,0,5,0,0,0,0,2025-04-29
695670,hitting,2025,11,Tacoma Rainiers,Pacific Coast League,5,0,0,0,1,0,1,0,0,5,0,0,0,0,2025-04-30
695670,hitting,2025,11,Tacoma Rainiers,Pacific Coast League,4,0,0,1,1,0,2,0,0,4,0,0,0,0,2025-05-02
695670,hitting,2025,11,Tacoma Rainiers,Pacific Coast League,4,0,0,1,1,0,1,0,0,4,0,0,0,0,2025-05-03
695670,hitting,2025,11,Tacoma Rainiers,Pacific Coast League,4,1,0,0,1,0,0,0,0,5,0,0,0,0,2025-05-04
695670,hitting,2025,11,Tacoma Rainiers,Pacific Coast League,4,0,0,0,1,0,1,0,0,4,1,0,0,0,2025-05-06
695670,hitting,2025,11,Tacoma Rainiers,Pacific Coast League,2,2,0,0,1,0,2,0,0,4,0,0,0,0,2025-05-07
695670,hitting,2025,11,Tacoma Rainiers,Pacific Coast League,4,0,0,0,1,0,2,0,0,4,1,0,0,0,2025-05-08
695670,hitting,2025,11,Tacoma Rainiers,Pacific Coast League,3,1,1,1,1,0,2,0,0,4,2,0,0,0,2025-05-10
695670,hitting,2025,11,Tacoma Rainiers,Pacific Coast League,4,0,0,2,1,0,4,1,0,4,3,0,0,0,2025-05-13
695670,hitting,2025,11,Tacoma Rainiers,Pacific Coast League,5,0,0,0,1,0,2,0,0,5,0,0,1,0,2025-05-14
695670,hitting,2025,11,Tacoma Rainiers,Pacific Coast League,4,0,0,0,1,0,0,0,0,4,0,0,0,0,2025-05-15
695670,hitting,2025,11,Tacoma Rainiers,Pacific Coast League,6,0,0,0,1,0,2,0,0,6,1,0,0,0,2025-05-16
695670,hitting,2025,11,Tacoma Rainiers,Pacific Coast League,4,1,0,0,1,0,2,1,0,5,3,0,0,0,2025-05-18
695670,hitting,2025,11,Tacoma Rainiers,Pacific Coast League,3,2,0,0,1,0,1,0,0,5,1,0,0,0,2025-05-20
695670,hitting,2025,11,Tacoma Rainiers,Pacific Coast League,2,2,0,0,1,0,0,0,0,4,0,0,0,0,2025-05-22
695670,hitting,2025,11,Tacoma Rainiers,Pacific Coast League,4,1,0,0,1,0,2,1,0,5,1,0,0,0,2025-05-23
695670,hitting,2025,11,Tacoma Rainiers,Pacific Coast League,4,0,0,1,1,0,2,0,0,4,0,0,0,0,2025-05-24
695670,hitting,2025,11,Tacoma Rainiers,Pacific Coast League,5,0,1,0,1,0,1,0,0,5,1,0,0,0,2025-05-25
695670,hitting,2025,11,Tacoma Rainiers,Pacific Coast League,5,0,0,0,1,0,2,0,0,5,1,0,0,0,2025-05-27
695670,hitting,2025,11,Tacoma Rainiers,Pacific Coast League,6,0,0,0,1,0,3,1,0,6,1,0,0,0,2025-05-28
695670,hitting,2025,11,Tacoma Rainiers,Pacific Coast League,5,0,0,0,1,0,2,1,0,5,1,0,0,0,2025-05-29
695670,hitting,2025,11,Tacoma Rainiers,Pacific Coast League,5,0,0,0,1,0,3,0,0,5,1,0,0,0,2025-05-30
695670,hitting,2025,11,Tacoma Rainiers,Pacific Coast League,3,1,0,0,1,0,1,0,0,4,0,0,0,0,2025-05-31
695670,hitting,2025,11,Tacoma Rainiers,Pacific Coast League,4,1,0,0,1,0,0,0,0,5,0,0,0,0,2025-06-03
695670,hitting,2025,11,Tacoma Rainiers,Pacific Coast League,3,2,0,0,1,0,1,0,0,5,1,0,0,0,2025-06-04
695670,hitting,2025,11,Tacoma Rainiers,Pacific Coast League,4,0,0,1,1,0,2,0,0,4,1,0,0,0,2025-06-05
695670,hitting,2025,11,Tacoma Rainiers,Pacific Coast League,3,1,0,0,1,1,1,0,0,5,2,0,0,0,2025-06-06
695670,hitting,2025,11,Tacoma Rainiers,Pacific Coast League,5,0,0,0,1,0,0,0,0,5,0,0,0,0,2025-06-07
695670,hitting,2025,11,Tacoma Rainiers,Pacific Coast League,5,0,0,1,1,0,2,0,0,5,0,0,0,0,2025-06-08
695670,hitting,2025,11,Tacoma Rainiers,Pacific Coast League,3,1,0,0,1,0,0,0,0,4,1,0,0,0,2025-06-10
695670,hitting,2025,11,Tacoma Rainiers,Pacific Coast League,5,0,0,1,1,0,2,1,0,5,2,0,0,0,2025-06-11
695670,hitting,2025,11,Tacoma Rainiers,Pacific Coast League,3,0,0,0,1,1,1,1,0,4,2,0,0,0,2025-06-12
695670,hitting,2025,11,Tacoma Rainiers,Pacific Coast League,4,0,0,0,1,0,0,0,0,4,0,0,0,0,2025-06-13
695670,hitting,2025,11,Tacoma Rainiers,Pacific Coast League,4,0,0,2,1,1,3,0,0,5,1,0,0,0,2025-06-14
695670,hitting,2025,11,Tacoma Rainiers,Pacific Coast League,4,0,0,0,1,0,2,0,0,4,0,0,0,0,2025-06-17
695670,hitting,2025,11,Tacoma Rainiers,Pacific Coast League,4,1,0,0,1,0,0,0,0,5,0,0,0,0,2025-06-18
695670,hitting,2025,11,Tacoma Rainiers,Pacific Coast League,3,1,1,0,1,0,1,0,0,4,0,0,0,0,2025-06-19
695670,hitting,2025,11,Tacoma Rainiers,Pacific Coast League,4,1,0,0,1,0,0,0,0,5,1,0,0,0,2025-06-20
695670,hitting,2025,11,Tacoma Rainiers,Pacific Coast League,3,1,0,0,1,0,0,0,0,4,0,0,0,0,2025-06-21
695670,hitting,2025,11,Tacoma Rainiers,Pacific Coast League,4,1,0,0,1,0,2,0,0,5,1,0,0,0,2025-06-22
695670,hitting,2025,11,Tacoma Rainiers,Pacific Coast League,4,0,0,0,1,0,1,0,0,4,0,0,0,0,2025-06-24
695670,hitting,2025,11,Tacoma Rainiers,Pacific Coast League,2,2,0,0,1,0,2,0,0,5,0,1,0,0,2025-06-25
695670,hitting,2025,11,Tacoma Rainiers,Pacific Coast League,5,0,0,0,1,0,0,0,0,5,0,0,0,0,2025-06-28
695670,hitting,2025,11,Tacoma Rainiers,Pacific Coast League,4,1,0,1,1,0,2,0,0,5,0,0,0,0,2025-07-01
695670,hitting,2025,11,Tacoma Rainiers,Pacific Coast League,4,1,0,0,1,0,1,1,0,5,1,0,1,0,2025-07-02
695670,hitting,2025,11,Tacoma Rainiers,Pacific Coast League,2,3,0,0,1,0,2,0,0,5,1,0,0,0,2025-07-03
695670,hitting,2025,11,Tacoma Rainiers,Pacific Coast League,5,0,0,0,1,0,1,0,0,5,0,0,0,0,2025-07-05
695670,hitting,2025,11,Tacoma Rainiers,Pacific Coast League,5,1,0,1,1,0,1,0,0,6,0,0,0,0,2025-07-06
695670,hitting,2025,11,Tacoma Rainiers,Pacific Coast League,5,0,0,0,1,0,0,0,0,5,0,0,0,0,2025-07-08
695670,hitting,2025,11,Tacoma Rainiers,Pacific Coast League,5,1,0,0,1,0,0,0,0,6,1,0,0,0,2025-07-09
695670,hitting,2025,11,Tacoma Rainiers,Pacific Coast League,4,0,0,0,1,0,0,0,0,4,0,0,0,0,2025-07-10
695670,hitting,2025,11,Tacoma Rainiers,Pacific Coast League,3,1,0,0,1,0,0,0,0,4,1,0,0,0,2025-07-18
695670,hitting,2025,11,Tacoma Rainiers,Pacific Coast League,4,1,0,0,1,0,2,0,0,5,2,0,1,0,2025-07-19
695670,hitting,2025,11,Tacoma Rainiers,Pacific Coast League,5,0,0,0,1,0,1,0,0,5,0,0,0,0,2025-07-20
695670,hitting,2025,11,Tacoma Rainiers,Pacific Coast League,3,0,0,0,1,2,1,0,0,5,3,0,0,0,2025-07-22
695670,hitting,2025,11,Tacoma Rainiers,Pacific Coast League,5,0,0,0,1,0,2,1,0,5,2,0,0,0,2025-07-23
695670,hitting,2025,11,Tacoma Rainiers,Pacific Coast League,3,1,0,1,1,0,2,0,0,4,1,0,1,0,2025-07-25
695670,hitting,2025,11,Tacoma Rainiers,Pacific Coast League,5,0,0,0,1,0,1,0,0,5,0,0,0,0,2025-07-26
695670,hitting,2025,11,Tacoma Rainiers,Pacific Coast League,3,2,0,0,1,0,2,1,0,5,1,0,0,0,2025-07-29
695670,hitting,2025,11,Tacoma Rainiers,Pacific Coast League,5,0,0,0,1,0,1,0,0,5,0,0,0,0,2025-07-30
695670,hitting,2025,11,Tacoma Rainiers,Pacific Coast League,4,1,0,0,1,0,2,1,0,5,3,0,1,0,2025-08-01
695670,hitting,2025,11,Tacoma Rainiers,Pacific Coast League,3,2,0,0,1,0,0,0,0,5,0,0,0,0,2025-08-02
695670,hitting,2025,11,Tacoma Rainiers,Pacific Coast League,4,1,0,1,1,0,1,0,0,5,1,0,0,0,2025-08-05
695670,hitting,2025,11,Tacoma Rainiers,Pacific Coast League,4,0,0,0,1,0,1,1,0,4,1,0,0,0,2025-08-06
695670,hitting,2025,11,Tacoma Rainiers,Pacific Coast League,3,0,1,0,1,1,1,0,0,4,0,0,0,0,2025-08-07
695670,hitting,2025,11,Tacoma Rainiers,Pacific Coast League,4,0,0,1,1,0,1,0,0,4,0,0,0,0,2025-08-08
695670,hitting,2025,11,Tacoma Rainiers,Pacific Coast League,3,1,0,1,1,0,2,1,0,4,1,0,0,0,2025-08-09
695670,hitting,2025,11,Tacoma Rainiers,Pacific Coast League,4,1,0,0,1,0,0,0,0,6,0,1,0,0,2025-08-12
695670,hitting,2025,11,Tacoma Rainiers,Pacific Coast League,4,1,0,0,1,0,1,0,0,5,0,0,0,0,2025-08-13
695670,hitting,2025,11,Tacoma Rainiers,Pacific Coast League,4,1,0,0,1,0,1,1,0,5,2,0,0,0,2025-08-15
695670,hitting,2025,11,Tacoma Rainiers,Pacific Coast League,3,3,0,0,1,0,0,0,0,6,2,0,0,0,2025-08-16
695670,hitting,2025,11,Tacoma Rainiers,Pacific Coast League,2,3,0,0,1,0,0,0,0,5,1,0,0,0,2025-08-19
695670,hitting,2025,11,Tacoma Rainiers,Pacific Coast League,5,0,0,0,1,0,2,1,0,5,1,0,0,0,2025-08-20
695670,hitting,2025,11,Tacoma Rainiers,Pacific Coast League,5,0,0,0,1,0,1,0,0,5,0,0,0,0,2025-08-22
695670,hitting,2025,11,Tacoma Rainiers,Pacific Coast League,3,1,0,0,1,0,0,0,0,4,0,0,0,0,2025-08-23
695670,hitting,2025,11,Tacoma Rainiers,Pacific Coast League,5,1,0,0,1,0,2,0,0,6,1,0,0,0,2025-08-26
695670,hitting,2025,11,Tacoma Rainiers,Pacific Coast League,4,0,0,0,1,0,1,0,0,4,1,0,0,0,2025-08-27
695670,hitting,2025,11,Tacoma Rainiers,Pacific Coast League,4,1,0,0,1,0,0,0,0,5,0,0,0,0,2025-08-28
695670,hitting,2025,11,Tacoma Rainiers,Pacific Coast League,3,2,0,0,1,0,0,0,0,5,1,0,0,0,2025-08-30
695681,hitting,2025,11,Salt Lake Bees,Pacific Coast League,4,1,0,0,1,0,3,0,0,5,0,0,0,0,2025-05-20
695681,hitting,2025,11,Salt Lake Bees,Pacific Coast League,4,0,0,0,1,0,1,0,0,4,0,0,0,0,2025-05-21
695681,hitting,2025,11,Salt Lake Bees,Pacific Coast League,5,0,0,1,1,0,4,1,0,5,3,0,2,0,2025-05-22
695681,hitting,2025,11,Salt Lake Bees,Pacific Coast League,3,1,0,0,1,1,0,0,0,5,2,0,0,0,2025-05-23
695681,hitting,2025,11,Salt Lake Bees,Pacific Coast League,4,1,0,0,1,0,2,0,0,5,1,0,0,0,2025-05-24
695681,hitting,2025,11,Salt Lake Bees,Pacific Coast League,3,1,0,0,1,0,1,0,0,5,0,1,1,0,2025-05-25
695681,hitting,2025,11,Salt Lake Bees,Pacific Coast League,3,2,0,0,1,0,0,0,0,5,0,0,0,0,2025-05-27
695681,hitting,2025,11,Salt Lake Bees,Pacific Coast League,5,0,0,0,1,0,2,0,0,5,1,0,0,0,2025-05-28
695681,hitting,2025,11,Salt Lake Bees,Pacific Coast League,5,0,0,0,1,0,0,0,0,5,0,0,0,0,2025-05-29
695681,hitting,2025,11,Salt Lake Bees,Pacific Coast League,4,0,0,0,1,0,0,0,0,4,0,0,0,0,2025-05-30
695681,hitting,2025,11,Salt Lake Bees,Pacific Coast League,4,1,0,1,1,0,2,0,1,5,0,0,0,0,2025-05-31
695681,hitting,2025,11,Salt Lake Bees,Pacific Coast League,3,1,1,0,1,0,2,0,0,4,1,0,0,0,2025-06-01
695681,hitting,2025,11,Salt Lake Bees,Pacific Coast League,4,0,0,0,1,0,0,0,0,4,0,0,0,0,2025-06-03
695681,hitting,2025,11,Salt Lake Bees,Pacific Coast League,4,0,0,0,1,0,0,0,0,4,0,0,0,0,2025-06-04
695681,hitting,2025,11,Salt Lake Bees,Pacific Coast League,5,0,0,0,1,0,3,1,0,5,2,0,0,0,2025-06-05
695681,hitting,2025,11,Salt Lake Bees,Pacific Coast League,4,0,0,1,1,0,1,0,0,4,1,0,0,0,2025-06-06
695681,hitting,2025,11,Salt Lake Bees,Pacific Coast League,5,0,0,1,1,0,3,0,0,5,2,0,0,1,2025-06-07
695681,hitting,2025,11,Salt Lake Bees,Pacific Coast League,3,1,0,0,1,0,0,0,0,4,0,0,0,0,2025-06-08
695681,hitting,2025,11,Salt Lake Bees,Pacific Coast League,4,0,0,0,1,0,2,1,0,4,1,0,0,0,2025-06-10
695681,hitting,2025,11,Salt Lake Bees,Pacific Coast League,4,1,0,0,1,0,2,1,0,5,2,0,0,0,2025-06-11
695681,hitting,2025,12,Rocket City Trash Pandas,Southern League,3,1,0,0,1,0,0,0,0,4,0,0,0,0,2025-04-04
695681,hitting,2025,12,Rocket City Trash Pandas,Southern League,5,0,0,0,1,0,1,0,0,5,1,0,0,0,2025-04-05
695681,hitting,2025,12,Rocket City Trash Pandas,Southern League,3,1,0,0,1,0,0,0,0,4,0,0,0,0,2025-04-08
695681,hitting,2025,12,Rocket City Trash Pandas,Southern League,3,0,0,0,1,0,0,0,0,3,0,0,0,0,2025-04-11
695681,hitting,2025,12,Rocket City Trash Pandas,Southern League,3,1,0,1,1,0,1,0,0,4,1,0,0,0,2025-04-11
695681,hitting,2025,12,Rocket City Trash Pandas,Southern League,1,0,0,0,1,0,0,0,0,1,0,0,0,0,2025-04-12
695681,hitting,2025,12,Rocket City Trash Pandas,Southern League,4,1,0,0,1,0,1,0,0,5,0,0,0,0,2025-04-13
695681,hitting,2025,12,Rocket City Trash Pandas,Southern League,4,0,0,0,1,0,2,0,0,4,0,0,0,0,2025-04-15
695681,hitting,2025,12,Rocket City Trash Pandas,Southern League,4,0,0,0,1,0,0,0,0,4,0,0,0,0,2025-04-16
695681,hitting,2025,12,Rocket City Trash Pandas,Southern League,1,0,0,0,1,0,0,0,0,1,0,0,0,0,2025-04-17
695681,hitting,2025,12,Rocket City Trash Pandas,Southern League,5,2,0,0,1,0,1,0,0,7,1,0,1,0,2025-04-18
695681,hitting,2025,12,Rocket City Trash Pandas,Southern League,3,1,0,0,1,0,0,0,0,5,0,1,0,0,2025-04-19
695681,hitting,2025,12,Rocket City Trash Pandas,Southern League,6,0,0,0,1,0,1,0,0,6,0,0,0,0,2025-04-20
695681,hitting,2025,12,Rocket City Trash Pandas,Southern League,3,1,1,0,1,0,1,0,0,4,0,0,0,1,2025-04-22
695681,hitting,2025,12,Rocket City Trash Pandas,Southern League,2,3,0,1,1,0,1,0,0,5,1,0,1,0,2025-04-23
695681,hitting,2025,12,Rocket City Trash Pandas,Southern League,3,2,0,0,1,0,0,0,0,5,0,0,0,0,2025-04-24
695681,hitting,2025,12,Rocket City Trash Pandas,Southern League,4,0,0,0,1,0,0,0,0,4,0,0,0,0,2025-04-25
695681,hitting,2025,12,Rocket City Trash Pandas,Southern League,3,1,0,0,1,0,1,0,0,4,2,0,1,1,2025-04-26
695681,hitting,2025,12,Rocket City Trash Pandas,Southern League,5,0,0,1,1,0,3,0,0,5,0,0,0,0,2025-04-27
695681,hitting,2025,12,Rocket City Trash Pandas,Southern League,5,0,0,0,1,0,3,1,0,5,1,0,0,0,2025-04-29
695681,hitting,2025,12,Rocket City Trash Pandas,Southern League,3,2,0,0,1,0,0,0,0,5,1,0,1,0,2025-04-30
695681,hitting,2025,12,Rocket City Trash Pandas,Southern League,4,0,0,0,1,0,1,0,0,4,1,0,0,0,2025-05-01
695681,hitting,2025,12,Rocket City Trash Pandas,Southern League,3,1,1,0,1,0,1,0,0,4,1,0,0,0,2025-05-04
695681,hitting,2025,12,Rocket City Trash Pandas,Southern League,3,1,0,0,1,0,0,0,0,4,1,0,1,0,2025-05-04
695681,hitting,2025,12,Rocket City Trash Pandas,Southern League,4,1,1,0,1,0,1,0,0,5,0,0,0,0,2025-05-06
695681,hitting,2025,12,Rocket City Trash Pandas,Southern League,4,0,0,0,1,0,1,0,0,4,0,0,0,0,2025-05-08
695681,hitting,2025,12,Rocket City Trash Pandas,Southern League,4,0,0,0,1,0,0,0,0,4,0,0,0,0,2025-05-09
695681,hitting,2025,12,Rocket City Trash Pandas,Southern League,3,1,0,0,1,0,1,0,0,4,1,0,0,0,2025-05-11
695681,hitting,2025,12,Rocket City Trash Pandas,Southern League,4,0,0,0,1,0,1,0,0,4,1,0,0,0,2025-05-11
695681,hitting,2025,12,Rocket City Trash Pandas,Southern League,5,0,0,0,1,0,1,0,0,5,0,0,0,0,2025-05-13
695681,hitting,2025,12,Rocket City Trash Pandas,Southern League,4,1,0,0,1,0,2,0,0,5,1,0,0,0,2025-05-14
695681,hitting,2025,12,Rocket City Trash Pandas,Southern League,5,0,0,0,1,0,1,0,0,5,1,0,0,0,2025-05-15
695681,hitting,2025,12,Rocket City Trash Pandas,Southern League,4,0,0,1,1,0,2,0,0,4,0,0,0,0,2025-05-17
695681,hitting,2025,12,Rocket City Trash Pandas,Southern League,4,0,0,0,1,0,1,0,0,4,0,0,0,0,2025-05-18
695731,hitting,2026,11,Charlotte Knights,International League,4,1,0,0,1,0,0,0,0,5,0,0,0,0,2026-05-05
695731,hitting,2026,11,Charlotte Knights,International League,5,0,0,0,1,0,1,0,0,5,1,0,0,0,2026-05-06
695731,hitting,2026,11,Charlotte Knights,International League,5,1,0,2,1,0,3,0,0,6,2,0,0,0,2026-05-07
695731,hitting,2026,11,Charlotte Knights,International League,4,0,0,0,1,1,1,0,0,5,2,0,0,0,2026-05-08
695731,hitting,2026,11,Charlotte Knights,International League,5,0,0,0,1,0,2,0,0,5,1,0,0,0,2026-05-09
695731,hitting,2026,11,Charlotte Knights,International League,1,0,0,0,1,0,0,0,0,1,0,0,0,0,2026-05-10
695731,hitting,2026,11,Charlotte Knights,International League,4,1,0,0,1,0,0,0,0,5,1,0,0,0,2026-05-12
695731,hitting,2026,11,Charlotte Knights,International League,5,0,0,0,1,0,1,1,0,5,1,0,0,0,2026-05-13
695731,hitting,2026,11,Charlotte Knights,International League,4,0,0,0,1,0,3,0,0,4,0,0,1,0,2026-05-14
695731,hitting,2026,11,Charlotte Knights,International League,5,0,0,1,1,0,2,0,0,5,1,0,0,0,2026-05-15
695731,hitting,2026,11,Charlotte Knights,International League,4,1,0,0,1,0,1,1,0,5,2,0,0,0,2026-05-16
695731,hitting,2026,11,Charlotte Knights,International League,4,1,0,0,1,0,1,0,0,5,3,0,0,0,2026-05-17
695731,hitting,2026,11,Charlotte Knights,International League,5,0,0,1,1,0,1,0,0,5,0,0,0,0,2026-05-19
695731,hitting,2026,11,Charlotte Knights,International League,5,0,0,1,1,0,1,0,0,5,1,0,0,0,2026-05-20
695731,hitting,2026,11,Charlotte Knights,International League,2,0,0,0,1,0,0,0,0,2,0,0,0,0,2026-05-21
695731,hitting,2026,11,Charlotte Knights,International League,3,2,0,0,1,0,0,0,0,5,0,0,0,0,2026-05-22
695731,hitting,2026,11,Charlotte Knights,International League,4,0,0,0,1,0,0,0,0,4,0,0,0,0,2026-05-23
695731,hitting,2026,11,Charlotte Knights,International League,1,0,0,0,1,0,0,0,0,1,0,0,0,0,2026-05-24
695731,hitting,2026,11,Charlotte Knights,International League,3,1,0,0,1,0,0,0,0,4,0,0,0,0,2026-05-26
695731,hitting,2026,11,Charlotte Knights,International League,4,0,1,0,1,0,3,1,0,4,3,0,0,0,2026-05-28
695731,hitting,2026,11,Charlotte Knights,International League,2,3,0,1,1,0,1,0,0,5,2,0,1,0,2026-05-29
695731,hitting,2026,11,Charlotte Knights,International League,5,0,0,1,1,0,3,0,0,5,2,0,0,0,2026-05-30
695731,hitting,2026,11,Charlotte Knights,International League,5,0,0,0,1,0,1,0,0,5,0,0,0,0,2026-05-31
695731,hitting,2026,11,Charlotte Knights,International League,4,0,2,0,1,0,2,0,0,5,0,1,0,0,2026-06-02
695731,hitting,2026,11,Charlotte Knights,International League,7,0,0,0,1,0,3,0,0,7,1,0,0,0,2026-06-03
695731,hitting,2026,11,Charlotte Knights,International League,4,1,0,1,1,0,1,0,0,5,3,0,0,0,2026-06-04
695731,hitting,2026,11,Charlotte Knights,International League,3,1,0,0,1,0,1,1,0,4,1,0,1,0,2026-06-05
695731,hitting,2026,11,Charlotte Knights,International League,2,2,0,0,1,1,2,0,0,5,2,0,0,0,2026-06-06
695731,hitting,2026,11,Charlotte Knights,International League,2,3,1,0,1,0,1,0,0,5,3,0,0,0,2026-06-07
695731,hitting,2026,12,Birmingham Barons,Southern League,4,1,0,0,1,0,2,1,0,5,1,0,0,0,2026-04-03
695731,hitting,2026,12,Birmingham Barons,Southern League,2,2,1,0,1,0,0,0,0,5,0,1,0,0,2026-04-04
695731,hitting,2026,12,Birmingham Barons,Southern League,3,2,0,0,1,0,0,0,0,5,1,0,1,0,2026-04-05
695731,hitting,2026,12,Birmingham Barons,Southern League,5,0,0,0,1,0,1,0,0,5,0,0,0,0,2026-04-07
695731,hitting,2026,12,Birmingham Barons,Southern League,5,0,0,0,1,0,1,0,0,5,0,0,0,0,2026-04-08
695731,hitting,2026,12,Birmingham Barons,Southern League,4,1,0,0,1,0,0,0,0,5,1,0,0,0,2026-04-09
695731,hitting,2026,12,Birmingham Barons,Southern League,4,1,0,0,1,0,0,0,0,5,0,0,0,0,2026-04-10
695731,hitting,2026,12,Birmingham Barons,Southern League,3,0,0,0,1,0,1,0,0,4,1,1,0,0,2026-04-11
695731,hitting,2026,12,Birmingham Barons,Southern League,3,1,0,0,1,0,2,2,0,4,2,0,0,0,2026-04-12
695731,hitting,2026,12,Birmingham Barons,Southern League,5,0,0,2,1,0,3,0,0,5,2,0,0,0,2026-04-14
695731,hitting,2026,12,Birmingham Barons,Southern League,2,1,0,0,1,0,1,0,0,4,0,1,1,1,2026-04-15
695731,hitting,2026,12,Birmingham Barons,Southern League,4,1,0,1,1,0,3,0,0,5,1,0,0,0,2026-04-16
695731,hitting,2026,12,Birmingham Barons,Southern League,4,0,0,0,1,0,2,1,0,4,1,0,0,0,2026-04-17
695731,hitting,2026,12,Birmingham Barons,Southern League,2,2,0,1,1,0,2,0,0,4,2,0,0,1,2026-04-19
695731,hitting,2026,12,Birmingham Barons,Southern League,3,0,0,1,1,0,1,0,0,3,0,0,0,0,2026-04-19
695731,hitting,2026,12,Birmingham Barons,Southern League,4,0,0,0,1,0,1,0,0,5,0,1,0,0,2026-04-21
695731,hitting,2026,12,Birmingham Barons,Southern League,4,1,0,0,1,0,1,0,0,5,0,0,0,0,2026-04-22
695731,hitting,2026,12,Birmingham Barons,Southern League,4,1,0,0,1,0,2,0,0,5,2,0,0,1,2026-04-23
695731,hitting,2026,12,Birmingham Barons,Southern League,3,1,0,0,1,1,1,0,0,5,0,0,0,0,2026-04-24
695731,hitting,2026,12,Birmingham Barons,Southern League,4,0,0,0,1,0,0,0,0,4,0,0,0,0,2026-04-25
695731,hitting,2026,12,Birmingham Barons,Southern League,4,1,0,0,1,0,0,0,0,5,1,0,0,0,2026-04-26
695731,hitting,2026,12,Birmingham Barons,Southern League,4,0,0,0,1,1,1,0,0,5,0,0,0,0,2026-04-28
695731,hitting,2026,12,Birmingham Barons,Southern League,4,0,0,0,1,0,2,0,0,4,1,0,0,0,2026-04-29
695731,hitting,2026,12,Birmingham Barons,Southern League,3,2,0,0,1,0,0,0,0,5,0,0,0,0,2026-04-30
695731,hitting,2026,12,Birmingham Barons,Southern League,4,1,0,0,1,0,1,1,0,5,2,0,0,0,2026-05-01
695731,hitting,2026,12,Birmingham Barons,Southern League,4,1,1,0,1,0,2,1,0,5,1,0,0,0,2026-05-02
695731,hitting,2026,12,Birmingham Barons,Southern League,4,1,0,0,1,0,1,0,0,5,1,0,0,0,2026-05-03
696135,hitting,2026,11,Columbus Clippers,International League,4,1,0,0,1,0,1,0,0,5,1,0,1,0,2026-03-27
696135,hitting,2026,11,Columbus Clippers,International League,3,2,1,0,1,0,1,0,0,5,0,0,0,0,2026-03-28
696135,hitting,2026,11,Columbus Clippers,International League,5,0,0,0,1,0,1,0,0,5,0,0,1,0,2026-03-29
696135,hitting,2026,11,Columbus Clippers,International League,3,1,0,0,1,0,0,0,0,4,0,0,0,0,2026-03-31
696135,hitting,2026,11,Columbus Clippers,International League,4,1,0,0,1,0,2,1,0,5,1,0,0,0,2026-04-01
696135,hitting,2026,11,Columbus Clippers,International League,4,1,0,0,1,0,0,0,0,5,0,0,0,0,2026-04-02
696135,hitting,2026,11,Columbus Clippers,International League,4,2,0,0,1,0,2,0,0,6,2,0,1,0,2026-04-03
696135,hitting,2026,11,Columbus Clippers,International League,3,1,0,0,1,0,0,0,0,4,0,0,0,0,2026-04-05
696135,hitting,2026,11,Columbus Clippers,International League,5,1,0,0,1,0,0,0,0,6,1,0,0,0,2026-04-07
696135,hitting,2026,11,Columbus Clippers,International League,3,2,0,0,1,0,0,0,0,5,0,0,0,0,2026-04-08
696135,hitting,2026,11,Columbus Clippers,International League,4,0,0,0,1,0,0,0,0,4,0,0,0,0,2026-04-09
696135,hitting,2026,11,Columbus Clippers,International League,3,1,1,0,1,0,0,0,0,4,0,0,0,0,2026-04-10
696135,hitting,2026,11,Columbus Clippers,International League,4,1,0,0,1,0,3,2,0,5,2,0,1,1,2026-04-11
696135,hitting,2026,11,Columbus Clippers,International League,4,0,0,1,1,0,1,0,0,4,0,0,0,0,2026-04-14
696135,hitting,2026,11,Columbus Clippers,International League,3,1,0,1,1,0,3,1,0,4,3,0,0,0,2026-04-15
696135,hitting,2026,11,Columbus Clippers,International League,1,0,0,0,1,0,0,0,0,1,0,0,0,0,2026-04-16
696135,hitting,2026,11,Columbus Clippers,International League,4,0,0,0,1,0,0,0,0,4,0,0,0,0,2026-04-17
696135,hitting,2026,11,Columbus Clippers,International League,2,2,0,1,1,1,1,0,0,5,1,0,0,0,2026-04-18
696135,hitting,2026,11,Columbus Clippers,International League,3,2,0,1,1,0,1,0,0,5,3,0,1,0,2026-04-19
696135,hitting,2026,11,Columbus Clippers,International League,3,2,0,0,1,0,0,0,0,5,1,0,1,0,2026-04-21
696135,hitting,2026,11,Columbus Clippers,International League,5,0,0,0,1,0,0,0,0,5,1,0,0,0,2026-04-22
696135,hitting,2026,11,Columbus Clippers,International League,5,0,0,0,1,0,2,0,0,5,1,0,1,0,2026-04-23
696135,hitting,2026,11,Columbus Clippers,International League,3,2,1,0,1,0,2,0,0,5,0,0,1,0,2026-04-28
696135,hitting,2026,11,Columbus Clippers,International League,3,0,0,0,1,1,1,0,0,4,0,0,0,0,2026-04-29
696135,hitting,2026,11,Columbus Clippers,International League,3,1,0,0,1,0,0,0,0,4,0,0,0,0,2026-04-30
696135,hitting,2026,11,Columbus Clippers,International League,3,1,0,1,1,0,2,0,0,4,2,0,1,0,2026-05-01
696135,hitting,2026,11,Columbus Clippers,International League,3,2,0,0,1,0,1,0,0,5,1,0,0,0,2026-05-03
696135,hitting,2026,11,Columbus Clippers,International League,5,1,1,0,1,0,2,0,0,6,2,0,0,0,2026-05-05
696135,hitting,2026,11,Columbus Clippers,International League,6,0,0,0,1,0,1,0,0,6,0,0,0,0,2026-05-06
696135,hitting,2026,11,Columbus Clippers,International League,4,1,0,0,1,0,1,0,0,5,2,0,2,0,2026-05-07
696135,hitting,2026,11,Columbus Clippers,International League,3,1,0,0,1,0,0,0,0,5,0,1,1,0,2026-05-09
696135,hitting,2026,11,Columbus Clippers,International League,5,0,0,0,1,0,3,2,0,5,3,0,1,0,2026-05-10
696135,hitting,2026,11,Columbus Clippers,International League,5,0,0,1,1,0,2,1,0,5,1,0,0,0,2026-05-12
696135,hitting,2026,11,Columbus Clippers,International League,5,0,0,1,1,0,2,0,0,5,1,0,1,0,2026-05-13
696135,hitting,2026,11,Columbus Clippers,International League,4,0,0,0,1,0,0,0,0,4,0,0,0,0,2026-05-15
696135,hitting,2026,11,Columbus Clippers,International League,4,0,0,0,1,0,1,1,0,4,1,0,0,0,2026-05-15
696135,hitting,2026,11,Columbus Clippers,International League,4,0,0,1,1,0,1,0,0,5,0,1,0,0,2026-05-16
696135,hitting,2026,11,Columbus Clippers,International League,4,0,0,0,1,0,0,0,0,4,0,0,0,0,2026-05-17
696135,hitting,2026,11,Columbus Clippers,International League,4,0,0,0,1,0,1,0,0,4,0,0,0,0,2026-05-19
696135,hitting,2026,11,Columbus Clippers,International League,4,0,0,0,1,0,1,0,0,4,0,0,0,0,2026-05-20
696135,hitting,2026,11,Columbus Clippers,International League,5,0,1,0,1,0,2,1,0,5,1,0,0,0,2026-05-21
696135,hitting,2026,11,Columbus Clippers,International League,3,0,0,0,1,0,0,0,0,3,0,0,0,0,2026-05-23
696135,hitting,2026,11,Columbus Clippers,International League,4,0,0,0,1,0,1,1,0,4,1,0,0,0,2026-05-23
696135,hitting,2026,11,Columbus Clippers,International League,4,0,0,0,1,0,1,0,0,4,0,0,0,0,2026-05-25
696135,hitting,2026,11,Columbus Clippers,International League,5,0,0,1,1,0,1,0,0,5,1,0,0,0,2026-05-28
696135,hitting,2026,11,Columbus Clippers,International League,6,0,0,0,1,0,3,1,0,6,2,0,0,0,2026-05-29
696135,hitting,2026,11,Columbus Clippers,International League,3,1,0,0,1,0,1,0,0,4,1,0,0,0,2026-05-30
696135,hitting,2026,11,Columbus Clippers,International League,5,0,0,0,1,0,0,0,0,5,1,0,0,0,2026-05-31
696135,hitting,2026,11,Columbus Clippers,International League,3,1,0,0,1,0,0,0,0,4,1,0,0,0,2026-06-05
696135,hitting,2026,11,Columbus Clippers,International League,2,1,0,1,1,0,1,0,0,3,1,0,0,0,2026-06-06
696135,hitting,2026,11,Columbus Clippers,International League,4,0,0,0,1,0,2,1,0,4,1,0,0,0,2026-06-07
696135,hitting,2026,11,Columbus Clippers,International League,1,1,1,0,1,1,0,0,0,3,1,0,0,0,2026-06-09
696135,hitting,2026,11,Columbus Clippers,International League,3,2,0,2,1,0,2,0,0,5,2,0,1,0,2026-06-11
696135,hitting,2026,11,Columbus Clippers,International League,4,0,0,0,1,0,0,0,0,4,0,0,0,0,2026-06-12
696135,hitting,2026,11,Columbus Clippers,International League,4,1,0,0,1,0,0,0,0,5,1,0,0,0,2026-06-13
696135,hitting,2026,11,Columbus Clippers,International League,5,0,0,0,1,0,1,0,0,5,0,0,0,0,2026-06-14
700246,hitting,2025,11,Durham Bulls,International League,3,2,0,0,1,0,1,0,0,5,2,0,0,0,2025-03-28
700246,hitting,2025,11,Durham Bulls,International League,4,1,0,0,1,0,1,0,0,5,0,0,1,0,2025-03-29
700246,hitting,2025,11,Durham Bulls,International League,4,0,0,0,1,0,2,0,0,4,1,0,0,0,2025-03-30
700246,hitting,2025,11,Durham Bulls,International League,4,0,0,0,1,0,1,0,0,4,0,0,1,0,2025-04-01
700246,hitting,2025,11,Durham Bulls,International League,3,1,0,0,1,0,0,0,0,4,0,0,0,0,2025-04-02
700246,hitting,2025,11,Durham Bulls,International League,3,0,0,0,1,0,0,0,0,3,0,0,0,0,2025-04-03
700246,hitting,2025,11,Durham Bulls,International League,3,0,0,0,1,1,0,0,0,4,0,0,0,0,2025-04-05
700246,hitting,2025,11,Durham Bulls,International League,3,1,0,0,1,0,0,0,0,4,0,0,0,0,2025-04-06
700246,hitting,2025,11,Durham Bulls,International League,1,2,1,1,1,0,1,0,0,3,2,0,1,0,2025-04-09
700246,hitting,2025,11,Durham Bulls,International League,2,1,0,0,1,0,0,0,0,3,0,0,0,0,2025-04-09
700246,hitting,2025,11,Durham Bulls,International League,4,0,0,0,1,0,1,0,0,4,0,0,0,1,2025-04-11
700246,hitting,2025,11,Durham Bulls,International League,3,0,0,0,1,0,0,0,0,3,0,0,0,0,2025-04-12
700246,hitting,2025,11,Durham Bulls,International League,3,0,0,0,1,0,1,1,0,3,1,0,0,0,2025-04-12
700246,hitting,2025,11,Durham Bulls,International League,3,1,0,0,1,0,1,0,0,4,1,0,0,0,2025-04-13
700246,hitting,2025,11,Durham Bulls,International League,3,1,0,0,1,0,0,0,0,4,0,0,0,0,2025-04-15
700246,hitting,2025,11,Durham Bulls,International League,3,1,0,0,1,0,0,0,0,4,0,0,0,0,2025-04-16
700246,hitting,2025,11,Durham Bulls,International League,4,0,0,0,1,0,1,0,0,4,0,0,0,0,2025-04-18
700246,hitting,2025,11,Durham Bulls,International League,4,0,0,0,1,0,0,0,0,4,0,0,0,0,2025-04-19
700246,hitting,2025,11,Durham Bulls,International League,4,0,0,0,1,0,0,0,0,4,0,0,0,0,2025-04-20
700246,hitting,2025,11,Durham Bulls,International League,4,0,0,0,1,0,1,0,0,4,1,0,0,1,2025-04-22
700246,hitting,2025,11,Durham Bulls,International League,2,1,0,0,1,0,0,0,0,3,0,0,0,0,2025-04-24
700246,hitting,2025,11,Durham Bulls,International League,4,0,0,1,1,0,1,0,0,4,1,0,0,0,2025-04-24
700246,hitting,2025,11,Durham Bulls,International League,3,1,0,0,1,0,1,0,0,4,2,0,0,0,2025-04-25
700246,hitting,2025,11,Durham Bulls,International League,4,0,0,0,1,0,1,1,0,4,1,0,0,0,2025-04-26
700246,hitting,2025,11,Durham Bulls,International League,4,0,0,0,1,0,0,0,0,4,0,0,0,0,2025-04-27
700246,hitting,2025,11,Durham Bulls,International League,4,0,0,1,1,0,1,0,0,4,1,0,0,0,2025-04-29
700246,hitting,2025,11,Durham Bulls,International League,3,1,0,0,1,0,0,0,0,4,1,0,0,0,2025-04-30
700246,hitting,2025,11,Durham Bulls,International League,3,2,0,0,1,0,2,1,0,5,3,0,0,0,2025-05-01
700246,hitting,2025,11,Durham Bulls,International League,3,2,0,0,1,0,0,0,0,5,2,0,1,0,2025-05-02
700246,hitting,2025,11,Durham Bulls,International League,4,0,0,0,1,0,0,0,0,4,0,0,0,0,2025-05-03
700246,hitting,2025,11,Durham Bulls,International League,4,1,0,1,1,0,1,0,0,5,2,0,1,0,2025-05-06
700246,hitting,2025,11,Durham Bulls,International League,5,0,0,0,1,0,2,2,0,5,2,0,1,0,2025-05-07
700246,hitting,2025,11,Durham Bulls,International League,4,0,0,0,1,0,0,0,0,4,0,0,0,0,2025-05-08
700246,hitting,2025,11,Durham Bulls,International League,4,0,0,0,1,0,1,0,0,4,1,0,1,0,2025-05-10
700246,hitting,2025,11,Durham Bulls,International League,3,1,0,0,1,0,0,0,0,4,0,0,0,0,2025-05-11
700246,hitting,2025,11,Durham Bulls,International League,3,1,0,0,1,0,0,0,0,4,0,0,0,0,2025-05-13
700246,hitting,2025,11,Durham Bulls,International League,4,0,0,1,1,0,1,0,0,4,1,0,0,0,2025-05-14
700246,hitting,2025,11,Durham Bulls,International League,5,0,0,0,1,0,0,0,0,5,0,0,1,0,2025-05-15
700246,hitting,2025,11,Durham Bulls,International League,5,0,1,0,1,0,1,0,0,5,1,0,0,0,2025-05-17
700246,hitting,2025,11,Durham Bulls,International League,4,0,0,0,1,0,1,0,0,4,0,0,0,0,2025-05-18
700246,hitting,2025,11,Durham Bulls,International League,4,0,0,0,1,0,0,0,0,4,0,0,0,0,2025-05-20
700246,hitting,2025,11,Durham Bulls,International League,5,0,0,0,1,0,3,1,0,5,2,0,0,0,2025-05-21
700246,hitting,2025,11,Durham Bulls,International League,4,0,0,1,1,0,1,0,0,4,0,0,0,0,2025-05-23
700246,hitting,2025,11,Durham Bulls,International League,3,0,0,0,1,0,0,0,0,3,0,0,0,0,2025-05-24
700246,hitting,2025,11,Durham Bulls,International League,3,1,0,0,1,0,1,0,0,4,1,0,2,0,2025-05-24
700246,hitting,2025,11,Durham Bulls,International League,4,0,0,1,1,0,1,0,0,4,0,0,0,0,2025-05-25
700246,hitting,2025,11,Durham Bulls,International League,4,0,0,0,1,0,0,0,0,4,0,0,0,0,2025-05-26
700246,hitting,2025,11,Durham Bulls,International League,4,0,0,1,1,0,1,0,0,4,0,0,0,0,2025-05-28
700246,hitting,2025,11,Durham Bulls,International League,3,0,0,0,1,0,0,0,0,4,0,1,0,0,2025-05-29
700246,hitting,2025,11,Durham Bulls,International League,1,3,0,0,1,0,0,0,0,4,1,0,0,0,2025-05-30
700246,hitting,2025,11,Durham Bulls,International League,4,0,0,0,1,0,0,0,0,4,0,0,0,0,2025-05-31
700246,hitting,2025,11,Durham Bulls,International League,5,0,0,1,1,0,3,1,0,5,3,0,0,0,2025-06-01
700246,hitting,2025,11,Durham Bulls,International League,4,0,0,0,1,0,0,0,0,4,0,0,0,0,2025-06-03
700246,hitting,2025,11,Durham Bulls,International League,2,2,1,0,1,0,0,0,0,4,1,0,0,0,2025-06-04
700246,hitting,2025,11,Durham Bulls,International League,4,0,0,0,1,1,2,0,0,5,1,0,1,0,2025-06-06
700246,hitting,2025,11,Durham Bulls,International League,4,0,0,0,1,0,0,0,0,4,0,0,0,0,2025-06-07
700246,hitting,2025,11,Durham Bulls,International League,5,0,0,0,1,0,4,2,0,5,2,0,0,0,2025-06-08
700246,hitting,2025,11,Durham Bulls,International League,2,1,0,0,1,0,0,0,0,4,1,0,0,0,2025-06-10
700246,hitting,2025,11,Durham Bulls,International League,3,1,0,0,1,0,0,0,0,4,0,0,0,0,2025-06-11
700246,hitting,2025,11,Durham Bulls,International League,4,0,0,0,1,0,1,0,0,4,1,0,2,0,2025-06-12
700246,hitting,2025,11,Durham Bulls,International League,3,1,0,0,1,0,1,0,0,4,0,0,0,0,2025-06-13
700246,hitting,2025,11,Durham Bulls,International League,3,0,0,0,1,0,0,0,0,3,0,0,0,0,2025-06-14
700246,hitting,2025,11,Durham Bulls,International League,4,0,0,0,1,0,1,1,0,4,1,0,0,0,2025-06-15
700246,hitting,2025,11,Durham Bulls,International League,4,1,0,0,1,0,0,0,0,5,0,0,0,0,2025-06-17
700246,hitting,2025,11,Durham Bulls,International League,4,0,0,0,1,1,2,0,0,5,1,0,0,1,2025-06-18
700246,hitting,2025,11,Durham Bulls,International League,4,1,0,1,1,1,2,0,0,6,1,0,0,0,2025-06-19
700246,hitting,2025,11,Durham Bulls,International League,4,1,0,0,1,0,1,0,0,5,3,0,1,0,2025-06-20
700246,hitting,2025,11,Durham Bulls,International League,5,0,0,0,1,0,3,1,0,5,2,0,0,0,2025-06-22
700246,hitting,2025,11,Durham Bulls,International League,4,1,0,1,1,0,2,1,0,5,2,0,0,0,2025-06-24
700246,hitting,2025,11,Durham Bulls,International League,3,0,0,0,1,0,0,0,0,3,0,0,0,0,2025-06-25
700246,hitting,2025,11,Durham Bulls,International League,4,0,0,0,1,0,1,0,0,4,0,0,0,0,2025-06-26
700246,hitting,2025,11,Durham Bulls,International League,4,0,0,0,1,0,0,0,0,4,0,0,0,0,2025-06-28
700246,hitting,2025,11,Durham Bulls,International League,3,1,0,0,1,0,1,1,0,4,1,0,0,0,2025-06-29
700246,hitting,2025,11,Durham Bulls,International League,3,1,0,0,1,0,1,1,0,4,1,0,0,0,2025-07-01
700246,hitting,2025,11,Durham Bulls,International League,1,3,0,0,1,0,1,1,0,4,1,0,2,0,2025-07-03
700246,hitting,2025,11,Durham Bulls,International League,4,1,0,0,1,0,0,0,0,5,0,0,0,0,2025-07-04
700246,hitting,2025,11,Durham Bulls,International League,3,1,0,0,1,0,1,0,0,4,0,0,1,0,2025-07-05
700246,hitting,2025,11,Durham Bulls,International League,4,0,0,0,1,0,1,0,0,4,0,0,0,0,2025-07-08
700246,hitting,2025,11,Durham Bulls,International League,2,0,0,0,1,0,1,0,0,2,1,0,0,0,2025-07-09
700246,hitting,2025,11,Durham Bulls,International League,4,0,0,0,1,0,1,0,0,4,0,0,0,1,2025-07-10
700246,hitting,2025,11,Durham Bulls,International League,3,1,1,0,1,0,2,1,0,4,1,0,0,0,2025-07-11
700246,hitting,2025,11,Durham Bulls,International League,3,0,0,0,1,0,0,0,0,3,0,0,0,0,2025-07-12
700246,hitting,2025,11,Durham Bulls,International League,4,0,0,0,1,0,0,0,0,4,1,0,0,0,2025-07-13
700246,hitting,2025,11,Durham Bulls,International League,3,1,0,0,1,0,1,1,0,4,1,0,0,0,2025-07-18
700246,hitting,2025,11,Durham Bulls,International League,4,1,0,0,1,0,1,0,0,5,1,0,0,0,2025-07-19
700246,hitting,2025,11,Durham Bulls,International League,5,0,0,1,1,0,2,0,0,5,2,0,1,0,2025-07-20
700246,hitting,2025,11,Durham Bulls,International League,4,0,0,0,1,0,1,0,0,4,1,0,0,0,2025-07-22
700246,hitting,2025,11,Durham Bulls,International League,3,0,0,0,1,0,0,0,0,3,0,0,0,0,2025-07-23
700246,hitting,2025,11,Durham Bulls,International League,1,0,0,0,1,0,0,0,0,1,0,0,0,0,2025-07-24
700246,hitting,2025,11,Durham Bulls,International League,4,0,0,0,1,0,0,0,0,4,0,0,0,0,2025-07-25
700246,hitting,2025,11,Durham Bulls,International League,3,0,1,0,1,0,1,0,0,3,0,0,1,0,2025-07-26
700246,hitting,2025,11,Durham Bulls,International League,4,0,0,0,1,0,0,0,0,4,0,0,0,0,2025-07-27
700246,hitting,2025,11,Durham Bulls,International League,4,0,0,0,1,0,0,0,0,4,0,0,0,0,2025-07-29
700246,hitting,2025,11,Durham Bulls,International League,4,1,0,0,1,0,0,0,0,5,0,0,0,0,2025-07-30
700246,hitting,2025,11,Durham Bulls,International League,3,0,0,0,1,0,1,1,0,3,1,0,0,0,2025-08-01
700246,hitting,2025,11,Durham Bulls,International League,3,1,0,0,1,0,1,0,0,4,0,0,0,0,2025-08-01
700246,hitting,2025,11,Durham Bulls,International League,4,0,1,0,1,0,2,0,0,4,1,0,0,0,2025-08-02
700246,hitting,2025,11,Durham Bulls,International League,4,0,0,0,1,0,1,0,0,4,1,0,1,0,2025-08-05
700246,hitting,2025,11,Durham Bulls,International League,3,1,0,0,1,0,0,0,0,4,0,0,0,0,2025-08-06
700246,hitting,2025,11,Durham Bulls,International League,4,0,0,0,1,0,0,0,0,4,0,0,0,0,2025-08-07
700246,hitting,2025,11,Durham Bulls,International League,3,1,0,0,1,0,1,0,0,4,1,0,1,0,2025-08-08
700246,hitting,2025,11,Durham Bulls,International League,4,1,0,0,1,0,1,1,0,5,2,0,0,0,2025-08-09
700246,hitting,2025,11,Durham Bulls,International League,4,0,0,0,1,0,2,1,0,4,2,0,0,0,2025-08-10
700246,hitting,2025,11,Durham Bulls,International League,4,0,0,0,1,0,0,0,0,4,0,0,0,0,2025-08-12
700246,hitting,2025,11,Durham Bulls,International League,2,2,0,0,1,0,1,1,0,4,1,0,0,0,2025-08-13
700246,hitting,2025,11,Durham Bulls,International League,3,1,0,0,1,0,0,0,0,4,0,0,0,0,2025-08-14
700246,hitting,2025,11,Durham Bulls,International League,4,0,0,0,1,0,0,0,0,4,0,0,0,0,2025-08-15
700246,hitting,2025,11,Durham Bulls,International League,3,1,0,0,1,0,0,0,0,4,0,0,0,0,2025-08-16
700246,hitting,2025,11,Durham Bulls,International League,4,1,0,0,1,0,3,1,0,5,2,0,0,1,2025-08-17
700246,hitting,2025,11,Durham Bulls,International League,3,1,0,0,1,0,0,0,0,4,0,0,0,0,2025-08-19
700246,hitting,2025,11,Durham Bulls,International League,3,1,0,0,1,0,1,1,0,4,1,0,1,0,2025-08-20
700337,hitting,2025,11,Charlotte Knights,International League,4,1,0,0,1,0,2,0,0,5,2,0,0,0,2025-03-28
700337,hitting,2025,11,Charlotte Knights,International League,3,2,0,0,1,0,1,0,0,5,1,0,0,0,2025-03-29
700337,hitting,2025,11,Charlotte Knights,International League,4,0,0,1,1,0,2,0,0,4,2,0,0,0,2025-03-30
700337,hitting,2025,11,Charlotte Knights,International League,1,3,0,0,1,0,0,0,0,4,0,0,0,0,2025-04-02
700337,hitting,2025,11,Charlotte Knights,International League,3,1,0,0,1,0,0,0,0,4,0,0,0,0,2025-04-03
700337,hitting,2025,11,Charlotte Knights,International League,5,0,0,0,1,0,3,0,0,5,1,0,0,0,2025-04-04
700337,hitting,2025,11,Charlotte Knights,International League,4,0,0,0,1,0,1,0,0,4,0,0,0,0,2025-04-05
700337,hitting,2025,11,Charlotte Knights,International League,5,0,0,0,1,0,2,1,0,5,2,0,0,0,2025-04-06
700337,hitting,2025,11,Charlotte Knights,International League,3,1,0,0,1,0,0,0,0,4,0,0,0,0,2025-04-08
700337,hitting,2025,11,Charlotte Knights,International League,3,1,0,0,1,0,2,0,0,4,0,0,0,0,2025-04-09
700337,hitting,2025,11,Charlotte Knights,International League,3,0,0,0,1,0,0,0,0,4,1,1,0,0,2025-04-10
700337,hitting,2025,11,Charlotte Knights,International League,2,1,0,0,1,0,0,0,0,3,0,0,0,0,2025-04-12
700337,hitting,2025,11,Charlotte Knights,International League,2,1,0,0,1,0,1,0,0,3,0,0,0,0,2025-04-12
700337,hitting,2025,11,Charlotte Knights,International League,4,0,0,0,1,0,1,0,0,4,0,0,0,0,2025-04-13
700337,hitting,2025,11,Charlotte Knights,International League,5,0,0,0,1,0,2,0,0,5,0,0,0,0,2025-04-15
700932,hitting,2024,11,Columbus Clippers,International League,4,0,0,0,1,0,0,0,0,4,0,0,0,0,2024-03-30
700932,hitting,2024,11,Columbus Clippers,International League,3,0,0,0,1,0,1,1,0,4,1,1,0,0,2024-04-03
700932,hitting,2024,11,Columbus Clippers,International League,2,0,0,0,1,0,0,0,0,3,0,1,0,0,2024-04-04
700932,hitting,2024,11,Columbus Clippers,International League,2,2,0,0,1,0,0,0,0,4,0,0,0,0,2024-04-04
700932,hitting,2024,11,Columbus Clippers,International League,3,1,0,0,1,0,1,0,0,4,1,0,0,0,2024-04-05
700932,hitting,2024,11,Columbus Clippers,International League,5,0,0,1,1,0,2,0,0,5,0,0,0,0,2024-04-06
700932,hitting,2024,11,Columbus Clippers,International League,4,0,0,0,1,0,0,0,0,4,0,0,0,0,2024-04-07
700932,hitting,2024,11,Columbus Clippers,International League,4,1,0,0,1,0,1,0,0,6,1,1,0,0,2024-04-09
700932,hitting,2024,11,Columbus Clippers,International League,1,4,0,0,1,0,0,0,0,5,1,0,0,0,2024-04-12
700932,hitting,2024,11,Columbus Clippers,International League,3,0,0,0,1,0,2,0,0,3,0,0,0,0,2024-04-12
700932,hitting,2024,11,Columbus Clippers,International League,5,0,0,2,1,0,3,0,0,5,1,0,0,0,2024-04-13
700932,hitting,2024,11,Columbus Clippers,International League,4,0,0,0,1,0,0,0,0,4,0,0,0,0,2024-04-14
700932,hitting,2024,11,Columbus Clippers,International League,4,1,0,0,1,0,1,0,0,5,1,0,0,0,2024-04-16
700932,hitting,2024,11,Columbus Clippers,International League,5,1,0,1,1,0,2,0,0,6,2,0,0,0,2024-04-17
700932,hitting,2024,11,Columbus Clippers,International League,5,0,0,0,1,0,0,0,0,5,0,0,0,0,2024-04-18
700932,hitting,2024,11,Columbus Clippers,International League,4,0,0,2,1,0,3,0,0,4,2,0,0,0,2024-04-19
700932,hitting,2024,11,Columbus Clippers,International League,4,0,0,0,1,0,3,2,0,4,2,0,0,0,2024-04-20
700932,hitting,2024,11,Columbus Clippers,International League,3,2,0,0,1,0,1,1,0,5,1,0,0,0,2024-04-21
700932,hitting,2024,11,Columbus Clippers,International League,4,0,0,0,1,0,1,1,0,4,1,0,0,0,2024-04-23
700932,hitting,2024,11,Columbus Clippers,International League,3,0,0,0,1,0,0,0,0,3,0,0,0,0,2024-04-24
700932,hitting,2024,11,Columbus Clippers,International League,6,0,0,0,1,0,3,0,0,6,1,0,0,0,2024-04-25
700932,hitting,2024,11,Columbus Clippers,International League,3,1,0,0,1,0,0,0,0,5,0,1,0,0,2024-04-26
700932,hitting,2024,11,Columbus Clippers,International League,2,1,0,0,1,0,1,1,1,3,2,0,0,0,2024-04-28
700932,hitting,2024,11,Columbus Clippers,International League,4,0,0,0,1,0,1,0,0,4,1,0,0,0,2024-04-28
700932,hitting,2024,11,Columbus Clippers,International League,5,0,0,1,1,0,2,1,0,5,2,0,0,0,2024-04-30
700932,hitting,2024,11,Columbus Clippers,International League,4,1,0,2,1,0,3,1,0,5,4,0,0,0,2024-05-01
700932,hitting,2024,11,Columbus Clippers,International League,4,0,0,1,1,0,1,0,0,4,0,0,0,0,2024-05-02
700932,hitting,2024,11,Columbus Clippers,International League,5,0,0,0,1,0,0,0,0,5,0,0,0,0,2024-05-03
700932,hitting,2024,11,Columbus Clippers,International League,4,0,0,0,1,0,1,1,0,4,1,0,0,0,2024-05-04
701350,hitting,2025,11,Worcester Red Sox,International League,3,2,0,0,1,0,0,0,0,5,0,0,0,0,2025-03-28
701350,hitting,2025,11,Worcester Red Sox,International League,3,2,0,0,1,0,2,2,0,5,4,0,0,0,2025-03-30
701350,hitting,2025,11,Worcester Red Sox,International League,5,0,0,0,1,0,1,0,0,5,0,0,0,1,2025-04-01
701350,hitting,2025,11,Worcester Red Sox,International League,2,2,0,0,1,0,0,0,0,4,1,0,1,0,2025-04-02
701350,hitting,2025,11,Worcester Red Sox,International League,3,1,0,0,1,0,0,0,0,4,0,0,0,0,2025-04-03
701350,hitting,2025,11,Worcester Red Sox,International League,4,1,0,0,1,0,1,0,0,5,1,0,0,0,2025-04-04
701350,hitting,2025,11,Worcester Red Sox,International League,4,0,0,0,1,0,0,0,0,4,0,0,0,0,2025-04-06
701350,hitting,2025,11,Worcester Red Sox,International League,3,1,0,0,1,0,0,0,0,4,0,0,0,0,2025-04-09
701350,hitting,2025,11,Worcester Red Sox,International League,3,1,0,0,1,0,1,0,0,4,0,0,0,0,2025-04-09
701350,hitting,2025,11,Worcester Red Sox,International League,4,0,0,0,1,0,1,0,0,4,0,0,0,0,2025-04-10
701350,hitting,2025,11,Worcester Red Sox,International League,4,0,0,2,1,0,3,0,0,4,0,0,0,0,2025-04-11
701350,hitting,2025,11,Worcester Red Sox,International League,5,0,1,0,1,0,2,0,0,5,1,0,0,0,2025-04-13
701350,hitting,2025,11,Worcester Red Sox,International League,3,3,0,0,1,0,2,0,0,6,1,0,0,0,2025-04-15
701350,hitting,2025,11,Worcester Red Sox,International League,4,0,0,0,1,0,2,2,0,4,2,0,0,0,2025-04-17
701350,hitting,2025,11,Worcester Red Sox,International League,3,1,0,0,1,0,0,0,0,4,1,0,1,0,2025-04-17
701350,hitting,2025,11,Worcester Red Sox,International League,5,0,0,0,1,0,2,0,0,5,2,0,0,0,2025-04-18
701350,hitting,2025,11,Worcester Red Sox,International League,4,1,0,1,1,0,1,0,0,5,1,0,0,0,2025-04-19
701350,hitting,2025,11,Worcester Red Sox,International League,4,1,0,0,1,0,0,0,0,5,0,0,0,0,2025-04-20
701350,hitting,2025,11,Worcester Red Sox,International League,4,0,0,1,1,0,2,0,0,4,1,0,0,0,2025-04-22
701350,hitting,2025,11,Worcester Red Sox,International League,1,3,0,1,1,0,1,0,0,4,1,0,0,0,2025-04-23
701350,hitting,2025,11,Worcester Red Sox,International League,3,0,0,0,1,0,1,0,0,4,1,1,0,0,2025-04-23
701350,hitting,2025,11,Worcester Red Sox,International League,4,1,0,0,1,0,2,1,0,5,3,0,0,0,2025-04-24
701350,hitting,2025,11,Worcester Red Sox,International League,2,1,0,0,1,0,1,0,0,3,1,0,0,0,2025-04-25
701350,hitting,2025,11,Worcester Red Sox,International League,5,0,0,0,1,0,1,0,0,5,0,0,0,0,2025-04-29
701350,hitting,2025,11,Worcester Red Sox,International League,4,0,0,0,1,0,0,0,0,4,0,0,0,0,2025-04-30
701350,hitting,2025,11,Worcester Red Sox,International League,4,1,0,0,1,0,1,0,0,5,1,0,0,0,2025-05-01
701350,hitting,2025,11,Worcester Red Sox,International League,3,0,0,0,1,0,1,0,0,4,0,1,0,0,2025-05-02
701350,hitting,2025,11,Worcester Red Sox,International League,4,0,0,0,1,0,1,0,0,4,0,0,0,0,2025-05-03
701350,hitting,2025,11,Worcester Red Sox,International League,5,0,1,0,1,0,3,0,0,5,0,0,1,0,2025-05-04
701350,hitting,2025,11,Worcester Red Sox,International League,4,1,0,0,1,0,0,0,0,5,0,0,0,0,2025-05-06
701350,hitting,2025,11,Worcester Red Sox,International League,4,1,0,0,1,0,2,0,0,5,2,0,0,0,2025-05-07
701350,hitting,2025,11,Worcester Red Sox,International League,2,2,0,0,1,0,0,0,0,4,0,0,0,0,2025-05-08
701350,hitting,2025,11,Worcester Red Sox,International League,5,0,0,0,1,0,1,0,0,5,0,0,0,0,2025-05-09
701350,hitting,2025,11,Worcester Red Sox,International League,3,1,0,0,1,0,1,0,0,4,1,0,0,0,2025-05-10
701350,hitting,2025,11,Worcester Red Sox,International League,3,1,1,0,1,0,2,0,0,4,0,0,0,0,2025-05-11
701350,hitting,2025,11,Worcester Red Sox,International League,5,0,0,1,1,0,1,0,0,5,1,0,0,0,2025-05-13
701350,hitting,2025,11,Worcester Red Sox,International League,3,2,0,0,1,0,2,0,0,5,1,0,0,0,2025-05-14
701350,hitting,2025,11,Worcester Red Sox,International League,4,0,0,0,1,0,1,0,0,4,0,0,0,1,2025-05-15
701350,hitting,2025,11,Worcester Red Sox,International League,3,3,0,0,1,0,2,0,0,6,3,0,0,0,2025-05-16
701350,hitting,2025,11,Worcester Red Sox,International League,4,1,0,0,1,0,2,0,0,5,1,0,0,0,2025-05-17
701350,hitting,2025,11,Worcester Red Sox,International League,4,1,0,2,1,0,2,0,0,5,0,0,0,0,2025-05-18
701350,hitting,2025,11,Worcester Red Sox,International League,3,2,0,0,1,0,1,1,0,5,2,0,0,0,2025-05-20
701350,hitting,2025,11,Worcester Red Sox,International League,3,2,0,0,1,0,0,0,0,5,0,0,0,0,2025-05-21
701350,hitting,2025,11,Worcester Red Sox,International League,3,1,0,0,1,0,2,0,0,4,2,0,0,0,2025-05-23
701350,hitting,2025,11,Worcester Red Sox,International League,3,1,0,0,1,0,0,0,0,4,0,0,0,0,2025-05-24
701350,hitting,2025,11,Worcester Red Sox,International League,3,1,0,0,1,0,1,1,0,4,2,0,0,0,2025-05-24
701350,hitting,2025,11,Worcester Red Sox,International League,4,0,0,0,1,0,2,0,0,4,0,0,0,0,2025-05-25
701350,hitting,2025,11,Worcester Red Sox,International League,4,1,0,0,1,0,1,1,0,5,2,0,0,0,2025-05-27
701350,hitting,2025,11,Worcester Red Sox,International League,4,1,0,1,1,0,1,0,0,5,1,0,0,0,2025-05-28
701350,hitting,2025,11,Worcester Red Sox,International League,5,0,0,0,1,0,0,0,0,5,0,0,0,0,2025-05-29
701350,hitting,2025,11,Worcester Red Sox,International League,5,0,0,0,1,0,1,0,0,5,0,0,0,0,2025-05-30
701350,hitting,2025,11,Worcester Red Sox,International League,4,1,0,0,1,0,1,0,0,5,0,0,0,0,2025-05-31
701350,hitting,2025,11,Worcester Red Sox,International League,5,0,0,0,1,0,1,0,0,5,1,0,0,0,2025-06-01
701350,hitting,2025,11,Worcester Red Sox,International League,4,1,0,0,1,0,1,1,0,5,1,0,0,0,2025-06-03
701350,hitting,2025,11,Worcester Red Sox,International League,4,0,0,0,1,0,0,0,0,4,0,0,0,0,2025-06-04
701350,hitting,2025,11,Worcester Red Sox,International League,3,2,0,0,1,0,0,0,0,5,0,0,0,0,2025-06-05
701350,hitting,2025,11,Worcester Red Sox,International League,4,1,0,0,1,0,1,1,0,5,2,0,0,0,2025-06-07
701350,hitting,2025,11,Worcester Red Sox,International League,2,2,0,0,1,0,0,0,0,4,1,0,0,0,2025-06-08
701398,hitting,2025,11,Louisville Bats,International League,4,0,0,0,1,0,1,0,0,4,0,0,1,0,2025-07-18
701398,hitting,2025,11,Louisville Bats,International League,5,0,0,0,1,0,0,0,0,5,1,0,0,0,2025-07-19
701398,hitting,2025,11,Louisville Bats,International League,4,0,0,0,1,0,2,1,0,4,1,0,0,0,2025-07-20
701398,hitting,2025,11,Louisville Bats,International League,4,0,0,0,1,0,1,0,0,4,0,0,0,0,2025-07-22
701398,hitting,2025,11,Louisville Bats,International League,4,0,0,0,1,0,0,0,0,4,0,0,0,0,2025-07-23
701398,hitting,2025,11,Louisville Bats,International League,3,0,0,0,1,0,1,0,0,3,0,0,0,0,2025-07-24
701398,hitting,2025,11,Louisville Bats,International League,4,0,0,0,1,0,0,0,0,4,0,0,0,0,2025-07-25
701398,hitting,2025,11,Louisville Bats,International League,4,0,0,1,1,0,4,2,0,4,3,0,0,0,2025-07-26
701398,hitting,2025,11,Louisville Bats,International League,4,0,0,0,1,0,1,0,0,4,0,0,0,0,2025-07-27
701398,hitting,2025,11,Louisville Bats,International League,4,0,0,1,1,0,2,1,0,4,1,0,0,0,2025-07-29
701398,hitting,2025,11,Louisville Bats,International League,3,1,0,1,1,0,1,0,0,4,1,0,0,0,2025-07-30
701398,hitting,2025,11,Louisville Bats,International League,5,1,0,2,1,0,2,0,0,6,3,0,0,0,2025-07-31
701398,hitting,2025,11,Louisville Bats,International League,3,2,0,1,1,0,1,0,0,5,0,0,1,0,2025-08-01
701398,hitting,2025,11,Louisville Bats,International League,5,0,0,0,1,0,1,0,0,5,1,0,0,0,2025-08-02
701398,hitting,2025,11,Louisville Bats,International League,4,0,1,0,1,0,1,0,0,4,0,0,0,0,2025-08-03
701398,hitting,2025,11,Louisville Bats,International League,3,0,0,0,1,0,0,0,0,3,0,0,0,0,2025-08-06
701398,hitting,2025,11,Louisville Bats,International League,3,0,0,1,1,0,2,0,0,4,1,1,1,0,2025-08-06
701398,hitting,2025,11,Louisville Bats,International League,2,2,0,0,1,0,1,0,0,4,0,0,0,0,2025-08-07
701398,hitting,2025,11,Louisville Bats,International League,4,0,0,1,1,0,1,0,0,4,0,0,0,0,2025-08-08
701398,hitting,2025,11,Louisville Bats,International League,4,1,0,1,1,0,2,0,0,5,0,0,0,0,2025-08-09
701398,hitting,2025,11,Louisville Bats,International League,4,1,0,1,1,0,1,0,0,5,1,0,0,0,2025-08-10
701398,hitting,2025,11,Louisville Bats,International League,3,2,0,0,1,0,1,1,0,5,2,0,0,0,2025-08-12
701398,hitting,2025,11,Louisville Bats,International League,6,0,0,2,1,0,4,1,0,6,2,0,0,0,2025-08-13
701398,hitting,2025,11,Louisville Bats,International League,4,0,0,0,1,0,1,0,0,4,0,0,0,0,2025-08-14
701398,hitting,2025,11,Louisville Bats,International League,2,1,0,0,1,0,0,0,0,3,0,0,0,0,2025-08-15
701398,hitting,2025,11,Louisville Bats,International League,4,0,0,1,1,1,1,0,0,5,1,0,0,0,2025-08-16
701398,hitting,2025,11,Louisville Bats,International League,3,1,0,0,1,0,1,0,0,4,0,0,0,0,2025-08-17
701398,hitting,2025,11,Louisville Bats,International League,3,1,0,0,1,0,0,0,0,4,0,0,0,0,2025-08-19
701398,hitting,2025,11,Louisville Bats,International League,3,1,0,0,1,0,1,1,0,4,2,0,0,0,2025-08-20
701398,hitting,2025,11,Louisville Bats,International League,3,0,0,0,1,0,1,0,0,4,1,1,0,0,2025-08-21
701398,hitting,2025,11,Louisville Bats,International League,5,0,0,0,1,0,1,0,0,5,0,0,0,0,2025-08-22
701398,hitting,2025,11,Louisville Bats,International League,4,2,0,0,1,0,2,2,0,6,3,0,1,0,2025-08-23
701398,hitting,2025,11,Louisville Bats,International League,4,0,0,1,1,0,2,0,0,4,1,0,0,0,2025-08-24
701398,hitting,2025,11,Louisville Bats,International League,3,1,0,0,1,0,1,1,0,4,1,0,0,0,2025-08-26
701398,hitting,2025,11,Louisville Bats,International League,3,2,0,0,1,0,0,0,0,5,1,0,0,0,2025-08-27
701398,hitting,2025,11,Louisville Bats,International League,4,0,0,0,1,0,1,0,0,4,0,0,0,0,2025-08-28
701398,hitting,2025,11,Louisville Bats,International League,4,0,0,1,1,0,1,0,0,4,0,0,0,0,2025-08-29
701398,hitting,2025,11,Louisville Bats,International League,5,0,0,0,1,0,2,0,0,5,0,0,0,0,2025-08-30
701398,hitting,2025,12,Chattanooga Lookouts,Southern League,5,0,0,0,1,1,1,0,0,6,2,0,1,0,2025-04-04
701398,hitting,2025,12,Chattanooga Lookouts,Southern League,4,1,0,1,1,0,3,1,0,5,2,0,1,0,2025-04-05
701398,hitting,2025,12,Chattanooga Lookouts,Southern League,4,0,0,0,1,0,1,0,0,4,0,0,1,0,2025-04-08
701398,hitting,2025,12,Chattanooga Lookouts,Southern League,5,0,0,2,1,0,3,0,0,5,2,0,1,0,2025-04-09
701398,hitting,2025,12,Chattanooga Lookouts,Southern League,5,0,0,0,1,0,0,0,0,5,0,0,0,0,2025-04-11
701398,hitting,2025,12,Chattanooga Lookouts,Southern League,4,0,0,1,1,0,3,1,0,4,1,0,0,0,2025-04-12
701398,hitting,2025,12,Chattanooga Lookouts,Southern League,1,2,0,0,1,0,0,0,0,3,1,0,0,0,2025-04-12
701398,hitting,2025,12,Chattanooga Lookouts,Southern League,4,0,0,0,1,0,1,0,0,4,0,0,0,0,2025-04-13
701398,hitting,2025,12,Chattanooga Lookouts,Southern League,3,0,0,0,1,1,0,0,0,4,0,0,0,0,2025-04-15
701398,hitting,2025,12,Chattanooga Lookouts,Southern League,4,1,0,0,1,0,1,0,0,5,2,0,1,0,2025-04-16
701398,hitting,2025,12,Chattanooga Lookouts,Southern League,4,0,0,1,1,0,2,0,0,4,1,0,0,0,2025-04-17
701398,hitting,2025,12,Chattanooga Lookouts,Southern League,4,0,0,0,1,0,0,0,0,4,0,0,0,0,2025-04-18
701398,hitting,2025,12,Chattanooga Lookouts,Southern League,4,0,0,0,1,1,2,0,0,5,0,0,1,0,2025-04-19
701398,hitting,2025,12,Chattanooga Lookouts,Southern League,3,0,1,0,1,1,0,0,0,4,0,0,0,0,2025-04-20
701398,hitting,2025,12,Chattanooga Lookouts,Southern League,3,1,0,0,1,0,0,0,0,4,0,0,0,0,2025-04-22
701398,hitting,2025,12,Chattanooga Lookouts,Southern League,3,0,0,1,1,0,1,0,0,3,0,0,0,0,2025-04-23
701398,hitting,2025,12,Chattanooga Lookouts,Southern League,4,0,0,1,1,1,2,0,0,5,2,0,3,0,2025-04-25
701398,hitting,2025,12,Chattanooga Lookouts,Southern League,4,0,0,0,1,0,1,0,0,4,1,0,0,0,2025-04-26
701398,hitting,2025,12,Chattanooga Lookouts,Southern League,3,0,0,0,1,0,0,0,0,3,0,0,0,0,2025-04-26
701398,hitting,2025,12,Chattanooga Lookouts,Southern League,5,0,0,0,1,0,2,0,0,5,0,0,0,0,2025-04-27
701398,hitting,2025,12,Chattanooga Lookouts,Southern League,4,0,1,0,1,0,2,0,0,4,0,0,0,0,2025-04-29
701398,hitting,2025,12,Chattanooga Lookouts,Southern League,3,0,0,0,1,1,0,0,0,4,1,0,0,0,2025-04-30
701398,hitting,2025,12,Chattanooga Lookouts,Southern League,3,1,0,0,1,0,0,0,0,4,0,0,0,0,2025-05-01
701398,hitting,2025,12,Chattanooga Lookouts,Southern League,4,0,0,0,1,0,0,0,0,4,1,0,0,0,2025-05-02
701398,hitting,2025,12,Chattanooga Lookouts,Southern League,3,1,0,2,1,0,2,0,0,4,3,0,0,0,2025-05-04
701398,hitting,2025,12,Chattanooga Lookouts,Southern League,3,0,0,0,1,0,0,0,0,3,0,0,0,0,2025-05-04
701398,hitting,2025,12,Chattanooga Lookouts,Southern League,4,1,0,1,1,0,2,0,0,5,2,0,0,0,2025-05-06
701398,hitting,2025,12,Chattanooga Lookouts,Southern League,4,0,0,1,1,0,3,0,0,4,0,0,0,0,2025-05-07
701398,hitting,2025,12,Chattanooga Lookouts,Southern League,4,0,0,0,1,0,0,0,0,4,0,0,0,0,2025-05-08
701398,hitting,2025,12,Chattanooga Lookouts,Southern League,4,0,0,0,1,0,2,0,0,4,0,0,0,0,2025-05-09
701398,hitting,2025,12,Chattanooga Lookouts,Southern League,4,0,0,0,1,0,2,0,0,4,0,0,0,0,2025-05-11
701398,hitting,2025,12,Chattanooga Lookouts,Southern League,3,0,0,0,1,0,0,0,0,3,0,0,0,0,2025-05-11
701398,hitting,2025,12,Chattanooga Lookouts,Southern League,4,0,0,0,1,0,1,0,0,4,0,0,0,0,2025-05-13
701398,hitting,2025,12,Chattanooga Lookouts,Southern League,4,0,0,0,1,0,0,0,0,4,0,0,0,0,2025-05-14
701398,hitting,2025,12,Chattanooga Lookouts,Southern League,5,0,0,0,1,0,4,0,0,5,0,0,1,0,2025-05-15
701398,hitting,2025,12,Chattanooga Lookouts,Southern League,4,0,0,0,1,0,1,0,0,4,0,0,0,0,2025-05-16
701398,hitting,2025,12,Chattanooga Lookouts,Southern League,5,0,0,0,1,0,3,0,0,5,0,0,0,0,2025-05-17
701398,hitting,2025,12,Chattanooga Lookouts,Southern League,3,1,0,1,1,0,1,0,0,4,1,0,0,0,2025-05-18
701398,hitting,2025,12,Chattanooga Lookouts,Southern League,4,0,0,1,1,0,2,1,0,4,1,0,0,0,2025-05-20
701398,hitting,2025,12,Chattanooga Lookouts,Southern League,5,0,0,0,1,0,0,0,0,5,0,0,0,0,2025-05-21
701398,hitting,2025,12,Chattanooga Lookouts,Southern League,4,1,0,1,1,0,4,0,0,5,1,0,0,0,2025-05-22
701398,hitting,2025,12,Chattanooga Lookouts,Southern League,4,0,0,0,1,0,0,0,0,4,0,0,0,0,2025-05-23
701398,hitting,2025,12,Chattanooga Lookouts,Southern League,5,0,0,1,1,0,3,0,0,5,1,0,0,0,2025-05-24
701398,hitting,2025,12,Chattanooga Lookouts,Southern League,3,1,0,1,1,0,1,0,0,4,2,0,0,0,2025-05-25
701398,hitting,2025,12,Chattanooga Lookouts,Southern League,3,0,0,0,1,0,0,0,0,3,0,0,0,0,2025-05-30
701398,hitting,2025,12,Chattanooga Lookouts,Southern League,4,0,0,0,1,0,1,0,0,4,0,0,0,0,2025-05-31
701398,hitting,2025,12,Chattanooga Lookouts,Southern League,4,0,0,0,1,0,2,0,0,4,0,0,0,0,2025-06-01
701398,hitting,2025,12,Chattanooga Lookouts,Southern League,3,1,0,0,1,0,0,0,0,4,1,0,1,0,2025-06-03
701398,hitting,2025,12,Chattanooga Lookouts,Southern League,2,0,0,0,1,0,0,0,0,2,0,0,0,0,2025-06-04
701398,hitting,2025,12,Chattanooga Lookouts,Southern League,4,0,0,0,1,0,0,0,0,4,0,0,0,0,2025-06-05
701398,hitting,2025,12,Chattanooga Lookouts,Southern League,3,0,0,0,1,0,0,0,0,3,0,0,0,0,2025-06-07
701398,hitting,2025,12,Chattanooga Lookouts,Southern League,3,0,0,0,1,0,2,0,0,3,0,0,0,0,2025-06-07
701398,hitting,2025,12,Chattanooga Lookouts,Southern League,4,0,0,0,1,0,0,0,0,4,0,0,0,0,2025-06-08
701398,hitting,2025,12,Chattanooga Lookouts,Southern League,4,1,0,1,1,0,2,0,0,5,3,0,0,0,2025-06-10
701398,hitting,2025,12,Chattanooga Lookouts,Southern League,1,3,0,0,1,0,0,0,0,4,0,0,0,0,2025-06-11
701398,hitting,2025,12,Chattanooga Lookouts,Southern League,4,1,0,0,1,0,1,0,0,5,1,0,0,0,2025-06-12
701398,hitting,2025,12,Chattanooga Lookouts,Southern League,3,0,0,0,1,0,2,1,0,3,2,0,1,0,2025-06-14
701398,hitting,2025,12,Chattanooga Lookouts,Southern League,2,0,0,0,1,0,0,0,0,3,0,1,0,0,2025-06-14
701398,hitting,2025,12,Chattanooga Lookouts,Southern League,4,1,0,0,1,0,0,0,0,5,0,0,0,0,2025-06-15
701398,hitting,2025,12,Chattanooga Lookouts,Southern League,4,1,0,0,1,0,2,0,0,5,1,0,0,0,2025-06-17
701398,hitting,2025,12,Chattanooga Lookouts,Southern League,4,0,0,0,1,0,2,1,0,4,1,0,0,0,2025-06-18
701398,hitting,2025,12,Chattanooga Lookouts,Southern League,4,0,0,0,1,0,2,0,0,4,2,0,1,0,2025-06-19
701398,hitting,2025,12,Chattanooga Lookouts,Southern League,4,0,0,1,1,0,1,0,0,4,1,0,0,0,2025-06-20
701398,hitting,2025,12,Chattanooga Lookouts,Southern League,4,0,0,0,1,0,3,2,0,4,2,0,0,0,2025-06-21
701398,hitting,2025,12,Chattanooga Lookouts,Southern League,4,0,0,0,1,0,2,0,0,4,0,0,0,0,2025-06-21
701398,hitting,2025,12,Chattanooga Lookouts,Southern League,2,3,0,0,1,0,1,0,0,5,1,0,0,0,2025-06-22
701398,hitting,2025,12,Chattanooga Lookouts,Southern League,5,0,0,0,1,0,2,0,0,5,2,0,0,0,2025-06-24
701398,hitting,2025,12,Chattanooga Lookouts,Southern League,4,0,0,0,1,0,1,0,0,4,1,0,0,0,2025-06-25
701398,hitting,2025,12,Chattanooga Lookouts,Southern League,4,0,0,0,1,0,1,1,0,4,1,0,0,0,2025-06-26
701398,hitting,2025,12,Chattanooga Lookouts,Southern League,3,0,0,0,1,0,2,0,0,3,1,0,0,0,2025-06-29
701398,hitting,2025,12,Chattanooga Lookouts,Southern League,4,0,0,0,1,0,1,1,0,4,1,0,0,0,2025-06-29
701398,hitting,2025,12,Chattanooga Lookouts,Southern League,4,0,0,0,1,0,0,0,0,4,0,0,0,0,2025-07-01
701398,hitting,2025,12,Chattanooga Lookouts,Southern League,4,0,0,0,1,0,1,1,0,4,1,0,0,0,2025-07-02
701398,hitting,2025,12,Chattanooga Lookouts,Southern League,4,0,0,1,1,0,1,0,0,4,0,0,0,0,2025-07-03
701398,hitting,2025,12,Chattanooga Lookouts,Southern League,4,1,0,0,1,0,0,0,0,5,0,0,0,0,2025-07-04
701398,hitting,2025,12,Chattanooga Lookouts,Southern League,2,2,0,0,1,0,0,0,0,4,0,0,0,0,2025-07-05
701398,hitting,2025,12,Chattanooga Lookouts,Southern League,3,0,0,0,1,1,0,0,0,4,0,0,0,0,2025-07-06
701398,hitting,2025,12,Chattanooga Lookouts,Southern League,2,2,0,0,1,0,0,0,0,4,1,0,0,0,2025-07-08
701398,hitting,2025,12,Chattanooga Lookouts,Southern League,4,0,0,0,1,0,0,0,0,4,0,0,0,0,2025-07-09
701398,hitting,2025,12,Chattanooga Lookouts,Southern League,4,0,0,0,1,0,2,0,0,4,1,0,0,0,2025-07-10
701649,hitting,2026,11,Iowa Cubs,International League,4,0,0,0,1,0,1,0,0,4,1,0,0,0,2026-03-27
701649,hitting,2026,11,Iowa Cubs,International League,4,0,0,0,1,0,1,0,0,4,0,0,0,0,2026-03-28
701649,hitting,2026,11,Iowa Cubs,International League,4,0,0,0,1,0,1,0,0,4,0,0,0,0,2026-03-29
701649,hitting,2026,11,Iowa Cubs,International League,0,0,0,0,1,0,0,0,0,0,1,0,0,0,2026-03-31
701649,hitting,2026,11,Iowa Cubs,International League,4,1,1,0,1,0,2,0,0,5,1,0,0,0,2026-04-01
701649,hitting,2026,11,Iowa Cubs,International League,5,0,0,0,1,0,4,1,0,5,4,0,0,0,2026-04-02
701649,hitting,2026,11,Iowa Cubs,International League,5,0,0,0,1,0,2,1,0,5,1,0,0,0,2026-04-03
701649,hitting,2026,11,Iowa Cubs,International League,4,0,0,0,1,0,1,0,0,4,0,0,0,0,2026-04-04
701649,hitting,2026,11,Iowa Cubs,International League,4,1,0,1,1,0,2,0,0,5,1,0,1,0,2026-04-05
701649,hitting,2026,11,Iowa Cubs,International League,4,0,0,0,1,0,0,0,0,4,0,0,0,0,2026-04-07
701649,hitting,2026,11,Iowa Cubs,International League,5,0,0,0,1,0,0,0,0,5,0,0,0,0,2026-04-08
701649,hitting,2026,11,Iowa Cubs,International League,4,0,1,0,1,0,1,0,0,4,1,0,0,0,2026-04-10
701649,hitting,2026,11,Iowa Cubs,International League,3,0,0,0,1,0,0,0,0,3,0,0,0,0,2026-04-10
701649,hitting,2026,11,Iowa Cubs,International League,4,0,0,0,1,0,2,0,0,4,2,0,1,0,2026-04-11
701649,hitting,2026,11,Iowa Cubs,International League,3,1,0,0,1,0,1,0,0,4,1,0,1,0,2026-04-14
701649,hitting,2026,11,Iowa Cubs,International League,3,1,0,1,1,0,1,0,0,4,2,0,0,0,2026-04-15
701649,hitting,2026,11,Iowa Cubs,International League,6,0,0,1,1,0,2,0,0,6,1,0,1,0,2026-04-16
701649,hitting,2026,11,Iowa Cubs,International League,4,0,0,0,1,0,0,0,0,4,0,0,0,0,2026-04-17
701649,hitting,2026,11,Iowa Cubs,International League,5,0,0,1,1,0,2,0,0,5,0,0,1,0,2026-04-18
701649,hitting,2026,11,Iowa Cubs,International League,5,0,0,0,1,0,0,0,0,5,0,0,0,0,2026-04-19
701649,hitting,2026,11,Iowa Cubs,International League,4,0,0,1,1,0,3,1,0,4,1,0,0,0,2026-04-25
701649,hitting,2026,11,Iowa Cubs,International League,5,0,0,0,1,0,1,0,0,5,1,0,0,0,2026-04-26
701649,hitting,2026,11,Iowa Cubs,International League,3,1,0,0,1,0,1,1,0,4,1,0,0,0,2026-04-28
701649,hitting,2026,11,Iowa Cubs,International League,5,1,0,0,1,0,2,0,0,6,2,0,2,0,2026-04-29
701649,hitting,2026,11,Iowa Cubs,International League,4,0,0,0,1,0,2,0,0,4,1,0,0,0,2026-04-30
701649,hitting,2026,11,Iowa Cubs,International League,4,1,0,0,1,0,0,0,0,5,1,0,1,0,2026-05-01
701649,hitting,2026,11,Iowa Cubs,International League,4,0,0,0,1,0,0,0,0,4,0,0,0,0,2026-05-06
701649,hitting,2026,11,Iowa Cubs,International League,4,0,0,0,1,0,1,0,0,4,0,0,0,0,2026-05-07
701649,hitting,2026,11,Iowa Cubs,International League,5,0,0,0,1,0,2,0,0,5,2,0,0,0,2026-05-08
701649,hitting,2026,11,Iowa Cubs,International League,4,0,0,1,1,0,2,0,0,5,2,1,0,0,2026-05-09
701649,hitting,2026,11,Iowa Cubs,International League,4,0,0,1,1,0,1,0,0,4,1,0,0,0,2026-05-10
701649,hitting,2026,11,Iowa Cubs,International League,3,0,0,0,1,0,1,0,0,4,0,1,0,0,2026-05-12
701649,hitting,2026,11,Iowa Cubs,International League,3,1,0,0,1,0,0,0,0,4,0,0,0,0,2026-05-13
701649,hitting,2026,11,Iowa Cubs,International League,5,0,0,1,1,0,1,0,0,5,1,0,0,0,2026-05-14
701649,hitting,2026,11,Iowa Cubs,International League,5,1,0,1,1,0,1,0,0,6,1,0,0,0,2026-05-15
701649,hitting,2026,11,Iowa Cubs,International League,4,0,0,0,1,0,1,0,0,4,0,0,0,0,2026-05-16
701649,hitting,2026,11,Iowa Cubs,International League,4,0,0,0,1,0,3,0,0,4,2,0,3,0,2026-05-17
701649,hitting,2026,11,Iowa Cubs,International League,4,0,0,0,1,0,2,0,0,4,0,0,0,1,2026-05-19
701649,hitting,2026,11,Iowa Cubs,International League,3,0,0,0,1,0,0,0,0,3,0,0,0,0,2026-05-20
701649,hitting,2026,11,Iowa Cubs,International League,4,0,0,0,1,0,1,0,0,4,0,0,0,0,2026-05-21
701649,hitting,2026,11,Iowa Cubs,International League,4,0,0,0,1,0,0,0,0,4,0,0,0,0,2026-05-22
701649,hitting,2026,11,Iowa Cubs,International League,4,0,0,0,1,0,0,0,0,4,0,0,0,0,2026-05-23
701649,hitting,2026,11,Iowa Cubs,International League,4,1,0,1,1,0,3,0,0,5,2,0,1,0,2026-05-25
701649,hitting,2026,11,Iowa Cubs,International League,4,0,0,0,1,0,0,0,0,4,0,0,0,0,2026-05-27
701649,hitting,2026,11,Iowa Cubs,International League,4,0,0,0,1,0,1,0,0,4,0,0,0,0,2026-05-28
701649,hitting,2026,11,Iowa Cubs,International League,5,0,0,0,1,0,1,0,0,5,1,0,0,0,2026-05-29
701649,hitting,2026,11,Iowa Cubs,International League,4,0,0,0,1,0,1,0,0,4,1,0,1,0,2026-05-30
701649,hitting,2026,11,Iowa Cubs,International League,4,0,0,0,1,0,0,0,0,4,0,0,0,0,2026-05-31
701649,hitting,2026,11,Iowa Cubs,International League,4,0,0,1,1,0,3,0,0,4,1,0,1,0,2026-06-02
701649,hitting,2026,11,Iowa Cubs,International League,4,0,0,0,1,0,1,0,0,4,1,0,0,0,2026-06-03
701649,hitting,2026,11,Iowa Cubs,International League,4,0,0,1,1,0,2,0,0,4,0,0,0,0,2026-06-05
701649,hitting,2026,11,Iowa Cubs,International League,3,0,0,1,1,0,2,0,0,3,1,0,0,0,2026-06-06
701649,hitting,2026,11,Iowa Cubs,International League,3,0,0,0,1,0,0,0,0,3,0,0,0,0,2026-06-06
701649,hitting,2026,11,Iowa Cubs,International League,5,0,0,0,1,0,1,1,0,5,1,0,0,0,2026-06-09
701649,hitting,2026,11,Iowa Cubs,International League,4,0,0,1,1,0,2,0,0,4,1,0,0,0,2026-06-10
701649,hitting,2026,11,Iowa Cubs,International League,2,1,0,0,1,1,0,0,0,4,0,0,0,0,2026-06-11
701649,hitting,2026,11,Iowa Cubs,International League,5,0,0,0,1,0,1,0,0,5,0,0,1,0,2026-06-12
701649,hitting,2026,11,Iowa Cubs,International League,4,0,0,0,1,0,0,0,0,4,0,0,0,0,2026-06-13
701649,hitting,2026,11,Iowa Cubs,International League,4,0,0,0,1,0,2,0,0,4,0,0,0,0,2026-06-14
701649,hitting,2026,11,Iowa Cubs,International League,5,0,0,0,1,0,2,0,0,5,1,0,1,0,2026-06-16
701649,hitting,2026,11,Iowa Cubs,International League,4,0,1,1,1,1,2,0,0,5,0,0,0,0,2026-06-17
701649,hitting,2026,11,Iowa Cubs,International League,4,0,0,0,1,0,1,0,0,5,0,1,0,0,2026-06-18
701649,hitting,2026,11,Iowa Cubs,International League,4,0,0,1,1,1,1,0,0,5,2,0,0,0,2026-06-19
701649,hitting,2026,11,Iowa Cubs,International League,4,0,0,1,1,0,1,0,0,4,1,0,0,0,2026-06-20
701649,hitting,2026,11,Iowa Cubs,International League,4,0,0,0,1,0,1,0,0,4,0,0,1,0,2026-06-21
701649,hitting,2026,11,Iowa Cubs,International League,4,1,0,0,1,0,1,0,0,5,2,0,0,0,2026-06-23
701649,hitting,2026,11,Iowa Cubs,International League,4,0,1,1,1,0,3,1,0,5,2,1,0,0,2026-06-24
701649,hitting,2026,11,Iowa Cubs,International League,4,0,0,0,1,0,2,0,0,4,0,0,0,0,2026-06-25
701649,hitting,2026,11,Iowa Cubs,International League,5,0,0,0,1,0,1,0,0,5,1,0,0,0,2026-06-26
701649,hitting,2026,11,Iowa Cubs,International League,1,0,0,0,1,0,1,0,0,1,0,0,0,0,2026-06-27
701649,hitting,2026,11,Iowa Cubs,International League,4,1,0,0,1,0,1,0,0,5,0,0,0,0,2026-06-28
701649,hitting,2026,11,Iowa Cubs,International League,4,0,0,2,1,0,2,0,0,4,0,0,0,0,2026-06-30
701649,hitting,2026,11,Iowa Cubs,International League,4,0,0,0,1,0,0,0,0,4,0,0,0,0,2026-07-01
701649,hitting,2026,11,Iowa Cubs,International League,3,1,0,0,1,0,1,0,0,5,0,1,0,0,2026-07-02
701649,hitting,2026,11,Iowa Cubs,International League,4,0,1,0,1,0,2,0,0,4,0,0,0,0,2026-07-03
701649,hitting,2026,11,Iowa Cubs,International League,5,0,0,0,1,0,3,0,0,5,0,0,0,0,2026-07-04
701649,hitting,2026,11,Iowa Cubs,International League,4,0,0,0,1,0,0,0,0,4,0,0,0,0,2026-07-05
701649,hitting,2026,11,Iowa Cubs,International League,3,1,0,0,1,0,0,0,0,4,0,0,0,0,2026-07-07
701649,hitting,2026,11,Iowa Cubs,International League,4,0,0,0,1,0,2,0,0,4,1,0,0,0,2026-07-08
701649,hitting,2026,11,Iowa Cubs,International League,5,1,0,1,1,0,3,0,0,6,1,0,0,0,2026-07-09
701649,hitting,2026,11,Iowa Cubs,International League,3,1,0,0,1,0,1,0,0,4,1,0,1,0,2026-07-10
701649,hitting,2026,11,Iowa Cubs,International League,2,2,0,0,1,0,1,0,0,4,2,0,0,0,2026-07-11
701649,hitting,2026,11,Iowa Cubs,International League,4,0,0,1,1,0,2,1,0,4,1,0,0,0,2026-07-12
701649,hitting,2026,11,Iowa Cubs,International League,4,1,0,0,1,0,2,0,0,5,1,0,0,0,2026-07-17
701649,hitting,2026,11,Iowa Cubs,International League,4,0,0,0,1,0,0,0,0,4,0,0,0,0,2026-07-18
701649,hitting,2026,11,Iowa Cubs,International League,5,0,0,2,1,0,3,0,0,5,1,0,0,0,2026-07-19
701649,hitting,2026,11,Iowa Cubs,International League,5,0,0,0,1,0,0,0,0,5,0,0,0,0,2026-07-21
701649,hitting,2026,11,Iowa Cubs,International League,4,0,0,0,1,0,0,0,0,4,0,0,0,0,2026-07-22
701762,hitting,2025,11,Las Vegas Aviators,Pacific Coast League,3,1,0,1,1,0,1,0,0,4,0,0,0,0,2025-03-28
701762,hitting,2025,11,Las Vegas Aviators,Pacific Coast League,4,1,0,1,1,0,3,1,0,5,4,0,0,0,2025-03-29
701762,hitting,2025,11,Las Vegas Aviators,Pacific Coast League,4,0,0,0,1,0,1,0,0,5,0,0,0,0,2025-03-30
701762,hitting,2025,11,Las Vegas Aviators,Pacific Coast League,6,0,0,0,1,0,3,1,0,6,1,0,0,0,2025-04-01
701762,hitting,2025,11,Las Vegas Aviators,Pacific Coast League,4,0,0,0,1,0,2,1,0,4,1,0,0,0,2025-04-02
701762,hitting,2025,11,Las Vegas Aviators,Pacific Coast League,5,0,0,1,1,0,2,0,0,5,1,0,0,0,2025-04-04
701762,hitting,2025,11,Las Vegas Aviators,Pacific Coast League,4,0,0,1,1,0,1,0,0,4,0,0,0,0,2025-04-05
701762,hitting,2025,11,Las Vegas Aviators,Pacific Coast League,4,1,0,0,1,0,1,1,0,5,1,0,0,0,2025-04-06
701762,hitting,2025,11,Las Vegas Aviators,Pacific Coast League,5,0,0,1,1,0,2,1,0,5,2,0,0,0,2025-04-08
701762,hitting,2025,11,Las Vegas Aviators,Pacific Coast League,5,0,0,0,1,0,1,1,0,5,1,0,0,0,2025-04-09
701762,hitting,2025,11,Las Vegas Aviators,Pacific Coast League,4,0,0,0,1,0,1,0,0,4,1,0,0,0,2025-04-10
701762,hitting,2025,11,Las Vegas Aviators,Pacific Coast League,4,0,0,1,1,0,2,0,0,4,0,0,0,0,2025-04-11
701762,hitting,2025,11,Las Vegas Aviators,Pacific Coast League,5,0,0,0,1,0,2,1,0,5,2,0,0,0,2025-04-12
701762,hitting,2025,11,Las Vegas Aviators,Pacific Coast League,3,2,0,0,1,0,0,0,1,6,1,1,0,0,2025-04-13
701762,hitting,2025,11,Las Vegas Aviators,Pacific Coast League,4,0,0,0,1,0,0,0,0,4,0,0,0,0,2025-04-15
701762,hitting,2025,11,Las Vegas Aviators,Pacific Coast League,5,1,0,0,1,0,2,0,0,6,1,0,0,0,2025-04-16
701762,hitting,2025,11,Las Vegas Aviators,Pacific Coast League,4,1,0,0,1,0,0,0,0,5,0,0,0,0,2025-04-17
701762,hitting,2025,11,Las Vegas Aviators,Pacific Coast League,3,1,0,1,1,0,1,0,0,4,1,0,0,0,2025-04-18
701762,hitting,2025,11,Las Vegas Aviators,Pacific Coast League,3,2,0,0,1,0,0,0,0,5,1,0,0,0,2025-04-19
701762,hitting,2025,11,Las Vegas Aviators,Pacific Coast League,5,0,0,0,1,0,2,0,0,6,0,1,0,0,2025-04-20
702284,hitting,2025,11,Tacoma Rainiers,Pacific Coast League,4,0,0,0,1,0,1,0,0,4,1,0,0,0,2025-03-28
702284,hitting,2025,11,Tacoma Rainiers,Pacific Coast League,3,1,0,0,1,0,0,0,0,4,0,0,0,0,2025-03-29
702284,hitting,2025,11,Tacoma Rainiers,Pacific Coast League,3,1,0,0,1,0,0,0,0,4,0,0,0,0,2025-03-30
702284,hitting,2025,11,Tacoma Rainiers,Pacific Coast League,4,0,0,0,1,0,0,0,0,4,0,0,0,0,2025-04-01
702284,hitting,2025,11,Tacoma Rainiers,Pacific Coast League,5,0,0,0,1,0,2,0,0,5,1,0,0,0,2025-04-02
702284,hitting,2025,11,Tacoma Rainiers,Pacific Coast League,4,1,0,1,1,0,1,0,0,5,0,0,0,0,2025-04-03
702284,hitting,2025,11,Tacoma Rainiers,Pacific Coast League,4,1,1,0,1,0,1,0,0,5,0,0,0,0,2025-04-04
702284,hitting,2025,11,Tacoma Rainiers,Pacific Coast League,4,0,0,0,1,0,1,0,0,4,0,0,0,1,2025-04-05
702284,hitting,2025,11,Tacoma Rainiers,Pacific Coast League,4,1,0,0,1,0,0,0,0,5,1,0,0,0,2025-04-06
702284,hitting,2025,11,Tacoma Rainiers,Pacific Coast League,3,1,0,0,1,0,0,0,0,4,0,0,0,0,2025-04-08
702284,hitting,2025,11,Tacoma Rainiers,Pacific Coast League,3,0,0,0,1,1,1,0,0,4,0,0,0,0,2025-04-09
702284,hitting,2025,11,Tacoma Rainiers,Pacific Coast League,4,1,0,1,1,0,1,0,0,5,2,0,0,0,2025-04-10
702284,hitting,2025,11,Tacoma Rainiers,Pacific Coast League,2,2,0,0,1,0,0,0,0,4,0,0,0,0,2025-04-11
702284,hitting,2025,11,Tacoma Rainiers,Pacific Coast League,5,0,0,0,1,0,2,0,0,5,1,0,0,0,2025-04-12
702284,hitting,2025,11,Tacoma Rainiers,Pacific Coast League,3,0,0,0,1,1,0,0,0,4,0,0,0,0,2025-04-13
702284,hitting,2025,11,Tacoma Rainiers,Pacific Coast League,4,0,0,1,1,1,2,0,0,5,1,0,0,0,2025-04-15
702284,hitting,2025,11,Tacoma Rainiers,Pacific Coast League,4,0,0,0,1,0,1,0,0,4,0,0,0,0,2025-04-16
702284,hitting,2025,11,Tacoma Rainiers,Pacific Coast League,5,0,0,0,1,0,2,0,0,5,1,0,0,0,2025-04-17
702284,hitting,2025,11,Tacoma Rainiers,Pacific Coast League,3,2,0,0,1,0,1,0,0,5,0,0,0,0,2025-04-18
702284,hitting,2025,11,Tacoma Rainiers,Pacific Coast League,4,0,0,0,1,0,0,0,0,4,0,0,0,0,2025-04-20
702284,hitting,2025,11,Tacoma Rainiers,Pacific Coast League,4,0,0,0,1,0,0,0,0,4,0,0,0,0,2025-04-20
702284,hitting,2025,11,Tacoma Rainiers,Pacific Coast League,4,1,0,0,1,0,0,0,0,5,0,0,0,0,2025-04-22
702284,hitting,2025,11,Tacoma Rainiers,Pacific Coast League,3,2,0,0,1,0,1,0,0,5,2,0,0,0,2025-04-23
702284,hitting,2025,11,Tacoma Rainiers,Pacific Coast League,4,0,0,0,1,1,0,0,0,5,1,0,0,0,2025-04-24
702284,hitting,2025,11,Tacoma Rainiers,Pacific Coast League,4,0,0,0,1,0,1,0,0,4,0,0,0,0,2025-04-25
702284,hitting,2025,11,Tacoma Rainiers,Pacific Coast League,4,0,0,0,1,0,1,0,0,4,0,0,0,0,2025-04-26
702284,hitting,2025,11,Tacoma Rainiers,Pacific Coast League,3,0,0,0,1,1,1,0,0,4,0,0,0,1,2025-04-27
702284,hitting,2025,11,Tacoma Rainiers,Pacific Coast League,4,1,0,0,1,0,0,0,0,5,0,0,0,0,2025-04-29
702284,hitting,2025,11,Tacoma Rainiers,Pacific Coast League,5,0,0,0,1,0,0,0,0,5,0,0,0,0,2025-05-01
702284,hitting,2025,11,Tacoma Rainiers,Pacific Coast League,4,0,0,0,1,0,0,0,0,4,0,0,0,0,2025-05-02
702284,hitting,2025,11,Tacoma Rainiers,Pacific Coast League,4,0,0,1,1,0,2,1,0,4,2,0,0,0,2025-05-03
702284,hitting,2025,11,Tacoma Rainiers,Pacific Coast League,4,1,0,0,1,0,2,0,0,5,1,0,0,0,2025-05-04
702284,hitting,2025,11,Tacoma Rainiers,Pacific Coast League,4,0,0,0,1,0,2,0,0,4,1,0,0,1,2025-05-06
702284,hitting,2025,11,Tacoma Rainiers,Pacific Coast League,4,0,0,1,1,0,3,1,0,4,2,0,0,0,2025-05-07
702284,hitting,2025,11,Tacoma Rainiers,Pacific Coast League,3,0,0,0,1,1,1,0,0,4,1,0,0,0,2025-05-08
702284,hitting,2025,11,Tacoma Rainiers,Pacific Coast League,4,1,0,0,1,0,1,0,0,5,1,0,0,0,2025-05-09
702284,hitting,2025,11,Tacoma Rainiers,Pacific Coast League,4,0,0,0,1,0,1,0,0,4,1,0,0,0,2025-05-10
702284,hitting,2025,11,Tacoma Rainiers,Pacific Coast League,3,2,0,2,1,0,2,0,0,5,2,0,1,0,2025-05-11
702284,hitting,2025,11,Tacoma Rainiers,Pacific Coast League,2,2,0,0,1,0,0,0,0,4,2,0,0,0,2025-05-13
702284,hitting,2025,11,Tacoma Rainiers,Pacific Coast League,4,0,0,0,1,1,1,0,0,5,0,0,0,0,2025-05-14
702284,hitting,2025,11,Tacoma Rainiers,Pacific Coast League,4,0,0,0,1,0,2,1,0,4,2,0,0,0,2025-05-15
702284,hitting,2025,11,Tacoma Rainiers,Pacific Coast League,7,0,0,1,1,0,3,1,0,7,2,0,0,1,2025-05-16
702284,hitting,2025,11,Tacoma Rainiers,Pacific Coast League,4,0,0,0,1,0,1,0,0,4,1,0,0,0,2025-05-17
702284,hitting,2025,11,Tacoma Rainiers,Pacific Coast League,3,2,0,1,1,0,1,0,0,5,2,0,0,0,2025-05-18
702284,hitting,2025,11,Tacoma Rainiers,Pacific Coast League,5,0,0,1,1,0,1,0,0,5,1,0,0,0,2025-05-20
702284,hitting,2025,11,Tacoma Rainiers,Pacific Coast League,4,1,0,0,1,0,2,0,0,5,1,0,1,0,2025-05-21
702284,hitting,2025,11,Tacoma Rainiers,Pacific Coast League,3,0,1,0,1,1,1,0,0,4,0,0,0,1,2025-05-22
702284,hitting,2025,11,Tacoma Rainiers,Pacific Coast League,3,2,0,0,1,0,1,0,0,5,1,0,0,0,2025-05-23
702284,hitting,2025,11,Tacoma Rainiers,Pacific Coast League,4,0,0,0,1,0,0,0,0,4,0,0,0,0,2025-05-24
702284,hitting,2025,11,Tacoma Rainiers,Pacific Coast League,5,0,0,0,1,0,3,1,0,5,1,0,1,0,2025-05-25
702284,hitting,2025,11,Tacoma Rainiers,Pacific Coast League,4,1,0,1,1,0,1,0,0,5,1,0,0,0,2025-05-27
702284,hitting,2025,11,Tacoma Rainiers,Pacific Coast League,6,0,0,2,1,0,5,0,0,6,2,0,1,0,2025-05-28
702284,hitting,2025,11,Tacoma Rainiers,Pacific Coast League,3,3,0,0,1,0,1,0,0,6,1,0,0,0,2025-05-29
702284,hitting,2025,11,Tacoma Rainiers,Pacific Coast League,1,1,0,0,1,0,0,0,0,2,0,0,0,0,2025-05-30
702616,hitting,2024,11,Norfolk Tides,International League,5,0,0,1,1,0,3,1,0,6,2,1,0,0,2024-03-29
702616,hitting,2024,11,Norfolk Tides,International League,4,1,0,1,1,0,2,0,0,5,4,0,0,0,2024-03-30
702616,hitting,2024,11,Norfolk Tides,International League,5,0,0,0,1,0,0,0,0,5,0,0,0,0,2024-03-31
702616,hitting,2024,11,Norfolk Tides,International League,5,0,0,0,1,0,1,1,0,5,1,0,0,0,2024-04-02
702616,hitting,2024,11,Norfolk Tides,International League,6,2,0,2,1,0,4,0,0,8,5,0,1,0,2024-04-03
702616,hitting,2024,11,Norfolk Tides,International League,3,2,0,0,1,0,1,0,0,5,2,0,0,0,2024-04-04
702616,hitting,2024,11,Norfolk Tides,International League,3,3,0,0,1,0,0,0,0,6,2,0,0,0,2024-04-05
702616,hitting,2024,11,Norfolk Tides,International League,4,1,0,0,1,1,1,0,0,6,2,0,0,0,2024-04-06
702616,hitting,2024,11,Norfolk Tides,International League,3,2,0,0,1,0,1,0,0,5,0,0,0,0,2024-04-07
702616,hitting,2024,11,Norfolk Tides,International League,4,1,0,1,1,0,1,0,0,5,0,0,0,0,2024-04-09
703601,hitting,2026,11,Toledo Mud Hens,International League,3,2,0,0,1,0,0,0,0,5,0,0,1,0,2026-03-27
703601,hitting,2026,11,Toledo Mud Hens,International League,2,2,0,0,1,0,0,0,0,4,0,0,1,0,2026-03-28
703601,hitting,2026,11,Toledo Mud Hens,International League,5,0,0,1,1,0,2,0,0,5,2,0,1,0,2026-03-29
703601,hitting,2026,11,Toledo Mud Hens,International League,3,1,0,0,1,0,1,0,0,4,1,0,0,0,2026-03-31
703601,hitting,2026,11,Toledo Mud Hens,International League,5,0,0,2,1,0,2,0,0,5,0,0,0,0,2026-04-01
703601,hitting,2026,11,Toledo Mud Hens,International League,5,1,0,2,1,0,2,0,0,6,2,0,0,0,2026-04-02
703601,hitting,2026,11,Toledo Mud Hens,International League,3,1,0,0,1,0,2,0,0,5,1,1,0,0,2026-04-03
703601,hitting,2026,11,Toledo Mud Hens,International League,4,0,0,1,1,0,2,0,0,4,1,0,0,0,2026-04-05
703601,hitting,2026,11,Toledo Mud Hens,International League,4,0,0,0,1,0,2,0,0,4,1,0,1,0,2026-04-07
703601,hitting,2026,11,Toledo Mud Hens,International League,4,1,0,1,1,0,3,0,1,6,0,1,1,0,2026-04-08
703601,hitting,2026,11,Toledo Mud Hens,International League,4,0,0,1,1,0,1,0,0,4,0,0,0,0,2026-04-09
703601,hitting,2026,11,Toledo Mud Hens,International League,4,1,0,0,1,0,2,0,0,5,2,0,1,1,2026-04-10
703601,hitting,2026,11,Toledo Mud Hens,International League,4,0,0,0,1,0,0,0,0,4,1,0,0,0,2026-04-11
703601,hitting,2026,11,Toledo Mud Hens,International League,4,1,0,0,1,0,0,0,0,5,1,0,0,0,2026-04-12
703601,hitting,2026,11,Toledo Mud Hens,International League,5,0,0,0,1,0,2,0,0,5,0,0,0,0,2026-04-14
703601,hitting,2026,11,Toledo Mud Hens,International League,5,0,0,0,1,0,1,0,0,5,0,0,0,0,2026-04-16
703601,hitting,2026,11,Toledo Mud Hens,International League,5,0,0,0,1,0,4,1,0,5,1,0,0,0,2026-04-17
703601,hitting,2026,11,Toledo Mud Hens,International League,4,0,0,0,1,0,0,0,0,4,0,0,0,0,2026-04-18
703601,hitting,2026,11,Toledo Mud Hens,International League,4,0,0,0,1,0,1,0,0,4,0,0,0,0,2026-04-19
703601,hitting,2026,11,Toledo Mud Hens,International League,4,1,0,0,1,0,0,0,0,5,0,0,0,0,2026-04-21
703601,hitting,2026,11,Toledo Mud Hens,International League,4,1,0,0,1,0,0,0,0,5,1,0,1,0,2026-04-22
703601,hitting,2026,11,Toledo Mud Hens,International League,3,0,0,0,1,0,0,0,0,3,0,0,0,0,2026-04-24
703601,hitting,2026,11,Toledo Mud Hens,International League,4,0,0,0,1,0,1,0,0,4,0,0,0,0,2026-04-25
703601,hitting,2026,11,Toledo Mud Hens,International League,3,1,0,1,1,0,1,0,0,4,1,0,1,0,2026-04-26
703601,hitting,2026,11,Toledo Mud Hens,International League,4,0,0,0,1,0,1,0,0,4,1,0,0,0,2026-04-28
703601,hitting,2026,11,Toledo Mud Hens,International League,4,1,0,0,1,0,1,0,0,5,0,0,1,0,2026-04-29
703601,hitting,2026,11,Toledo Mud Hens,International League,4,1,0,0,1,0,0,0,0,5,2,0,0,0,2026-04-30
703601,hitting,2026,11,Toledo Mud Hens,International League,5,0,0,0,1,0,1,0,0,5,0,0,0,0,2026-05-02
703601,hitting,2026,11,Toledo Mud Hens,International League,4,0,0,0,1,0,0,0,0,4,0,0,0,0,2026-05-03
703601,hitting,2026,11,Toledo Mud Hens,International League,4,0,1,0,1,0,1,0,0,4,0,0,0,0,2026-05-06
703601,hitting,2026,11,Toledo Mud Hens,International League,3,1,0,0,1,0,1,0,0,4,0,0,0,0,2026-05-06
703601,hitting,2026,11,Toledo Mud Hens,International League,4,0,0,0,1,0,0,0,0,4,0,0,0,0,2026-05-07
703601,hitting,2026,11,Toledo Mud Hens,International League,5,0,0,0,1,0,1,0,0,5,1,0,0,0,2026-05-08
703601,hitting,2026,11,Toledo Mud Hens,International League,4,1,0,1,1,0,2,0,0,5,3,0,0,0,2026-05-09
703601,hitting,2026,11,Toledo Mud Hens,International League,6,0,0,0,1,0,1,0,0,6,2,0,0,0,2026-05-12
703601,hitting,2026,11,Toledo Mud Hens,International League,5,0,0,0,1,0,1,0,0,5,1,0,1,0,2026-05-13
703601,hitting,2026,11,Toledo Mud Hens,International League,6,0,0,0,1,0,1,0,0,6,0,0,0,0,2026-05-14
703601,hitting,2026,11,Toledo Mud Hens,International League,4,0,0,0,1,0,1,0,0,4,1,0,0,0,2026-05-15
703601,hitting,2026,11,Toledo Mud Hens,International League,3,1,0,1,1,0,2,0,0,4,1,0,0,0,2026-05-16
703601,hitting,2026,11,Toledo Mud Hens,International League,3,0,0,0,1,1,0,0,0,4,0,0,0,0,2026-05-20
703601,hitting,2026,11,Toledo Mud Hens,International League,4,0,0,0,1,0,1,0,0,4,1,0,0,0,2026-05-20
703601,hitting,2026,11,Toledo Mud Hens,International League,5,0,0,1,1,0,2,0,0,5,1,0,0,0,2026-05-21
703601,hitting,2026,11,Toledo Mud Hens,International League,4,0,0,0,1,0,1,0,0,4,0,0,0,1,2026-05-22
703601,hitting,2026,11,Toledo Mud Hens,International League,4,1,0,1,1,0,2,1,0,5,2,0,1,0,2026-05-24
703601,hitting,2026,11,Toledo Mud Hens,International League,3,1,0,0,1,0,0,0,0,4,1,0,0,0,2026-05-25
703601,hitting,2026,11,Toledo Mud Hens,International League,4,0,0,0,1,0,1,0,0,4,0,0,0,0,2026-05-27
703601,hitting,2026,11,Toledo Mud Hens,International League,3,2,0,0,1,0,1,0,0,5,0,0,1,0,2026-05-28
703601,hitting,2026,11,Toledo Mud Hens,International League,4,1,0,0,1,0,1,0,0,5,0,0,0,0,2026-05-29
703601,hitting,2026,11,Toledo Mud Hens,International League,4,0,0,0,1,0,0,0,0,4,0,0,0,0,2026-05-30
703601,hitting,2026,11,Toledo Mud Hens,International League,4,0,0,0,1,1,1,0,0,5,1,0,0,0,2026-05-31
703601,hitting,2026,11,Toledo Mud Hens,International League,3,3,0,0,1,0,1,1,0,6,3,0,0,0,2026-06-02
703601,hitting,2026,11,Toledo Mud Hens,International League,4,1,1,0,1,0,1,1,0,5,1,0,0,0,2026-06-03
703601,hitting,2026,11,Toledo Mud Hens,International League,5,0,0,0,1,0,0,0,0,5,0,0,0,0,2026-06-05
703601,hitting,2026,11,Toledo Mud Hens,International League,4,0,0,0,1,0,1,0,0,4,0,0,0,0,2026-06-06
703601,hitting,2026,11,Toledo Mud Hens,International League,3,2,0,0,1,0,0,0,0,5,1,0,0,0,2026-06-09
703601,hitting,2026,11,Toledo Mud Hens,International League,4,0,0,0,1,0,1,0,0,4,0,0,0,0,2026-06-10
703601,hitting,2026,11,Toledo Mud Hens,International League,5,0,0,0,1,0,0,0,0,5,0,0,0,0,2026-06-11
703601,hitting,2026,11,Toledo Mud Hens,International League,5,1,0,0,1,0,2,1,0,6,1,0,0,0,2026-06-12
703601,hitting,2026,11,Toledo Mud Hens,International League,4,0,0,0,1,0,1,0,0,4,0,0,0,0,2026-06-13
703601,hitting,2026,11,Toledo Mud Hens,International League,4,1,0,0,1,0,3,0,0,5,2,0,1,0,2026-06-14
703601,hitting,2026,11,Toledo Mud Hens,International League,4,0,0,0,1,0,1,0,0,4,0,0,0,0,2026-06-16
703601,hitting,2026,11,Toledo Mud Hens,International League,5,1,0,0,1,0,2,0,0,6,3,0,1,0,2026-06-18
703601,hitting,2026,11,Toledo Mud Hens,International League,5,0,0,1,1,0,2,0,0,5,0,0,0,0,2026-06-19
703601,hitting,2026,11,Toledo Mud Hens,International League,4,0,0,0,1,0,1,0,0,4,0,0,0,0,2026-06-20
703601,hitting,2026,11,Toledo Mud Hens,International League,4,1,0,0,1,0,1,1,1,5,1,0,0,0,2026-06-21
703601,hitting,2026,11,Toledo Mud Hens,International League,3,0,0,0,1,1,0,0,0,4,0,0,0,0,2026-06-23
703601,hitting,2026,11,Toledo Mud Hens,International League,4,0,0,0,1,0,1,0,0,4,0,0,1,0,2026-06-24
703601,hitting,2026,11,Toledo Mud Hens,International League,5,0,0,0,1,0,2,0,0,5,0,0,1,0,2026-06-25
703601,hitting,2026,11,Toledo Mud Hens,International League,4,1,0,0,1,0,1,0,0,5,2,0,1,0,2026-06-26
703601,hitting,2026,11,Toledo Mud Hens,International League,6,0,0,1,1,0,2,0,0,6,2,0,0,0,2026-06-27
703601,hitting,2026,11,Toledo Mud Hens,International League,4,0,0,0,1,0,0,0,0,4,0,0,0,0,2026-06-30
703601,hitting,2026,11,Toledo Mud Hens,International League,4,1,0,1,1,0,1,0,0,5,1,0,0,0,2026-07-01
703601,hitting,2026,11,Toledo Mud Hens,International League,3,2,0,1,1,0,2,0,0,5,1,0,0,0,2026-07-02
703601,hitting,2026,11,Toledo Mud Hens,International League,5,0,0,0,1,0,1,0,0,5,1,0,0,0,2026-07-04
703601,hitting,2026,11,Toledo Mud Hens,International League,3,1,0,0,1,0,1,0,0,4,2,0,2,0,2026-07-05
703601,hitting,2026,11,Toledo Mud Hens,International League,3,1,0,0,1,0,1,1,0,4,1,0,0,0,2026-07-07
703601,hitting,2026,11,Toledo Mud Hens,International League,3,1,0,0,1,0,1,0,0,4,1,0,0,0,2026-07-08
703601,hitting,2026,11,Toledo Mud Hens,International League,5,0,0,0,1,0,2,0,0,5,0,0,1,0,2026-07-09
703601,hitting,2026,11,Toledo Mud Hens,International League,5,0,0,1,1,0,2,1,0,5,1,0,0,0,2026-07-10
703601,hitting,2026,11,Toledo Mud Hens,International League,3,2,0,0,1,0,0,0,0,5,1,0,0,0,2026-07-11
703601,hitting,2026,11,Toledo Mud Hens,International League,4,0,0,0,1,0,0,0,0,4,0,0,0,0,2026-07-12
703601,hitting,2026,11,Toledo Mud Hens,International League,3,1,0,1,1,0,2,0,0,4,0,0,0,0,2026-07-18
703601,hitting,2026,11,Toledo Mud Hens,International League,4,1,0,0,1,0,0,0,0,5,0,0,0,0,2026-07-19
703601,hitting,2026,11,Toledo Mud Hens,International League,4,1,0,0,1,0,2,1,0,5,1,0,0,0,2026-07-21
703601,hitting,2026,11,Toledo Mud Hens,International League,4,0,0,0,1,0,0,0,0,4,0,0,0,0,2026-07-22
703601,hitting,2026,11,Toledo Mud Hens,International League,4,1,0,0,1,0,3,0,0,5,2,0,1,0,2026-07-23
703601,hitting,2026,11,Toledo Mud Hens,International League,3,1,0,0,1,0,2,0,0,4,1,0,0,0,2026-07-24
703601,hitting,2026,11,Toledo Mud Hens,International League,3,2,0,0,1,0,1,1,0,5,2,0,0,0,2026-07-25
703601,hitting,2026,11,Toledo Mud Hens,International League,4,0,0,1,1,1,2,0,0,5,0,0,0,0,2026-07-28
703601,hitting,2026,11,Toledo Mud Hens,International League,4,1,0,0,1,0,1,1,0,5,1,0,0,0,2026-07-29
800050,hitting,2025,11,Columbus Clippers,International League,4,0,0,0,1,0,1,0,0,4,1,0,0,0,2025-05-23
800050,hitting,2025,11,Columbus Clippers,International League,3,1,0,1,1,0,1,0,0,4,1,0,0,0,2025-05-24
800050,hitting,2025,11,Columbus Clippers,International League,3,1,0,0,1,0,1,1,0,4,1,0,0,0,2025-05-26
800050,hitting,2025,11,Columbus Clippers,International League,3,1,0,0,1,0,0,0,0,4,0,0,0,0,2025-05-28
800050,hitting,2025,11,Columbus Clippers,International League,4,1,0,1,1,0,1,0,0,5,0,0,0,0,2025-05-30
800050,hitting,2025,11,Columbus Clippers,International League,4,1,0,0,1,0,0,0,0,5,1,0,0,0,2025-05-31
800050,hitting,2025,11,Columbus Clippers,International League,4,0,0,0,1,0,1,0,0,4,1,0,0,0,2025-06-03
800050,hitting,2025,11,Columbus Clippers,International League,3,1,0,0,1,0,0,0,0,4,0,0,0,0,2025-06-04
800050,hitting,2025,11,Columbus Clippers,International League,4,0,0,0,1,0,1,0,0,4,0,0,0,0,2025-06-06
800050,hitting,2025,11,Columbus Clippers,International League,3,1,0,0,1,0,1,0,0,4,0,0,0,0,2025-06-07
800050,hitting,2025,11,Columbus Clippers,International League,5,0,0,1,1,0,3,0,0,5,1,0,0,0,2025-06-08
800050,hitting,2025,11,Columbus Clippers,International League,1,3,0,0,1,0,0,0,0,4,0,0,0,0,2025-06-10
800050,hitting,2025,11,Columbus Clippers,International League,3,1,0,0,1,0,1,0,0,4,1,0,0,0,2025-06-11
800050,hitting,2025,11,Columbus Clippers,International League,4,1,0,1,1,0,1,0,0,5,2,0,0,0,2025-06-12
800050,hitting,2025,11,Columbus Clippers,International League,4,1,0,0,1,0,2,0,0,5,1,0,0,0,2025-06-14
800050,hitting,2025,11,Columbus Clippers,International League,5,0,0,0,1,0,1,0,0,5,0,0,0,0,2025-06-15
800050,hitting,2025,11,Columbus Clippers,International League,4,0,0,0,1,0,2,0,0,4,0,0,0,0,2025-06-17
800050,hitting,2025,11,Columbus Clippers,International League,4,1,0,1,1,0,2,1,0,5,2,0,0,0,2025-06-18
800050,hitting,2025,11,Columbus Clippers,International League,4,0,0,0,1,0,1,1,0,4,1,0,0,0,2025-06-19
800050,hitting,2025,11,Columbus Clippers,International League,2,1,0,0,1,0,1,0,0,4,0,1,0,0,2025-06-21
800050,hitting,2025,11,Columbus Clippers,International League,3,1,0,0,1,0,1,0,0,4,1,0,0,0,2025-06-22
800050,hitting,2025,11,Columbus Clippers,International League,3,2,0,0,1,0,2,0,0,5,2,0,0,1,2025-06-24
800050,hitting,2025,11,Columbus Clippers,International League,4,1,0,0,1,0,2,0,0,5,1,0,0,0,2025-06-25
800050,hitting,2025,11,Columbus Clippers,International League,5,0,0,0,1,0,1,0,0,5,2,0,0,0,2025-06-27
800050,hitting,2025,11,Columbus Clippers,International League,4,0,0,0,1,0,1,1,0,4,1,0,0,0,2025-06-28
800050,hitting,2025,11,Columbus Clippers,International League,5,0,0,0,1,0,1,0,0,5,0,0,0,0,2025-06-29
800050,hitting,2025,11,Columbus Clippers,International League,4,0,0,1,1,0,1,0,0,4,0,0,0,0,2025-07-01
800050,hitting,2025,11,Columbus Clippers,International League,5,0,0,1,1,0,1,0,0,5,1,0,0,0,2025-07-02
800050,hitting,2025,11,Columbus Clippers,International League,3,1,0,0,1,0,0,0,0,4,1,0,0,0,2025-07-03
800050,hitting,2025,11,Columbus Clippers,International League,4,0,0,0,1,0,1,0,0,4,0,0,0,0,2025-07-04
800050,hitting,2025,11,Columbus Clippers,International League,3,1,0,0,1,0,0,0,0,4,0,0,0,0,2025-07-06
800050,hitting,2025,11,Columbus Clippers,International League,4,1,0,0,1,0,1,0,0,5,1,0,0,0,2025-07-08
800050,hitting,2025,11,Columbus Clippers,International League,4,0,0,0,1,0,1,1,0,4,1,0,0,0,2025-07-09
800050,hitting,2025,11,Columbus Clippers,International League,4,0,0,1,1,0,1,0,0,4,1,0,0,0,2025-07-11
800050,hitting,2025,16,ACL Guardians,Arizona Complex League,2,0,0,0,1,0,0,0,0,2,0,0,0,0,2025-05-06
800050,hitting,2025,16,ACL Guardians,Arizona Complex League,1,1,0,0,1,0,1,0,0,2,0,0,0,0,2025-05-10
800050,hitting,2025,16,ACL Guardians,Arizona Complex League,3,0,0,0,1,0,1,0,0,3,0,0,0,0,2025-05-12
800050,hitting,2025,16,ACL Guardians,Arizona Complex League,2,1,0,0,1,0,1,1,0,3,1,0,0,0,2025-05-14
800050,hitting,2025,16,ACL Guardians,Arizona Complex League,2,2,0,0,1,0,0,0,0,4,0,0,0,0,2025-05-16
800050,hitting,2025,16,ACL Guardians,Arizona Complex League,3,1,0,0,1,0,0,0,0,4,1,0,1,0,2025-05-17
800050,hitting,2025,16,ACL Guardians,Arizona Complex League,5,0,0,0,1,0,0,0,0,5,0,0,0,0,2025-05-19
800050,hitting,2025,16,ACL Guardians,Arizona Complex League,4,1,0,0,1,0,1,1,0,5,1,0,0,0,2025-05-20
804606,hitting,2026,11,Indianapolis Indians,International League,3,1,0,0,1,0,1,0,0,4,2,0,1,0,2026-03-27
804606,hitting,2026,11,Indianapolis Indians,International League,3,2,0,0,1,0,2,0,0,5,1,0,1,0,2026-03-28
804606,hitting,2026,11,Indianapolis Indians,International League,4,0,0,2,1,0,2,0,0,4,0,0,0,0,2026-03-29
804606,hitting,2026,11,Indianapolis Indians,International League,3,1,1,1,1,0,1,0,0,4,0,0,0,0,2026-03-31
804606,hitting,2026,11,Indianapolis Indians,International League,3,1,1,0,1,0,1,0,0,4,1,0,1,0,2026-04-01
805779,hitting,2024,11,Las Vegas Aviators,Pacific Coast League,5,1,0,0,1,0,0,0,0,6,0,0,0,0,2024-05-08
805779,hitting,2024,11,Las Vegas Aviators,Pacific Coast League,5,0,0,2,1,0,3,0,0,5,2,0,0,0,2024-05-09
805779,hitting,2024,11,Las Vegas Aviators,Pacific Coast League,4,0,0,0,1,0,1,0,0,4,0,0,0,0,2024-05-10
805779,hitting,2024,11,Las Vegas Aviators,Pacific Coast League,5,0,0,0,1,0,3,0,0,5,1,0,0,0,2024-05-11
805779,hitting,2024,11,Las Vegas Aviators,Pacific Coast League,5,0,0,0,1,0,2,0,0,5,0,0,0,0,2024-05-14
805779,hitting,2024,11,Las Vegas Aviators,Pacific Coast League,0,0,0,0,1,0,0,0,0,0,0,0,0,0,2024-05-15
805779,hitting,2024,11,Las Vegas Aviators,Pacific Coast League,3,2,0,0,1,0,2,0,0,5,3,0,0,0,2024-06-25
805779,hitting,2024,11,Las Vegas Aviators,Pacific Coast League,5,0,0,0,1,0,2,0,0,5,2,0,0,0,2024-06-26
805779,hitting,2024,11,Las Vegas Aviators,Pacific Coast League,5,0,0,0,1,0,1,0,0,5,1,0,0,0,2024-06-27
805779,hitting,2024,11,Las Vegas Aviators,Pacific Coast League,5,1,0,0,1,0,4,2,0,6,3,0,0,0,2024-06-29
805779,hitting,2024,11,Las Vegas Aviators,Pacific Coast League,5,0,0,2,1,0,3,0,0,5,1,0,0,0,2024-06-30
805779,hitting,2024,11,Las Vegas Aviators,Pacific Coast League,4,1,0,1,1,0,2,0,0,5,2,0,0,0,2024-07-02
805779,hitting,2024,11,Las Vegas Aviators,Pacific Coast League,4,0,0,0,1,0,1,1,0,4,1,0,0,0,2024-07-03
805779,hitting,2024,11,Las Vegas Aviators,Pacific Coast League,5,0,0,0,1,0,1,1,0,5,2,0,0,0,2024-07-05
805779,hitting,2024,11,Las Vegas Aviators,Pacific Coast League,5,0,0,2,1,0,4,0,0,5,0,0,0,0,2024-07-06
805779,hitting,2024,11,Las Vegas Aviators,Pacific Coast League,4,0,0,0,1,0,1,0,0,4,0,0,0,0,2024-07-11
805779,hitting,2024,11,Las Vegas Aviators,Pacific Coast League,4,1,0,0,1,0,0,0,0,5,1,0,0,0,2024-07-12
805779,hitting,2024,11,Las Vegas Aviators,Pacific Coast League,4,1,0,0,1,0,1,0,0,5,2,0,0,0,2024-07-13
805779,hitting,2024,11,Las Vegas Aviators,Pacific Coast League,6,0,0,1,1,0,2,0,0,6,1,0,0,0,2024-07-14
805779,hitting,2024,12,Midland RockHounds,Texas League,4,0,0,0,1,0,0,0,0,4,0,0,0,0,2024-04-05
805779,hitting,2024,12,Midland RockHounds,Texas League,4,1,0,0,1,0,2,0,0,5,1,0,0,0,2024-04-06
805779,hitting,2024,12,Midland RockHounds,Texas League,5,0,0,0,1,0,3,0,0,5,0,0,0,0,2024-04-07
805779,hitting,2024,12,Midland RockHounds,Texas League,4,0,0,0,1,0,0,0,0,4,0,0,0,0,2024-04-09
805779,hitting,2024,12,Midland RockHounds,Texas League,5,0,0,1,1,0,4,1,0,5,1,0,2,0,2024-04-11
805779,hitting,2024,12,Midland RockHounds,Texas League,1,0,0,1,1,0,1,0,0,1,1,0,0,0,2024-04-12
805779,hitting,2024,12,Midland RockHounds,Texas League,5,0,0,0,1,0,0,0,0,5,0,0,0,0,2024-04-17
805779,hitting,2024,12,Midland RockHounds,Texas League,3,0,1,0,1,1,1,0,0,4,0,0,0,0,2024-04-18
805779,hitting,2024,12,Midland RockHounds,Texas League,4,0,0,0,1,0,2,1,0,4,1,0,0,0,2024-04-19
805779,hitting,2024,12,Midland RockHounds,Texas League,4,0,0,0,1,0,1,0,0,5,0,1,0,0,2024-04-20
805779,hitting,2024,12,Midland RockHounds,Texas League,0,0,0,0,1,1,0,0,0,1,0,0,0,0,2024-04-21
805779,hitting,2024,12,Midland RockHounds,Texas League,5,0,0,2,1,0,4,0,0,5,2,0,0,0,2024-04-23
805779,hitting,2024,12,Midland RockHounds,Texas League,4,0,0,1,1,0,2,0,0,4,1,0,0,0,2024-04-24
805779,hitting,2024,12,Midland RockHounds,Texas League,4,0,0,1,1,0,2,0,0,4,1,0,0,0,2024-04-25
805779,hitting,2024,12,Midland RockHounds,Texas League,4,0,0,1,1,0,2,0,0,4,2,0,0,0,2024-04-26
805779,hitting,2024,12,Midland RockHounds,Texas League,4,0,0,0,1,0,1,0,0,4,1,0,0,0,2024-04-28
805779,hitting,2024,12,Midland RockHounds,Texas League,6,0,0,1,1,0,2,1,0,6,2,0,0,0,2024-04-30
805779,hitting,2024,12,Midland RockHounds,Texas League,4,0,0,1,1,0,2,0,0,4,0,0,0,0,2024-05-01
805779,hitting,2024,12,Midland RockHounds,Texas League,4,0,0,0,1,0,0,0,0,4,0,0,0,0,2024-05-02
805779,hitting,2024,12,Midland RockHounds,Texas League,5,0,0,1,1,0,4,0,0,5,2,0,0,0,2024-05-03
805779,hitting,2024,12,Midland RockHounds,Texas League,5,0,0,2,1,0,3,0,0,5,1,0,0,0,2024-05-04
805779,hitting,2024,12,Midland RockHounds,Texas League,4,1,0,1,1,0,4,0,0,5,2,0,0,0,2024-05-07
805779,hitting,2024,16,ACL Athletics,Arizona Complex League,2,0,0,0,1,0,1,0,0,2,0,0,0,0,2024-06-17
805779,hitting,2024,16,ACL Athletics,Arizona Complex League,2,1,0,1,1,0,1,0,0,3,1,0,0,0,2024-06-18
805779,hitting,2024,16,ACL Athletics,Arizona Complex League,4,0,0,0,1,0,1,0,0,4,0,0,0,0,2024-06-20
805779,hitting,2024,16,ACL Athletics,Arizona Complex League,2,1,0,1,1,0,1,0,0,3,2,0,0,0,2024-06-21
805779,hitting,2024,16,ACL Athletics,Arizona Complex League,4,1,0,2,1,0,4,0,0,5,1,0,0,0,2024-06-22
805811,hitting,2025,11,Sacramento River Cats,Pacific Coast League,2,2,0,0,1,0,1,0,0,4,0,0,0,0,2025-06-04
805811,hitting,2025,11,Sacramento River Cats,Pacific Coast League,4,0,0,0,1,0,1,1,0,5,1,1,0,0,2025-06-05
805811,hitting,2025,11,Sacramento River Cats,Pacific Coast League,4,1,0,0,1,0,1,0,0,5,0,0,0,0,2025-06-06
805811,hitting,2025,11,Sacramento River Cats,Pacific Coast League,3,1,0,0,1,0,0,0,1,4,0,0,0,0,2025-06-07
805811,hitting,2025,11,Sacramento River Cats,Pacific Coast League,4,0,0,0,1,0,0,0,0,4,0,0,0,0,2025-06-08
805811,hitting,2025,11,Sacramento River Cats,Pacific Coast League,4,0,0,0,1,0,0,0,0,4,0,0,0,0,2025-06-10
805811,hitting,2025,11,Sacramento River Cats,Pacific Coast League,4,0,0,0,1,0,0,0,0,4,0,0,0,0,2025-06-11
805811,hitting,2025,11,Sacramento River Cats,Pacific Coast League,4,0,0,0,1,0,1,1,0,4,1,0,0,0,2025-06-12
805811,hitting,2025,11,Sacramento River Cats,Pacific Coast League,4,0,0,0,1,0,1,0,0,4,0,0,0,0,2025-06-13
805811,hitting,2025,11,Sacramento River Cats,Pacific Coast League,4,0,0,0,1,0,0,0,0,4,1,0,0,0,2025-06-14
805811,hitting,2025,11,Sacramento River Cats,Pacific Coast League,5,0,0,0,1,0,1,0,0,5,0,0,0,0,2025-06-15
805811,hitting,2025,11,Sacramento River Cats,Pacific Coast League,4,1,0,0,1,0,2,1,0,5,2,0,0,0,2025-06-17
805811,hitting,2025,11,Sacramento River Cats,Pacific Coast League,4,0,0,0,1,0,0,0,0,4,0,0,0,0,2025-06-18
805811,hitting,2025,11,Sacramento River Cats,Pacific Coast League,4,0,0,1,1,0,2,0,0,4,0,0,0,0,2025-06-19
805811,hitting,2025,11,Sacramento River Cats,Pacific Coast League,4,0,0,1,1,0,2,0,0,4,0,0,0,0,2025-06-20
805811,hitting,2025,11,Sacramento River Cats,Pacific Coast League,3,0,0,1,1,0,2,0,0,3,0,0,0,0,2025-06-21
805811,hitting,2025,11,Sacramento River Cats,Pacific Coast League,3,0,0,0,1,0,0,0,0,3,0,0,0,0,2025-07-18
805811,hitting,2025,11,Sacramento River Cats,Pacific Coast League,3,0,0,0,1,0,1,0,0,4,0,1,0,0,2025-07-19
805811,hitting,2025,11,Sacramento River Cats,Pacific Coast League,3,1,0,0,1,0,0,0,0,4,0,0,0,0,2025-07-20
805811,hitting,2025,11,Sacramento River Cats,Pacific Coast League,4,0,0,1,1,0,2,1,0,4,2,0,0,0,2025-07-22
805811,hitting,2025,11,Sacramento River Cats,Pacific Coast League,4,0,0,0,1,0,1,1,0,4,1,0,0,0,2025-07-23
805811,hitting,2025,11,Sacramento River Cats,Pacific Coast League,4,0,0,0,1,0,0,0,0,4,0,0,0,0,2025-07-24
805811,hitting,2025,11,Sacramento River Cats,Pacific Coast League,4,0,0,0,1,0,2,1,0,4,1,0,0,0,2025-07-25
805811,hitting,2025,11,Sacramento River Cats,Pacific Coast League,3,2,0,0,1,0,0,0,0,5,0,0,0,0,2025-07-26
805811,hitting,2025,11,Sacramento River Cats,Pacific Coast League,4,1,0,0,1,0,1,1,0,5,1,0,0,0,2025-07-27
805811,hitting,2025,11,Sacramento River Cats,Pacific Coast League,4,0,0,0,1,0,2,0,0,4,0,0,0,0,2025-07-29
805811,hitting,2025,11,Sacramento River Cats,Pacific Coast League,4,1,0,0,1,0,1,0,0,5,2,0,0,0,2025-07-30
805811,hitting,2025,11,Sacramento River Cats,Pacific Coast League,4,0,0,0,1,0,0,0,0,4,0,0,0,0,2025-07-31
805811,hitting,2025,11,Sacramento River Cats,Pacific Coast League,5,0,0,0,1,0,1,0,0,5,1,0,0,0,2025-08-01
805811,hitting,2025,11,Sacramento River Cats,Pacific Coast League,4,0,0,0,1,0,2,2,0,4,2,0,0,0,2025-08-02
805811,hitting,2025,11,Sacramento River Cats,Pacific Coast League,3,2,0,0,1,0,2,1,0,6,1,1,0,0,2025-08-03
805811,hitting,2025,11,Sacramento River Cats,Pacific Coast League,4,1,0,0,1,0,3,1,0,5,2,0,0,0,2025-08-05
805811,hitting,2025,11,Sacramento River Cats,Pacific Coast League,4,0,0,0,1,0,0,0,0,4,0,0,0,0,2025-08-06
805811,hitting,2025,11,Sacramento River Cats,Pacific Coast League,3,1,0,0,1,0,2,0,0,4,0,0,0,0,2025-08-07
805811,hitting,2025,11,Sacramento River Cats,Pacific Coast League,3,1,0,0,1,0,0,0,0,4,1,0,0,0,2025-08-08
805811,hitting,2025,11,Sacramento River Cats,Pacific Coast League,4,0,0,0,1,0,0,0,0,4,0,0,0,0,2025-08-09
805811,hitting,2025,11,Sacramento River Cats,Pacific Coast League,4,0,0,0,1,0,1,1,0,4,1,0,0,0,2025-08-10
805811,hitting,2025,11,Sacramento River Cats,Pacific Coast League,4,0,0,0,1,0,0,0,0,4,0,0,0,0,2025-08-12
805811,hitting,2025,11,Sacramento River Cats,Pacific Coast League,4,0,0,0,1,0,0,0,0,4,0,0,0,0,2025-08-13
805811,hitting,2025,11,Sacramento River Cats,Pacific Coast League,3,1,0,0,1,0,0,0,0,4,0,0,0,0,2025-08-14
805811,hitting,2025,11,Sacramento River Cats,Pacific Coast League,3,0,0,0,1,0,0,0,0,3,0,0,0,0,2025-08-15
805811,hitting,2025,11,Sacramento River Cats,Pacific Coast League,4,0,0,2,1,0,2,0,0,4,0,0,0,0,2025-08-16
805811,hitting,2025,11,Sacramento River Cats,Pacific Coast League,4,0,0,0,1,0,1,0,0,4,0,0,1,0,2025-08-17
805811,hitting,2025,11,Sacramento River Cats,Pacific Coast League,4,1,0,0,1,0,1,0,1,5,0,0,0,0,2025-08-19
805811,hitting,2025,11,Sacramento River Cats,Pacific Coast League,3,1,0,0,1,0,1,1,0,4,1,0,0,0,2025-08-20
805811,hitting,2025,11,Sacramento River Cats,Pacific Coast League,3,1,0,0,1,0,2,1,0,4,1,0,0,0,2025-08-21
805811,hitting,2025,11,Sacramento River Cats,Pacific Coast League,4,0,0,0,1,0,0,0,0,4,0,0,0,0,2025-08-22
805811,hitting,2025,11,Sacramento River Cats,Pacific Coast League,5,1,0,1,1,0,1,0,0,6,0,0,0,0,2025-08-23
805811,hitting,2025,11,Sacramento River Cats,Pacific Coast League,5,0,0,0,1,0,0,0,0,5,0,0,0,0,2025-08-24
805811,hitting,2025,11,Sacramento River Cats,Pacific Coast League,5,0,0,1,1,0,2,1,0,5,3,0,0,0,2025-08-26
805811,hitting,2025,11,Sacramento River Cats,Pacific Coast League,5,1,0,0,1,0,2,0,0,6,1,0,0,0,2025-08-27
805811,hitting,2025,11,Sacramento River Cats,Pacific Coast League,6,1,0,0,1,0,2,1,0,7,2,0,0,0,2025-08-28
805811,hitting,2025,11,Sacramento River Cats,Pacific Coast League,2,1,0,1,1,1,1,0,0,4,0,0,0,0,2025-08-29
805811,hitting,2025,11,Sacramento River Cats,Pacific Coast League,4,0,0,0,1,0,0,0,0,4,0,0,0,0,2025-08-30
805811,hitting,2025,11,Sacramento River Cats,Pacific Coast League,4,1,0,0,1,0,1,0,0,5,0,0,0,0,2025-09-02
805811,hitting,2025,11,Sacramento River Cats,Pacific Coast League,4,0,0,0,1,0,1,0,0,4,0,0,0,0,2025-09-03
805811,hitting,2025,11,Sacramento River Cats,Pacific Coast League,2,1,0,0,1,0,1,1,0,4,1,1,0,0,2025-09-04
805811,hitting,2025,11,Sacramento River Cats,Pacific Coast League,5,0,0,0,1,0,0,0,0,5,0,0,0,0,2025-09-05
805811,hitting,2025,11,Sacramento River Cats,Pacific Coast League,3,1,0,0,1,0,0,0,0,4,0,0,0,0,2025-09-06
805811,hitting,2025,11,Sacramento River Cats,Pacific Coast League,4,0,0,0,1,0,1,0,0,4,0,0,0,0,2025-09-07
805811,hitting,2025,11,Sacramento River Cats,Pacific Coast League,4,1,0,1,1,0,1,0,1,5,0,0,0,0,2025-09-09
805811,hitting,2025,11,Sacramento River Cats,Pacific Coast League,4,0,0,1,1,0,2,0,0,4,0,0,0,0,2025-09-10
805811,hitting,2025,11,Sacramento River Cats,Pacific Coast League,5,0,0,2,1,0,2,0,0,5,1,0,0,0,2025-09-11
805811,hitting,2025,11,Sacramento River Cats,Pacific Coast League,4,0,0,0,1,0,2,0,0,4,0,0,0,0,2025-09-12
805811,hitting,2025,11,Sacramento River Cats,Pacific Coast League,4,0,0,0,1,0,1,1,0,4,1,0,0,0,2025-09-13
805811,hitting,2025,11,Sacramento River Cats,Pacific Coast League,3,1,0,0,1,0,1,0,0,4,0,0,0,0,2025-09-14
805811,hitting,2025,12,Richmond Flying Squirrels,Eastern League,3,0,0,0,1,0,1,1,0,3,1,0,0,0,2025-04-22
805811,hitting,2025,12,Richmond Flying Squirrels,Eastern League,2,1,0,0,1,0,0,0,0,3,0,0,0,0,2025-04-26
805811,hitting,2025,12,Richmond Flying Squirrels,Eastern League,4,0,0,0,1,0,0,0,0,4,0,0,0,0,2025-04-26
805811,hitting,2025,12,Richmond Flying Squirrels,Eastern League,4,1,0,0,1,0,1,0,0,5,1,0,0,0,2025-04-27
805811,hitting,2025,12,Richmond Flying Squirrels,Eastern League,3,1,0,1,1,1,1,0,0,5,0,0,0,0,2025-04-29
805811,hitting,2025,12,Richmond Flying Squirrels,Eastern League,5,0,0,0,1,0,1,0,0,5,1,0,0,0,2025-04-30
805811,hitting,2025,12,Richmond Flying Squirrels,Eastern League,4,0,0,1,1,0,3,0,0,4,0,0,0,0,2025-05-01
805811,hitting,2025,12,Richmond Flying Squirrels,Eastern League,5,0,0,1,1,0,2,0,0,5,1,0,0,0,2025-05-02
805811,hitting,2025,12,Richmond Flying Squirrels,Eastern League,3,1,0,0,1,0,1,0,0,4,1,0,0,0,2025-05-03
805811,hitting,2025,12,Richmond Flying Squirrels,Eastern League,5,0,0,0,1,0,2,0,0,5,1,0,0,0,2025-05-04
805811,hitting,2025,12,Richmond Flying Squirrels,Eastern League,2,2,0,0,1,0,0,0,0,4,0,0,0,0,2025-05-06
805811,hitting,2025,12,Richmond Flying Squirrels,Eastern League,5,0,0,0,1,0,1,0,0,5,0,0,0,0,2025-05-07
805811,hitting,2025,12,Richmond Flying Squirrels,Eastern League,3,1,0,0,1,0,1,0,0,4,1,0,0,0,2025-05-08
805811,hitting,2025,12,Richmond Flying Squirrels,Eastern League,3,0,1,0,1,0,0,0,0,3,0,0,0,0,2025-05-09
805811,hitting,2025,12,Richmond Flying Squirrels,Eastern League,3,1,0,0,1,0,1,1,0,4,1,0,0,0,2025-05-10
805811,hitting,2025,12,Richmond Flying Squirrels,Eastern League,4,0,0,0,1,0,0,0,0,4,0,0,0,0,2025-05-11
805811,hitting,2025,12,Richmond Flying Squirrels,Eastern League,4,0,0,0,1,0,1,0,0,4,0,0,0,0,2025-05-13
805811,hitting,2025,12,Richmond Flying Squirrels,Eastern League,3,0,0,0,1,0,1,0,0,3,0,0,0,0,2025-05-15
805811,hitting,2025,12,Richmond Flying Squirrels,Eastern League,3,0,0,1,1,0,2,1,0,3,1,0,0,0,2025-05-15
805811,hitting,2025,12,Richmond Flying Squirrels,Eastern League,4,0,0,1,1,0,3,2,0,4,2,0,0,0,2025-05-16
805811,hitting,2025,12,Richmond Flying Squirrels,Eastern League,3,1,0,0,1,0,0,0,0,4,0,0,0,0,2025-05-17
805811,hitting,2025,12,Richmond Flying Squirrels,Eastern League,5,0,0,0,1,0,1,0,0,5,0,0,0,0,2025-05-18
805811,hitting,2025,12,Richmond Flying Squirrels,Eastern League,4,0,0,1,1,0,1,0,0,4,0,0,0,0,2025-05-20
805811,hitting,2025,12,Richmond Flying Squirrels,Eastern League,4,0,0,0,1,0,3,0,0,4,0,0,0,0,2025-05-21
805811,hitting,2025,12,Richmond Flying Squirrels,Eastern League,4,1,0,0,1,0,1,0,0,5,1,0,0,0,2025-05-23
805811,hitting,2025,12,Richmond Flying Squirrels,Eastern League,4,0,0,1,1,0,1,0,0,4,0,0,0,0,2025-05-24
805811,hitting,2025,12,Richmond Flying Squirrels,Eastern League,3,0,0,0,1,0,1,0,0,3,0,0,0,0,2025-05-25
805811,hitting,2025,12,Richmond Flying Squirrels,Eastern League,3,0,0,0,1,0,0,0,0,3,0,0,0,0,2025-05-25
805811,hitting,2025,12,Richmond Flying Squirrels,Eastern League,4,1,0,1,1,0,1,0,1,5,0,0,0,0,2025-05-27
805811,hitting,2025,12,Richmond Flying Squirrels,Eastern League,3,0,0,0,1,0,1,1,0,4,1,1,0,0,2025-05-28
805811,hitting,2025,12,Richmond Flying Squirrels,Eastern League,5,0,0,0,1,0,0,0,0,5,0,0,0,0,2025-05-29
805811,hitting,2025,12,Richmond Flying Squirrels,Eastern League,3,1,0,0,1,0,2,1,0,4,1,0,0,0,2025-05-30
805811,hitting,2025,12,Richmond Flying Squirrels,Eastern League,5,0,0,0,1,0,1,0,0,5,0,0,0,0,2025-05-31
805811,hitting,2025,12,Richmond Flying Squirrels,Eastern League,3,1,0,0,1,0,0,0,0,4,0,0,0,0,2025-06-01
805811,hitting,2025,16,ACL Giants,Arizona Complex League,3,0,0,0,1,0,2,0,0,3,1,0,0,0,2025-07-14
805811,hitting,2025,16,ACL Giants,Arizona Complex League,3,1,0,0,1,0,0,0,0,4,0,0,0,0,2025-07-15
806068,hitting,2026,11,Tacoma Rainiers,Pacific Coast League,5,0,0,0,1,0,2,1,0,5,2,0,0,0,2026-03-27
806068,hitting,2026,11,Tacoma Rainiers,Pacific Coast League,4,0,0,0,1,0,1,0,0,5,0,0,0,0,2026-03-28
806068,hitting,2026,11,Tacoma Rainiers,Pacific Coast League,5,0,1,1,1,0,2,0,0,5,0,0,0,0,2026-03-29
806068,hitting,2026,11,Tacoma Rainiers,Pacific Coast League,4,0,0,0,1,1,0,0,0,5,1,0,0,0,2026-03-31
806068,hitting,2026,11,Tacoma Rainiers,Pacific Coast League,3,0,0,0,1,0,1,0,0,3,1,0,0,0,2026-04-02
806068,hitting,2026,11,Tacoma Rainiers,Pacific Coast League,4,0,0,1,1,0,1,0,0,4,1,0,0,0,2026-04-03
806068,hitting,2026,11,Tacoma Rainiers,Pacific Coast League,1,0,0,0,1,0,0,0,0,1,0,0,0,0,2026-04-04
806068,hitting,2026,11,Tacoma Rainiers,Pacific Coast League,3,1,0,0,1,0,2,0,0,4,0,0,2,0,2026-04-07
806068,hitting,2026,11,Tacoma Rainiers,Pacific Coast League,5,0,0,1,1,0,1,0,0,5,0,0,0,0,2026-04-08
806068,hitting,2026,11,Tacoma Rainiers,Pacific Coast League,5,0,1,1,1,0,2,0,0,5,0,0,0,0,2026-04-09
806068,hitting,2026,11,Tacoma Rainiers,Pacific Coast League,4,0,0,0,1,0,1,0,0,4,0,0,0,0,2026-04-10
806068,hitting,2026,11,Tacoma Rainiers,Pacific Coast League,3,0,0,0,1,1,0,0,0,4,0,0,0,0,2026-04-11
806068,hitting,2026,11,Tacoma Rainiers,Pacific Coast League,3,1,0,0,1,0,0,0,0,4,0,0,0,0,2026-04-12
806068,hitting,2026,11,Tacoma Rainiers,Pacific Coast League,2,2,0,0,1,0,0,0,0,4,1,0,1,0,2026-04-15
806068,hitting,2026,11,Tacoma Rainiers,Pacific Coast League,3,0,0,1,1,0,1,0,0,3,0,0,1,0,2026-04-16
806068,hitting,2026,11,Tacoma Rainiers,Pacific Coast League,2,2,0,1,1,0,1,0,1,4,2,0,0,0,2026-04-16
806068,hitting,2026,11,Tacoma Rainiers,Pacific Coast League,3,1,0,0,1,0,0,0,0,4,1,0,0,0,2026-04-17
806068,hitting,2026,11,Tacoma Rainiers,Pacific Coast League,3,1,0,0,1,0,1,1,0,4,1,0,2,0,2026-04-18
806068,hitting,2026,11,Tacoma Rainiers,Pacific Coast League,5,1,0,0,1,0,0,0,0,6,0,0,0,0,2026-04-24
806068,hitting,2026,11,Tacoma Rainiers,Pacific Coast League,5,0,0,0,1,0,2,1,0,5,1,0,0,0,2026-04-25
806068,hitting,2026,11,Tacoma Rainiers,Pacific Coast League,4,2,0,1,1,0,1,0,0,6,1,0,0,0,2026-04-26
806068,hitting,2026,11,Tacoma Rainiers,Pacific Coast League,3,2,1,0,1,0,0,0,0,5,0,0,1,0,2026-04-28
806068,hitting,2026,11,Tacoma Rainiers,Pacific Coast League,3,0,0,0,1,0,0,0,0,3,0,0,0,0,2026-04-29
806068,hitting,2026,11,Tacoma Rainiers,Pacific Coast League,4,0,0,0,1,0,1,1,0,4,1,0,0,0,2026-04-30
806068,hitting,2026,11,Tacoma Rainiers,Pacific Coast League,3,1,0,0,1,0,1,0,0,5,0,1,0,0,2026-05-01
806068,hitting,2026,11,Tacoma Rainiers,Pacific Coast League,5,0,0,0,1,0,1,0,0,5,0,0,0,1,2026-05-02
806068,hitting,2026,11,Tacoma Rainiers,Pacific Coast League,4,0,0,0,1,0,0,0,0,4,0,0,0,0,2026-05-03
806068,hitting,2026,11,Tacoma Rainiers,Pacific Coast League,5,0,0,0,1,0,1,0,0,5,1,0,0,0,2026-05-05
806068,hitting,2026,11,Tacoma Rainiers,Pacific Coast League,5,0,0,0,1,0,3,1,0,5,2,0,0,0,2026-05-06
806068,hitting,2026,11,Tacoma Rainiers,Pacific Coast League,4,0,0,0,1,0,0,0,0,4,0,0,0,0,2026-05-07
806068,hitting,2026,11,Tacoma Rainiers,Pacific Coast League,6,0,0,0,1,0,3,1,0,6,3,0,0,0,2026-05-08
806068,hitting,2026,11,Tacoma Rainiers,Pacific Coast League,4,0,0,0,1,0,2,0,0,4,1,0,1,0,2026-05-09
806068,hitting,2026,11,Tacoma Rainiers,Pacific Coast League,4,1,0,0,1,1,1,0,0,6,2,0,0,0,2026-05-10
806068,hitting,2026,11,Tacoma Rainiers,Pacific Coast League,5,0,0,0,1,0,1,0,0,5,1,0,1,0,2026-05-12
806068,hitting,2026,11,Tacoma Rainiers,Pacific Coast League,5,0,0,0,1,0,2,1,0,5,1,0,0,0,2026-05-13
806068,hitting,2026,11,Tacoma Rainiers,Pacific Coast League,2,0,0,0,1,1,0,0,0,4,0,0,0,0,2026-05-14
806068,hitting,2026,11,Tacoma Rainiers,Pacific Coast League,4,0,0,1,1,0,1,0,0,4,1,0,0,0,2026-05-15
806068,hitting,2026,11,Tacoma Rainiers,Pacific Coast League,3,2,0,0,1,0,1,0,0,5,1,0,1,0,2026-05-16
806198,hitting,2026,11,Nashville Sounds,International League,4,0,0,0,1,0,2,0,0,4,0,0,0,0,2026-03-27
806198,hitting,2026,11,Nashville Sounds,International League,6,0,0,0,1,0,1,0,0,6,0,0,0,0,2026-03-28
806198,hitting,2026,11,Nashville Sounds,International League,5,0,0,0,1,0,1,0,0,5,0,0,1,0,2026-03-29
806198,hitting,2026,11,Nashville Sounds,International League,5,0,0,0,1,0,1,0,0,5,0,0,0,0,2026-04-05
806198,hitting,2026,11,Nashville Sounds,International League,3,1,0,0,1,0,0,0,0,4,0,0,0,0,2026-04-07
806198,hitting,2026,11,Nashville Sounds,International League,3,1,0,0,1,0,0,0,0,4,0,0,0,0,2026-04-08
806198,hitting,2026,11,Nashville Sounds,International League,4,1,0,0,1,0,1,0,0,5,0,0,1,0,2026-04-11
806198,hitting,2026,11,Nashville Sounds,International League,3,1,0,0,1,0,0,0,0,4,0,0,0,0,2026-04-12
806198,hitting,2026,11,Nashville Sounds,International League,2,3,0,0,1,0,0,0,0,6,3,0,2,0,2026-04-14
806198,hitting,2026,11,Nashville Sounds,International League,4,1,0,1,1,0,2,0,0,5,1,0,1,0,2026-04-15
806198,hitting,2026,11,Nashville Sounds,International League,4,0,0,0,1,0,0,0,0,4,0,0,0,0,2026-04-16
806198,hitting,2026,11,Nashville Sounds,International League,4,0,0,0,1,0,1,0,0,4,0,0,1,0,2026-04-17
806198,hitting,2026,11,Nashville Sounds,International League,3,1,0,0,1,0,1,0,0,4,0,0,0,0,2026-04-18
806198,hitting,2026,11,Nashville Sounds,International League,5,0,0,0,1,0,0,0,0,5,0,0,0,0,2026-04-21
806198,hitting,2026,11,Nashville Sounds,International League,4,1,0,0,1,0,0,0,0,5,0,0,0,0,2026-04-22
806198,hitting,2026,11,Nashville Sounds,International League,5,0,0,0,1,0,0,0,0,5,0,0,0,0,2026-04-23
806198,hitting,2026,11,Nashville Sounds,International League,4,1,0,0,1,0,1,0,0,5,2,0,0,0,2026-04-24
806198,hitting,2026,11,Nashville Sounds,International League,3,2,0,0,1,0,2,0,0,5,1,0,1,1,2026-04-25
806198,hitting,2026,11,Nashville Sounds,International League,3,1,0,0,1,0,1,0,0,4,1,0,0,0,2026-04-25
806198,hitting,2026,11,Nashville Sounds,International League,4,0,0,0,1,0,2,1,0,4,1,0,0,0,2026-04-26
806198,hitting,2026,11,Nashville Sounds,International League,3,1,0,1,1,0,2,0,0,4,1,0,2,0,2026-04-29
806198,hitting,2026,11,Nashville Sounds,International League,2,0,0,0,1,0,1,0,0,3,0,1,0,0,2026-04-30
806198,hitting,2026,11,Nashville Sounds,International League,2,2,1,0,1,0,1,0,0,4,0,0,0,1,2026-04-30
806198,hitting,2026,11,Nashville Sounds,International League,5,0,0,0,1,0,1,0,0,5,0,0,0,0,2026-05-01
806198,hitting,2026,11,Nashville Sounds,International League,3,1,0,0,1,0,0,0,0,4,0,0,0,0,2026-05-02
806198,hitting,2026,11,Nashville Sounds,International League,5,0,0,0,1,0,0,0,0,5,0,0,0,0,2026-05-06
806198,hitting,2026,11,Nashville Sounds,International League,2,1,0,0,1,1,0,0,0,4,1,0,0,0,2026-05-07
806198,hitting,2026,11,Nashville Sounds,International League,4,0,0,0,1,1,0,0,0,5,1,0,0,0,2026-05-07
806198,hitting,2026,11,Nashville Sounds,International League,5,0,0,0,1,0,1,0,0,5,0,0,0,0,2026-05-08
806198,hitting,2026,11,Nashville Sounds,International League,4,1,0,0,1,0,2,1,0,5,1,0,2,0,2026-05-09
806198,hitting,2026,11,Nashville Sounds,International League,4,2,0,0,1,0,0,0,0,6,2,0,0,0,2026-05-10
806198,hitting,2026,11,Nashville Sounds,International League,4,0,0,1,1,0,2,0,0,5,1,0,0,0,2026-05-12
806198,hitting,2026,11,Nashville Sounds,International League,3,1,0,0,1,0,0,0,0,4,0,0,0,0,2026-05-13
806198,hitting,2026,11,Nashville Sounds,International League,5,0,0,1,1,0,2,0,0,5,0,0,0,0,2026-05-14
806198,hitting,2026,11,Nashville Sounds,International League,5,0,0,1,1,0,2,1,0,5,1,0,0,0,2026-05-15
806198,hitting,2026,11,Nashville Sounds,International League,3,2,0,0,1,0,2,1,0,5,2,0,0,0,2026-05-16
806198,hitting,2026,11,Nashville Sounds,International League,5,0,0,0,1,0,1,0,0,5,0,0,0,0,2026-05-19
806198,hitting,2026,11,Nashville Sounds,International League,5,0,0,0,1,0,1,1,0,5,1,0,0,0,2026-05-20
806198,hitting,2026,11,Nashville Sounds,International League,2,0,0,0,1,1,0,0,0,3,0,0,0,0,2026-05-21
806198,hitting,2026,11,Nashville Sounds,International League,3,2,0,0,1,0,0,0,0,5,0,0,0,0,2026-05-22
806198,hitting,2026,11,Nashville Sounds,International League,5,0,0,0,1,0,2,0,0,5,0,0,1,0,2026-05-23
806198,hitting,2026,11,Nashville Sounds,International League,4,1,0,0,1,0,2,0,0,5,2,0,0,0,2026-05-26
806198,hitting,2026,11,Nashville Sounds,International League,4,0,0,0,1,0,1,0,0,4,1,0,0,0,2026-05-27
806198,hitting,2026,11,Nashville Sounds,International League,3,0,0,0,1,0,1,0,0,3,1,0,0,0,2026-05-28
806198,hitting,2026,11,Nashville Sounds,International League,4,0,0,0,1,0,1,0,0,4,1,0,0,1,2026-05-29
806198,hitting,2026,11,Nashville Sounds,International League,3,2,0,0,1,0,2,0,0,5,1,0,0,0,2026-05-30
806198,hitting,2026,11,Nashville Sounds,International League,4,0,0,0,1,0,1,0,0,4,1,0,1,0,2026-05-31
806198,hitting,2026,11,Nashville Sounds,International League,4,1,0,0,1,0,1,0,0,5,0,0,0,0,2026-06-02
806198,hitting,2026,11,Nashville Sounds,International League,3,1,0,0,1,0,0,0,0,4,0,0,1,0,2026-06-03
806198,hitting,2026,11,Nashville Sounds,International League,5,0,0,0,1,0,2,0,0,5,1,0,0,1,2026-06-04
806198,hitting,2026,11,Nashville Sounds,International League,4,0,0,1,1,0,2,0,0,4,0,0,0,0,2026-06-05
806198,hitting,2026,11,Nashville Sounds,International League,4,0,0,0,1,0,0,0,0,4,0,0,0,0,2026-06-06
806198,hitting,2026,11,Nashville Sounds,International League,3,1,0,0,1,0,1,0,0,4,1,0,2,0,2026-06-07
806198,hitting,2026,11,Nashville Sounds,International League,4,1,0,0,1,0,2,1,0,5,2,0,0,0,2026-06-09
806198,hitting,2026,11,Nashville Sounds,International League,4,0,0,0,1,0,1,0,0,4,2,0,1,0,2026-06-10
806198,hitting,2026,11,Nashville Sounds,International League,4,0,0,0,1,0,0,0,0,4,0,0,0,0,2026-06-12
806198,hitting,2026,11,Nashville Sounds,International League,3,0,0,0,1,0,0,0,0,4,1,0,0,0,2026-06-13
806198,hitting,2026,11,Nashville Sounds,International League,3,0,0,0,1,0,0,0,0,3,0,0,0,0,2026-06-14
807712,hitting,2025,11,St. Paul Saints,International League,6,0,0,0,1,0,2,0,0,6,0,0,0,0,2025-03-28
807712,hitting,2025,11,St. Paul Saints,International League,3,0,0,0,1,1,1,0,0,4,2,0,0,0,2025-04-01
807712,hitting,2025,11,St. Paul Saints,International League,3,2,0,0,1,0,1,0,0,5,0,0,1,0,2025-04-02
807712,hitting,2025,11,St. Paul Saints,International League,3,0,0,0,1,0,1,0,0,3,1,0,0,0,2025-04-04
807712,hitting,2025,11,St. Paul Saints,International League,3,0,1,1,1,0,2,0,0,3,0,0,0,0,2025-04-04
807712,hitting,2025,11,St. Paul Saints,International League,2,1,0,0,1,0,0,0,0,3,1,0,0,0,2025-04-06
807712,hitting,2025,11,St. Paul Saints,International League,3,1,0,0,1,0,0,0,0,4,0,0,0,0,2025-04-08
807712,hitting,2025,11,St. Paul Saints,International League,4,0,0,0,1,0,0,0,0,4,0,0,0,0,2025-04-09
807712,hitting,2025,11,St. Paul Saints,International League,2,2,0,0,1,0,0,0,0,5,1,1,0,0,2025-04-10
807712,hitting,2025,11,St. Paul Saints,International League,2,1,0,0,1,0,2,1,0,4,2,1,0,0,2025-04-11
807712,hitting,2025,11,St. Paul Saints,International League,3,1,0,0,1,0,1,0,0,4,0,0,1,0,2025-04-12
807712,hitting,2025,11,St. Paul Saints,International League,3,1,0,0,1,0,0,0,0,4,1,0,0,0,2025-04-13
807712,hitting,2025,11,St. Paul Saints,International League,5,0,0,0,1,0,2,0,0,5,0,0,2,0,2025-04-15
807712,hitting,2025,11,St. Paul Saints,International League,4,0,0,0,1,0,0,0,0,4,0,0,0,0,2025-04-16
