mlbam_id,group,season,sport_id,team_name,league_name,airOuts,atBats,baseOnBalls,battersFaced,caughtStealing,doubles,earnedRuns,gamesPlayed,gamesStarted,groundOuts,hitBatsmen,hitByPitch,hits,homeRuns,inningsPitched,intentionalWalks,numberOfPitches,plateAppearances,runs,sacFlies,stolenBases,strikeOuts,triples
657746,pitching,2021,11,Durham Bulls,Triple-A East,58,200,10,215,,,23,12,11,34,3,,35,8,57.0,,847,,25,2,,75,
657746,pitching,2021,11,St. Paul Saints,Triple-A East,2,31,2,34,,,2,2,2,8,0,,5,1,9.0,,148,,2,1,,17,
657746,pitching,2021,11,,Triple-A East,60,231,12,249,,,25,14,13,42,3,,40,9,66.0,,995,,27,3,,92,
657746,pitching,2022,11,St. Paul Saints,International League,4,11,0,11,,,0,1,1,2,0,,1,0,3.0,,40,,0,0,,4,
657746,pitching,2023,11,St. Paul Saints,International League,5,13,2,15,,,1,1,1,0,0,,1,1,4.0,,71,,1,0,,7,
657746,pitching,2019,12,Montgomery Biscuits,Southern League,10,50,4,54,,,5,3,3,2,0,,11,2,13.1,,264,,5,0,,24,
657746,pitching,2019,13,Charlotte Stone Crabs,Florida State League,82,292,12,312,,,13,15,13,0,5,,47,3,82.2,,1256,,16,2,,112,
657746,pitching,2019,14,Bowling Green Hot Rods,Midwest League,27,103,11,115,,,9,6,6,7,1,,19,2,27.2,,489,,13,0,,47,
657746,pitching,2021,1,Minnesota Twins,American League,33,95,5,100,,,12,5,5,16,0,,16,4,26.2,,412,,12,0,,30,
657746,pitching,2022,1,Minnesota Twins,American League,199,546,47,604,,,58,27,27,82,10,,115,20,147.0,,2391,,60,0,,151,
657746,pitching,2023,1,Minnesota Twins,American League,182,626,34,672,,,81,29,29,98,6,,155,32,161.2,,2683,,83,6,,197,
657746,pitching,2024,1,Minnesota Twins,American League,148,507,23,538,,,54,23,23,105,5,,110,19,135.0,,2106,,59,3,,147,
657746,pitching,2025,1,Minnesota Twins,American League,189,633,39,689,,,65,31,30,117,12,,138,26,171.0,,2795,,69,4,,194,
657746,pitching,2026,1,Minnesota Twins,American League,136,464,25,498,,,47,22,22,88,5,,109,17,120.1,,1990,,58,4,,135,
657746,pitching,2018,15,Hudson Valley Renegades,New York-Penn League,31,129,14,147,,,15,12,7,22,3,,26,3,36.1,,600,,15,1,,51,
660644,hitting,2021,11,Durham Bulls,Triple-A East,,389,49,,8,31,,103,,,,1,102,12,,0,,441,77,1,44,,1
660644,hitting,2022,11,Durham Bulls,International League,,257,27,,13,14,,63,,,,5,75,6,,0,,290,56,1,26,,3
660644,hitting,2023,11,Durham Bulls,International League,,239,31,,14,11,,59,,,,4,65,10,,0,,276,41,2,19,,4
660644,hitting,2024,11,Jacksonville Jumbo Shrimp,International League,,7,2,,0,0,,2,,,,0,1,1,,0,,9,1,0,0,,0
660644,hitting,2025,11,Iowa Cubs,International League,,13,0,,0,1,,3,,,,0,4,0,,0,,13,0,0,1,,0
660644,hitting,2026,11,Syracuse Mets,International League,,141,16,,2,4,,41,,,,3,31,1,,0,,161,19,1,8,,2
660644,hitting,2019,12,Montgomery Biscuits,Southern League,,207,20,,8,9,,55,,,,3,55,3,,0,,233,28,2,24,,4
660644,hitting,2018,13,Charlotte Stone Crabs,Florida State League,,98,15,,4,7,,27,,,,0,34,4,,0,,114,26,0,12,,2
660644,hitting,2019,13,Charlotte Stone Crabs,Florida State League,,176,17,,5,8,,44,,,,2,51,1,,1,,196,28,1,24,,3
660644,hitting,2018,14,Bowling Green Hot Rods,Midwest League,,377,48,,15,18,,95,,,,5,118,5,,0,,434,86,3,43,,5
660644,hitting,2015,16,DSL Rays,Dominican Summer League,,226,38,,12,9,,60,,,,5,68,2,,0,,272,48,1,22,,4
660644,hitting,2016,16,GCL Rays,Gulf Coast League,,202,14,,5,12,,49,,,,5,57,1,,1,,223,41,0,8,,5
660644,hitting,2021,1,Tampa Bay Rays,American League,,26,0,,0,0,,10,,,,0,2,0,,0,,26,3,0,1,,0
660644,hitting,2022,1,Tampa Bay Rays,American League,,147,12,,5,5,,52,,,,1,24,3,,0,,162,13,2,5,,0
660644,hitting,2023,1,Tampa Bay Rays,American League,,76,5,,2,2,,37,,,,2,13,0,,0,,84,14,0,3,,0
660644,hitting,2024,1,Miami Marlins,National League,,248,25,,6,14,,102,,,,4,55,2,,3,,278,32,0,5,,2
660644,hitting,2025,1,Chicago Cubs,National League,,45,1,,1,3,,36,,,,0,10,0,,0,,47,6,1,2,,0
660644,hitting,2025,1,Baltimore Orioles,American League,,1,0,,0,0,,1,,,,0,1,0,,0,,1,0,0,0,,0
660644,hitting,2025,1,Atlanta Braves,National League,,41,5,,0,2,,24,,,,1,11,0,,0,,47,8,0,0,,0
660644,hitting,2025,1,,,,87,6,,1,5,,61,,,,1,22,0,,0,,95,14,1,2,,0
660644,hitting,2026,1,New York Mets,National League,,11,1,,1,0,,9,,,,0,1,0,,0,,13,4,0,0,,0
660644,hitting,2016,15,Hudson Valley Renegades,New York-Penn League,,8,1,,0,0,,2,,,,0,0,0,,0,,9,1,0,2,,0
660644,hitting,2017,15,Hudson Valley Renegades,New York-Penn League,,260,34,,8,15,,67,,,,5,74,3,,0,,302,51,0,16,,5
663698,hitting,2021,11,Sacramento River Cats,Triple-A West,,252,21,,0,15,,67,,,,5,74,10,,0,,279,37,1,0,,0
663698,hitting,2022,11,Sacramento River Cats,Pacific Coast League,,28,2,,0,0,,7,,,,1,8,1,,0,,31,5,0,0,,0
663698,hitting,2023,11,Sacramento River Cats,Pacific Coast League,,206,30,,0,12,,60,,,,6,51,6,,0,,244,33,2,1,,0
663698,hitting,2024,11,Indianapolis Indians,International League,,17,3,,0,1,,6,,,,0,6,0,,0,,20,2,0,0,,0
663698,hitting,2025,11,Indianapolis Indians,International League,,13,4,,0,0,,5,,,,1,3,0,,0,,18,1,0,0,,0
663698,hitting,2026,11,Indianapolis Indians,International League,,17,4,,0,2,,5,,,,1,6,1,,0,,22,4,0,0,,0
663698,hitting,2019,12,Richmond Flying Squirrels,Eastern League,,79,7,,2,4,,22,,,,0,25,4,,1,,87,9,1,0,,1
663698,hitting,2019,13,San Jose Giants,California League,,234,14,,2,10,,57,,,,3,62,12,,0,,251,37,0,5,,2
663698,hitting,2026,14,Bradenton Marauders,Florida State League,,1,1,,0,0,,1,,,,0,0,0,,0,,2,1,0,0,,0
663698,hitting,2018,16,AZL Giants Orange,Arizona League,,23,1,,0,1,,6,,,,1,6,0,,0,,25,3,0,0,,1
663698,hitting,2020,1,San Francisco Giants,National League,,103,3,,0,5,,33,,,,5,24,0,,0,,111,15,0,0,,2
663698,hitting,2021,1,San Francisco Giants,National League,,6,0,,0,0,,2,,,,0,2,0,,0,,6,1,0,0,,0
663698,hitting,2022,1,San Francisco Giants,National League,,261,26,,1,6,,97,,,,4,56,11,,0,,291,34,0,2,,0
663698,hitting,2023,1,San Francisco Giants,National League,,87,3,,0,5,,30,,,,4,18,0,,0,,95,9,1,0,,0
663698,hitting,2024,1,Pittsburgh Pirates,National League,,253,22,,0,11,,80,,,,6,67,13,,0,,282,38,1,0,,0
663698,hitting,2025,1,Pittsburgh Pirates,National League,,285,40,,1,12,,93,,,,7,71,4,,0,,332,21,0,1,,1
663698,hitting,2026,1,Pittsburgh Pirates,National League,,58,2,,0,1,,21,,,,1,15,2,,0,,62,9,1,0,,0
663698,hitting,2026,1,Atlanta Braves,National League,,48,4,,0,3,,20,,,,5,9,2,,0,,57,4,0,0,,0
663698,hitting,2026,1,,National League,,106,6,,0,4,,41,,,,6,24,4,,0,,119,13,1,0,,0
663698,hitting,2018,15,Salem-Keizer Volcanoes,Northwest League,,181,12,,1,14,,45,,,,9,54,13,,2,,203,35,1,2,,2
664350,pitching,2024,11,Jacksonville Jumbo Shrimp,International League,1,3,0,4,,,0,1,0,1,0,,0,0,1.0,,19,,0,0,,1,
664350,pitching,2019,12,Jacksonville Jumbo Shrimp,Southern League,84,387,19,411,,,29,18,18,61,3,,87,5,103.0,,1457,,33,0,,97,
664350,pitching,2023,12,Pensacola Blue Wahoos,Southern League,0,4,1,5,,,0,1,1,1,0,,1,0,1.0,,18,,0,0,,2,
664350,pitching,2017,13,Clearwater Threshers,Florida State League,32,107,9,119,,,14,5,5,30,1,,27,1,27.2,,374,,16,1,,20,
664350,pitching,2018,13,Clearwater Threshers,Florida State League,38,174,11,188,,,13,8,8,53,2,,39,1,46.2,,667,,14,1,,45,
664350,pitching,2019,13,Jupiter Hammerheads,Florida State League,7,44,2,46,,,6,2,2,0,0,,14,1,11.0,,141,,6,0,,6,
664350,pitching,2017,14,Lakewood BlueClaws,South Atlantic League,58,241,9,256,,,18,13,13,76,3,,46,1,67.1,,935,,19,2,,64,
664350,pitching,2015,16,DSL Phillies,Dominican Summer League,23,110,6,118,,,13,11,2,39,0,,32,0,25.2,,180,,21,0,,18,
664350,pitching,2016,16,GCL Phillies,Gulf Coast League,40,182,8,194,,,3,11,11,67,2,,33,0,54.0,,310,,4,1,,44,
664350,pitching,2020,1,Miami Marlins,National League,28,144,11,158,,,15,7,7,48,2,,36,3,39.0,,559,,15,1,,33,
664350,pitching,2024,1,Miami Marlins,National League,35,142,14,162,,,24,14,7,50,3,,43,3,35.2,,621,,29,1,,17,
665795,pitching,2021,11,Jacksonville Jumbo Shrimp,Triple-A East,21,107,19,129,,,12,6,6,18,1,,22,4,29.1,,532,,13,2,,48,
665795,pitching,2022,11,Jacksonville Jumbo Shrimp,International League,20,104,12,116,,,12,6,6,24,0,,21,2,28.2,,478,,13,0,,39,
665795,pitching,2023,11,Jacksonville Jumbo Shrimp,International League,23,99,12,113,,,7,5,5,27,1,,20,2,28.1,,458,,7,1,,30,
665795,pitching,2024,11,Jacksonville Jumbo Shrimp,International League,20,82,12,96,,,6,6,6,18,1,,18,0,22.2,,367,,8,0,,27,
665795,pitching,2025,11,Jacksonville Jumbo Shrimp,International League,6,29,0,29,,,2,2,2,4,0,,9,1,7.0,,99,,3,0,,10,
665795,pitching,2026,11,Iowa Cubs,International League,1,7,2,9,,,3,1,1,1,0,,2,0,1.2,,43,,3,0,,3,
665795,pitching,2019,12,Jacksonville Jumbo Shrimp,Southern League,29,140,13,156,,,11,8,8,23,3,,28,6,38.2,,587,,12,0,,43,
665795,pitching,2021,12,Pensacola Blue Wahoos,Double-A South,18,90,6,97,,,8,5,5,21,0,,19,3,26.0,,385,,10,0,,33,
665795,pitching,2022,12,Pensacola Blue Wahoos,Southern League,5,19,1,20,,,0,2,2,6,0,,0,0,6.0,,83,,0,0,,8,
665795,pitching,2019,13,Jupiter Hammerheads,Florida State League,43,202,18,227,,,13,11,11,5,5,,37,1,58.0,,878,,16,0,,73,
665795,pitching,2018,14,Greensboro Grasshoppers,South Atlantic League,98,389,42,440,,,47,22,22,94,7,,105,11,100.1,,1582,,57,1,,93,
665795,pitching,2021,14,Jupiter Hammerheads,Low-A Southeast,6,22,0,23,,,0,2,2,1,1,,4,0,6.0,,88,,0,0,,11,
665795,pitching,2022,14,Jupiter Hammerheads,Florida State League,0,12,3,15,,,0,1,1,4,0,,1,0,4.0,,58,,0,0,,7,
665795,pitching,2016,16,GCL Marlins,Gulf Coast League,56,187,10,201,,,22,11,7,51,2,,54,1,47.0,,296,,24,2,,28,
665795,pitching,2021,1,Miami Marlins,National League,21,97,19,120,,,17,7,7,24,4,,24,6,26.1,,482,,20,0,,28,
665795,pitching,2022,1,Miami Marlins,National League,64,249,33,291,,,24,14,14,66,9,,44,10,71.2,,1215,,24,0,,75,
665795,pitching,2023,1,Miami Marlins,National League,67,363,66,434,,,47,22,20,101,4,,78,11,99.2,,1802,,48,1,,118,
665795,pitching,2024,1,Miami Marlins,National League,80,361,50,418,,,53,20,20,94,5,,82,15,96.1,,1734,,60,2,,107,
665795,pitching,2025,1,Miami Marlins,National League,113,519,48,581,,,54,26,26,139,10,,121,17,137.2,,2252,,60,3,,150,
665795,pitching,2026,1,Chicago Cubs,National League,68,275,29,309,,,41,14,14,73,1,,72,14,72.1,,1203,,46,2,,65,
665795,pitching,2017,15,Batavia Muckdogs,New York-Penn League,28,147,8,165,,,21,13,6,48,7,,42,1,35.2,,568,,27,3,,32,
665833,hitting,2021,11,Indianapolis Indians,Triple-A East,,21,8,,0,1,,6,,,,0,11,5,,0,,29,11,0,1,,0
665833,hitting,2022,11,Indianapolis Indians,International League,,211,30,,6,7,,55,,,,4,49,9,,0,,247,40,2,11,,3
665833,hitting,2019,12,Altoona Curve,Eastern League,,119,15,,1,8,,35,,,,0,32,1,,1,,136,14,2,3,,3
665833,hitting,2021,12,Altoona Curve,Double-A Northeast,,250,20,,3,15,,62,,,,1,73,12,,0,,273,51,1,18,,5
665833,hitting,2025,12,Altoona Curve,Eastern League,,6,2,,0,0,,2,,,,0,1,0,,0,,8,2,0,1,,1
665833,hitting,2019,13,Bradenton Marauders,Florida State League,,136,8,,3,6,,35,,,,1,41,7,,1,,145,21,0,7,,1
665833,hitting,2017,14,Great Lakes Loons,Midwest League,,342,28,,7,9,,89,,,,0,82,8,,1,,375,51,5,8,,1
665833,hitting,2017,14,West Virginia Power,South Atlantic League,,55,8,,0,2,,16,,,,0,12,2,,0,,63,9,0,0,,1
665833,hitting,2017,14,,,,397,36,,7,11,,105,,,,0,94,10,,1,,438,60,5,8,,2
665833,hitting,2018,14,West Virginia Power,South Atlantic League,,402,34,,5,25,,103,,,,3,115,14,,2,,443,66,4,11,,7
665833,hitting,2016,16,DSL Dodgers 1,Dominican Summer League,,187,22,,5,18,,55,,,,0,55,0,,0,,211,27,1,11,,5
665833,hitting,2019,16,GCL Pirates,Gulf Coast League,,10,1,,0,1,,3,,,,0,6,0,,0,,11,0,0,1,,0
665833,hitting,2021,1,Pittsburgh Pirates,National League,,9,0,,0,0,,2,,,,0,3,1,,0,,9,2,0,0,,0
665833,hitting,2022,1,Pittsburgh Pirates,National League,,331,28,,4,13,,87,,,,1,77,17,,1,,361,45,1,10,,4
665833,hitting,2023,1,Pittsburgh Pirates,National League,,32,7,,0,1,,9,,,,0,8,1,,0,,40,7,1,3,,0
665833,hitting,2024,1,Pittsburgh Pirates,National League,,541,51,,1,34,,146,,,,3,140,21,,5,,599,72,4,22,,3
665833,hitting,2025,1,Pittsburgh Pirates,National League,,471,64,,5,18,,135,,,,4,94,20,,4,,544,62,5,38,,3
665833,hitting,2026,1,Pittsburgh Pirates,National League,,250,30,,4,10,,64,,,,3,66,14,,2,,283,45,0,21,,0
666139,hitting,2021,11,Durham Bulls,Triple-A East,,402,61,,0,28,,111,,,,1,117,22,,1,,470,76,6,26,,2
666139,hitting,2022,11,Durham Bulls,International League,,302,44,,2,27,,80,,,,2,95,14,,1,,351,51,3,25,,2
666139,hitting,2024,11,Durham Bulls,International League,,51,4,,0,0,,13,,,,0,13,3,,0,,55,7,0,0,,1
666139,hitting,2025,11,Durham Bulls,International League,,17,4,,0,0,,5,,,,0,4,1,,0,,22,3,1,1,,0
666139,hitting,2026,11,Salt Lake Bees,Pacific Coast League,,107,18,,0,7,,26,,,,0,32,9,,2,,126,21,1,6,,0
666139,hitting,2019,12,Montgomery Biscuits,Southern League,,448,59,,9,23,,121,,,,3,113,18,,0,,519,70,3,30,,4
666139,hitting,2018,13,Charlotte Stone Crabs,Florida State League,,399,47,,6,25,,105,,,,4,95,6,,2,,455,62,4,18,,3
666139,hitting,2017,14,Bowling Green Hot Rods,Midwest League,,456,42,,8,26,,118,,,,0,122,8,,0,,507,60,5,22,,2
666139,hitting,2016,16,GCL Rays,Gulf Coast League,,93,20,,1,6,,28,,,,0,24,2,,1,,114,14,1,1,,1
666139,hitting,2016,16,Princeton Rays,Appalachian League,,80,17,,1,0,,26,,,,0,19,3,,0,,100,11,3,1,,2
666139,hitting,2016,16,,,,173,37,,2,6,,54,,,,0,43,5,,1,,214,25,4,2,,3
666139,hitting,2025,16,FCL Rays,Florida Complex League,,3,2,,0,0,,1,,,,0,1,1,,0,,5,2,0,0,,0
666139,hitting,2021,1,Tampa Bay Rays,American League,,1,1,,0,0,,2,,,,0,1,0,,0,,2,0,0,1,,0
666139,hitting,2022,1,Tampa Bay Rays,American League,,181,15,,0,12,,52,,,,1,40,2,,1,,198,24,0,3,,2
666139,hitting,2023,1,Tampa Bay Rays,American League,,466,31,,3,33,,135,,,,1,136,20,,2,,501,71,3,32,,2
666139,hitting,2024,1,Tampa Bay Rays,American League,,353,32,,1,19,,106,,,,0,85,10,,4,,387,37,2,25,,2
666139,hitting,2025,1,Tampa Bay Rays,American League,,396,33,,4,21,,108,,,,3,87,11,,1,,435,56,2,18,,2
666139,hitting,2026,1,Los Angeles Angels,American League,,190,13,,0,4,,68,,,,1,38,8,,1,,207,18,1,4,,0
666157,pitching,2021,11,Louisville Bats,Triple-A East,3,26,2,28,,,4,3,3,6,0,,7,2,6.2,,116,,4,0,,10,
666157,pitching,2022,11,Louisville Bats,International League,7,43,2,46,,,3,3,3,8,1,,12,0,10.2,,184,,3,0,,16,
666157,pitching,2023,11,Louisville Bats,International League,2,10,3,13,,,2,1,1,2,0,,3,0,2.1,,61,,2,0,,3,
666157,pitching,2024,11,Louisville Bats,International League,1,27,3,33,,,5,2,2,9,3,,7,1,7.2,,141,,5,0,,10,
666157,pitching,2026,11,Louisville Bats,International League,2,17,2,19,,,2,1,1,4,0,,5,0,4.1,,79,,2,0,,6,
666157,pitching,2021,12,Chattanooga Lookouts,Double-A South,22,158,9,173,,,9,10,10,37,6,,31,1,44.0,,685,,9,0,,68,
666157,pitching,2023,12,Chattanooga Lookouts,Southern League,1,9,2,11,,,0,1,1,2,0,,0,0,3.0,,49,,0,0,,6,
666157,pitching,2026,13,Dayton Dragons,Midwest League,2,17,0,17,,,0,1,1,6,0,,2,0,5.0,,51,,0,0,,7,
666157,pitching,2019,14,Dayton Dragons,Midwest League,4,27,0,28,,,2,2,2,0,1,,6,0,7.0,,92,,2,0,,9,
666157,pitching,2026,14,Daytona Tortugas,Florida State League,1,8,0,8,,,0,1,1,3,0,,0,0,2.2,,40,,0,0,,4,
666157,pitching,2022,16,ACL Reds,Arizona Complex League,1,9,1,10,,,1,1,1,2,0,,4,0,2.0,,18,,1,0,,2,
666157,pitching,2023,16,ACL Reds,Arizona Complex League,0,7,0,7,,,0,1,1,2,0,,1,0,2.0,,15,,0,0,,4,
666157,pitching,2022,1,Cincinnati Reds,National League,79,383,39,441,,,42,19,19,83,19,,90,13,103.1,,1779,,44,0,,131,
666157,pitching,2023,1,Cincinnati Reds,National League,26,147,10,166,,,24,7,7,26,7,,50,10,34.1,,646,,24,1,,47,
666157,pitching,2024,1,Cincinnati Reds,National League,111,437,37,493,,,61,21,21,104,18,,101,13,115.1,,1864,,62,1,,122,
666157,pitching,2025,1,Cincinnati Reds,National League,155,592,31,642,,,58,29,28,149,13,,138,22,156.2,,2478,,60,2,,156,
666157,pitching,2026,1,Cincinnati Reds,National League,65,235,27,279,,,32,12,12,63,9,,65,9,62.2,,1087,,32,6,,50,
666310,hitting,2022,11,Columbus Clippers,International League,,245,37,,1,14,,66,,,,6,63,15,,0,,290,44,2,9,,2
666310,hitting,2023,11,Columbus Clippers,International League,,217,49,,2,12,,60,,,,2,55,13,,2,,270,45,2,2,,1
666310,hitting,2026,11,Columbus Clippers,International League,,160,28,,0,11,,45,,,,1,36,7,,0,,189,25,0,4,,1
666310,hitting,2021,12,Akron RubberDucks,Double-A Northeast,,313,37,,0,13,,87,,,,3,59,10,,1,,356,41,1,10,,1
666310,hitting,2022,12,Akron RubberDucks,Eastern League,,170,45,,3,12,,52,,,,3,46,6,,0,,220,29,2,11,,2
666310,hitting,2019,14,Lake County Captains,Midwest League,,399,43,,5,18,,107,,,,1,97,11,,1,,453,60,7,7,,10
666310,hitting,2018,16,ACL Guardians,Arizona Complex League,,117,21,,1,3,,33,,,,0,32,2,,0,,139,17,1,5,,3
666310,hitting,2026,16,ACL Guardians,Arizona Complex League,,5,0,,0,1,,1,,,,0,1,0,,0,,5,1,0,0,,0
666310,hitting,2022,1,Cleveland Guardians,American League,,8,0,,0,0,,5,,,,0,0,0,,0,,8,0,0,0,,0
666310,hitting,2023,1,Cleveland Guardians,American League,,198,30,,0,13,,67,,,,1,47,11,,1,,230,33,1,5,,0
666310,hitting,2024,1,Cleveland Guardians,American League,,354,29,,3,10,,123,,,,2,71,13,,1,,389,39,2,6,,2
666310,hitting,2025,1,Cleveland Guardians,American League,,359,45,,2,22,,123,,,,1,70,14,,0,,414,46,6,1,,1
666310,hitting,2026,1,Cleveland Guardians,American League,,84,6,,0,2,,28,,,,0,12,2,,0,,90,4,0,0,,0
666374,pitching,2022,11,Tacoma Rainiers,Pacific Coast League,11,92,14,107,,,10,22,0,22,0,,19,4,26.0,,480,,14,0,,41,
666374,pitching,2025,11,Tacoma Rainiers,Pacific Coast League,3,25,2,28,,,5,6,0,9,0,,9,1,5.1,,104,,6,0,,5,
666374,pitching,2026,11,Tacoma Rainiers,Pacific Coast League,0,5,2,7,,,0,2,0,1,0,,0,0,1.2,,38,,0,0,,4,
666374,pitching,2021,12,Arkansas Travelers,Double-A Central,44,198,23,222,,,13,10,10,42,0,,32,3,55.0,,904,,15,0,,80,
666374,pitching,2021,13,Everett AquaSox,High-A West,27,152,25,183,,,12,10,9,34,4,,31,3,42.1,,749,,16,2,,62,
666374,pitching,2019,14,Fort Wayne TinCaps,Midwest League,3,16,0,16,,,1,4,0,3,0,,3,0,4.1,,54,,1,0,,6,
666374,pitching,2019,16,AZL Padres 1,Arizona League,0,4,0,4,,,0,1,1,0,0,,1,0,1.0,,8,,0,0,,2,
666374,pitching,2022,1,Seattle Mariners,American League,34,186,33,222,,,25,39,5,45,2,,46,3,50.2,,935,,25,0,,62,
666374,pitching,2023,1,Seattle Mariners,American League,53,269,29,308,,,24,78,0,48,6,,65,3,70.2,,1304,,26,4,,107,
666374,pitching,2025,1,Seattle Mariners,American League,29,174,18,199,,,13,53,0,51,2,,41,4,47.1,,822,,15,1,,58,
666374,pitching,2026,1,Seattle Mariners,American League,16,53,6,64,,,1,20,0,16,3,,8,0,16.2,,262,,2,1,,15,
668390,pitching,2021,11,Round Rock Express,Triple-A West,10,30,5,36,,,3,2,2,5,1,,5,1,8.0,,145,,3,0,,10,
668390,pitching,2022,11,Round Rock Express,Pacific Coast League,130,471,87,573,,,88,28,28,102,5,,125,13,121.2,,2263,,94,9,,123,
668390,pitching,2023,11,Round Rock Express,Pacific Coast League,119,409,79,493,,,81,29,13,81,3,,114,17,101.0,,1954,,83,1,,97,
668390,pitching,2024,11,Round Rock Express,Pacific Coast League,14,59,4,66,,,6,10,0,12,2,,14,2,15.2,,268,,7,1,,20,
668390,pitching,2025,11,Round Rock Express,Pacific Coast League,29,103,14,118,,,2,17,0,33,0,,17,1,30.2,,468,,5,0,,25,
668390,pitching,2026,11,Round Rock Express,Pacific Coast League,0,2,1,3,,,0,1,0,1,0,,0,0,0.2,,16,,0,0,,1,
668390,pitching,2021,12,Frisco RoughRiders,Double-A Central,77,264,26,296,,,20,19,19,54,4,,38,6,78.0,,1192,,21,1,,97,
668390,pitching,2019,14,Hickory Crawdads,South Atlantic League,64,253,39,298,,,34,18,18,5,3,,59,5,68.2,,1219,,36,2,,65,
668390,pitching,2024,1,Texas Rangers,American League,23,69,4,77,,,15,13,0,15,3,,18,2,17.1,,286,,15,1,,14,
668390,pitching,2025,1,Texas Rangers,American League,39,138,17,162,,,7,33,0,44,4,,23,3,41.2,,619,,8,1,,35,
668390,pitching,2026,1,Texas Rangers,American League,44,146,10,159,,,24,40,1,29,1,,39,7,36.1,,576,,25,1,,36,
668472,hitting,2021,11,Omaha Storm Chasers,Triple-A East,,224,37,,0,15,,63,,,,4,58,21,,0,,270,54,5,5,,3
668472,hitting,2022,11,Omaha Storm Chasers,International League,,303,59,,2,10,,82,,,,10,69,17,,1,,374,57,2,8,,3
668472,hitting,2023,11,Omaha Storm Chasers,International League,,111,16,,0,4,,31,,,,2,20,4,,2,,131,14,2,0,,1
668472,hitting,2024,11,Omaha Storm Chasers,International League,,429,53,,1,20,,115,,,,1,104,16,,0,,490,70,4,15,,2
668472,hitting,2025,11,Omaha Storm Chasers,International League,,372,46,,0,19,,114,,,,3,73,9,,0,,423,49,1,8,,2
668472,hitting,2026,11,Round Rock Express,Pacific Coast League,,93,6,,0,3,,26,,,,1,22,5,,0,,101,14,1,1,,2
668472,hitting,2026,11,El Paso Chihuahuas,Pacific Coast League,,110,19,,0,5,,32,,,,0,26,3,,0,,129,17,0,5,,0
668472,hitting,2026,11,,Pacific Coast League,,203,25,,0,8,,58,,,,1,48,8,,0,,230,31,1,6,,2
668472,hitting,2021,12,Northwest Arkansas Naturals,Double-A Central,,221,46,,5,13,,61,,,,5,60,15,,1,,275,44,3,7,,4
668472,hitting,2019,13,Wilmington Blue Rocks,Carolina League,,419,49,,7,21,,124,,,,2,80,9,,0,,472,48,2,17,,1
668472,hitting,2018,14,Lexington Legends,South Atlantic League,,485,45,,5,33,,127,,,,3,136,14,,1,,537,79,4,22,,2
668472,hitting,2017,16,AZL Royals,Arizona League,,198,24,,4,15,,52,,,,3,49,4,,0,,230,25,5,10,,3
668472,hitting,2022,1,Kansas City Royals,American League,,158,19,,0,9,,49,,,,1,29,7,,0,,182,18,3,0,,1
668472,hitting,2023,1,Kansas City Royals,American League,,306,29,,1,16,,95,,,,6,71,7,,0,,345,33,4,1,,0
668709,hitting,2022,11,Jacksonville Jumbo Shrimp,International League,,302,60,,1,13,,85,,,,5,69,20,,0,,367,54,0,1,,0
668709,hitting,2023,11,Las Vegas Aviators,Pacific Coast League,,108,23,,1,8,,28,,,,0,36,8,,0,,133,31,2,1,,2
668709,hitting,2025,11,Las Vegas Aviators,Pacific Coast League,,119,12,,1,6,,28,,,,0,42,6,,0,,132,23,1,3,,1
668709,hitting,2026,11,Louisville Bats,International League,,85,18,,0,7,,24,,,,1,29,6,,0,,104,16,0,1,,1
668709,hitting,2021,12,Pensacola Blue Wahoos,Double-A South,,397,64,,3,22,,110,,,,3,84,12,,0,,468,52,4,5,,3
668709,hitting,2019,13,Jupiter Hammerheads,Florida State League,,140,11,,0,8,,38,,,,0,36,3,,0,,151,13,0,0,,0
668709,hitting,2022,1,Miami Marlins,National League,,204,30,,1,10,,65,,,,2,34,5,,0,,238,21,2,4,,2
668709,hitting,2023,1,Oakland Athletics,American League,,256,42,,1,11,,82,,,,2,50,10,,0,,303,35,3,5,,0
668709,hitting,2024,1,Oakland Athletics,American League,,572,67,,3,43,,159,,,,2,139,20,,2,,642,74,0,2,,4
668709,hitting,2025,1,Athletics,American League,,307,36,,2,17,,98,,,,0,65,14,,2,,344,48,1,1,,0
668709,hitting,2026,1,Cincinnati Reds,National League,,288,48,,4,11,,81,,,,2,66,19,,1,,341,42,2,6,,1
668881,pitching,2021,11,Louisville Bats,Triple-A East,54,246,25,276,,,30,14,14,55,4,,59,11,65.1,,1091,,35,1,,79,
668881,pitching,2022,11,Louisville Bats,International League,3,27,2,30,,,2,3,3,3,1,,6,0,7.0,,142,,2,0,,15,
668881,pitching,2023,11,Louisville Bats,International League,14,42,7,49,,,4,3,3,10,0,,6,2,12.0,,190,,5,0,,12,
668881,pitching,2025,11,Louisville Bats,International League,7,44,4,48,,,9,3,3,7,0,,10,4,11.0,,195,,11,0,,20,
668881,pitching,2026,11,Louisville Bats,International League,16,34,1,35,,,0,2,2,8,0,,3,0,10.1,,146,,0,0,,7,
668881,pitching,2021,12,Chattanooga Lookouts,Double-A South,34,145,14,162,,,9,7,7,24,3,,27,2,41.0,,659,,9,0,,60,
668881,pitching,2018,14,Dayton Dragons,Midwest League,60,263,23,294,,,34,18,18,50,6,,66,6,68.1,,1140,,35,1,,89,
668881,pitching,2017,16,Billings Mustangs,Pioneer League,4,20,1,21,,,6,3,3,2,0,,8,0,4.1,,75,,7,0,,6,
668881,pitching,2023,16,ACL Reds,Arizona Complex League,1,7,0,7,,,0,1,1,2,0,,1,0,2.0,,13,,0,0,,3,
668881,pitching,2025,16,ACL Reds,Arizona Complex League,0,6,1,7,,,0,1,1,2,0,,0,0,2.0,,28,,0,0,,4,
668881,pitching,2026,16,ACL Reds,Arizona Complex League,2,13,1,14,,,0,1,1,2,0,,2,0,4.0,,54,,0,0,,6,
668881,pitching,2022,1,Cincinnati Reds,National League,135,469,48,531,,,62,24,24,70,10,,104,24,125.2,,2200,,64,4,,164,
668881,pitching,2023,1,Cincinnati Reds,National League,109,438,48,498,,,60,22,22,70,8,,111,19,112.0,,2089,,65,2,,152,
668881,pitching,2024,1,Cincinnati Reds,National League,171,526,57,611,,,46,26,26,99,19,,96,12,150.1,,2563,,47,6,,169,
668881,pitching,2025,1,Cincinnati Reds,National League,118,391,26,420,,,33,19,19,67,2,,75,15,107.2,,1748,,35,0,,132,
668881,pitching,2026,1,Cincinnati Reds,National League,33,111,9,121,,,21,5,5,17,0,,29,4,27.2,,456,,22,1,,33,
668885,hitting,2023,11,St. Paul Saints,International League,,205,36,,4,11,,59,,,,7,54,6,,0,,252,33,3,16,,0
668885,hitting,2024,11,St. Paul Saints,International League,,95,28,,1,4,,28,,,,4,29,1,,1,,130,19,3,8,,0
668885,hitting,2025,11,St. Paul Saints,International League,,113,21,,2,6,,32,,,,2,36,1,,0,,137,13,1,2,,0
668885,hitting,2021,12,New Hampshire Fisher Cats,Double-A Northeast,,196,37,,3,10,,56,,,,14,55,2,,0,,250,43,3,9,,2
668885,hitting,2021,12,Wichita Wind Surge,Double-A Central,,134,23,,1,8,,37,,,,10,34,3,,0,,168,24,1,5,,0
668885,hitting,2021,12,,,,330,60,,4,18,,93,,,,24,89,5,,0,,418,67,4,14,,2
668885,hitting,2022,12,Wichita Wind Surge,Texas League,,336,47,,5,13,,90,,,,21,81,2,,0,,406,59,2,34,,3
668885,hitting,2023,14,Fort Myers Mighty Mussels,Florida State League,,19,1,,0,0,,5,,,,0,3,0,,0,,20,0,0,1,,0
668885,hitting,2022,16,FCL Twins,Florida Complex League,,8,2,,1,1,,2,,,,0,2,0,,0,,10,1,0,1,,0
668885,hitting,2023,16,FCL Twins,Florida Complex League,,7,2,,0,0,,3,,,,1,3,1,,0,,10,2,0,2,,0
668885,hitting,2025,16,FCL Twins,Florida Complex League,,11,2,,0,0,,3,,,,0,2,0,,0,,13,0,0,1,,0
668885,hitting,2024,1,Minnesota Twins,American League,,233,20,,3,18,,93,,,,2,59,1,,0,,257,41,0,7,,1
668885,hitting,2025,1,Minnesota Twins,American League,,156,22,,4,8,,50,,,,1,44,1,,0,,181,22,0,11,,1
668885,hitting,2026,1,Minnesota Twins,American League,,253,42,,7,14,,99,,,,5,61,2,,0,,303,37,3,10,,0
668904,hitting,2022,11,St. Paul Saints,International League,,131,18,,2,12,,34,,,,3,41,5,,0,,153,30,1,12,,1
668904,hitting,2023,11,St. Paul Saints,International League,,45,5,,1,1,,12,,,,0,16,6,,0,,51,11,1,3,,0
668904,hitting,2024,11,St. Paul Saints,International League,,29,2,,0,2,,8,,,,0,5,0,,0,,31,4,0,1,,0
668904,hitting,2025,11,St. Paul Saints,International League,,31,1,,0,1,,9,,,,0,4,0,,0,,33,3,1,0,,0
668904,hitting,2026,11,St. Paul Saints,International League,,60,5,,0,4,,15,,,,2,20,10,,0,,67,14,0,0,,0
668904,hitting,2019,12,Pensacola Blue Wahoos,Southern League,,134,11,,2,9,,33,,,,1,31,2,,0,,148,18,2,6,,1
668904,hitting,2023,12,Wichita Wind Surge,Texas League,,6,1,,0,1,,2,,,,1,2,0,,0,,8,3,0,2,,0
668904,hitting,2018,13,Fort Myers Miracle,Florida State League,,188,19,,4,6,,46,,,,1,48,5,,0,,208,33,0,6,,3
668904,hitting,2019,13,Fort Myers Miracle,Florida State League,,383,27,,8,17,,94,,,,3,91,10,,1,,418,55,5,16,,3
668904,hitting,2017,14,Cedar Rapids Kernels,Midwest League,,71,6,,1,2,,18,,,,2,21,1,,0,,80,16,1,3,,1
668904,hitting,2018,14,Cedar Rapids Kernels,Midwest League,,295,24,,4,23,,75,,,,3,93,9,,1,,327,50,4,22,,0
668904,hitting,2017,16,GCL Twins,Gulf Coast League,,133,19,,2,6,,36,,,,7,36,3,,0,,159,38,0,15,,2
668904,hitting,2022,1,Minnesota Twins,American League,,40,1,,0,4,,12,,,,0,12,2,,0,,41,5,0,0,,0
668904,hitting,2023,1,Minnesota Twins,American League,,217,20,,1,7,,58,,,,2,67,15,,0,,239,36,0,6,,0
668904,hitting,2024,1,Minnesota Twins,American League,,292,28,,0,16,,82,,,,0,68,16,,2,,325,40,5,0,,0
668904,hitting,2025,1,Minnesota Twins,American League,,376,25,,2,18,,106,,,,0,89,13,,0,,403,36,2,12,,0
668904,hitting,2026,1,Minnesota Twins,American League,,274,31,,0,14,,77,,,,2,60,11,,1,,310,37,3,10,,1
668909,pitching,2023,11,Columbus Clippers,International League,40,156,21,183,,,15,9,9,30,2,,29,6,46.0,,775,,16,3,,61,
668909,pitching,2024,11,Columbus Clippers,International League,9,49,7,58,,,8,5,5,7,1,,14,2,12.0,,262,,10,1,,20,
668909,pitching,2022,12,Akron RubberDucks,Eastern League,78,250,26,282,,,18,16,16,47,4,,44,9,70.0,,1180,,21,1,,82,
668909,pitching,2023,12,Akron RubberDucks,Eastern League,17,50,3,53,,,1,3,3,7,0,,6,0,14.1,,232,,1,0,,20,
668909,pitching,2024,12,Akron RubberDucks,Eastern League,4,18,0,18,,,1,1,1,6,0,,4,0,5.0,,66,,1,0,,4,
668909,pitching,2022,13,Lake County Captains,Midwest League,33,150,14,168,,,7,9,9,26,3,,25,0,45.0,,707,,7,1,,67,
668909,pitching,2023,1,Cleveland Guardians,American League,85,302,37,345,,,30,16,16,72,4,,66,8,82.0,,1386,,32,2,,81,
668909,pitching,2024,1,Cleveland Guardians,American League,77,293,32,332,,,41,16,16,69,3,,72,7,76.0,,1368,,42,3,,79,
668909,pitching,2025,1,Cleveland Guardians,American League,153,615,83,704,,,57,31,31,162,3,,130,23,167.2,,2925,,62,2,,173,
668909,pitching,2026,1,Cleveland Guardians,American League,103,489,38,532,,,55,22,22,115,3,,105,21,133.1,,2079,,58,0,,168,
668939,hitting,2021,11,Norfolk Tides,Triple-A East,,157,24,,2,9,,43,,,,2,49,5,,0,,185,25,2,2,,2
668939,hitting,2022,11,Norfolk Tides,International League,,43,7,,0,0,,12,,,,3,10,3,,0,,53,5,0,0,,0
668939,hitting,2025,11,Norfolk Tides,International League,,26,7,,0,2,,8,,,,0,6,1,,0,,34,3,1,0,,0
668939,hitting,2021,12,Bowie Baysox,Double-A Northeast,,295,55,,2,16,,80,,,,5,80,18,,2,,358,61,2,1,,0
668939,hitting,2022,12,Bowie Baysox,Eastern League,,12,2,,0,2,,3,,,,0,5,0,,0,,14,5,0,0,,0
668939,hitting,2022,13,Aberdeen IronBirds,South Atlantic League,,14,2,,0,3,,5,,,,0,6,0,,0,,17,2,1,0,,0
668939,hitting,2019,14,Delmarva Shorebirds,South Atlantic League,,39,6,,0,1,,12,,,,0,6,2,,0,,47,5,1,0,,0
668939,hitting,2019,16,GCL Orioles,Gulf Coast League,,14,2,,0,0,,5,,,,0,2,1,,1,,16,3,0,1,,0
668939,hitting,2022,1,Baltimore Orioles,American League,,398,65,,0,35,,113,,,,4,101,13,,0,,470,70,3,4,,1
668939,hitting,2023,1,Baltimore Orioles,American League,,588,92,,2,31,,154,,,,2,163,20,,6,,687,84,5,1,,1
668939,hitting,2024,1,Baltimore Orioles,American League,,571,58,,0,21,,148,,,,2,143,19,,3,,638,68,7,1,,1
668939,hitting,2025,1,Baltimore Orioles,American League,,322,40,,0,16,,90,,,,1,71,9,,0,,365,37,2,0,,2
668939,hitting,2026,1,Baltimore Orioles,American League,,247,30,,1,19,,67,,,,2,62,8,,0,,284,30,5,0,,1
668939,hitting,2019,15,Aberdeen IronBirds,New York-Penn League,,77,12,,0,7,,20,,,,1,25,1,,0,,92,11,2,0,,1
669004,hitting,2021,11,Omaha Storm Chasers,Triple-A East,,150,32,,2,4,,44,,,,0,44,13,,0,,184,37,2,1,,3
669004,hitting,2022,11,Omaha Storm Chasers,International League,,78,13,,0,4,,21,,,,0,13,2,,0,,91,7,0,3,,0
669004,hitting,2025,11,Omaha Storm Chasers,International League,,433,39,,8,33,,107,,,,3,113,20,,0,,480,70,5,20,,3
669004,hitting,2026,11,Syracuse Mets,International League,,124,21,,2,6,,37,,,,0,29,10,,0,,145,26,0,4,,1
669004,hitting,2021,12,Northwest Arkansas Naturals,Double-A Central,,298,43,,4,18,,79,,,,1,85,28,,0,,347,58,5,2,,0
669004,hitting,2024,12,Northwest Arkansas Naturals,Texas League,,9,1,,0,0,,3,,,,0,1,1,,0,,11,3,1,0,,0
669004,hitting,2019,13,Wilmington Blue Rocks,Carolina League,,363,44,,5,23,,110,,,,5,59,9,,0,,419,34,4,7,,2
669004,hitting,2018,14,Lexington Legends,South Atlantic League,,419,43,,6,26,,111,,,,4,105,19,,0,,472,52,6,4,,9
669004,hitting,2017,16,AZL Royals,Arizona League,,168,26,,2,8,,47,,,,4,44,4,,0,,198,25,0,4,,3
669004,hitting,2022,1,Kansas City Royals,American League,,460,66,,3,21,,129,,,,1,100,18,,1,,534,57,7,2,,3
669004,hitting,2023,1,Kansas City Royals,American League,,533,62,,4,29,,148,,,,3,125,16,,2,,602,65,4,6,,5
669004,hitting,2024,1,Kansas City Royals,American League,,412,35,,4,23,,135,,,,3,85,17,,1,,451,44,0,4,,3
669004,hitting,2025,1,Kansas City Royals,American League,,60,3,,0,2,,23,,,,2,5,1,,0,,65,5,0,0,,0
669004,hitting,2026,1,New York Mets,National League,,120,17,,1,5,,56,,,,5,23,4,,0,,144,14,1,0,,1
669022,pitching,2021,11,El Paso Chihuahuas,Triple-A West,18,83,12,96,,,13,6,6,23,1,,24,3,20.0,,384,,17,0,,18,
669022,pitching,2022,11,El Paso Chihuahuas,Pacific Coast League,2,16,0,16,,,0,1,1,5,0,,2,0,5.0,,63,,0,0,,7,
669022,pitching,2022,11,Rochester Red Wings,International League,10,50,4,55,,,7,4,4,15,1,,16,3,12.0,,230,,7,0,,9,
669022,pitching,2022,11,,,12,66,4,71,,,7,5,5,20,1,,18,3,17.0,,293,,7,0,,16,
669022,pitching,2019,12,Amarillo Sod Poodles,Texas League,20,80,8,90,,,10,5,5,7,1,,20,3,21.2,,389,,10,1,,25,
669022,pitching,2021,12,San Antonio Missions,Double-A Central,4,33,8,41,,,3,2,2,7,0,,6,0,9.0,,183,,3,0,,16,
669022,pitching,2019,13,Lake Elsinore Storm,California League,70,262,20,288,,,9,15,15,6,2,,36,4,79.1,,1214,,9,3,,110,
669022,pitching,2021,13,Fort Wayne TinCaps,High-A Central,5,17,4,22,,,3,1,1,5,0,,3,0,5.0,,82,,3,1,,5,
669022,pitching,2018,14,Fort Wayne TinCaps,Midwest League,63,235,18,261,,,30,16,16,39,5,,61,5,60.2,,1002,,35,2,,74,
669022,pitching,2017,16,AZL Padres,Arizona League,6,76,7,84,,,3,7,7,22,1,,14,0,21.1,,188,,5,0,,34,
669022,pitching,2021,16,ACL Padres,Arizona Complex League,13,59,4,64,,,3,3,3,11,1,,13,0,16.1,,126,,3,0,,22,
669022,pitching,2022,1,San Diego Padres,National League,76,266,37,309,,,35,16,13,54,4,,66,7,70.0,,1258,,35,2,,72,
669022,pitching,2023,1,Washington Nationals,National League,127,519,57,582,,,67,27,27,112,1,,134,27,136.1,,2462,,71,4,,151,
669022,pitching,2024,1,Washington Nationals,National League,160,649,65,731,,,72,32,32,142,11,,171,15,166.1,,2994,,93,4,,181,
669022,pitching,2025,1,Washington Nationals,National League,164,602,64,680,,,74,30,30,110,5,,152,20,159.2,,2818,,75,7,,185,
669022,pitching,2026,1,Texas Rangers,American League,131,468,44,523,,,65,23,23,96,6,,110,16,122.2,,2068,,65,3,,136,
669084,pitching,2022,11,Norfolk Tides,International League,60,293,49,346,,,40,22,18,47,2,,62,10,76.2,,1476,,47,1,,125,
669084,pitching,2023,11,Norfolk Tides,International League,39,182,30,217,,,23,17,11,35,5,,38,7,49.0,,913,,23,0,,70,
669084,pitching,2024,11,Nashville Sounds,International League,42,146,25,179,,,17,14,14,37,4,,36,4,40.0,,732,,20,4,,35,
669084,pitching,2025,11,Nashville Sounds,International League,6,21,4,25,,,0,2,1,5,0,,3,0,5.2,,106,,0,0,,7,
669084,pitching,2026,11,Nashville Sounds,International League,3,12,3,15,,,1,2,0,3,0,,1,0,3.2,,61,,1,0,,5,
669084,pitching,2021,12,Bowie Baysox,Double-A Northeast,9,110,16,128,,,11,7,7,29,2,,16,4,31.2,,528,,11,0,,56,
669084,pitching,2022,12,Bowie Baysox,Eastern League,1,14,1,15,,,2,1,1,4,0,,3,0,3.2,,59,,2,0,,6,
669084,pitching,2019,13,Frederick Keys,Carolina League,71,280,54,346,,,31,19,17,2,6,,53,3,80.2,,1490,,33,5,,116,
669084,pitching,2022,13,Aberdeen IronBirds,South Atlantic League,1,13,0,13,,,0,1,1,4,0,,2,0,4.0,,54,,0,0,,6,
669084,pitching,2024,13,Wisconsin Timber Rattlers,Midwest League,1,3,0,3,,,0,1,1,1,0,,0,0,1.0,,11,,0,0,,1,
669084,pitching,2026,13,Wisconsin Timber Rattlers,Midwest League,1,8,0,8,,,1,2,1,1,0,,2,1,2.0,,28,,1,0,,4,
669084,pitching,2018,14,Delmarva Shorebirds,South Atlantic League,83,335,42,391,,,22,22,20,92,5,,68,6,94.1,,1556,,31,2,,100,
669084,pitching,2017,16,GCL Orioles,Gulf Coast League,5,38,10,49,,,8,5,5,11,1,,10,1,10.1,,108,,9,0,,12,
669084,pitching,2023,16,FCL Orioles,Florida Complex League,1,10,2,12,,,0,2,1,0,0,,1,0,3.0,,35,,0,0,,8,
669084,pitching,2025,16,ACL Brewers,Arizona Complex League,2,16,2,18,,,0,2,2,5,0,,1,0,5.0,,64,,0,0,,8,
669084,pitching,2022,1,Baltimore Orioles,American League,11,57,6,64,,,9,11,1,11,0,,17,0,13.2,,269,,9,1,,19,
669084,pitching,2023,1,Baltimore Orioles,American League,14,76,5,81,,,7,18,0,21,0,,18,2,19.1,,371,,8,0,,23,
669084,pitching,2024,1,Milwaukee Brewers,National League,40,170,21,197,,,24,13,7,39,4,,48,6,43.0,,782,,26,1,,44,
669084,pitching,2025,1,Milwaukee Brewers,National League,50,138,17,155,,,15,20,3,37,0,,24,2,38.2,,588,,15,0,,27,
669084,pitching,2026,1,Milwaukee Brewers,National League,24,100,24,126,,,7,24,1,31,1,,14,1,31.0,,539,,7,1,,32,
669127,hitting,2021,11,Gwinnett Stripers,Triple-A East,,11,3,,0,2,,5,,,,0,2,0,,0,,14,3,0,0,,0
669127,hitting,2022,11,Las Vegas Aviators,Pacific Coast League,,353,43,,1,19,,92,,,,4,100,19,,0,,402,62,2,5,,2
669127,hitting,2025,11,Las Vegas Aviators,Pacific Coast League,,13,0,,0,0,,3,,,,0,8,1,,0,,13,6,0,0,,0
669127,hitting,2021,12,Mississippi Braves,Double-A South,,329,36,,0,13,,92,,,,4,85,22,,3,,370,56,1,1,,0
669127,hitting,2019,14,Rome Braves,South Atlantic League,,216,17,,0,13,,54,,,,2,55,2,,0,,239,27,4,0,,0
669127,hitting,2022,1,Oakland Athletics,American League,,142,9,,0,10,,40,,,,0,31,6,,0,,153,14,2,0,,1
669127,hitting,2023,1,Oakland Athletics,American League,,448,34,,2,19,,135,,,,5,92,22,,2,,490,52,2,3,,4
669127,hitting,2024,1,Oakland Athletics,American League,,482,41,,2,18,,137,,,,5,108,29,,2,,534,58,6,4,,2
669127,hitting,2025,1,Athletics,American League,,481,36,,1,32,,123,,,,1,133,31,,1,,523,73,5,7,,0
669127,hitting,2026,1,Athletics,American League,,376,34,,1,19,,93,,,,5,99,23,,2,,416,55,1,2,,0
669134,hitting,2021,11,El Paso Chihuahuas,Triple-A West,,292,27,,0,21,,81,,,,6,86,15,,0,,326,47,1,1,,3
669134,hitting,2022,11,El Paso Chihuahuas,Pacific Coast League,,319,33,,0,15,,81,,,,2,95,14,,0,,358,62,4,0,,1
669134,hitting,2023,11,El Paso Chihuahuas,Pacific Coast League,,15,3,,0,1,,5,,,,0,5,1,,0,,18,4,0,0,,0
669134,hitting,2024,11,El Paso Chihuahuas,Pacific Coast League,,35,2,,0,2,,8,,,,0,13,1,,0,,37,8,0,0,,0
669134,hitting,2025,11,El Paso Chihuahuas,Pacific Coast League,,393,72,,0,25,,105,,,,4,132,25,,0,,475,83,3,2,,1
669134,hitting,2026,11,El Paso Chihuahuas,Pacific Coast League,,6,2,,0,0,,2,,,,0,2,1,,0,,8,1,0,0,,0
669134,hitting,2019,13,Lake Elsinore Storm,California League,,422,52,,0,31,,110,,,,4,137,15,,2,,487,63,9,0,,1
669134,hitting,2018,14,Fort Wayne TinCaps,Midwest League,,260,19,,1,11,,70,,,,4,75,3,,0,,284,26,1,0,,0
669134,hitting,2024,14,Lake Elsinore Storm,California League,,15,1,,0,0,,4,,,,0,2,1,,0,,16,2,0,0,,0
669134,hitting,2017,16,AZL Padres,Arizona League,,90,6,,1,4,,24,,,,1,25,1,,0,,98,3,1,0,,0
669134,hitting,2017,16,AZL Padres 2,Arizona League,,44,9,,1,0,,13,,,,0,11,3,,0,,53,5,0,0,,0
669134,hitting,2017,16,,Arizona League,,134,15,,2,4,,37,,,,1,36,4,,0,,151,8,1,0,,0
669134,hitting,2023,16,ACL Padres,Arizona Complex League,,10,2,,0,2,,3,,,,0,2,0,,0,,12,1,0,0,,0
669134,hitting,2020,1,San Diego Padres,National League,,3,0,,0,0,,1,,,,1,1,1,,0,,4,2,0,0,,0
669134,hitting,2021,1,San Diego Padres,National League,,34,4,,0,0,,11,,,,0,3,0,,0,,38,0,0,0,,0
669134,hitting,2022,1,San Diego Padres,National League,,48,1,,0,1,,16,,,,0,12,1,,0,,50,4,1,0,,0
669134,hitting,2023,1,San Diego Padres,National League,,163,7,,0,7,,49,,,,3,52,7,,0,,174,27,1,0,,0
669134,hitting,2024,1,San Diego Padres,National League,,277,20,,0,13,,91,,,,1,63,8,,0,,299,37,1,0,,0
669134,hitting,2025,1,San Diego Padres,National League,,21,6,,0,0,,10,,,,0,0,0,,0,,27,0,0,0,,0
669134,hitting,2026,1,San Diego Padres,National League,,98,16,,0,8,,36,,,,1,30,4,,0,,115,14,0,0,,0
669224,hitting,2023,11,Scranton/Wilkes-Barre RailRiders,International League,,126,16,,1,10,,33,,,,3,32,5,,0,,146,16,1,2,,0
669224,hitting,2026,11,Scranton/Wilkes-Barre RailRiders,International League,,12,2,,0,0,,3,,,,0,2,2,,0,,14,2,0,0,,0
669224,hitting,2022,12,Somerset Patriots,Eastern League,,211,29,,0,8,,55,,,,5,55,12,,0,,247,34,2,7,,1
669224,hitting,2023,12,Somerset Patriots,Eastern League,,228,29,,0,14,,58,,,,3,54,11,,2,,263,28,3,5,,0
669224,hitting,2021,13,Hudson Valley Renegades,High-A East,,146,20,,0,6,,38,,,,4,40,7,,0,,170,21,0,5,,1
669224,hitting,2022,13,Hudson Valley Renegades,South Atlantic League,,99,19,,0,7,,28,,,,0,32,6,,0,,121,21,1,9,,0
669224,hitting,2021,14,Tampa Tarpons,Low-A Southeast,,236,51,,0,17,,65,,,,7,61,9,,1,,299,61,5,11,,4
669224,hitting,2022,14,Tampa Tarpons,Florida State League,,26,8,,0,2,,9,,,,0,6,2,,0,,34,5,0,0,,0
669224,hitting,2023,14,Tampa Tarpons,Florida State League,,17,3,,0,0,,5,,,,0,3,1,,0,,20,2,0,0,,0
669224,hitting,2023,1,New York Yankees,American League,,70,3,,0,6,,19,,,,0,16,4,,0,,75,8,1,0,,0
669224,hitting,2024,1,New York Yankees,American League,,354,47,,2,18,,115,,,,5,81,13,,0,,414,42,7,1,,1
669224,hitting,2025,1,New York Yankees,American League,,401,30,,1,22,,126,,,,5,88,21,,0,,448,51,11,5,,1
669224,hitting,2026,1,New York Yankees,American League,,216,29,,0,3,,76,,,,1,35,7,,2,,248,22,1,1,,0
669304,hitting,2021,11,St. Paul Saints,Triple-A East,,341,25,,2,24,,80,,,,6,117,17,,1,,373,61,1,0,,0
669304,hitting,2022,11,St. Paul Saints,International League,,86,5,,0,10,,21,,,,1,22,2,,0,,95,10,3,0,,0
669304,hitting,2023,11,St. Paul Saints,International League,,161,15,,0,6,,39,,,,3,41,3,,0,,181,24,2,2,,1
669304,hitting,2024,11,St. Paul Saints,International League,,34,5,,0,3,,9,,,,0,10,1,,0,,40,5,1,1,,0
669304,hitting,2025,11,St. Paul Saints,International League,,334,30,,0,13,,90,,,,6,65,7,,0,,371,31,1,1,,0
669304,hitting,2026,11,El Paso Chihuahuas,Pacific Coast League,,112,4,,0,7,,28,,,,3,30,5,,0,,120,14,1,0,,1
669304,hitting,2019,12,Pensacola Blue Wahoos,Southern League,,5,0,,0,1,,1,,,,0,3,0,,0,,5,1,0,0,,0
669304,hitting,2021,12,Wichita Wind Surge,Double-A Central,,194,17,,2,8,,47,,,,5,67,13,,2,,218,36,2,4,,0
669304,hitting,2018,13,Fort Myers Miracle,Florida State League,,102,5,,2,5,,27,,,,6,22,3,,0,,113,9,0,0,,0
669304,hitting,2019,13,Fort Myers Miracle,Florida State League,,440,24,,0,25,,118,,,,10,109,8,,0,,478,48,4,0,,1
669304,hitting,2018,14,Cedar Rapids Kernels,Midwest League,,401,26,,1,22,,104,,,,6,111,13,,0,,439,52,6,0,,1
669304,hitting,2016,16,GCL Twins,Gulf Coast League,,185,19,,5,7,,55,,,,4,42,1,,2,,213,14,3,4,,1
669304,hitting,2017,16,Elizabethton Twins,Appalachian League,,223,16,,3,8,,54,,,,5,63,11,,1,,247,43,3,2,,2
669304,hitting,2022,1,Minnesota Twins,American League,,444,28,,1,25,,125,,,,10,119,15,,0,,483,45,1,1,,0
669304,hitting,2023,1,Minnesota Twins,American League,,142,9,,0,4,,40,,,,1,30,3,,0,,152,12,0,0,,0
669304,hitting,2024,1,Minnesota Twins,American League,,401,18,,2,28,,121,,,,6,114,9,,1,,429,44,4,2,,4
669304,hitting,2025,1,Minnesota Twins,American League,,36,0,,0,0,,12,,,,0,6,1,,0,,36,2,0,0,,0
669357,hitting,2021,11,Memphis Redbirds,Triple-A East,,303,20,,1,14,,76,,,,2,83,14,,1,,328,45,3,3,,1
669357,hitting,2022,11,Memphis Redbirds,International League,,171,14,,0,5,,43,,,,1,47,16,,0,,188,35,2,3,,0
669357,hitting,2024,11,Memphis Redbirds,International League,,88,9,,0,4,,23,,,,0,18,7,,0,,98,16,1,0,,0
669357,hitting,2026,11,Memphis Redbirds,International League,,102,24,,0,2,,29,,,,0,16,6,,0,,126,19,0,0,,0
669357,hitting,2021,12,Springfield Cardinals,Double-A Central,,177,18,,0,6,,43,,,,0,51,11,,0,,195,26,0,4,,0
669357,hitting,2025,12,Springfield Cardinals,Texas League,,13,0,,0,1,,3,,,,0,3,1,,0,,13,1,0,0,,0
669357,hitting,2019,13,Palm Beach Cardinals,Florida State League,,215,13,,1,16,,58,,,,2,55,5,,0,,230,24,0,0,,3
669357,hitting,2018,14,Peoria Chiefs,Midwest League,,94,10,,2,3,,25,,,,1,19,6,,0,,107,8,2,0,,0
669357,hitting,2019,14,Peoria Chiefs,Midwest League,,241,32,,0,14,,67,,,,7,58,10,,3,,282,41,2,2,,3
669357,hitting,2018,16,Johnson City Cardinals,Appalachian League,,143,24,,3,10,,38,,,,0,50,11,,0,,167,41,0,1,,1
669357,hitting,2022,1,St. Louis Cardinals,National League,,283,28,,0,13,,89,,,,2,64,14,,0,,313,44,0,1,,0
669357,hitting,2023,1,St. Louis Cardinals,National League,,406,53,,2,17,,119,,,,3,96,27,,1,,464,59,2,7,,0
669357,hitting,2024,1,St. Louis Cardinals,National League,,365,34,,1,15,,107,,,,1,74,19,,1,,402,42,2,6,,0
669357,hitting,2025,1,St. Louis Cardinals,National League,,351,47,,1,14,,111,,,,0,72,14,,2,,402,48,4,1,,1
669357,hitting,2026,1,St. Louis Cardinals,National League,,201,25,,1,4,,62,,,,0,39,7,,2,,229,19,3,0,,0
669358,pitching,2021,11,Durham Bulls,Triple-A East,37,161,11,178,,,9,10,10,33,5,,28,6,46.0,,701,,10,0,,64,
669358,pitching,2022,11,Durham Bulls,International League,11,48,4,53,,,2,4,4,9,1,,8,1,13.0,,206,,2,0,,20,
669358,pitching,2024,11,Durham Bulls,International League,44,150,23,178,,,18,10,10,25,3,,39,2,39.1,,705,,18,2,,44,
669358,pitching,2021,12,Montgomery Biscuits,Double-A South,25,116,2,120,,,9,7,7,20,2,,22,3,32.2,,473,,9,0,,49,
669358,pitching,2019,14,Bowling Green Hot Rods,Midwest League,85,296,37,342,,,27,17,17,21,5,,63,5,81.1,,1393,,30,3,,87,
669358,pitching,2017,16,GCL Pirates,Gulf Coast League,20,90,14,105,,,10,10,10,25,1,,26,2,23.2,,200,,12,0,,19,
669358,pitching,2018,16,Bristol Pirates,Appalachian League,21,180,23,207,,,20,10,10,61,3,,45,2,45.1,,790,,23,1,,54,
669358,pitching,2018,16,Princeton Rays,Appalachian League,4,30,6,37,,,6,2,2,10,1,,11,1,7.0,,99,,7,0,,5,
669358,pitching,2018,16,,Appalachian League,25,210,29,244,,,26,12,12,71,4,,56,3,52.1,,889,,30,1,,59,
669358,pitching,2021,1,Tampa Bay Rays,American League,13,46,3,49,,,3,3,3,9,0,,6,3,13.1,,198,,3,0,,18,
669358,pitching,2022,1,Tampa Bay Rays,American League,25,107,9,117,,,15,6,6,25,1,,27,5,27.0,,444,,15,0,,30,
669358,pitching,2024,1,Tampa Bay Rays,American League,97,285,27,319,,,27,14,14,65,4,,57,9,79.1,,1206,,28,3,,69,
669358,pitching,2025,1,Tampa Bay Rays,American League,142,633,64,711,,,90,31,31,162,9,,158,26,166.1,,2718,,91,4,,176,
669358,pitching,2026,1,Baltimore Orioles,American League,136,468,44,526,,,54,21,21,111,3,,125,9,122.0,,2015,,64,11,,107,
669370,pitching,2022,12,Northwest Arkansas Naturals,Texas League,18,68,28,105,,,25,11,3,17,8,,9,2,20.0,,436,,27,1,,25,
669370,pitching,2021,13,Quad Cities River Bandits,High-A Central,41,185,41,237,,,30,14,14,27,8,,41,5,52.0,,983,,31,3,,79,
669370,pitching,2022,16,ACL Royals,Arizona Complex League,7,28,14,47,,,8,4,2,7,5,,4,1,8.0,,113,,10,0,,10,
669391,pitching,2023,11,Round Rock Express,Pacific Coast League,56,197,32,237,,,29,13,12,59,6,,52,10,52.1,,933,,34,1,,32,
669391,pitching,2024,11,Round Rock Express,Pacific Coast League,97,388,48,447,,,62,29,15,101,7,,107,14,99.0,,1687,,68,3,,87,
669391,pitching,2025,11,Charlotte Knights,International League,71,292,43,346,,,40,20,17,87,6,,74,7,81.0,,1351,,43,4,,65,
669391,pitching,2022,12,Frisco RoughRiders,Texas League,19,79,4,85,,,6,4,4,18,1,,19,1,21.2,,328,,6,0,,23,
669391,pitching,2023,12,Frisco RoughRiders,Texas League,50,195,23,227,,,22,12,12,61,5,,40,5,56.1,,862,,22,2,,48,
669391,pitching,2022,13,Hickory Crawdads,South Atlantic League,39,222,19,243,,,26,11,10,52,0,,51,7,58.2,,892,,27,1,,81,
669391,pitching,2021,14,Down East Wood Ducks,Low-A East,22,122,12,135,,,12,8,8,21,1,,25,2,33.1,,534,,12,0,,54,
669391,pitching,2021,16,ACL Rangers,Arizona Complex League,1,6,0,6,,,0,1,0,2,0,,1,0,2.0,,10,,0,0,,2,
669391,pitching,2023,1,Texas Rangers,American League,3,16,2,19,,,5,2,0,5,0,,5,2,4.0,,68,,5,0,,4,
669391,pitching,2024,1,Texas Rangers,American League,3,17,1,18,,,8,3,0,5,0,,9,1,3.0,,69,,8,0,,0,
669391,pitching,2025,1,Chicago White Sox,American League,5,32,3,35,,,7,3,0,7,0,,14,1,7.0,,119,,7,0,,6,
669461,pitching,2021,11,Memphis Redbirds,Triple-A East,123,478,33,520,,,56,22,18,114,4,,123,19,124.2,,1912,,66,2,,123,
669461,pitching,2022,11,Memphis Redbirds,International League,105,439,41,495,,,66,22,22,104,10,,118,16,115.0,,1933,,68,4,,116,
669461,pitching,2023,11,Memphis Redbirds,International League,50,239,38,283,,,30,13,13,50,3,,58,8,64.2,,1154,,32,3,,84,
669461,pitching,2019,14,Bowling Green Hot Rods,Midwest League,60,295,31,332,,,27,16,15,45,4,,70,2,78.1,,1163,,33,1,,76,
669461,pitching,2018,16,GCL Rays,Gulf Coast League,21,94,11,108,,,3,8,8,25,3,,16,0,27.2,,210,,7,0,,32,
669461,pitching,2018,16,Princeton Rays,Appalachian League,4,17,2,19,,,2,1,1,3,0,,5,0,5.0,,37,,2,0,,5,
669461,pitching,2018,16,,,25,111,13,127,,,5,9,9,28,3,,21,0,32.2,,247,,9,0,,37,
669461,pitching,2022,1,St. Louis Cardinals,National League,39,138,18,161,,,23,9,7,33,1,,42,5,34.2,,650,,23,2,,28,
669461,pitching,2023,1,St. Louis Cardinals,National League,64,241,25,275,,,36,22,11,69,5,,66,5,61.2,,1059,,42,4,,46,
669461,pitching,2024,1,St. Louis Cardinals,National League,91,323,28,358,,,42,60,6,80,2,,81,11,86.0,,1358,,44,3,,76,
669461,pitching,2025,1,St. Louis Cardinals,National League,186,593,40,648,,,71,29,29,138,4,,158,19,151.2,,2388,,79,8,,122,
669461,pitching,2026,1,St. Louis Cardinals,National League,116,405,40,456,,,60,21,21,76,4,,120,19,102.2,,1735,,65,6,,100,
669923,pitching,2022,11,Tacoma Rainiers,Pacific Coast League,2,11,1,13,,,4,1,1,2,1,,5,0,2.0,,48,,4,0,,2,
669923,pitching,2025,11,Tacoma Rainiers,Pacific Coast League,6,43,2,45,,,8,3,3,9,0,,15,3,10.0,,160,,8,0,,13,
669923,pitching,2021,12,Arkansas Travelers,Double-A Central,25,101,7,110,,,8,6,6,24,1,,25,0,26.0,,428,,8,1,,28,
669923,pitching,2022,12,Arkansas Travelers,Texas League,16,87,5,93,,,5,5,5,22,1,,17,3,24.2,,379,,6,0,,32,
669923,pitching,2021,13,Everett AquaSox,High-A West,24,154,8,164,,,11,9,9,46,1,,33,1,41.2,,624,,15,0,,52,
669923,pitching,2022,1,Seattle Mariners,American League,137,511,22,542,,,49,25,25,110,5,,135,13,130.0,,2092,,54,3,,133,
669923,pitching,2023,1,Seattle Mariners,American League,187,727,19,757,,,71,31,31,194,6,,179,22,190.2,,2825,,74,3,,172,
669923,pitching,2024,1,Seattle Mariners,American League,213,740,23,778,,,75,33,33,174,7,,181,22,191.0,,2967,,82,5,,179,
669923,pitching,2025,1,Seattle Mariners,American League,116,480,29,524,,,59,23,23,114,7,,121,15,126.0,,2086,,60,8,,137,
669923,pitching,2026,1,Seattle Mariners,American League,115,468,25,497,,,53,20,20,116,3,,131,15,120.0,,1814,,57,1,,107,
671213,hitting,2021,11,Worcester Red Sox,Triple-A East,,33,8,,0,3,,9,,,,0,8,1,,0,,42,6,1,1,,1
671213,hitting,2022,11,Worcester Red Sox,International League,,264,46,,0,20,,72,,,,3,72,11,,4,,317,45,4,0,,1
671213,hitting,2024,11,Worcester Red Sox,International League,,42,6,,0,7,,12,,,,1,12,1,,0,,49,5,0,0,,0
671213,hitting,2021,12,Portland Sea Dogs,Double-A Northeast,,275,49,,3,12,,77,,,,3,78,13,,0,,329,57,2,6,,2
671213,hitting,2019,13,Salem Red Sox,Carolina League,,7,0,,0,1,,2,,,,0,3,1,,0,,7,2,0,0,,0
671213,hitting,2019,14,Greenville Drive,South Atlantic League,,422,58,,2,25,,118,,,,7,107,19,,3,,493,64,6,3,,5
671213,hitting,2018,16,GCL Red Sox,Gulf Coast League,,4,1,,0,0,,2,,,,0,0,0,,0,,5,0,0,0,,0
671213,hitting,2022,16,FCL Red Sox,Florida Complex League,,14,3,,0,3,,4,,,,0,6,1,,0,,17,3,0,0,,0
671213,hitting,2022,1,Boston Red Sox,American League,,76,19,,0,1,,27,,,,0,15,5,,0,,95,11,0,1,,0
671213,hitting,2023,1,Boston Red Sox,American League,,429,70,,0,21,,132,,,,1,113,24,,2,,502,66,2,0,,2
671213,hitting,2024,1,Boston Red Sox,American League,,212,30,,1,8,,63,,,,1,51,13,,4,,243,28,0,0,,0
671213,hitting,2025,1,Boston Red Sox,American League,,99,11,,0,3,,29,,,,2,18,3,,2,,112,5,0,0,,0
671289,hitting,2022,11,Columbus Clippers,International League,,297,25,,2,7,,72,,,,19,83,6,,0,,343,51,1,6,,0
671289,hitting,2023,11,Columbus Clippers,International League,,91,15,,0,5,,24,,,,9,29,2,,0,,116,24,1,10,,1
671289,hitting,2024,11,Columbus Clippers,International League,,24,2,,0,3,,6,,,,2,10,1,,0,,28,3,0,3,,0
671289,hitting,2025,11,Albuquerque Isotopes,Pacific Coast League,,12,2,,0,1,,4,,,,2,2,0,,0,,16,2,0,0,,0
671289,hitting,2021,12,Akron RubberDucks,Double-A Northeast,,164,8,,2,14,,41,,,,6,53,2,,0,,180,26,2,4,,2
671289,hitting,2019,13,Lynchburg Hillcats,Carolina League,,257,8,,1,16,,62,,,,7,82,0,,0,,275,38,2,8,,2
671289,hitting,2019,14,Lake County Captains,Midwest League,,236,18,,4,16,,61,,,,17,69,3,,0,,272,51,1,11,,3
671289,hitting,2017,16,AZL Indians,Arizona League,,128,7,,1,9,,36,,,,7,38,2,,0,,144,19,1,5,,0
671289,hitting,2022,1,Cleveland Guardians,American League,,77,4,,0,3,,24,,,,4,19,0,,0,,86,9,1,1,,0
671289,hitting,2023,1,Cleveland Guardians,American League,,153,10,,0,7,,64,,,,2,37,4,,0,,168,20,1,5,,0
671289,hitting,2024,1,Cleveland Guardians,American League,,330,28,,6,14,,118,,,,19,69,7,,1,,383,48,3,11,,1
671289,hitting,2025,1,Colorado Rockies,National League,,377,34,,9,20,,110,,,,11,106,2,,0,,428,50,4,18,,2
671289,hitting,2026,1,Colorado Rockies,National League,,244,11,,4,6,,74,,,,15,61,3,,0,,276,27,0,6,,1
671289,hitting,2018,15,Mahoning Valley Scrappers,New York-Penn League,,270,8,,3,29,,72,,,,19,95,2,,1,,301,49,4,14,,4
671655,hitting,2022,11,Columbus Clippers,International League,,154,22,,0,8,,42,,,,2,34,9,,0,,179,25,1,0,,0
671655,hitting,2023,11,Columbus Clippers,International League,,256,50,,2,10,,73,,,,3,54,10,,1,,312,40,3,1,,1
671655,hitting,2024,11,Columbus Clippers,International League,,323,45,,2,15,,90,,,,1,80,17,,0,,374,51,5,6,,0
671655,hitting,2025,11,Columbus Clippers,International League,,94,13,,0,6,,28,,,,0,24,3,,0,,107,11,0,0,,2
671655,hitting,2026,11,Columbus Clippers,International League,,213,31,,1,8,,59,,,,1,49,5,,0,,248,23,3,4,,1
671655,hitting,2021,12,Akron RubberDucks,Double-A Northeast,,86,11,,0,3,,23,,,,0,23,3,,0,,100,6,3,1,,0
671655,hitting,2022,12,Akron RubberDucks,Eastern League,,330,52,,4,17,,90,,,,3,87,15,,1,,387,64,2,2,,3
671655,hitting,2021,13,Lake County Captains,High-A Central,,199,55,,5,2,,63,,,,7,51,16,,1,,263,45,2,10,,4
671655,hitting,2019,14,Lake County Captains,Midwest League,,23,2,,2,0,,6,,,,1,2,0,,0,,26,1,0,0,,1
671655,hitting,2018,16,AZL Indians 2,Arizona League,,18,3,,1,1,,6,,,,0,6,1,,0,,22,4,1,1,,0
671655,hitting,2023,16,ACL Guardians,Arizona Complex League,,21,4,,0,4,,6,,,,0,7,1,,0,,26,5,1,2,,0
671655,hitting,2025,16,ACL Guardians,Arizona Complex League,,57,5,,0,4,,16,,,,0,24,4,,0,,63,10,1,0,,0
671655,hitting,2025,1,Cleveland Guardians,American League,,41,7,,0,2,,16,,,,0,9,2,,0,,48,7,0,0,,0
671655,hitting,2026,1,Cleveland Guardians,American League,,37,1,,0,3,,13,,,,0,8,0,,0,,38,1,0,0,,0
671655,hitting,2019,15,Mahoning Valley Scrappers,New York-Penn League,,157,29,,2,7,,46,,,,1,37,8,,1,,188,22,1,6,,1
671737,pitching,2022,11,Durham Bulls,International League,73,229,15,247,,,24,12,12,48,3,,55,10,59.0,,935,,28,0,,53,
671737,pitching,2023,11,Durham Bulls,International League,37,149,20,172,,,27,10,10,37,2,,39,9,37.2,,670,,28,1,,37,
671737,pitching,2024,11,Durham Bulls,International League,12,35,3,38,,,1,2,2,6,0,,2,1,11.0,,159,,1,0,,15,
671737,pitching,2025,11,Durham Bulls,International League,15,22,2,24,,,0,1,1,4,0,,0,0,7.0,,89,,0,0,,3,
671737,pitching,2025,11,St. Paul Saints,International League,10,62,2,65,,,12,3,3,13,1,,21,4,14.1,,247,,12,0,,18,
671737,pitching,2025,11,,International League,25,84,4,89,,,12,4,4,17,1,,21,4,21.1,,336,,12,0,,21,
671737,pitching,2026,11,St. Paul Saints,International League,0,7,2,9,,,1,1,1,2,0,,2,0,1.2,,42,,1,0,,3,
671737,pitching,2022,12,Montgomery Biscuits,Southern League,71,265,18,285,,,14,16,16,56,2,,50,4,74.1,,1111,,17,0,,88,
671737,pitching,2021,13,Bowling Green Hot Rods,High-A East,33,135,11,148,,,8,8,8,34,0,,28,4,36.2,,548,,11,1,,42,
671737,pitching,2021,14,Charleston RiverDogs,Low-A East,45,224,20,249,,,13,15,14,61,5,,37,4,66.2,,974,,17,0,,81,
671737,pitching,2018,16,GCL Rays,Gulf Coast League,27,94,12,116,,,13,10,9,19,7,,26,1,23.0,,208,,18,1,,24,
671737,pitching,2023,1,Tampa Bay Rays,American League,113,416,39,460,,,65,23,21,72,1,,106,23,104.2,,1821,,69,4,,129,
671737,pitching,2024,1,Tampa Bay Rays,American League,131,519,47,578,,,63,25,25,120,3,,122,22,138.0,,2294,,68,5,,154,
671737,pitching,2025,1,Tampa Bay Rays,American League,108,419,44,471,,,57,21,21,121,4,,99,13,111.1,,1788,,65,4,,95,
671737,pitching,2025,1,Minnesota Twins,American League,38,120,12,134,,,23,6,6,20,0,,32,6,31.1,,539,,23,1,,32,
671737,pitching,2025,1,,American League,146,539,56,605,,,80,27,27,141,4,,131,19,142.2,,2327,,88,5,,127,
671737,pitching,2026,1,Minnesota Twins,American League,131,450,49,504,,,49,21,21,86,2,,97,17,120.2,,2050,,49,2,,139,
671739,hitting,2023,11,Gwinnett Stripers,International League,,7,2,,0,0,,2,,,,0,1,0,,0,,9,0,0,1,,0
671739,hitting,2024,11,Gwinnett Stripers,International League,,23,3,,0,0,,6,,,,0,10,1,,1,,26,2,0,0,,0
671739,hitting,2022,12,Mississippi Braves,Southern League,,174,17,,3,16,,43,,,,3,53,5,,0,,196,33,2,11,,2
671739,hitting,2021,13,Rome Braves,High-A East,,374,35,,4,26,,101,,,,7,110,7,,4,,420,55,4,27,,3
671739,hitting,2019,14,Rome Braves,South Atlantic League,,82,9,,0,2,,22,,,,1,15,0,,0,,93,11,1,3,,1
671739,hitting,2019,16,GCL Braves,Gulf Coast League,,109,9,,2,6,,31,,,,1,38,2,,0,,119,15,0,5,,3
671739,hitting,2022,1,Atlanta Braves,National League,,414,21,,2,27,,114,,,,5,123,19,,0,,441,75,0,20,,3
671739,hitting,2023,1,Atlanta Braves,National League,,505,25,,4,33,,138,,,,5,148,18,,1,,539,76,3,20,,3
671739,hitting,2024,1,Atlanta Braves,National League,,440,23,,6,14,,110,,,,4,116,16,,1,,470,58,3,10,,3
671739,hitting,2025,1,Atlanta Braves,National League,,611,16,,6,26,,160,,,,3,152,20,,1,,641,55,7,20,,6
671739,hitting,2026,1,Atlanta Braves,National League,,397,16,,1,21,,104,,,,2,116,20,,0,,418,54,3,6,,0
672012,hitting,2023,11,Nashville Sounds,International League,,142,27,,3,9,,39,,,,3,44,4,,0,,173,35,1,8,,4
672012,hitting,2024,11,Nashville Sounds,International League,,387,61,,3,14,,102,,,,12,100,14,,1,,462,61,2,20,,5
672012,hitting,2025,11,Nashville Sounds,International League,,222,43,,3,10,,61,,,,2,54,4,,0,,268,33,1,22,,2
672012,hitting,2026,11,Nashville Sounds,International League,,222,45,,2,9,,65,,,,4,49,5,,0,,275,41,3,19,,4
672012,hitting,2023,12,Biloxi Shuckers,Southern League,,308,61,,9,16,,84,,,,13,84,14,,2,,385,70,2,47,,8
672012,hitting,2022,13,Wisconsin Timber Rattlers,Midwest League,,231,45,,6,13,,64,,,,5,65,4,,0,,283,45,2,13,,4
672012,hitting,2021,14,Carolina Mudcats,Low-A East,,81,20,,2,4,,23,,,,2,18,0,,0,,103,11,0,3,,0
672012,hitting,2021,16,ACL Brewers Blue,Arizona Complex League,,6,6,,0,0,,3,,,,0,3,1,,0,,12,4,0,2,,0
672012,hitting,2025,16,ACL Brewers,Arizona Complex League,,31,8,,1,2,,10,,,,0,12,1,,0,,39,7,0,0,,1
672012,hitting,2024,1,Milwaukee Brewers,National League,,49,7,,0,2,,18,,,,1,10,0,,0,,57,4,0,3,,0
672012,hitting,2025,1,Milwaukee Brewers,National League,,8,5,,1,1,,5,,,,0,2,0,,0,,13,1,0,0,,0
672012,hitting,2026,1,Milwaukee Brewers,National League,,27,1,,0,4,,9,,,,0,9,0,,0,,28,2,0,0,,0
672282,pitching,2021,11,Salt Lake Bees,Triple-A West,8,30,1,32,,,1,2,2,4,1,,7,0,8.0,,133,,1,0,,11,
672282,pitching,2022,11,Salt Lake Bees,Pacific Coast League,3,21,1,22,,,1,1,1,1,0,,3,1,6.0,,90,,1,0,,14,
672282,pitching,2024,11,Salt Lake Bees,Pacific Coast League,71,313,27,344,,,48,14,14,60,3,,82,18,78.0,,1293,,50,1,,101,
672282,pitching,2021,12,Rocket City Trash Pandas,Double-A South,38,202,18,225,,,21,12,12,26,1,,45,10,54.0,,944,,24,2,,97,
672282,pitching,2021,1,Los Angeles Angels,American League,27,88,11,101,,,17,5,5,16,2,,26,5,20.2,,379,,17,0,,19,
672282,pitching,2022,1,Los Angeles Angels,American League,149,477,46,539,,,54,25,25,104,8,,110,13,129.0,,2181,,56,7,,122,
672282,pitching,2023,1,Los Angeles Angels,American League,152,569,60,644,,,74,28,28,110,13,,141,19,148.2,,2599,,81,2,,168,
672282,pitching,2024,1,Los Angeles Angels,American League,83,348,38,391,,,65,17,17,61,2,,98,18,87.1,,1559,,67,3,,109,
672282,pitching,2025,1,Los Angeles Angels,American League,52,238,25,266,,,28,61,0,49,2,,58,6,63.2,,1084,,29,1,,80,
672282,pitching,2026,1,Los Angeles Angels,American League,139,462,38,513,,,56,22,22,87,4,,99,15,125.0,,2049,,59,7,,145,
672356,hitting,2021,11,Columbus Clippers,Triple-A East,,436,39,,1,29,,115,,,,5,124,13,,0,,483,64,3,5,,3
672356,hitting,2022,11,Columbus Clippers,International League,,288,25,,1,9,,77,,,,6,69,13,,0,,323,46,4,5,,0
672356,hitting,2024,11,Columbus Clippers,International League,,167,8,,0,10,,43,,,,3,53,6,,1,,178,24,0,11,,5
672356,hitting,2025,11,Columbus Clippers,International League,,13,3,,1,0,,4,,,,0,4,1,,0,,16,1,0,0,,0
672356,hitting,2026,11,Columbus Clippers,International League,,15,2,,0,0,,5,,,,1,5,3,,0,,18,3,0,0,,0
672356,hitting,2019,13,Lake Elsinore Storm,California League,,477,25,,4,21,,120,,,,4,144,17,,2,,511,62,4,8,,4
672356,hitting,2017,14,Fort Wayne TinCaps,Midwest League,,62,2,,0,1,,16,,,,0,15,0,,0,,64,8,0,1,,0
672356,hitting,2018,14,Fort Wayne TinCaps,Midwest League,,455,41,,3,27,,124,,,,1,109,6,,1,,504,54,3,3,,3
672356,hitting,2017,16,AZL Padres 2,Arizona League,,153,10,,6,6,,37,,,,3,42,0,,0,,168,18,1,4,,3
672356,hitting,2022,16,ACL Guardians,Arizona Complex League,,13,3,,0,1,,5,,,,1,3,0,,0,,17,2,0,1,,0
672356,hitting,2022,1,Cleveland Guardians,American League,,47,8,,0,1,,16,,,,1,9,1,,0,,57,9,0,1,,1
672356,hitting,2023,1,Cleveland Guardians,American League,,315,28,,4,15,,122,,,,1,66,10,,0,,345,36,1,3,,0
672356,hitting,2024,1,Cleveland Guardians,American League,,153,6,,2,9,,53,,,,1,34,3,,0,,161,15,1,5,,1
672356,hitting,2025,1,Cleveland Guardians,American League,,432,27,,4,25,,129,,,,7,95,11,,1,,471,44,4,8,,2
672356,hitting,2026,1,Cleveland Guardians,American League,,119,7,,0,3,,40,,,,0,31,5,,1,,126,13,0,4,,0
672515,hitting,2021,11,Buffalo Bisons,Triple-A East,,9,0,,0,0,,3,,,,1,1,0,,0,,10,0,0,0,,0
672515,hitting,2022,11,Buffalo Bisons,International League,,238,24,,1,16,,62,,,,4,75,3,,0,,267,35,1,7,,0
672515,hitting,2023,11,Reno Aces,Pacific Coast League,,6,1,,0,1,,2,,,,1,3,0,,0,,8,2,0,0,,0
672515,hitting,2025,11,Reno Aces,Pacific Coast League,,20,3,,0,3,,6,,,,0,8,2,,0,,23,4,0,0,,0
672515,hitting,2021,12,New Hampshire Fisher Cats,Double-A Northeast,,126,14,,2,9,,32,,,,3,47,8,,0,,145,29,2,1,,1
672515,hitting,2019,14,Lansing Lugnuts,Midwest League,,307,22,,1,17,,82,,,,7,86,12,,1,,341,47,5,7,,5
672515,hitting,2017,16,DSL Blue Jays,Dominican Summer League,,125,6,,4,4,,32,,,,0,31,0,,0,,135,9,4,5,,1
672515,hitting,2018,16,GCL Blue Jays,Gulf Coast League,,92,4,,1,12,,23,,,,4,38,2,,1,,101,14,1,1,,2
672515,hitting,2018,16,Bluefield Blue Jays,Appalachian League,,61,3,,0,5,,17,,,,0,17,2,,0,,66,10,2,1,,0
672515,hitting,2018,16,,,,153,7,,1,17,,40,,,,4,55,4,,1,,167,24,3,2,,2
672515,hitting,2021,16,FCL Blue Jays,Florida Complex League,,4,0,,0,1,,2,,,,0,3,0,,0,,4,1,0,0,,0
672515,hitting,2023,16,ACL D-backs Red,Arizona Complex League,,3,0,,0,1,,1,,,,0,1,0,,0,,3,0,0,0,,0
672515,hitting,2024,16,ACL D-backs,Arizona Complex League,,2,1,,0,1,,1,,,,0,1,0,,0,,3,1,0,0,,0
672515,hitting,2022,1,Toronto Blue Jays,American League,,69,4,,0,1,,25,,,,0,22,1,,0,,73,10,0,0,,0
672515,hitting,2023,1,Arizona Diamondbacks,National League,,341,29,,2,19,,111,,,,3,97,7,,0,,380,33,7,6,,1
672515,hitting,2024,1,Arizona Diamondbacks,National League,,305,41,,1,18,,97,,,,2,81,5,,1,,351,39,3,3,,1
672515,hitting,2025,1,Arizona Diamondbacks,National League,,277,29,,2,12,,83,,,,1,79,9,,3,,309,44,2,2,,1
672515,hitting,2026,1,Arizona Diamondbacks,National League,,289,40,,1,18,,83,,,,4,89,8,,0,,340,46,7,4,,0
672710,pitching,2021,11,Indianapolis Indians,Triple-A East,4,15,1,16,,,1,1,1,1,0,,4,0,3.2,,65,,1,0,,6,
672710,pitching,2022,11,Indianapolis Indians,International League,26,128,13,141,,,12,9,9,27,0,,29,4,34.1,,573,,13,0,,46,
672710,pitching,2023,11,Indianapolis Indians,International League,40,120,11,134,,,18,8,6,23,2,,28,8,32.2,,498,,18,1,,30,
672710,pitching,2025,11,Norfolk Tides,International League,108,356,33,393,,,38,28,14,94,2,,86,13,91.2,,1489,,43,1,,70,
672710,pitching,2021,12,Altoona Curve,Double-A Northeast,42,200,12,218,,,16,12,12,48,3,,37,5,54.1,,817,,21,1,,76,
672710,pitching,2018,14,Charleston RiverDogs,South Atlantic League,45,129,12,143,,,13,7,7,28,1,,29,4,34.2,,540,,14,1,,28,
672710,pitching,2019,14,Charleston RiverDogs,South Atlantic League,156,488,36,536,,,49,24,24,56,4,,105,10,132.1,,2093,,55,6,,113,
672710,pitching,2023,14,Bradenton Marauders,Florida State League,3,6,0,6,,,0,1,1,1,0,,0,0,2.0,,20,,0,0,,2,
672710,pitching,2017,16,DSL Yankees,Dominican Summer League,22,90,5,98,,,9,6,6,29,0,,25,2,22.0,,156,,15,2,,17,
672710,pitching,2017,16,GCL Yankees East,Gulf Coast League,45,127,12,145,,,15,8,5,33,3,,35,2,31.2,,229,,22,2,,17,
672710,pitching,2017,16,,,67,217,17,243,,,24,14,11,62,3,,60,4,53.2,,385,,37,4,,34,
672710,pitching,2021,1,Pittsburgh Pirates,National League,2,11,1,12,,,0,1,1,2,0,,3,0,3.0,,46,,0,0,,4,
672710,pitching,2022,1,Pittsburgh Pirates,National League,122,365,39,408,,,40,21,18,77,2,,82,13,95.0,,1588,,45,2,,86,
672710,pitching,2023,1,Pittsburgh Pirates,National League,79,266,32,302,,,50,19,11,60,1,,75,11,68.1,,1141,,50,1,,55,
672710,pitching,2024,1,Pittsburgh Pirates,National League,19,65,8,74,,,8,12,0,12,0,,19,3,16.1,,258,,8,0,,16,
672710,pitching,2024,1,Los Angeles Angels,American League,53,194,23,224,,,25,37,3,60,4,,44,8,52.0,,817,,28,3,,40,
672710,pitching,2024,1,,,72,259,31,298,,,33,49,3,72,4,,63,11,68.1,,1075,,36,3,,56,
672710,pitching,2025,1,Baltimore Orioles,American League,6,15,1,17,,,0,1,0,4,1,,3,0,4.1,,71,,0,0,,2,
672710,pitching,2025,1,Colorado Rockies,National League,13,33,1,34,,,8,4,0,7,0,,9,3,8.1,,126,,8,0,,4,
672710,pitching,2025,1,,,19,48,2,51,,,8,5,0,11,1,,12,3,12.2,,197,,8,0,,6,
672710,pitching,2018,15,Staten Island Yankees,New York-Penn League,23,95,9,107,,,4,5,5,27,1,,15,1,28.2,,401,,5,0,,32,
672724,hitting,2021,11,Scranton/Wilkes-Barre RailRiders,Triple-A East,,28,2,,1,0,,8,,,,0,8,1,,0,,31,5,1,2,,0
672724,hitting,2022,11,Scranton/Wilkes-Barre RailRiders,International League,,386,34,,5,16,,99,,,,7,100,19,,0,,429,57,1,33,,0
672724,hitting,2023,11,Scranton/Wilkes-Barre RailRiders,International League,,261,29,,4,9,,63,,,,8,70,14,,0,,300,48,2,16,,2
672724,hitting,2024,11,Scranton/Wilkes-Barre RailRiders,International League,,350,43,,7,13,,92,,,,9,86,13,,1,,406,62,3,24,,0
672724,hitting,2021,12,Somerset Patriots,Double-A Northeast,,326,23,,8,16,,79,,,,4,96,12,,0,,353,51,0,20,,2
672724,hitting,2024,12,Somerset Patriots,Eastern League,,16,4,,0,0,,5,,,,0,2,2,,0,,20,4,0,1,,0
672724,hitting,2021,13,Hudson Valley Renegades,High-A East,,111,12,,1,10,,28,,,,3,34,5,,0,,127,20,1,16,,0
672724,hitting,2019,14,Charleston RiverDogs,South Atlantic League,,183,16,,5,5,,46,,,,6,50,2,,0,,208,31,2,18,,0
672724,hitting,2024,14,Tampa Tarpons,Florida State League,,5,2,,0,0,,2,,,,0,2,1,,0,,7,3,0,0,,0
672724,hitting,2017,16,DSL Yankees,Dominican Summer League,,36,7,,0,3,,10,,,,1,13,0,,0,,45,10,1,1,,2
672724,hitting,2017,16,GCL Yankees West,Gulf Coast League,,184,16,,2,10,,48,,,,12,49,0,,0,,213,34,0,12,,1
672724,hitting,2017,16,,,,220,23,,2,13,,58,,,,13,62,0,,0,,258,44,1,13,,3
672724,hitting,2018,16,Pulaski Yankees,Appalachian League,,140,14,,1,3,,36,,,,4,35,1,,0,,159,25,1,8,,2
672724,hitting,2022,1,New York Yankees,American League,,49,6,,0,3,,18,,,,2,15,1,,0,,57,8,0,2,,0
672724,hitting,2023,1,New York Yankees,American League,,173,13,,3,8,,52,,,,5,33,2,,0,,191,15,0,4,,0
672724,hitting,2024,1,New York Yankees,American League,,10,1,,0,0,,4,,,,0,2,1,,0,,11,2,0,0,,0
672724,hitting,2025,1,New York Yankees,American League,,158,11,,0,5,,71,,,,1,24,3,,0,,170,18,0,3,,0
672724,hitting,2025,1,Los Angeles Angels,American League,,86,6,,0,1,,35,,,,1,16,2,,0,,95,6,1,6,,0
672724,hitting,2025,1,,American League,,244,17,,0,6,,106,,,,2,40,5,,0,,265,24,1,9,,0
672724,hitting,2026,1,Los Angeles Angels,American League,,275,11,,2,11,,94,,,,7,65,7,,0,,295,27,1,12,,2
672724,hitting,2019,15,Staten Island Yankees,New York-Penn League,,79,5,,2,1,,19,,,,1,19,2,,0,,85,7,0,5,,1
673962,hitting,2021,11,Round Rock Express,Triple-A West,,135,18,,0,14,,35,,,,3,47,9,,1,,156,29,0,0,,0
673962,hitting,2022,11,Round Rock Express,Pacific Coast League,,99,4,,0,7,,23,,,,3,27,6,,0,,106,15,0,1,,0
673962,hitting,2024,11,Round Rock Express,Pacific Coast League,,17,0,,0,0,,4,,,,0,4,0,,0,,17,1,0,0,,0
673962,hitting,2025,11,Round Rock Express,Pacific Coast League,,39,1,,1,2,,8,,,,0,8,2,,0,,40,4,0,0,,0
673962,hitting,2021,12,Frisco RoughRiders,Double-A Central,,169,13,,2,8,,43,,,,3,52,10,,0,,186,25,1,2,,1
673962,hitting,2024,12,Frisco RoughRiders,Texas League,,10,0,,0,1,,3,,,,2,4,0,,0,,12,1,0,0,,0
673962,hitting,2025,12,Frisco RoughRiders,Texas League,,5,1,,0,0,,2,,,,0,2,0,,0,,6,0,0,0,,0
673962,hitting,2019,14,Hickory Crawdads,South Atlantic League,,157,16,,1,13,,40,,,,4,45,1,,1,,179,18,2,4,,0
673962,hitting,2019,16,AZL Rangers,Arizona League,,17,2,,0,1,,4,,,,0,10,1,,0,,19,5,0,0,,1
673962,hitting,2022,16,ACL Rangers,Arizona Complex League,,25,3,,0,0,,8,,,,1,6,3,,0,,29,4,0,0,,0
673962,hitting,2022,1,Texas Rangers,American League,,98,4,,0,4,,26,,,,0,20,5,,0,,102,9,0,2,,1
673962,hitting,2023,1,Texas Rangers,American League,,478,30,,3,25,,122,,,,5,127,23,,0,,515,75,2,1,,1
673962,hitting,2024,1,Texas Rangers,American League,,178,8,,0,5,,46,,,,1,47,7,,0,,188,19,1,4,,1
673962,hitting,2025,1,Texas Rangers,American League,,482,27,,1,23,,131,,,,2,121,14,,0,,511,53,0,4,,1
673962,hitting,2026,1,Texas Rangers,American League,,354,33,,1,23,,92,,,,6,104,9,,0,,396,46,3,1,,1
675659,hitting,2023,11,Durham Bulls,International League,,169,15,,4,9,,51,,,,3,47,7,,0,,189,32,2,12,,1
675659,hitting,2024,11,Albuquerque Isotopes,Pacific Coast League,,361,37,,3,17,,86,,,,6,97,16,,0,,406,78,1,46,,2
675659,hitting,2025,11,Charlotte Knights,International League,,62,5,,3,1,,16,,,,4,9,2,,0,,71,3,0,7,,0
675659,hitting,2026,11,Nashville Sounds,International League,,121,19,,4,6,,40,,,,9,35,1,,0,,149,26,0,21,,1
675659,hitting,2026,11,Iowa Cubs,International League,,17,1,,1,1,,6,,,,1,4,0,,0,,19,1,0,1,,0
675659,hitting,2026,11,,International League,,138,20,,5,7,,46,,,,10,39,1,,0,,168,27,0,22,,1
675659,hitting,2021,12,Montgomery Biscuits,Double-A South,,54,4,,0,1,,16,,,,2,10,1,,0,,60,8,0,7,,1
675659,hitting,2022,12,Montgomery Biscuits,Southern League,,319,27,,5,19,,79,,,,11,76,8,,0,,358,54,1,37,,3
675659,hitting,2023,12,Montgomery Biscuits,Southern League,,81,9,,0,2,,20,,,,1,14,3,,0,,92,11,0,12,,2
675659,hitting,2021,13,Bowling Green Hot Rods,High-A East,,220,29,,2,7,,56,,,,7,64,13,,0,,257,48,1,27,,3
675659,hitting,2025,14,Fayetteville Woodpeckers,Carolina League,,2,0,,0,0,,1,,,,0,1,0,,0,,2,0,0,0,,0
675659,hitting,2024,16,ACL Rockies,Arizona Complex League,,10,1,,0,0,,3,,,,0,2,0,,0,,11,2,0,0,,0
675659,hitting,2025,16,FCL Astros,Florida Complex League,,7,5,,0,0,,4,,,,1,3,0,,0,,13,4,0,5,,0
675659,hitting,2024,1,Colorado Rockies,National League,,5,1,,0,0,,6,,,,0,1,1,,0,,6,1,0,0,,0
675659,hitting,2025,1,Chicago White Sox,American League,,2,0,,0,0,,3,,,,0,0,0,,0,,2,0,0,1,,0
675659,hitting,2026,1,Milwaukee Brewers,National League,,23,0,,1,0,,12,,,,0,2,0,,0,,24,0,0,1,,0
676059,hitting,2022,11,Norfolk Tides,International League,,362,44,,3,25,,91,,,,6,99,18,,0,,413,64,1,9,,3
676059,hitting,2023,11,Norfolk Tides,International League,,268,29,,0,15,,67,,,,4,79,18,,0,,301,57,0,6,,2
676059,hitting,2024,11,Norfolk Tides,International League,,10,1,,0,1,,3,,,,1,4,1,,0,,12,4,0,0,,0
676059,hitting,2025,11,Norfolk Tides,International League,,39,3,,0,4,,11,,,,1,13,4,,0,,43,8,0,0,,0
676059,hitting,2021,12,Bowie Baysox,Double-A Northeast,,112,14,,0,6,,30,,,,2,26,4,,0,,130,15,2,3,,2
676059,hitting,2022,12,Bowie Baysox,Eastern League,,182,26,,0,14,,47,,,,1,45,9,,1,,209,32,0,3,,0
676059,hitting,2021,13,Aberdeen IronBirds,High-A East,,241,35,,4,16,,62,,,,7,69,8,,0,,285,41,2,9,,2
676059,hitting,2021,14,Delmarva Shorebirds,Low-A East,,71,12,,1,5,,20,,,,6,26,3,,0,,91,18,2,5,,1
676059,hitting,2023,1,Baltimore Orioles,American League,,208,16,,1,17,,68,,,,1,54,3,,0,,228,26,3,4,,2
676059,hitting,2024,1,Baltimore Orioles,American League,,416,22,,3,26,,107,,,,7,110,18,,0,,447,57,1,6,,5
676059,hitting,2025,1,Baltimore Orioles,American League,,328,17,,2,10,,85,,,,6,87,17,,0,,352,59,1,1,,1
676106,pitching,2024,11,Tacoma Rainiers,Pacific Coast League,115,352,37,395,,,36,17,17,89,3,,85,10,94.1,,1410,,36,3,,66,
676106,pitching,2025,11,Tacoma Rainiers,Pacific Coast League,27,181,15,202,,,26,11,9,46,4,,54,5,44.2,,783,,27,1,,56,
676106,pitching,2021,12,Arkansas Travelers,Double-A Central,18,51,4,55,,,5,3,3,10,0,,10,0,13.2,,209,,6,0,,13,
676106,pitching,2022,12,Arkansas Travelers,Texas League,121,366,38,413,,,41,21,21,77,5,,80,16,98.1,,1649,,48,3,,92,
676106,pitching,2023,12,Arkansas Travelers,Texas League,93,361,38,411,,,47,20,20,83,7,,83,9,98.0,,1574,,49,3,,107,
676106,pitching,2021,13,Everett AquaSox,High-A West,23,107,13,124,,,8,9,9,37,2,,19,1,31.0,,527,,11,2,,30,
676106,pitching,2023,1,Seattle Mariners,American League,15,46,3,49,,,6,3,3,12,0,,13,1,12.0,,194,,6,0,,6,
676106,pitching,2024,1,Seattle Mariners,American League,85,239,19,266,,,32,12,12,55,6,,62,12,60.2,,1014,,37,2,,39,
676106,pitching,2025,1,Seattle Mariners,American League,91,346,31,385,,,49,22,16,101,5,,93,15,90.0,,1423,,51,2,,64,
676106,pitching,2026,1,Seattle Mariners,American League,122,405,27,438,,,40,20,20,95,4,,88,14,110.1,,1719,,40,2,,102,
676272,pitching,2022,11,Oklahoma City Dodgers,Pacific Coast League,12,78,6,85,,,8,4,4,21,1,,17,4,21.1,,331,,10,0,,28,
676272,pitching,2023,11,Oklahoma City Dodgers,Pacific Coast League,15,52,6,61,,,9,4,4,16,1,,11,2,14.1,,253,,13,2,,12,
676272,pitching,2024,11,Oklahoma City Baseball Club,Pacific Coast League,20,100,17,121,,,15,6,6,35,2,,24,1,26.2,,510,,17,2,,23,
676272,pitching,2025,11,Oklahoma City Comets,Pacific Coast League,102,344,61,409,,,57,35,14,81,2,,80,11,90.2,,1665,,59,2,,83,
676272,pitching,2021,12,Tulsa Drillers,Double-A Central,6,39,2,42,,,5,3,3,9,1,,10,1,9.1,,165,,5,0,,14,
676272,pitching,2022,12,Tulsa Drillers,Texas League,74,350,31,384,,,45,20,19,81,3,,78,8,91.0,,1578,,49,0,,117,
676272,pitching,2021,13,Great Lakes Loons,High-A Central,39,169,11,188,,,10,14,11,45,7,,30,1,47.0,,789,,16,1,,56,
676272,pitching,2024,14,Rancho Cucamonga Quakes,California League,6,28,3,32,,,7,2,2,9,1,,9,0,6.1,,120,,7,0,,4,
676272,pitching,2023,1,Los Angeles Dodgers,National League,111,464,32,505,,,52,22,22,132,6,,105,12,124.1,,1961,,53,3,,119,
676272,pitching,2024,1,Los Angeles Dodgers,National League,49,226,30,258,,,53,13,13,56,2,,69,17,56.0,,1053,,53,0,,52,
676272,pitching,2025,1,Los Angeles Dodgers,National League,3,25,2,28,,,7,2,1,4,1,,11,2,5.0,,116,,7,0,,7,
676440,pitching,2023,11,Columbus Clippers,International League,16,53,8,61,,,3,3,3,10,0,,8,0,15.1,,239,,3,0,,19,
676440,pitching,2022,12,Akron RubberDucks,Eastern League,83,263,14,285,,,15,13,13,53,3,,51,4,73.2,,1135,,17,3,,81,
676440,pitching,2022,13,Lake County Captains,Midwest League,47,215,13,231,,,17,12,12,34,1,,50,8,59.0,,883,,22,1,,86,
676440,pitching,2023,1,Cleveland Guardians,American League,162,530,45,585,,,47,25,25,110,5,,122,13,142.0,,2326,,49,4,,141,
676440,pitching,2024,1,Cleveland Guardians,American League,190,651,44,710,,,67,31,31,131,8,,150,22,173.2,,2851,,70,6,,187,
676440,pitching,2025,1,Cleveland Guardians,American League,185,692,54,762,,,86,31,31,181,10,,170,27,182.1,,2970,,93,3,,162,
676440,pitching,2026,1,Cleveland Guardians,American League,164,489,38,537,,,56,23,23,117,4,,114,20,132.1,,2053,,58,5,,100,
676475,hitting,2021,11,Memphis Redbirds,Triple-A East,,154,17,,1,7,,45,,,,0,36,4,,0,,172,19,0,0,,0
676475,hitting,2022,11,Memphis Redbirds,International League,,432,29,,0,25,,109,,,,3,143,20,,0,,470,68,6,4,,1
676475,hitting,2021,12,Springfield Cardinals,Double-A Central,,260,19,,0,10,,63,,,,0,75,14,,0,,282,34,3,2,,0
676475,hitting,2021,13,Peoria Chiefs,High-A Central,,42,6,,0,1,,11,,,,0,12,4,,0,,49,8,1,1,,0
676475,hitting,2022,1,St. Louis Cardinals,National League,,48,5,,0,1,,16,,,,0,9,1,,0,,53,4,0,1,,0
676475,hitting,2023,1,St. Louis Cardinals,National League,,315,23,,1,20,,107,,,,3,77,8,,0,,347,34,2,3,,1
676475,hitting,2024,1,St. Louis Cardinals,National League,,547,35,,4,20,,152,,,,4,147,21,,0,,595,71,6,9,,0
676475,hitting,2025,1,St. Louis Cardinals,National League,,497,39,,1,26,,139,,,,3,144,18,,1,,546,54,4,5,,2
676475,hitting,2026,1,St. Louis Cardinals,National League,,421,38,,0,27,,110,,,,4,120,15,,2,,466,57,3,3,,1
676917,pitching,2021,11,Rochester Red Wings,Triple-A East,22,104,13,121,,,20,6,6,25,4,,33,2,24.2,,471,,21,0,,24,
676917,pitching,2022,11,Rochester Red Wings,International League,91,349,39,401,,,40,20,20,83,9,,75,3,97.0,,1611,,43,4,,104,
676917,pitching,2025,11,Rochester Red Wings,International League,40,252,27,287,,,44,15,15,67,7,,74,8,65.0,,1077,,45,0,,72,
676917,pitching,2021,12,Harrisburg Senators,Double-A Northeast,48,207,35,243,,,18,11,11,41,0,,39,2,58.0,,984,,19,0,,80,
676917,pitching,2025,12,Harrisburg Senators,Eastern League,3,17,1,18,,,0,1,1,8,0,,2,0,5.0,,69,,0,0,,4,
676917,pitching,2021,13,Wilmington Blue Rocks,High-A East,24,140,12,158,,,8,7,7,23,2,,24,1,40.2,,634,,9,2,,71,
676917,pitching,2024,13,Wilmington Blue Rocks,South Atlantic League,4,15,4,21,,,2,2,2,4,1,,0,0,5.2,,89,,2,1,,8,
676917,pitching,2025,14,Fredericksburg Nationals,Carolina League,2,13,2,15,,,0,1,1,7,0,,1,0,4.0,,46,,0,0,,3,
676917,pitching,2024,16,FCL Nationals,Florida Complex League,1,9,1,10,,,0,1,1,2,0,,1,0,2.2,,41,,0,0,,5,
676917,pitching,2022,1,Washington Nationals,National League,3,18,2,23,,,7,1,1,3,3,,6,0,4.1,,99,,7,0,,6,
676917,pitching,2025,1,Washington Nationals,National League,42,197,15,219,,,23,10,10,59,4,,57,7,48.2,,788,,28,1,,40,
676917,pitching,2026,1,Washington Nationals,National League,92,450,36,503,,,46,23,23,118,12,,115,10,116.2,,1965,,56,4,,130,
676974,pitching,2021,11,Jacksonville Jumbo Shrimp,Triple-A East,4,36,2,38,,,1,2,2,9,0,,6,1,10.0,,151,,5,0,,17,
676974,pitching,2022,11,Jacksonville Jumbo Shrimp,International League,42,208,19,229,,,24,12,12,62,2,,39,5,58.0,,907,,25,0,,65,
676974,pitching,2024,11,Jacksonville Jumbo Shrimp,International League,41,228,24,255,,,28,15,15,58,1,,62,9,58.0,,1001,,32,1,,69,
676974,pitching,2021,12,Pensacola Blue Wahoos,Double-A South,75,372,40,416,,,27,20,20,101,3,,84,7,101.0,,1487,,35,1,,113,
676974,pitching,2022,14,Jupiter Hammerheads,Florida State League,0,11,0,11,,,1,1,1,6,0,,1,0,3.0,,39,,1,0,,4,
676974,pitching,2022,1,Miami Marlins,National League,4,24,2,26,,,5,2,2,7,0,,7,2,6.0,,89,,5,0,,6,
676974,pitching,2024,1,Miami Marlins,National League,50,225,19,248,,,36,11,11,68,3,,62,14,57.0,,968,,38,1,,46,
676974,pitching,2025,1,Miami Marlins,National League,54,261,20,285,,,34,12,12,69,2,,72,12,64.2,,1039,,39,2,,68,
676974,pitching,2026,1,Miami Marlins,National League,109,410,41,462,,,33,20,20,99,7,,85,11,111.0,,1789,,39,3,,121,
677008,hitting,2023,11,Norfolk Tides,International League,,295,27,,1,19,,76,,,,9,88,10,,1,,337,57,3,2,,5
677008,hitting,2024,11,Norfolk Tides,International League,,213,32,,0,14,,56,,,,6,64,16,,0,,258,49,6,2,,1
677008,hitting,2025,11,Norfolk Tides,International League,,101,10,,1,2,,27,,,,0,15,2,,0,,112,7,0,0,,1
677008,hitting,2026,11,Norfolk Tides,International League,,227,12,,3,12,,58,,,,1,64,8,,2,,244,26,4,0,,0
677008,hitting,2023,12,Bowie Baysox,Eastern League,,184,15,,3,10,,46,,,,7,57,11,,0,,206,30,0,3,,3
677008,hitting,2024,12,Bowie Baysox,Eastern League,,13,2,,0,1,,4,,,,1,4,0,,0,,16,1,0,0,,0
677008,hitting,2026,12,Chesapeake Baysox,Eastern League,,6,0,,0,0,,2,,,,0,1,0,,0,,6,0,0,0,,0
677008,hitting,2022,13,Aberdeen IronBirds,South Atlantic League,,163,16,,0,8,,43,,,,4,38,3,,0,,186,28,3,1,,2
677008,hitting,2024,13,Aberdeen IronBirds,South Atlantic League,,5,1,,0,0,,2,,,,0,2,0,,0,,6,1,0,0,,0
677008,hitting,2022,14,Delmarva Shorebirds,Carolina League,,80,13,,0,9,,22,,,,4,37,2,,1,,98,17,1,0,,0
677008,hitting,2023,1,Baltimore Orioles,American League,,30,2,,0,1,,13,,,,0,7,2,,0,,33,3,0,0,,0
677008,hitting,2024,1,Baltimore Orioles,American League,,99,10,,0,2,,39,,,,5,25,4,,2,,114,8,0,1,,0
677008,hitting,2025,1,Baltimore Orioles,American League,,156,6,,0,5,,54,,,,4,30,4,,0,,167,16,1,1,,2
677587,hitting,2022,11,Columbus Clippers,International League,,137,12,,3,6,,33,,,,1,32,5,,0,,152,21,1,2,,0
677587,hitting,2023,11,Columbus Clippers,International League,,468,60,,7,33,,116,,,,6,131,7,,0,,537,81,3,25,,6
677587,hitting,2025,11,Columbus Clippers,International League,,159,23,,3,12,,41,,,,3,40,7,,0,,188,28,2,7,,2
677587,hitting,2021,12,Akron RubberDucks,Double-A Northeast,,184,13,,4,13,,44,,,,6,54,6,,0,,203,34,0,7,,4
677587,hitting,2022,12,Akron RubberDucks,Eastern League,,373,42,,6,21,,99,,,,9,99,13,,0,,432,62,6,12,,1
677587,hitting,2021,13,Lake County Captains,High-A Central,,257,20,,6,13,,64,,,,9,68,9,,0,,288,45,2,14,,1
677587,hitting,2018,16,DSL Indians,Dominican Summer League,,99,5,,5,2,,25,,,,6,32,1,,0,,111,19,0,8,,3
677587,hitting,2018,16,AZL Indians 2,Arizona League,,143,10,,8,10,,35,,,,2,49,1,,0,,158,21,2,14,,1
677587,hitting,2018,16,,,,242,15,,13,12,,60,,,,8,81,2,,0,,269,40,2,22,,4
677587,hitting,2023,1,Cleveland Guardians,American League,,81,4,,0,6,,23,,,,0,20,0,,0,,86,9,1,0,,0
677587,hitting,2024,1,Cleveland Guardians,American League,,383,44,,6,18,,143,,,,8,79,8,,1,,442,50,5,10,,0
677587,hitting,2025,1,Cleveland Guardians,American League,,344,22,,4,18,,115,,,,8,80,5,,0,,383,34,5,8,,2
677587,hitting,2026,1,Cleveland Guardians,American League,,377,28,,5,17,,108,,,,7,99,9,,0,,419,43,3,15,,2
677587,hitting,2019,15,Mahoning Valley Scrappers,New York-Penn League,,268,20,,8,12,,69,,,,4,67,5,,0,,295,33,2,14,,3
677594,hitting,2021,12,Arkansas Travelers,Double-A Central,,174,29,,4,11,,46,,,,3,63,7,,1,,206,35,0,16,,0
677594,hitting,2019,13,Modesto Nuts,California League,,65,5,,0,6,,17,,,,2,30,2,,0,,72,13,0,0,,3
677594,hitting,2021,13,Everett AquaSox,High-A West,,117,14,,1,8,,28,,,,3,38,6,,0,,134,29,0,5,,2
677594,hitting,2019,14,West Virginia Power,South Atlantic League,,263,20,,3,20,,67,,,,9,77,10,,1,,295,50,3,1,,1
677594,hitting,2018,16,DSL Mariners,Dominican Summer League,,219,30,,0,13,,59,,,,4,69,5,,1,,255,50,2,10,,9
677594,hitting,2022,1,Seattle Mariners,American League,,511,40,,7,25,,132,,,,8,145,28,,4,,560,84,1,25,,3
677594,hitting,2023,1,Seattle Mariners,American League,,654,47,,10,37,,155,,,,11,180,32,,6,,714,102,2,37,,2
677594,hitting,2024,1,Seattle Mariners,American League,,567,38,,5,17,,143,,,,6,155,20,,1,,613,76,2,24,,0
677594,hitting,2025,1,Seattle Mariners,American League,,652,44,,6,31,,160,,,,12,174,32,,5,,710,106,2,30,,4
677594,hitting,2026,1,Seattle Mariners,American League,,396,30,,3,16,,101,,,,5,100,16,,1,,434,51,3,14,,0
677595,hitting,2023,11,Syracuse Mets,International League,,490,35,,7,30,,116,,,,6,143,23,,3,,532,76,1,24,,3
677595,hitting,2025,11,Syracuse Mets,International League,,33,5,,1,1,,9,,,,0,17,3,,2,,39,10,1,4,,0
677595,hitting,2026,11,Syracuse Mets,International League,,130,7,,1,3,,33,,,,2,38,12,,0,,141,22,2,9,,0
677595,hitting,2021,12,Binghamton Rumble Ponies,Double-A Northeast,,31,2,,0,1,,8,,,,0,10,1,,0,,33,3,0,2,,0
677595,hitting,2022,12,Binghamton Rumble Ponies,Eastern League,,509,24,,11,26,,123,,,,4,132,26,,0,,541,71,4,20,,2
677595,hitting,2025,12,Binghamton Rumble Ponies,Eastern League,,17,1,,0,2,,5,,,,0,2,0,,0,,18,1,0,0,,0
677595,hitting,2021,13,Brooklyn Cyclones,High-A East,,392,24,,7,14,,100,,,,3,95,19,,0,,420,55,1,9,,5
677595,hitting,2019,14,Columbia Fireflies,South Atlantic League,,470,23,,10,20,,116,,,,5,126,4,,2,,504,62,3,6,,5
677595,hitting,2025,14,St. Lucie Mets,Florida State League,,15,1,,0,0,,5,,,,0,2,0,,0,,16,2,0,2,,0
677595,hitting,2026,14,St. Lucie Mets,Florida State League,,3,0,,0,0,,1,,,,0,1,0,,0,,3,1,0,0,,0
677595,hitting,2018,16,GCL Mets,Gulf Coast League,,197,10,,6,13,,49,,,,0,55,3,,0,,212,26,5,1,,3
677595,hitting,2018,16,Kingsport Mets,Appalachian League,,30,3,,0,3,,8,,,,0,7,0,,0,,35,6,2,1,,0
677595,hitting,2018,16,,,,227,13,,6,16,,57,,,,0,62,3,,0,,247,32,7,2,,3
677595,hitting,2023,1,New York Mets,National League,,101,7,,0,4,,26,,,,0,25,2,,0,,108,11,0,7,,0
677595,hitting,2025,1,New York Mets,National League,,168,15,,0,6,,61,,,,1,38,6,,1,,184,19,0,4,,0
677595,hitting,2026,1,New York Mets,National League,,50,0,,0,1,,17,,,,0,9,1,,0,,50,4,0,0,,0
677649,hitting,2022,11,Round Rock Express,Pacific Coast League,,145,7,,5,9,,33,,,,1,41,9,,0,,155,18,2,7,,0
677649,hitting,2024,11,Round Rock Express,Pacific Coast League,,83,3,,1,4,,19,,,,0,23,5,,0,,86,18,0,5,,2
677649,hitting,2025,11,Round Rock Express,Pacific Coast League,,55,4,,0,6,,14,,,,0,19,4,,0,,59,13,0,5,,0
677649,hitting,2022,12,Frisco RoughRiders,Texas League,,183,14,,2,24,,45,,,,1,58,7,,0,,200,34,2,7,,1
677649,hitting,2021,13,Hudson Valley Renegades,High-A East,,259,28,,7,15,,67,,,,8,75,12,,3,,297,42,2,12,,6
677649,hitting,2021,13,Hickory Crawdads,High-A East,,157,12,,2,7,,38,,,,2,36,7,,0,,174,25,3,7,,0
677649,hitting,2021,13,,High-A East,,416,40,,9,22,,105,,,,10,111,19,,3,,471,67,5,19,,6
677649,hitting,2017,16,DSL Yankees,Dominican Summer League,,61,3,,1,5,,15,,,,0,24,3,,0,,65,12,1,4,,4
677649,hitting,2018,16,Pulaski Yankees,Appalachian League,,219,9,,0,8,,53,,,,6,44,4,,0,,235,34,1,7,,2
677649,hitting,2022,1,Texas Rangers,American League,,208,12,,1,10,,58,,,,0,49,5,,0,,220,25,0,4,,1
677649,hitting,2023,1,Texas Rangers,American League,,406,23,,4,22,,122,,,,7,112,14,,1,,439,55,2,8,,2
677649,hitting,2024,1,Texas Rangers,American League,,268,14,,2,11,,92,,,,2,66,3,,0,,285,26,1,1,,0
677649,hitting,2025,1,Texas Rangers,American League,,205,8,,2,14,,90,,,,4,46,0,,0,,219,16,1,11,,0
677649,hitting,2026,1,Texas Rangers,American League,,346,27,,2,19,,101,,,,3,93,12,,0,,382,49,5,8,,3
677649,hitting,2019,15,Staten Island Yankees,New York-Penn League,,246,25,,4,12,,66,,,,3,63,13,,1,,277,49,3,11,,4
677950,hitting,2021,11,Reno Aces,Triple-A West,,149,15,,4,11,,34,,,,2,55,8,,0,,166,32,0,5,,4
677950,hitting,2022,11,Reno Aces,Pacific Coast League,,115,14,,2,11,,27,,,,1,37,4,,0,,131,25,1,5,,1
677950,hitting,2023,11,Reno Aces,Pacific Coast League,,112,12,,0,6,,26,,,,1,39,3,,1,,128,24,2,2,,2
677950,hitting,2024,11,Reno Aces,Pacific Coast League,,63,5,,0,4,,16,,,,0,18,2,,0,,69,14,1,1,,0
677950,hitting,2026,11,Oklahoma City Comets,Pacific Coast League,,157,15,,0,12,,39,,,,0,44,6,,0,,173,25,0,3,,1
677950,hitting,2021,12,Amarillo Sod Poodles,Double-A Central,,286,37,,5,18,,72,,,,5,81,10,,0,,329,54,1,8,,8
677950,hitting,2019,13,Visalia Rawhide,California League,,94,9,,5,2,,23,,,,1,24,2,,0,,104,13,0,4,,0
677950,hitting,2019,14,Kane County Cougars,Midwest League,,353,43,,6,21,,91,,,,5,110,8,,2,,402,63,1,11,,7
677950,hitting,2018,16,ACL D-backs,Arizona Complex League,,123,13,,2,3,,28,,,,1,40,0,,0,,138,24,0,8,,5
677950,hitting,2018,16,Missoula Osprey,Pioneer League,,123,11,,3,11,,28,,,,0,42,2,,0,,134,26,0,4,,1
677950,hitting,2018,16,,,,246,24,,5,14,,56,,,,1,82,2,,0,,272,50,0,12,,6
677950,hitting,2024,16,ACL D-backs,Arizona Complex League,,13,2,,0,1,,5,,,,0,7,1,,0,,16,3,1,0,,0
677950,hitting,2026,16,ACL Dodgers,Arizona Complex League,,12,1,,0,0,,3,,,,0,1,0,,0,,13,2,0,0,,0
677950,hitting,2022,1,Arizona Diamondbacks,National League,,381,22,,3,17,,113,,,,3,88,8,,0,,411,45,5,4,,1
677950,hitting,2023,1,Arizona Diamondbacks,National League,,374,19,,1,17,,125,,,,4,86,9,,1,,402,51,3,9,,5
677950,hitting,2024,1,Arizona Diamondbacks,National League,,95,7,,1,5,,39,,,,0,18,3,,0,,103,13,0,4,,1
677950,hitting,2025,1,Arizona Diamondbacks,National League,,433,21,,4,19,,143,,,,5,108,9,,0,,469,51,4,7,,3
677950,hitting,2026,1,Arizona Diamondbacks,National League,,94,3,,0,9,,28,,,,2,17,2,,0,,100,12,0,4,,0
677951,hitting,2021,11,Omaha Storm Chasers,Triple-A East,,253,26,,3,24,,62,,,,2,72,17,,1,,285,55,3,15,,0
677951,hitting,2021,12,Northwest Arkansas Naturals,Double-A Central,,244,25,,8,11,,61,,,,6,72,16,,0,,279,44,4,14,,4
677951,hitting,2019,16,AZL Royals,Arizona League,,164,13,,1,2,,37,,,,1,43,1,,0,,180,30,2,9,,5
677951,hitting,2022,1,Kansas City Royals,American League,,591,30,,7,31,,150,,,,6,150,20,,2,,632,82,5,30,,6
677951,hitting,2023,1,Kansas City Royals,American League,,641,40,,15,28,,158,,,,4,177,30,,1,,694,97,8,49,,11
677951,hitting,2024,1,Kansas City Royals,American League,,636,57,,12,45,,161,,,,8,211,32,,9,,709,125,8,31,,11
677951,hitting,2025,1,Kansas City Royals,American League,,623,49,,9,47,,157,,,,8,184,23,,8,,687,99,7,38,,6
677951,hitting,2026,1,Kansas City Royals,American League,,369,41,,5,22,,94,,,,1,103,13,,4,,414,51,3,30,,1
677954,hitting,2022,11,Buffalo Bisons,International League,,240,35,,0,8,,67,,,,2,60,1,,0,,279,30,2,2,,0
677954,hitting,2022,11,Jacksonville Jumbo Shrimp,International League,,113,19,,0,7,,31,,,,0,34,2,,0,,133,14,1,1,,0
677954,hitting,2022,11,,International League,,353,54,,0,15,,98,,,,2,94,3,,0,,412,44,3,3,,0
677954,hitting,2023,11,Jacksonville Jumbo Shrimp,International League,,460,66,,0,20,,125,,,,1,112,6,,1,,528,60,1,0,,1
677954,hitting,2024,11,Scranton/Wilkes-Barre RailRiders,International League,,57,6,,1,2,,17,,,,0,13,1,,0,,63,8,0,0,,0
677954,hitting,2025,11,Omaha Storm Chasers,International League,,20,4,,0,2,,8,,,,1,4,0,,0,,25,4,0,0,,0
677954,hitting,2021,12,New Hampshire Fisher Cats,Double-A Northeast,,278,34,,0,23,,75,,,,1,81,7,,0,,316,46,3,0,,0
677954,hitting,2024,12,Somerset Patriots,Eastern League,,107,12,,1,3,,33,,,,1,25,0,,0,,121,10,1,0,,0
677954,hitting,2024,12,Midland RockHounds,Texas League,,176,20,,1,9,,51,,,,0,42,3,,0,,199,28,3,0,,1
677954,hitting,2024,12,,,,283,32,,2,12,,84,,,,1,67,3,,0,,320,38,4,0,,1
677954,hitting,2025,12,Northwest Arkansas Naturals,Texas League,,223,22,,1,6,,59,,,,3,65,3,,1,,250,24,2,0,,1
677954,hitting,2026,12,Columbus Clingstones,Southern League,,293,31,,2,13,,79,,,,2,75,19,,0,,329,38,3,0,,4
677954,hitting,2019,14,Lansing Lugnuts,Midwest League,,83,13,,1,6,,23,,,,0,28,2,,0,,96,12,0,1,,0
677954,hitting,2022,14,Dunedin Blue Jays,Florida State League,,19,1,,0,1,,5,,,,0,4,0,,0,,20,2,0,0,,0
677954,hitting,2018,16,GCL Blue Jays,Gulf Coast League,,142,13,,0,12,,37,,,,2,47,4,,0,,159,17,2,0,,0
677954,hitting,2018,16,Bluefield Blue Jays,Appalachian League,,44,2,,0,1,,11,,,,1,8,1,,0,,48,4,1,0,,0
677954,hitting,2018,16,,,,186,15,,0,13,,48,,,,3,55,5,,0,,207,21,3,0,,0
677954,hitting,2022,1,Miami Marlins,National League,,61,4,,0,0,,17,,,,0,16,1,,0,,65,9,0,0,,0
677958,pitching,2024,11,Round Rock Express,Pacific Coast League,5,34,1,35,,,2,2,2,7,0,,4,1,10.0,,132,,2,0,,18,
677958,pitching,2025,11,Round Rock Express,Pacific Coast League,15,59,3,65,,,7,4,4,18,0,,14,2,16.0,,250,,7,2,,15,
677958,pitching,2024,12,Frisco RoughRiders,Texas League,14,68,3,71,,,1,5,5,16,0,,9,0,19.2,,255,,1,0,,29,
677958,pitching,2025,12,Frisco RoughRiders,Texas League,2,10,0,10,,,0,1,1,3,0,,2,0,3.0,,34,,0,0,,3,
677958,pitching,2023,13,Hickory Crawdads,South Atlantic League,14,104,7,111,,,12,6,6,27,0,,21,2,28.0,,373,,12,0,,42,
677958,pitching,2024,16,ACL Rangers,Arizona Complex League,6,31,1,33,,,5,3,2,7,0,,11,1,7.0,,103,,8,1,,8,
677958,pitching,2024,1,Texas Rangers,American League,11,45,6,55,,,5,3,3,11,1,,12,1,11.2,,218,,6,2,,14,
677958,pitching,2025,1,Texas Rangers,American League,56,256,23,287,,,41,14,14,77,4,,71,11,64.1,,1127,,42,3,,56,
677958,pitching,2026,1,Texas Rangers,American League,109,391,38,436,,,46,20,18,99,3,,94,13,102.2,,1686,,47,4,,93,
678246,hitting,2022,11,Oklahoma City Dodgers,Pacific Coast League,,438,71,,5,32,,113,,,,6,133,17,,1,,520,100,5,16,,4
678246,hitting,2023,11,Oklahoma City Dodgers,Pacific Coast League,,236,46,,0,15,,60,,,,2,68,10,,0,,285,45,1,8,,0
678246,hitting,2024,11,Oklahoma City Baseball Club,Pacific Coast League,,145,38,,6,14,,41,,,,4,42,8,,0,,191,35,4,8,,1
678246,hitting,2021,12,Tulsa Drillers,Double-A Central,,327,36,,1,16,,83,,,,2,105,16,,0,,370,67,5,7,,1
678246,hitting,2019,13,Rancho Cucamonga Quakes,California League,,211,20,,3,18,,54,,,,3,60,2,,2,,236,23,1,4,,1
678246,hitting,2021,13,Great Lakes Loons,High-A Central,,156,9,,0,11,,37,,,,5,49,7,,0,,172,31,2,4,,1
678246,hitting,2018,14,Great Lakes Loons,Midwest League,,75,10,,0,1,,23,,,,1,16,0,,0,,89,4,2,0,,1
678246,hitting,2019,14,Great Lakes Loons,Midwest League,,280,35,,1,20,,70,,,,3,91,5,,1,,323,53,5,9,,2
678246,hitting,2018,16,AZL Dodgers,Arizona League,,31,5,,0,3,,8,,,,1,13,0,,0,,37,6,0,1,,1
678246,hitting,2018,16,Ogden Raptors,Pioneer League,,94,8,,1,11,,22,,,,1,37,2,,0,,103,25,0,6,,1
678246,hitting,2018,16,,,,125,13,,1,14,,30,,,,2,50,2,,0,,140,31,0,7,,2
678246,hitting,2022,1,Los Angeles Dodgers,National League,,47,2,,0,1,,18,,,,0,8,1,,0,,50,4,1,1,,0
678246,hitting,2023,1,Los Angeles Dodgers,National League,,256,38,,2,15,,81,,,,4,50,7,,1,,304,36,4,3,,4
678246,hitting,2024,1,Los Angeles Dodgers,National League,,71,8,,0,4,,30,,,,0,17,3,,0,,80,11,1,1,,0
678246,hitting,2024,1,Chicago White Sox,American League,,135,17,,1,3,,42,,,,3,14,2,,0,,157,11,2,2,,0
678246,hitting,2024,1,,,,206,25,,1,7,,72,,,,3,31,5,,0,,237,22,3,3,,0
678246,hitting,2025,1,Chicago White Sox,American League,,504,56,,0,32,,138,,,,6,118,16,,0,,569,80,3,6,,2
678246,hitting,2026,1,Chicago White Sox,American League,,402,60,,2,25,,109,,,,7,96,23,,2,,474,73,4,11,,1
678554,hitting,2021,11,Durham Bulls,Triple-A East,,14,0,,0,2,,4,,,,0,6,1,,0,,14,3,0,0,,0
678554,hitting,2022,11,Durham Bulls,International League,,72,11,,0,6,,20,,,,1,20,3,,0,,85,8,1,1,,0
678554,hitting,2023,11,Durham Bulls,International League,,235,35,,2,21,,61,,,,3,69,9,,1,,278,41,5,4,,2
678554,hitting,2024,11,Durham Bulls,International League,,364,29,,6,19,,91,,,,13,105,13,,1,,410,60,4,11,,6
678554,hitting,2025,11,Durham Bulls,International League,,53,4,,0,2,,14,,,,2,14,3,,0,,59,10,0,0,,0
678554,hitting,2025,11,Charlotte Knights,International League,,7,3,,0,2,,2,,,,0,4,0,,0,,10,2,0,0,,0
678554,hitting,2025,11,,International League,,60,7,,0,4,,16,,,,2,18,3,,0,,69,12,0,0,,0
678554,hitting,2022,12,Montgomery Biscuits,Southern League,,210,25,,2,21,,56,,,,8,64,10,,0,,246,35,3,6,,0
678554,hitting,2021,13,Bowling Green Hot Rods,High-A East,,206,19,,2,15,,53,,,,4,58,7,,0,,233,38,4,2,,1
678554,hitting,2021,14,Charleston RiverDogs,Low-A East,,191,15,,2,21,,47,,,,3,68,7,,1,,211,36,2,9,,1
678554,hitting,2018,16,GCL Phillies West,Gulf Coast League,,6,0,,0,0,,2,,,,0,1,0,,0,,6,1,0,0,,0
678554,hitting,2019,16,GCL Phillies East,Gulf Coast League,,158,13,,3,12,,44,,,,3,45,4,,0,,175,26,0,4,,2
678554,hitting,2023,16,FCL Rays,Florida Complex League,,12,1,,0,1,,4,,,,0,2,0,,0,,14,0,1,0,,0
678554,hitting,2023,1,Tampa Bay Rays,American League,,83,7,,0,3,,24,,,,2,21,1,,0,,92,12,0,0,,1
678554,hitting,2024,1,Tampa Bay Rays,American League,,122,6,,0,3,,38,,,,2,29,1,,0,,132,10,1,2,,0
678554,hitting,2025,1,Tampa Bay Rays,American League,,115,12,,1,2,,49,,,,4,26,3,,0,,132,14,1,4,,1
678554,hitting,2025,1,Chicago White Sox,American League,,125,3,,0,8,,41,,,,4,30,0,,0,,132,12,0,1,,0
678554,hitting,2025,1,,American League,,240,15,,1,10,,90,,,,8,56,3,,0,,264,26,1,5,,1
678554,hitting,2026,1,Washington Nationals,National League,,284,39,,2,17,,87,,,,4,72,17,,0,,327,49,0,6,,1
678554,hitting,2026,1,Boston Red Sox,American League,,1,0,,0,0,,1,,,,1,0,0,,0,,2,0,0,0,,0
678554,hitting,2026,1,,,,285,39,,2,17,,88,,,,5,72,17,,0,,329,49,0,6,,1
678662,hitting,2022,11,Albuquerque Isotopes,Pacific Coast League,,21,2,,0,0,,5,,,,0,7,1,,0,,23,3,0,0,,0
678662,hitting,2025,11,Albuquerque Isotopes,Pacific Coast League,,43,2,,0,2,,11,,,,0,7,0,,0,,46,3,1,0,,0
678662,hitting,2022,12,Hartford Yard Goats,Eastern League,,264,25,,3,15,,66,,,,5,84,13,,0,,295,39,1,17,,3
678662,hitting,2021,13,Spokane Indians,High-A West,,134,3,,2,9,,32,,,,2,32,4,,0,,143,19,0,3,,0
678662,hitting,2021,14,Fresno Grizzlies,Low-A West,,298,14,,4,21,,72,,,,5,92,11,,0,,326,60,4,21,,3
678662,hitting,2018,16,DSL Colorado,Dominican Summer League,,130,22,,9,4,,35,,,,2,34,0,,0,,158,29,3,16,,4
678662,hitting,2022,1,Colorado Rockies,National League,,33,2,,0,1,,9,,,,0,7,1,,0,,35,2,0,0,,0
678662,hitting,2023,1,Colorado Rockies,National League,,581,25,,5,37,,153,,,,4,147,15,,0,,615,79,3,11,,4
678662,hitting,2024,1,Colorado Rockies,National League,,655,23,,5,45,,157,,,,4,176,26,,1,,695,83,7,6,,4
678662,hitting,2025,1,Colorado Rockies,National League,,360,21,,3,18,,95,,,,1,91,9,,0,,390,44,2,5,,4
678662,hitting,2026,1,Colorado Rockies,National League,,342,21,,1,18,,101,,,,2,67,8,,0,,372,35,6,5,,0
678662,hitting,2019,15,Boise Hawks,Northwest League,,217,16,,0,4,,55,,,,2,54,2,,0,,243,22,2,13,,2
678882,hitting,2023,11,Worcester Red Sox,International League,,199,12,,5,13,,48,,,,7,62,14,,0,,219,40,1,6,,3
678882,hitting,2022,12,Portland Sea Dogs,Eastern League,,284,16,,5,15,,71,,,,6,79,12,,0,,313,45,6,14,,6
678882,hitting,2023,12,Portland Sea Dogs,Eastern League,,245,14,,8,18,,60,,,,2,72,6,,1,,266,40,4,30,,0
678882,hitting,2022,13,Greenville Drive,South Atlantic League,,197,10,,2,17,,45,,,,2,65,9,,0,,209,37,0,14,,4
678882,hitting,2021,14,Salem Red Sox,Low-A East,,394,25,,3,20,,102,,,,7,99,10,,0,,432,73,4,23,,9
678882,hitting,2018,16,DSL Red Sox 1,Dominican Summer League,,203,14,,7,9,,54,,,,4,55,3,,0,,225,31,3,19,,2
678882,hitting,2019,16,GCL Red Sox,Gulf Coast League,,153,14,,2,1,,41,,,,5,38,6,,0,,176,30,1,9,,4
678882,hitting,2023,1,Boston Red Sox,American League,,83,4,,1,6,,28,,,,1,20,2,,0,,89,11,1,3,,0
678882,hitting,2024,1,Boston Red Sox,American League,,544,15,,10,23,,152,,,,7,134,15,,1,,571,70,3,19,,5
678882,hitting,2025,1,Boston Red Sox,American League,,546,28,,5,34,,156,,,,8,136,16,,0,,587,84,2,20,,4
678882,hitting,2026,1,Boston Red Sox,American League,,406,18,,6,27,,105,,,,6,116,12,,0,,432,52,0,15,,3
678882,hitting,2019,15,Lowell Spinners,New York-Penn League,,11,0,,0,0,,3,,,,0,2,0,,0,,12,0,1,0,,0
678894,hitting,2023,11,Indianapolis Indians,International League,,27,3,,0,0,,7,,,,0,7,2,,0,,30,4,0,2,,1
678894,hitting,2024,11,Indianapolis Indians,International League,,495,46,,3,29,,128,,,,3,127,13,,0,,555,68,8,14,,4
678894,hitting,2025,11,Indianapolis Indians,International League,,267,27,,3,14,,75,,,,1,66,6,,0,,303,39,5,8,,1
678894,hitting,2026,11,Lehigh Valley IronPigs,International League,,219,29,,0,20,,65,,,,3,58,1,,0,,253,26,1,7,,1
678894,hitting,2022,12,Altoona Curve,Eastern League,,483,29,,6,22,,121,,,,4,125,10,,1,,521,65,2,28,,5
678894,hitting,2023,12,Altoona Curve,Eastern League,,285,32,,3,20,,69,,,,0,74,11,,0,,318,50,1,19,,1
678894,hitting,2021,13,Greensboro Grasshoppers,High-A East,,374,33,,6,19,,90,,,,3,101,14,,0,,417,67,3,28,,2
678894,hitting,2026,13,Jersey Shore BlueClaws,South Atlantic League,,24,1,,0,0,,6,,,,0,2,0,,0,,25,0,0,0,,0
678894,hitting,2018,16,DSL D-backs 1,Dominican Summer League,,81,6,,1,3,,22,,,,1,25,1,,0,,90,14,2,4,,3
678894,hitting,2018,16,ACL D-backs,Arizona League,,66,5,,2,0,,19,,,,0,13,0,,0,,71,8,0,3,,0
678894,hitting,2018,16,,,,147,11,,3,3,,41,,,,1,38,1,,0,,161,22,2,7,,3
678894,hitting,2022,1,Pittsburgh Pirates,National League,,3,1,,0,0,,1,,,,0,1,0,,0,,4,0,0,0,,0
678894,hitting,2023,1,Pittsburgh Pirates,National League,,198,11,,2,4,,59,,,,1,47,7,,0,,213,21,1,6,,1
678894,hitting,2024,1,Pittsburgh Pirates,National League,,10,0,,0,1,,3,,,,0,2,0,,0,,10,0,0,0,,0
678894,hitting,2025,1,Pittsburgh Pirates,National League,,80,6,,0,1,,33,,,,2,16,4,,0,,88,9,0,4,,0
678894,hitting,2019,15,Hillsboro Hops,Northwest League,,84,8,,1,4,,22,,,,1,22,0,,0,,93,13,0,3,,2
679529,hitting,2021,11,Toledo Mud Hens,Triple-A East,,147,23,,0,8,,40,,,,4,35,11,,1,,177,35,3,1,,1
679529,hitting,2022,11,Toledo Mud Hens,International League,,131,23,,1,6,,35,,,,1,30,5,,1,,155,18,0,1,,0
679529,hitting,2024,11,Toledo Mud Hens,International League,,226,42,,0,13,,58,,,,2,54,11,,1,,275,41,5,1,,0
679529,hitting,2021,12,Erie SeaWolves,Double-A Northeast,,175,30,,1,10,,50,,,,3,46,14,,0,,212,33,4,1,,0
679529,hitting,2021,13,West Michigan Whitecaps,High-A Central,,109,24,,2,11,,31,,,,4,34,5,,0,,141,21,4,3,,1
679529,hitting,2022,1,Detroit Tigers,American League,,360,37,,1,16,,110,,,,5,73,8,,0,,404,38,2,0,,1
679529,hitting,2023,1,Detroit Tigers,American League,,606,67,,0,34,,159,,,,6,141,31,,1,,684,88,5,3,,1
679529,hitting,2024,1,Detroit Tigers,American League,,342,33,,0,21,,92,,,,4,75,10,,0,,381,45,1,0,,1
679529,hitting,2025,1,Detroit Tigers,American League,,563,72,,1,27,,155,,,,9,135,31,,6,,649,82,5,2,,1
679529,hitting,2026,1,Detroit Tigers,American League,,371,46,,1,18,,109,,,,5,80,20,,0,,427,49,4,0,,0
679822,hitting,2023,11,Round Rock Express,Pacific Coast League,,462,85,,7,31,,122,,,,14,123,18,,0,,563,94,2,14,,4
679822,hitting,2024,11,Round Rock Express,Pacific Coast League,,174,39,,2,8,,48,,,,5,48,9,,0,,219,35,1,2,,0
679822,hitting,2025,11,Round Rock Express,Pacific Coast League,,399,45,,0,28,,103,,,,5,104,19,,0,,453,65,3,7,,0
679822,hitting,2026,11,Round Rock Express,Pacific Coast League,,115,22,,0,10,,30,,,,2,33,2,,0,,140,18,1,3,,0
679822,hitting,2021,12,Frisco RoughRiders,Double-A Central,,93,8,,1,7,,26,,,,2,23,2,,0,,104,14,1,0,,0
679822,hitting,2022,12,Frisco RoughRiders,Texas League,,400,45,,4,31,,101,,,,9,115,15,,0,,460,60,6,3,,1
679822,hitting,2021,13,Hickory Crawdads,High-A East,,125,16,,1,11,,33,,,,8,37,14,,0,,150,34,1,1,,1
679822,hitting,2021,16,ACL Rangers,Arizona Complex League,,11,1,,0,1,,3,,,,1,3,1,,0,,13,4,0,1,,0
679822,hitting,2024,16,ACL Rangers,Arizona Complex League,,17,4,,0,3,,6,,,,0,7,1,,0,,21,2,0,1,,0
679822,hitting,2025,16,ACL Rangers,Arizona Complex League,,8,1,,0,0,,3,,,,0,0,0,,0,,9,1,0,0,,0
679822,hitting,2024,1,Texas Rangers,American League,,42,2,,0,1,,15,,,,0,2,0,,0,,44,3,0,0,,0
679822,hitting,2025,1,Texas Rangers,American League,,9,0,,0,1,,4,,,,0,1,0,,0,,9,0,0,0,,0
679822,hitting,2026,1,Texas Rangers,American League,,127,10,,0,7,,57,,,,2,33,7,,0,,140,15,1,0,,0
680570,pitching,2022,11,Norfolk Tides,International League,58,247,21,271,,,17,14,14,50,1,,44,2,69.2,,1080,,17,2,,97,
680570,pitching,2023,11,Norfolk Tides,International League,32,146,19,169,,,9,8,8,35,1,,26,4,41.1,,691,,12,2,,56,
680570,pitching,2026,11,Salt Lake Bees,Pacific Coast League,6,20,0,20,,,1,1,1,5,0,,4,0,5.1,,78,,1,0,,5,
680570,pitching,2021,12,Bowie Baysox,Double-A Northeast,61,284,22,310,,,23,18,18,55,3,,47,8,79.2,,1257,,26,0,,121,
680570,pitching,2022,12,Bowie Baysox,Eastern League,1,16,5,21,,,5,2,2,2,0,,2,0,4.2,,96,,5,0,,11,
680570,pitching,2021,13,Aberdeen IronBirds,High-A East,13,80,5,88,,,4,5,5,16,3,,11,2,23.1,,331,,4,0,,40,
680570,pitching,2022,13,Aberdeen IronBirds,South Atlantic League,0,4,2,6,,,0,1,1,2,0,,1,0,1.1,,31,,0,0,,1,
680570,pitching,2019,14,Delmarva Shorebirds,South Atlantic League,78,333,36,377,,,28,20,20,5,6,,57,4,94.0,,1547,,30,2,,129,
680570,pitching,2026,14,Rancho Cucamonga Quakes,California League,6,38,3,42,,,3,2,2,5,1,,12,0,8.2,,151,,3,0,,15,
680570,pitching,2018,16,GCL Orioles,Gulf Coast League,20,72,7,80,,,3,9,8,16,0,,17,0,19.1,,145,,6,1,,20,
680570,pitching,2026,16,ACL Angels,Arizona Complex League,0,19,0,19,,,1,1,1,7,0,,5,0,5.0,,72,,1,0,,7,
680570,pitching,2023,1,Baltimore Orioles,American League,103,467,42,515,,,59,23,23,117,2,,121,16,122.0,,2104,,62,3,,129,
680570,pitching,2024,1,Baltimore Orioles,American League,114,449,36,491,,,50,20,20,97,5,,109,15,116.2,,1879,,52,1,,130,
680570,pitching,2026,1,Los Angeles Angels,American League,58,178,21,208,,,39,10,10,33,4,,56,9,44.0,,838,,41,5,,36,
680574,hitting,2023,11,Louisville Bats,International League,,144,30,,5,12,,40,,,,5,49,12,,1,,180,30,1,10,,1
680574,hitting,2026,11,Louisville Bats,International League,,17,2,,0,2,,5,,,,1,5,0,,0,,20,3,0,0,,0
680574,hitting,2022,12,Chattanooga Lookouts,Southern League,,371,70,,3,21,,103,,,,8,86,17,,1,,452,67,3,27,,5
680574,hitting,2021,13,Dayton Dragons,High-A Central,,99,17,,2,6,,29,,,,2,27,3,,0,,119,15,1,10,,0
680574,hitting,2021,16,ACL Reds,Arizona Complex League,,7,0,,0,2,,2,,,,0,3,0,,0,,7,2,0,0,,1
680574,hitting,2023,1,Cincinnati Reds,National League,,365,31,,5,23,,89,,,,7,106,16,,0,,403,65,0,14,,4
680574,hitting,2025,1,Cincinnati Reds,National League,,510,55,,2,18,,147,,,,5,112,15,,0,,577,73,4,18,,0
680574,hitting,2026,1,Cincinnati Reds,National League,,276,36,,2,13,,85,,,,3,53,8,,0,,317,34,0,11,,0
680695,hitting,2021,11,Iowa Cubs,Triple-A East,,56,11,,0,3,,15,,,,1,15,4,,0,,68,10,0,0,,0
680695,hitting,2022,11,Iowa Cubs,International League,,141,23,,1,6,,43,,,,6,27,4,,0,,174,16,4,0,,0
680695,hitting,2023,11,Iowa Cubs,International League,,219,22,,3,8,,62,,,,13,41,4,,0,,257,27,3,9,,0
680695,hitting,2024,11,Iowa Cubs,International League,,145,23,,1,4,,47,,,,11,31,11,,0,,181,30,2,1,,0
680695,hitting,2025,11,Scranton/Wilkes-Barre RailRiders,International League,,125,11,,0,5,,36,,,,4,31,12,,0,,142,19,2,1,,0
680695,hitting,2026,11,Tacoma Rainiers,Pacific Coast League,,170,24,,0,15,,47,,,,8,45,9,,0,,205,29,3,1,,0
680695,hitting,2021,12,Tennessee Smokies,Double-A South,,266,36,,4,20,,76,,,,13,67,13,,0,,316,50,1,6,,0
680695,hitting,2025,12,Somerset Patriots,Eastern League,,26,8,,0,0,,8,,,,1,6,2,,0,,35,7,0,1,,0
680695,hitting,2021,13,South Bend Cubs,High-A Central,,28,3,,0,2,,8,,,,1,9,2,,0,,32,6,0,2,,0
680695,hitting,2022,13,South Bend Cubs,Midwest League,,23,0,,0,0,,5,,,,0,3,0,,0,,23,0,0,0,,0
680695,hitting,2023,13,South Bend Cubs,Midwest League,,24,0,,0,2,,5,,,,0,5,1,,0,,24,3,0,0,,0
680695,hitting,2024,13,South Bend Cubs,Midwest League,,28,6,,0,3,,8,,,,2,7,0,,0,,36,6,0,0,,0
680695,hitting,2019,14,South Bend Cubs,Midwest League,,177,18,,1,9,,50,,,,5,54,8,,0,,204,33,2,4,,3
680695,hitting,2018,16,AZL Cubs 2,Arizona League,,57,10,,1,2,,18,,,,4,17,0,,0,,72,9,1,6,,0
680695,hitting,2022,16,ACL Cubs,Arizona Complex League,,14,2,,0,0,,5,,,,1,2,1,,0,,17,2,0,0,,0
680695,hitting,2023,16,ACL Cubs,Arizona Complex League,,11,1,,0,2,,4,,,,0,5,0,,0,,12,0,0,0,,0
680695,hitting,2025,16,FCL Yankees,Florida Complex League,,19,1,,0,2,,6,,,,1,9,3,,1,,21,4,0,1,,0
680776,hitting,2021,11,Worcester Red Sox,Triple-A East,,244,30,,3,11,,60,,,,8,63,16,,0,,283,46,1,16,,2
680776,hitting,2022,11,Worcester Red Sox,International League,,279,26,,3,16,,68,,,,2,79,10,,1,,307,49,0,18,,6
680776,hitting,2023,11,Worcester Red Sox,International League,,41,10,,0,2,,11,,,,0,8,2,,0,,51,8,0,2,,1
680776,hitting,2019,12,Portland Sea Dogs,Eastern League,,320,23,,8,11,,82,,,,5,80,1,,2,,352,41,1,28,,5
680776,hitting,2019,13,Salem Red Sox,Carolina League,,199,23,,5,13,,50,,,,3,77,4,,0,,226,49,1,18,,3
680776,hitting,2018,14,Greenville Drive,South Atlantic League,,128,5,,6,9,,30,,,,1,47,1,,0,,134,24,0,12,,1
680776,hitting,2021,1,Boston Red Sox,American League,,107,4,,1,3,,33,,,,0,23,2,,0,,112,17,1,2,,2
680776,hitting,2022,1,Boston Red Sox,American League,,204,14,,1,14,,58,,,,4,45,3,,0,,223,23,1,7,,3
680776,hitting,2023,1,Boston Red Sox,American League,,332,24,,2,34,,102,,,,3,98,8,,1,,362,46,2,24,,2
680776,hitting,2024,1,Boston Red Sox,American League,,671,54,,7,48,,160,,,,6,191,21,,1,,735,111,3,34,,14
680776,hitting,2025,1,Boston Red Sox,American League,,620,60,,6,41,,157,,,,12,159,16,,1,,696,86,3,24,,13
680776,hitting,2026,1,Boston Red Sox,American League,,393,29,,3,10,,102,,,,4,78,13,,1,,434,46,7,15,,3
680776,hitting,2018,15,Lowell Spinners,New York-Penn League,,155,11,,4,5,,37,,,,1,54,2,,0,,168,28,1,12,,10
680779,hitting,2023,11,Indianapolis Indians,International League,,48,13,,1,3,,14,,,,1,18,2,,1,,63,7,0,3,,1
680779,hitting,2024,11,Indianapolis Indians,International League,,218,23,,1,15,,57,,,,11,67,13,,1,,254,44,0,8,,0
680779,hitting,2025,11,Indianapolis Indians,International League,,28,3,,0,3,,8,,,,0,8,0,,0,,31,5,0,2,,0
680779,hitting,2022,12,Altoona Curve,Eastern League,,116,12,,1,8,,31,,,,8,24,4,,0,,136,19,0,3,,0
680779,hitting,2023,12,Altoona Curve,Eastern League,,148,32,,3,7,,41,,,,7,42,10,,1,,187,25,0,7,,1
680779,hitting,2024,12,Altoona Curve,Eastern League,,6,2,,0,0,,2,,,,0,0,0,,0,,8,1,0,0,,0
680779,hitting,2021,13,Greensboro Grasshoppers,High-A East,,19,4,,0,0,,6,,,,0,5,2,,0,,24,6,1,1,,1
680779,hitting,2022,13,Greensboro Grasshoppers,South Atlantic League,,82,8,,1,3,,22,,,,9,28,5,,0,,100,18,1,5,,1
680779,hitting,2022,14,Bradenton Marauders,Florida State League,,11,1,,0,1,,5,,,,2,4,1,,0,,15,2,1,1,,0
680779,hitting,2021,16,FCL Pirates Black,Florida Complex League,,7,0,,0,2,,2,,,,0,3,1,,0,,7,1,0,0,,0
680779,hitting,2022,16,FCL Pirates,Florida Complex League,,3,0,,0,0,,1,,,,1,0,0,,0,,4,0,0,0,,0
680779,hitting,2023,1,Pittsburgh Pirates,National League,,225,25,,5,10,,62,,,,4,48,7,,2,,255,27,1,3,,0
680779,hitting,2024,1,Pittsburgh Pirates,National League,,104,13,,0,4,,37,,,,1,15,1,,0,,122,9,2,0,,0
680779,hitting,2025,1,Pittsburgh Pirates,National League,,252,18,,1,7,,87,,,,5,42,7,,0,,283,25,3,2,,0
680779,hitting,2026,1,Pittsburgh Pirates,National League,,191,19,,1,5,,71,,,,6,33,8,,0,,218,26,1,2,,0
681082,hitting,2021,11,Lehigh Valley IronPigs,Triple-A East,,33,8,,0,0,,10,,,,0,10,1,,0,,41,4,0,1,,0
681082,hitting,2022,11,Lehigh Valley IronPigs,International League,,36,3,,0,2,,9,,,,0,12,2,,0,,40,11,1,2,,1
681082,hitting,2021,12,Reading Fightin Phils,Double-A Northeast,,312,35,,2,22,,80,,,,0,94,10,,1,,351,49,4,6,,2
681082,hitting,2021,13,Jersey Shore BlueClaws,High-A East,,73,22,,2,4,,22,,,,0,21,5,,0,,95,18,0,3,,0
681082,hitting,2019,16,GCL Phillies East,Gulf Coast League,,9,2,,0,1,,4,,,,0,6,1,,0,,11,3,0,0,,1
681082,hitting,2022,1,Philadelphia Phillies,National League,,427,36,,4,19,,127,,,,1,100,10,,0,,466,58,1,12,,2
681082,hitting,2023,1,Philadelphia Phillies,National League,,585,39,,3,32,,151,,,,7,164,15,,1,,640,78,8,31,,2
681082,hitting,2024,1,Philadelphia Phillies,National League,,506,53,,3,19,,148,,,,3,124,11,,1,,571,65,9,32,,2
681082,hitting,2025,1,Philadelphia Phillies,National League,,499,54,,5,22,,147,,,,1,128,13,,1,,560,66,4,24,,3
681082,hitting,2026,1,Philadelphia Phillies,National League,,365,31,,0,21,,104,,,,2,92,8,,0,,402,44,2,18,,6
681082,hitting,2019,15,Williamsport Crosscutters,New York-Penn League,,157,22,,3,8,,44,,,,2,43,5,,1,,182,27,0,5,,2
681297,hitting,2022,11,Norfolk Tides,International League,,105,13,,0,7,,27,,,,6,23,5,,0,,124,23,0,0,,0
681297,hitting,2023,11,Norfolk Tides,International League,,323,64,,3,18,,87,,,,5,97,17,,2,,399,72,6,9,,1
681297,hitting,2025,11,Norfolk Tides,International League,,11,2,,0,4,,3,,,,0,6,0,,0,,13,2,0,1,,0
681297,hitting,2022,12,Bowie Baysox,Eastern League,,176,36,,2,10,,49,,,,9,60,10,,0,,224,49,3,2,,0
681297,hitting,2022,13,Aberdeen IronBirds,South Atlantic League,,229,45,,1,19,,62,,,,3,59,4,,0,,278,42,1,16,,2
681297,hitting,2025,13,Aberdeen IronBirds,South Atlantic League,,9,2,,0,0,,3,,,,0,2,1,,0,,11,3,0,0,,0
681297,hitting,2021,14,Delmarva Shorebirds,Low-A East,,98,22,,2,5,,25,,,,3,34,1,,0,,124,22,1,4,,0
681297,hitting,2021,16,FCL Orioles Orange,Florida Complex League,,22,3,,2,3,,7,,,,0,11,1,,0,,25,8,0,3,,0
681297,hitting,2023,1,Baltimore Orioles,American League,,61,13,,0,2,,26,,,,2,7,0,,0,,77,15,1,1,,0
681297,hitting,2024,1,Baltimore Orioles,American League,,499,52,,4,24,,153,,,,7,121,24,,2,,561,77,3,9,,3
681297,hitting,2025,1,Baltimore Orioles,American League,,327,27,,0,14,,92,,,,6,64,16,,1,,360,36,0,14,,0
681297,hitting,2026,1,Baltimore Orioles,American League,,223,36,,2,3,,97,,,,1,46,8,,0,,263,29,2,8,,0
681351,hitting,2021,11,Lehigh Valley IronPigs,Triple-A East,,21,2,,0,1,,6,,,,0,4,1,,0,,23,2,0,0,,0
681351,hitting,2023,11,Salt Lake Bees,Pacific Coast League,,5,1,,0,0,,2,,,,0,3,0,,0,,6,3,0,0,,0
681351,hitting,2026,11,Salt Lake Bees,Pacific Coast League,,5,3,,0,0,,2,,,,0,2,0,,0,,8,2,0,0,,0
681351,hitting,2021,12,Reading Fightin Phils,Double-A Northeast,,54,1,,0,1,,13,,,,2,16,3,,0,,57,6,0,0,,0
681351,hitting,2022,12,Reading Fightin Phils,Eastern League,,262,41,,2,11,,75,,,,11,72,15,,1,,316,48,2,6,,1
681351,hitting,2022,12,Rocket City Trash Pandas,Southern League,,98,29,,2,3,,29,,,,3,30,11,,1,,131,24,1,1,,0
681351,hitting,2022,12,,,,360,70,,4,14,,104,,,,14,102,26,,2,,447,72,3,7,,1
681351,hitting,2021,13,Jersey Shore BlueClaws,High-A East,,318,30,,3,17,,85,,,,4,86,13,,0,,358,43,6,6,,2
681351,hitting,2023,14,Inland Empire 66ers,California League,,19,3,,0,3,,6,,,,0,6,0,,0,,22,4,0,0,,0
681351,hitting,2018,16,GCL Phillies West,Gulf Coast League,,109,10,,1,10,,34,,,,1,40,2,,0,,124,19,4,2,,1
681351,hitting,2026,16,ACL Angels,Arizona Complex League,,4,0,,0,0,,1,,,,0,0,0,,0,,4,1,0,0,,0
681351,hitting,2022,1,Los Angeles Angels,American League,,14,2,,0,0,,5,,,,0,4,0,,0,,16,1,0,0,,0
681351,hitting,2023,1,Los Angeles Angels,American League,,182,14,,1,6,,51,,,,2,43,14,,0,,199,23,1,0,,0
681351,hitting,2024,1,Los Angeles Angels,American League,,479,33,,3,17,,136,,,,8,117,20,,0,,522,64,1,2,,1
681351,hitting,2025,1,Los Angeles Angels,American League,,423,24,,1,8,,119,,,,2,90,19,,0,,451,35,1,2,,1
681351,hitting,2026,1,Los Angeles Angels,American League,,234,17,,0,8,,75,,,,3,49,4,,0,,256,20,1,0,,0
681351,hitting,2019,15,Williamsport Crosscutters,New York-Penn League,,162,12,,0,12,,45,,,,0,35,5,,0,,177,20,3,3,,2
681624,hitting,2023,11,Oklahoma City Dodgers,Pacific Coast League,,3,1,,0,0,,1,,,,0,0,0,,0,,4,0,0,0,,0
681624,hitting,2024,11,Oklahoma City Baseball Club,Pacific Coast League,,101,10,,1,5,,24,,,,2,36,8,,0,,114,25,1,3,,1
681624,hitting,2022,12,Tulsa Drillers,Texas League,,487,62,,3,29,,132,,,,15,115,26,,1,,571,69,7,6,,3
681624,hitting,2023,12,Tulsa Drillers,Texas League,,109,25,,3,12,,33,,,,5,31,3,,2,,142,23,3,7,,1
681624,hitting,2021,13,Great Lakes Loons,High-A Central,,438,77,,3,25,,120,,,,19,116,31,,2,,538,96,4,6,,1
681624,hitting,2018,16,DSL Dodgers Guerrero,Dominican Summer League,,140,23,,6,8,,42,,,,14,33,9,,1,,178,34,1,9,,0
681624,hitting,2018,16,AZL Dodgers,Arizona League,,26,6,,1,1,,10,,,,2,5,1,,0,,34,5,0,1,,0
681624,hitting,2018,16,,,,166,29,,7,9,,52,,,,16,38,10,,1,,212,39,1,10,,0
681624,hitting,2024,1,Los Angeles Dodgers,National League,,403,29,,2,23,,116,,,,6,100,13,,0,,443,65,4,1,,1
681624,hitting,2025,1,Los Angeles Dodgers,National League,,581,29,,7,27,,156,,,,8,158,27,,0,,624,74,6,14,,1
681624,hitting,2026,1,Los Angeles Dodgers,National League,,420,39,,6,22,,109,,,,6,113,18,,1,,470,64,5,10,,2
682243,pitching,2025,11,Tacoma Rainiers,Pacific Coast League,7,47,3,50,,,6,3,3,18,0,,7,4,13.1,,194,,6,0,,15,
682243,pitching,2026,11,Tacoma Rainiers,Pacific Coast League,4,22,3,25,,,3,2,2,6,0,,6,0,5.2,,86,,3,0,,6,
682243,pitching,2022,12,Arkansas Travelers,Texas League,53,178,19,204,,,18,10,10,34,3,,34,3,50.2,,877,,19,4,,61,
682243,pitching,2023,12,Arkansas Travelers,Texas League,20,82,3,85,,,14,4,4,21,0,,23,5,19.2,,329,,15,0,,18,
682243,pitching,2022,13,Everett AquaSox,Northwest League,64,279,25,316,,,28,16,15,68,6,,54,7,77.2,,1254,,29,5,,99,
682243,pitching,2026,13,Everett AquaSox,Northwest League,6,26,4,30,,,0,2,2,9,0,,3,0,8.0,,108,,0,0,,8,
682243,pitching,2021,14,Modesto Nuts,Low-A West,4,42,2,45,,,5,5,3,9,0,,15,0,9.1,,175,,7,0,,15,
682243,pitching,2022,14,Modesto Nuts,California League,8,21,2,23,,,1,1,1,5,0,,5,0,5.1,,82,,1,0,,3,
682243,pitching,2023,1,Seattle Mariners,American League,163,501,26,537,,,63,25,25,98,7,,124,18,131.1,,2095,,64,2,,119,
682243,pitching,2024,1,Seattle Mariners,American League,214,654,45,704,,,59,31,31,140,3,,131,21,180.1,,2749,,62,2,,171,
682243,pitching,2025,1,Seattle Mariners,American League,102,348,34,392,,,57,18,18,85,3,,93,17,90.1,,1543,,57,5,,74,
682243,pitching,2026,1,Seattle Mariners,American League,87,269,13,284,,,23,13,12,54,1,,55,12,74.0,,1086,,26,0,,74,
682616,hitting,2024,11,Oklahoma City Baseball Club,Pacific Coast League,,183,20,,0,8,,49,,,,3,38,6,,0,,208,24,2,1,,0
682616,hitting,2025,11,St. Paul Saints,International League,,59,9,,0,0,,20,,,,1,5,1,,0,,69,4,0,0,,0
682616,hitting,2023,12,Tulsa Drillers,Texas League,,354,37,,0,10,,93,,,,8,67,19,,0,,403,51,4,0,,0
682616,hitting,2024,12,Tulsa Drillers,Texas League,,161,27,,0,8,,46,,,,3,38,5,,1,,192,27,1,1,,0
682616,hitting,2022,13,Great Lakes Loons,Midwest League,,231,40,,0,13,,62,,,,9,58,13,,2,,282,43,2,1,,0
682616,hitting,2026,13,Eugene Emeralds,Northwest League,,28,6,,0,0,,10,,,,1,3,1,,0,,35,4,0,0,,0
682616,hitting,2021,14,Rancho Cucamonga Quakes,Low-A West,,114,18,,0,6,,31,,,,4,34,10,,1,,137,31,1,0,,0
682616,hitting,2022,14,Rancho Cucamonga Quakes,California League,,131,23,,0,9,,33,,,,9,34,9,,1,,163,31,0,0,,1
682616,hitting,2025,14,San Jose Giants,California League,,17,0,,0,1,,4,,,,1,4,1,,0,,18,3,0,0,,0
682616,hitting,2019,16,DSL LAD Bautista,Dominican Summer League,,50,5,,0,2,,13,,,,1,12,1,,0,,57,11,1,0,,2
682616,hitting,2019,16,AZL Dodgers Mota,Arizona League,,135,11,,0,10,,36,,,,2,40,3,,0,,150,25,2,1,,0
682616,hitting,2019,16,,,,185,16,,0,12,,49,,,,3,52,4,,0,,207,36,3,1,,2
682617,hitting,2023,11,Sacramento River Cats,Pacific Coast League,,67,10,,0,2,,18,,,,1,14,4,,0,,78,10,0,0,,0
682617,hitting,2024,11,Sacramento River Cats,Pacific Coast League,,316,65,,3,9,,83,,,,2,79,10,,1,,384,55,1,4,,1
682617,hitting,2025,11,Sacramento River Cats,Pacific Coast League,,462,85,,3,21,,125,,,,2,99,23,,0,,555,76,6,10,,1
682617,hitting,2026,11,Scranton/Wilkes-Barre RailRiders,International League,,187,28,,1,11,,50,,,,1,56,8,,0,,218,32,2,3,,1
682617,hitting,2023,12,Richmond Flying Squirrels,Eastern League,,202,36,,0,12,,56,,,,0,46,11,,0,,242,32,4,6,,0
682617,hitting,2026,12,Somerset Patriots,Eastern League,,101,13,,1,9,,28,,,,2,33,10,,0,,117,30,1,3,,0
682617,hitting,2021,13,Eugene Emeralds,High-A West,,129,10,,0,3,,36,,,,3,28,1,,0,,145,16,3,1,,2
682617,hitting,2022,13,Eugene Emeralds,Northwest League,,205,22,,0,10,,57,,,,2,54,10,,0,,230,27,1,0,,0
682617,hitting,2021,14,San Jose Giants,Low-A West,,266,38,,5,14,,70,,,,3,74,18,,0,,308,52,1,5,,3
682617,hitting,2019,16,AZL Giants Orange,Arizona League,,146,27,,6,9,,38,,,,4,47,10,,0,,178,46,1,8,,2
682617,hitting,2022,16,ACL Giants Black,Arizona Complex League,,22,4,,0,2,,8,,,,1,7,1,,0,,27,6,0,0,,0
682617,hitting,2023,1,San Francisco Giants,National League,,39,6,,0,3,,14,,,,0,9,0,,0,,45,4,0,1,,0
682617,hitting,2024,1,San Francisco Giants,National League,,76,5,,1,5,,27,,,,0,16,0,,0,,81,10,0,0,,1
682617,hitting,2019,15,Salem-Keizer Volcanoes,Northwest League,,33,5,,0,4,,9,,,,0,7,0,,0,,38,6,0,1,,0
682619,hitting,2023,11,Buffalo Bisons,International League,,209,26,,0,16,,55,,,,2,55,11,,0,,246,37,7,2,,1
682619,hitting,2024,11,Buffalo Bisons,International League,,281,27,,0,19,,74,,,,8,75,17,,2,,319,54,2,0,,1
682619,hitting,2025,11,Buffalo Bisons,International League,,336,47,,0,17,,99,,,,7,59,13,,0,,394,38,3,2,,1
682619,hitting,2022,12,New Hampshire Fisher Cats,Eastern League,,433,40,,3,15,,118,,,,12,88,30,,0,,492,57,4,6,,0
682619,hitting,2023,12,New Hampshire Fisher Cats,Eastern League,,239,41,,0,9,,70,,,,2,54,17,,2,,292,33,4,0,,1
682619,hitting,2021,13,Vancouver Canadians,High-A West,,112,10,,1,4,,27,,,,1,24,9,,0,,125,17,1,0,,0
682619,hitting,2021,14,Dunedin Blue Jays,Low-A Southeast,,283,33,,1,22,,71,,,,8,79,19,,0,,326,49,1,4,,2
682619,hitting,2019,16,GCL Blue Jays,Gulf Coast League,,142,14,,0,8,,40,,,,4,39,7,,0,,163,20,2,2,,5
682619,hitting,2024,1,Toronto Blue Jays,American League,,3,0,,0,0,,1,,,,0,1,0,,0,,3,0,0,0,,0
682622,hitting,2023,11,Louisville Bats,International League,,143,20,,2,10,,39,,,,1,40,3,,0,,167,31,3,8,,3
682622,hitting,2024,11,Louisville Bats,International League,,53,0,,0,1,,12,,,,0,8,0,,0,,53,3,0,1,,0
682622,hitting,2025,11,Louisville Bats,International League,,43,8,,1,6,,12,,,,1,14,1,,0,,53,8,1,3,,0
682622,hitting,2026,11,Louisville Bats,International League,,160,12,,1,7,,40,,,,1,59,8,,0,,176,31,3,9,,1
682622,hitting,2023,12,Chattanooga Lookouts,Southern League,,196,22,,2,10,,50,,,,2,55,8,,1,,222,37,2,10,,1
682622,hitting,2025,12,Chattanooga Lookouts,Southern League,,15,1,,0,0,,4,,,,1,4,0,,0,,17,3,0,0,,1
682622,hitting,2021,13,Everett AquaSox,High-A West,,31,2,,0,4,,8,,,,0,9,0,,0,,33,4,0,1,,0
682622,hitting,2022,13,Everett AquaSox,Northwest League,,342,42,,6,19,,85,,,,7,94,15,,1,,394,62,3,13,,0
682622,hitting,2022,13,Dayton Dragons,Midwest League,,106,17,,3,4,,30,,,,2,31,4,,0,,126,12,1,10,,0
682622,hitting,2022,13,,,,448,59,,9,23,,115,,,,9,125,19,,1,,520,74,4,23,,0
682622,hitting,2021,14,Modesto Nuts,Low-A West,,413,58,,7,24,,99,,,,6,112,17,,1,,478,87,1,23,,2
682622,hitting,2019,16,DSL Mariners,Dominican Summer League,,262,29,,7,18,,65,,,,1,81,9,,0,,299,56,7,17,,4
682622,hitting,2023,16,ACL Reds,Arizona Complex League,,9,1,,0,0,,3,,,,0,2,0,,0,,10,1,0,0,,0
682622,hitting,2025,16,ACL Reds,Arizona Complex League,,10,1,,0,0,,3,,,,0,4,1,,1,,11,1,0,0,,0
682622,hitting,2023,1,Cincinnati Reds,National League,,114,8,,2,7,,35,,,,1,36,3,,0,,123,15,0,6,,0
682622,hitting,2024,1,Cincinnati Reds,National League,,229,9,,3,9,,66,,,,3,48,4,,0,,242,24,1,9,,0
682622,hitting,2025,1,Cincinnati Reds,National League,,339,16,,3,17,,90,,,,3,89,14,,0,,360,45,2,10,,2
682622,hitting,2026,1,Cincinnati Reds,National League,,160,9,,2,7,,51,,,,0,32,6,,0,,169,17,0,5,,0
682626,hitting,2022,11,Syracuse Mets,International League,,158,34,,0,6,,45,,,,5,37,9,,2,,199,31,2,0,,0
682626,hitting,2023,11,Syracuse Mets,International League,,16,3,,0,1,,4,,,,0,4,2,,0,,19,4,0,1,,0
682626,hitting,2025,11,Syracuse Mets,International League,,93,11,,0,4,,26,,,,3,24,12,,0,,107,19,0,0,,0
682626,hitting,2026,11,Syracuse Mets,International League,,13,1,,0,2,,4,,,,0,3,0,,0,,14,1,0,0,,0
682626,hitting,2022,12,Binghamton Rumble Ponies,Eastern League,,253,36,,0,16,,67,,,,3,70,18,,1,,296,43,4,0,,0
682626,hitting,2024,12,Binghamton Rumble Ponies,Eastern League,,8,1,,0,0,,3,,,,0,2,1,,0,,9,2,0,0,,0
682626,hitting,2025,12,Binghamton Rumble Ponies,Eastern League,,22,1,,0,0,,5,,,,1,6,1,,0,,24,3,0,0,,0
682626,hitting,2021,13,Brooklyn Cyclones,High-A East,,279,40,,3,13,,84,,,,8,69,22,,0,,333,55,6,6,,1
682626,hitting,2024,13,Brooklyn Cyclones,South Atlantic League,,11,2,,0,0,,3,,,,0,1,0,,0,,13,0,0,0,,0
682626,hitting,2021,14,St. Lucie Mets,Low-A Southeast,,48,15,,2,5,,15,,,,3,20,2,,0,,67,12,1,2,,0
682626,hitting,2025,14,St. Lucie Mets,Florida State League,,10,2,,0,0,,3,,,,0,1,0,,1,,12,1,0,0,,0
682626,hitting,2019,16,GCL Mets,Gulf Coast League,,26,4,,1,4,,7,,,,1,12,2,,0,,31,8,0,0,,0
682626,hitting,2022,1,New York Mets,National League,,12,2,,0,1,,5,,,,0,2,1,,0,,14,3,0,0,,0
682626,hitting,2023,1,New York Mets,National League,,382,34,,0,12,,123,,,,6,80,25,,0,,423,51,1,2,,0
682626,hitting,2024,1,New York Mets,National League,,308,30,,1,14,,100,,,,2,73,11,,0,,342,39,2,1,,2
682626,hitting,2025,1,New York Mets,National League,,246,27,,0,12,,76,,,,4,63,11,,0,,277,32,0,0,,1
682626,hitting,2026,1,New York Mets,National League,,240,28,,0,8,,75,,,,3,61,12,,1,,274,25,1,0,,0
682634,hitting,2024,11,Iowa Cubs,International League,,130,17,,1,8,,35,,,,1,38,5,,0,,148,23,0,7,,0
682634,hitting,2025,11,Iowa Cubs,International League,,379,48,,4,26,,102,,,,1,101,17,,0,,430,55,2,10,,0
682634,hitting,2026,11,Iowa Cubs,International League,,229,33,,2,13,,59,,,,1,62,17,,0,,265,41,2,5,,0
682634,hitting,2023,12,Tennessee Smokies,Southern League,,16,3,,0,1,,5,,,,1,4,1,,0,,21,4,1,0,,0
682634,hitting,2024,12,Tennessee Smokies,Southern League,,291,30,,3,13,,76,,,,2,79,9,,0,,325,38,2,7,,0
682634,hitting,2023,13,South Bend Cubs,Midwest League,,371,31,,4,25,,95,,,,2,106,12,,0,,408,65,4,15,,3
682634,hitting,2022,14,Myrtle Beach Pelicans,Carolina League,,428,55,,3,19,,112,,,,6,117,15,,1,,495,76,6,14,,6
682634,hitting,2019,16,DSL Yankees,Dominican Summer League,,38,5,,0,3,,9,,,,2,9,0,,0,,46,7,1,2,,1
682634,hitting,2019,16,GCL Yankees East,Gulf Coast League,,123,3,,3,5,,32,,,,2,32,1,,0,,128,19,0,3,,2
682634,hitting,2019,16,,,,161,8,,3,8,,41,,,,4,41,1,,0,,174,26,1,5,,3
682634,hitting,2021,16,FCL Yankees,Florida Complex League,,27,4,,0,1,,9,,,,0,10,1,,0,,31,5,0,2,,0
682634,hitting,2021,16,ACL Cubs,Arizona Complex League,,92,13,,0,3,,25,,,,0,31,4,,0,,107,27,1,3,,5
682634,hitting,2021,16,,,,119,17,,0,4,,34,,,,0,41,5,,0,,138,32,1,5,,5
682634,hitting,2023,16,ACL Cubs,Arizona Complex League,,4,2,,0,0,,2,,,,0,1,0,,0,,6,2,0,0,,0
682634,hitting,2024,1,Chicago Cubs,National League,,10,0,,0,0,,3,,,,0,1,0,,0,,10,1,0,0,,0
682634,hitting,2025,1,Chicago Cubs,National League,,11,1,,0,0,,10,,,,0,4,0,,0,,12,2,0,1,,0
682634,hitting,2026,1,Chicago Cubs,National League,,20,1,,1,0,,19,,,,0,4,0,,0,,21,3,0,0,,0
682641,hitting,2023,11,Sacramento River Cats,Pacific Coast League,,139,11,,1,7,,32,,,,1,49,9,,0,,152,23,0,6,,2
682641,hitting,2024,11,Sacramento River Cats,Pacific Coast League,,328,28,,2,22,,80,,,,11,84,14,,0,,375,42,8,8,,0
682641,hitting,2025,11,Sacramento River Cats,Pacific Coast League,,147,8,,0,11,,36,,,,1,43,7,,0,,159,25,3,6,,0
682641,hitting,2026,11,Nashville Sounds,International League,,194,18,,4,9,,52,,,,4,44,4,,0,,218,22,2,6,,1
682641,hitting,2023,12,Richmond Flying Squirrels,Eastern League,,115,17,,4,7,,31,,,,1,35,3,,0,,133,18,0,9,,0
682641,hitting,2024,12,Richmond Flying Squirrels,Eastern League,,3,1,,0,0,,1,,,,0,1,0,,0,,4,0,0,0,,0
682641,hitting,2022,13,Eugene Emeralds,Northwest League,,369,27,,3,14,,91,,,,7,78,11,,0,,407,55,4,11,,1
682641,hitting,2021,14,San Jose Giants,Low-A West,,451,28,,5,35,,109,,,,7,141,15,,0,,491,84,5,21,,1
682641,hitting,2019,16,DSL Giants,Dominican Summer League,,235,19,,2,24,,55,,,,12,85,7,,0,,270,60,4,20,,2
682641,hitting,2019,16,AZL Giants Orange,Arizona League,,16,1,,1,1,,5,,,,3,7,0,,0,,20,5,0,1,,0
682641,hitting,2019,16,,,,251,20,,3,25,,60,,,,15,92,7,,0,,290,65,4,21,,2
682641,hitting,2022,16,ACL Giants Black,Arizona Complex League,,7,1,,0,1,,2,,,,0,3,1,,0,,8,3,0,0,,0
682641,hitting,2023,1,San Francisco Giants,National League,,228,20,,0,13,,76,,,,3,57,2,,0,,253,24,0,3,,1
682641,hitting,2024,1,San Francisco Giants,National League,,150,5,,0,5,,45,,,,0,32,5,,1,,156,14,1,0,,0
682641,hitting,2025,1,San Francisco Giants,National League,,172,11,,0,9,,57,,,,0,38,8,,0,,184,26,1,4,,1
682641,hitting,2026,1,Milwaukee Brewers,National League,,20,1,,0,0,,9,,,,0,4,0,,0,,21,1,0,0,,0
682668,hitting,2024,11,Syracuse Mets,International League,,547,32,,14,20,,131,,,,2,141,7,,0,,587,90,4,40,,6
682668,hitting,2025,11,Syracuse Mets,International League,,109,9,,2,7,,28,,,,0,33,0,,0,,122,16,3,8,,1
682668,hitting,2022,12,Frisco RoughRiders,Texas League,,152,17,,3,6,,37,,,,0,34,3,,0,,169,21,0,12,,2
682668,hitting,2023,12,Frisco RoughRiders,Texas League,,362,37,,5,25,,84,,,,0,114,7,,0,,402,68,2,42,,2
682668,hitting,2023,12,Binghamton Rumble Ponies,Eastern League,,148,15,,5,3,,37,,,,2,36,2,,0,,167,25,2,15,,0
682668,hitting,2023,12,,,,510,52,,10,28,,121,,,,2,150,9,,0,,569,93,4,57,,2
682668,hitting,2022,13,Hickory Crawdads,South Atlantic League,,205,34,,6,10,,54,,,,1,65,8,,0,,240,45,0,28,,0
682668,hitting,2021,14,Down East Wood Ducks,Low-A East,,413,49,,11,15,,111,,,,4,110,12,,0,,473,77,7,44,,3
682668,hitting,2019,16,DSL Rangers 1,Dominican Summer League,,202,34,,6,11,,51,,,,2,69,2,,0,,240,61,2,17,,3
682668,hitting,2024,1,New York Mets,National League,,39,1,,1,2,,14,,,,0,12,3,,0,,40,6,0,0,,1
682668,hitting,2025,1,New York Mets,National League,,175,13,,1,7,,95,,,,2,41,0,,0,,193,30,1,16,,0
682668,hitting,2026,1,Chicago White Sox,American League,,166,7,,5,3,,77,,,,1,40,1,,0,,178,18,2,15,,0
682829,hitting,2023,11,Louisville Bats,International League,,158,26,,6,11,,38,,,,1,47,12,,0,,186,38,1,11,,3
682829,hitting,2026,11,Louisville Bats,International League,,8,1,,0,0,,3,,,,0,2,1,,0,,9,2,0,0,,0
682829,hitting,2022,12,Chattanooga Lookouts,Southern League,,190,16,,2,17,,47,,,,0,58,8,,1,,207,34,1,19,,3
682829,hitting,2022,13,Dayton Dragons,Midwest League,,281,24,,4,14,,73,,,,1,85,20,,1,,306,53,0,28,,6
682829,hitting,2021,14,Daytona Tortugas,Low-A Southeast,,197,10,,5,12,,50,,,,1,53,5,,0,,210,22,2,8,,7
682829,hitting,2019,16,DSL Reds,Dominican Summer League,,165,14,,6,11,,43,,,,4,47,1,,0,,186,24,2,3,,1
682829,hitting,2021,16,ACL Reds,Arizona Complex League,,50,4,,0,6,,11,,,,1,20,3,,0,,55,13,0,2,,2
682829,hitting,2023,1,Cincinnati Reds,National League,,388,35,,8,15,,98,,,,2,91,13,,3,,427,67,1,35,,7
682829,hitting,2024,1,Cincinnati Reds,National League,,618,69,,16,36,,160,,,,6,160,25,,2,,696,105,1,67,,10
682829,hitting,2025,1,Cincinnati Reds,National League,,629,67,,8,31,,162,,,,2,166,22,,10,,699,102,1,37,,7
682829,hitting,2026,1,Cincinnati Reds,National League,,358,43,,6,18,,90,,,,2,100,18,,0,,405,62,2,20,,5
682848,hitting,2022,11,Indianapolis Indians,International League,,22,0,,0,2,,6,,,,0,10,1,,0,,23,2,1,0,,1
682848,hitting,2023,11,Indianapolis Indians,International League,,272,36,,0,16,,67,,,,3,73,6,,0,,315,54,4,4,,3
682848,hitting,2024,11,Indianapolis Indians,International League,,15,1,,1,1,,4,,,,0,5,1,,0,,16,2,0,0,,0
682848,hitting,2025,11,Indianapolis Indians,International League,,26,3,,0,0,,8,,,,0,4,2,,0,,29,4,0,0,,0
682848,hitting,2026,11,Indianapolis Indians,International League,,120,19,,0,7,,36,,,,1,26,1,,0,,144,11,3,0,,0
682848,hitting,2022,12,Altoona Curve,Eastern League,,118,18,,0,14,,31,,,,1,42,8,,0,,138,27,1,1,,0
682848,hitting,2024,12,Altoona Curve,Eastern League,,24,1,,0,1,,6,,,,0,5,0,,0,,25,4,0,0,,0
682848,hitting,2022,13,Greensboro Grasshoppers,South Atlantic League,,318,42,,3,23,,88,,,,7,96,16,,1,,370,63,3,3,,3
682848,hitting,2021,14,Bradenton Marauders,Low-A Southeast,,377,50,,0,25,,98,,,,4,111,15,,0,,434,73,3,2,,6
682848,hitting,2018,16,DSL Mets 2,Dominican Summer League,,39,5,,2,2,,11,,,,0,15,0,,0,,45,7,1,1,,1
682848,hitting,2018,16,DSL Mets 1,Dominican Summer League,,76,15,,0,4,,24,,,,2,15,2,,0,,96,15,3,1,,1
682848,hitting,2018,16,,Dominican Summer League,,115,20,,2,6,,35,,,,2,30,2,,0,,141,22,4,2,,2
682848,hitting,2019,16,DSL Mets 1,Dominican Summer League,,27,5,,0,4,,9,,,,3,8,2,,0,,35,5,0,0,,0
682848,hitting,2019,16,GCL Mets,Gulf Coast League,,75,10,,0,10,,22,,,,3,22,0,,0,,90,14,1,4,,1
682848,hitting,2019,16,,,,102,15,,0,14,,31,,,,6,30,2,,0,,125,19,1,4,,1
682848,hitting,2023,1,Pittsburgh Pirates,National League,,186,17,,0,7,,57,,,,0,41,3,,0,,204,27,1,0,,2
682848,hitting,2025,1,Pittsburgh Pirates,National League,,52,5,,1,4,,18,,,,0,9,0,,0,,57,5,0,0,,0
682848,hitting,2026,1,Pittsburgh Pirates,National League,,116,22,,0,6,,39,,,,0,30,5,,0,,139,17,0,5,,0
682928,hitting,2022,11,El Paso Chihuahuas,Pacific Coast League,,140,8,,3,4,,30,,,,3,44,7,,0,,151,35,0,10,,1
682928,hitting,2022,11,Rochester Red Wings,International League,,31,2,,1,2,,8,,,,1,9,0,,0,,35,7,1,4,,0
682928,hitting,2022,11,,,,171,10,,4,6,,38,,,,4,53,7,,0,,186,42,1,14,,1
682928,hitting,2021,12,San Antonio Missions,Double-A Central,,162,15,,2,14,,42,,,,3,48,2,,0,,183,26,2,13,,0
682928,hitting,2025,12,Harrisburg Senators,Eastern League,,4,2,,0,0,,2,,,,0,0,0,,0,,7,0,1,0,,0
682928,hitting,2019,14,Fort Wayne TinCaps,Midwest League,,8,1,,0,1,,2,,,,0,2,0,,0,,9,1,0,1,,0
682928,hitting,2019,16,AZL Padres 1,Arizona League,,142,10,,6,12,,32,,,,2,57,3,,0,,156,40,2,14,,8
682928,hitting,2022,1,San Diego Padres,National League,,125,4,,2,5,,46,,,,6,29,2,,0,,139,16,2,1,,0
682928,hitting,2022,1,Washington Nationals,National League,,159,1,,2,7,,44,,,,3,41,0,,0,,163,17,0,6,,2
682928,hitting,2022,1,,National League,,284,5,,4,12,,90,,,,9,70,2,,0,,302,33,2,7,,2
682928,hitting,2023,1,Washington Nationals,National League,,563,32,,4,28,,151,,,,13,138,18,,2,,614,83,3,47,,6
682928,hitting,2024,1,Washington Nationals,National League,,541,40,,12,29,,138,,,,16,133,20,,3,,602,79,4,31,,6
682928,hitting,2025,1,Washington Nationals,National League,,580,37,,3,35,,144,,,,14,149,19,,1,,635,92,3,31,,5
682928,hitting,2026,1,Washington Nationals,National League,,400,42,,5,21,,107,,,,10,116,28,,2,,458,69,6,19,,2
682982,pitching,2025,11,Columbus Clippers,International League,1,5,0,5,,,3,1,1,0,0,,3,0,0.2,,21,,3,0,,1,
682982,pitching,2026,11,Columbus Clippers,International League,24,93,18,113,,,12,29,1,15,1,,20,3,25.2,,479,,12,1,,35,
682982,pitching,2022,12,Akron RubberDucks,Eastern League,13,64,4,68,,,5,4,4,7,0,,9,4,18.1,,273,,5,0,,35,
682982,pitching,2021,13,Lake County Captains,High-A Central,39,176,16,195,,,22,10,10,21,1,,30,7,49.0,,789,,23,1,,88,
682982,pitching,2021,14,Lynchburg Hillcats,Low-A East,27,157,23,180,,,16,10,10,32,0,,34,2,42.2,,720,,17,0,,64,
682982,pitching,2019,16,AZL Indians Red,Arizona League,10,46,5,53,,,3,6,6,5,1,,7,1,13.2,,134,,3,0,,16,
682982,pitching,2026,1,Cleveland Guardians,American League,3,23,4,27,,,3,6,0,3,0,,5,1,6.0,,120,,3,0,,12,
682982,pitching,2019,15,Mahoning Valley Scrappers,New York-Penn League,8,40,5,45,,,7,3,3,1,0,,9,1,10.0,,192,,8,0,,18,
682985,hitting,2021,11,Toledo Mud Hens,Triple-A East,,159,22,,0,9,,40,,,,3,49,8,,1,,185,36,1,4,,3
682985,hitting,2022,11,Toledo Mud Hens,International League,,62,6,,0,4,,15,,,,0,17,1,,0,,68,10,0,3,,0
682985,hitting,2023,11,Toledo Mud Hens,International League,,12,0,,0,1,,3,,,,0,6,1,,0,,12,3,0,0,,0
682985,hitting,2024,11,Toledo Mud Hens,International League,,6,0,,0,1,,2,,,,0,1,0,,0,,6,0,0,0,,0
682985,hitting,2021,12,Erie SeaWolves,Double-A Northeast,,326,41,,1,16,,84,,,,4,97,16,,1,,373,59,2,12,,5
682985,hitting,2019,14,West Michigan Whitecaps,Midwest League,,96,6,,0,2,,24,,,,3,21,2,,0,,108,13,3,4,,2
682985,hitting,2022,14,Lakeland Flying Tigers,Florida State League,,6,1,,1,0,,2,,,,0,2,0,,0,,7,0,0,1,,0
682985,hitting,2019,16,GCL Tigers West,Gulf Coast League,,37,5,,0,3,,9,,,,1,13,2,,0,,43,9,0,0,,0
682985,hitting,2022,1,Detroit Tigers,American League,,376,36,,4,18,,93,,,,3,95,5,,0,,418,46,3,1,,4
682985,hitting,2023,1,Detroit Tigers,American League,,378,35,,0,19,,99,,,,1,109,11,,0,,416,51,2,7,,4
682985,hitting,2024,1,Detroit Tigers,American League,,512,64,,2,27,,137,,,,5,134,24,,3,,584,82,2,4,,6
682985,hitting,2025,1,Detroit Tigers,American League,,600,46,,1,31,,157,,,,4,155,36,,1,,655,84,5,2,,1
682985,hitting,2026,1,Detroit Tigers,American League,,394,58,,1,24,,109,,,,2,109,15,,4,,459,58,5,3,,1
682985,hitting,2019,15,Connecticut Tigers,New York-Penn League,,88,11,,0,3,,24,,,,1,26,1,,0,,100,12,0,1,,1
682987,hitting,2025,11,Scranton/Wilkes-Barre RailRiders,International League,,263,26,,4,15,,67,,,,4,72,19,,0,,298,60,5,19,,1
682987,hitting,2026,11,Scranton/Wilkes-Barre RailRiders,International League,,194,31,,3,13,,54,,,,5,53,14,,0,,233,34,1,10,,0
682987,hitting,2023,12,Somerset Patriots,Eastern League,,69,7,,3,1,,17,,,,1,18,3,,0,,78,9,1,8,,0
682987,hitting,2024,12,Somerset Patriots,Eastern League,,482,54,,9,30,,122,,,,4,125,17,,2,,544,73,4,25,,6
682987,hitting,2025,12,Somerset Patriots,Eastern League,,175,32,,2,8,,49,,,,1,48,16,,0,,208,42,0,10,,0
682987,hitting,2023,13,Hudson Valley Renegades,South Atlantic League,,411,42,,9,28,,100,,,,2,110,13,,0,,459,62,2,35,,4
682987,hitting,2022,14,Tampa Tarpons,Florida State League,,83,10,,0,5,,22,,,,2,27,3,,0,,95,18,0,10,,0
682987,hitting,2022,16,FCL Yankees,Florida Complex League,,10,1,,0,1,,3,,,,0,5,1,,0,,11,3,0,2,,0
682987,hitting,2026,1,New York Yankees,American League,,89,12,,0,4,,37,,,,0,21,4,,0,,101,8,0,3,,0
682990,pitching,2022,11,Indianapolis Indians,International League,10,32,7,40,,,4,2,2,7,1,,5,1,9.1,,156,,4,0,,10,
682990,pitching,2023,11,Indianapolis Indians,International League,70,405,47,459,,,48,22,20,124,5,,97,6,108.0,,1760,,52,2,,116,
682990,pitching,2024,11,Indianapolis Indians,International League,20,125,7,135,,,12,7,7,42,1,,29,2,33.2,,529,,12,2,,36,
682990,pitching,2024,11,Worcester Red Sox,International League,32,147,12,162,,,23,9,9,38,1,,36,4,38.1,,616,,25,1,,42,
682990,pitching,2024,11,,International League,52,272,19,297,,,35,16,16,80,2,,65,6,72.0,,1145,,37,3,,78,
682990,pitching,2025,11,Worcester Red Sox,International League,2,18,0,19,,,2,1,1,4,0,,6,0,4.0,,87,,2,0,,6,
682990,pitching,2026,11,Nashville Sounds,International League,7,38,14,54,,,17,5,5,9,2,,14,1,8.2,,242,,17,0,,8,
682990,pitching,2022,12,Altoona Curve,Eastern League,55,282,22,312,,,24,15,15,86,6,,68,4,75.1,,1118,,30,1,,75,
682990,pitching,2021,13,Greensboro Grasshoppers,High-A East,67,365,39,407,,,33,20,20,119,2,,82,8,97.2,,1569,,40,1,,98,
682990,pitching,2022,13,Greensboro Grasshoppers,South Atlantic League,0,14,1,15,,,5,1,1,5,0,,6,1,2.2,,50,,5,0,,3,
682990,pitching,2026,13,Wisconsin Timber Rattlers,Midwest League,0,8,3,12,,,7,1,1,1,1,,5,0,1.1,,47,,7,0,,2,
682990,pitching,2022,14,Bradenton Marauders,Florida State League,3,9,0,10,,,0,1,1,5,1,,0,0,3.0,,37,,0,0,,1,
682990,pitching,2019,16,GCL Pirates,Gulf Coast League,19,122,10,140,,,11,8,7,0,4,,29,1,32.2,,253,,15,3,,37,
682990,pitching,2026,16,ACL Brewers,Arizona Complex League,3,21,7,30,,,4,2,2,8,1,,3,0,6.0,,125,,4,1,,8,
682990,pitching,2023,1,Pittsburgh Pirates,National League,37,200,27,234,,,43,10,8,73,3,,58,12,50.0,,866,,43,3,,36,
682990,pitching,2024,1,Pittsburgh Pirates,National League,36,184,13,201,,,25,10,6,67,2,,52,7,44.2,,722,,29,2,,31,
682990,pitching,2024,1,Boston Red Sox,American League,2,18,1,20,,,1,1,1,10,1,,4,0,5.0,,89,,1,0,,2,
682990,pitching,2024,1,,,38,202,14,221,,,26,11,7,77,3,,56,7,49.2,,811,,30,2,,33,
682990,pitching,2025,1,Milwaukee Brewers,National League,122,593,50,653,,,58,29,24,198,6,,145,18,157.1,,2468,,62,2,,132,
682990,pitching,2019,15,West Virginia Black Bears,New York-Penn League,0,14,4,19,,,2,1,1,7,1,,3,0,4.0,,75,,3,0,,4,
682998,hitting,2022,11,Reno Aces,Pacific Coast League,,129,24,,2,11,,33,,,,3,37,7,,0,,157,25,1,11,,0
682998,hitting,2022,12,Amarillo Sod Poodles,Texas League,,227,41,,3,11,,58,,,,7,71,16,,2,,277,62,2,20,,8
682998,hitting,2021,13,Hillsboro Hops,High-A West,,23,6,,1,1,,7,,,,0,10,2,,1,,29,9,0,3,,2
682998,hitting,2019,16,ACL D-backs,Arizona League,,111,24,,1,6,,31,,,,0,32,2,,1,,137,23,2,16,,3
682998,hitting,2022,16,ACL D-backs Red,Arizona Complex League,,6,2,,0,0,,2,,,,0,3,1,,0,,8,2,0,0,,0
682998,hitting,2025,16,ACL D-backs,Arizona Complex League,,2,2,,0,0,,1,,,,0,0,0,,1,,4,0,0,0,,0
682998,hitting,2022,1,Arizona Diamondbacks,National League,,104,8,,1,9,,32,,,,3,27,4,,0,,115,13,0,2,,2
682998,hitting,2023,1,Arizona Diamondbacks,National League,,565,57,,5,30,,155,,,,13,161,25,,1,,645,116,4,54,,10
682998,hitting,2024,1,Arizona Diamondbacks,National League,,589,73,,8,22,,158,,,,10,136,22,,0,,684,121,9,35,,14
682998,hitting,2025,1,Arizona Diamondbacks,National League,,564,67,,6,32,,143,,,,7,146,31,,4,,642,107,4,32,,17
682998,hitting,2026,1,Arizona Diamondbacks,National League,,397,53,,2,22,,106,,,,6,98,15,,2,,459,65,3,15,,12
682998,hitting,2019,15,Hillsboro Hops,Northwest League,,43,5,,0,3,,11,,,,1,14,0,,0,,49,13,0,2,,4
683002,hitting,2022,11,Norfolk Tides,International League,,250,38,,1,13,,65,,,,5,72,11,,0,,295,60,2,10,,4
683002,hitting,2025,11,Norfolk Tides,International League,,19,1,,0,0,,5,,,,0,5,2,,0,,20,2,0,0,,0
683002,hitting,2021,12,Bowie Baysox,Double-A Northeast,,15,2,,0,1,,5,,,,0,3,0,,0,,17,4,0,0,,0
683002,hitting,2022,12,Bowie Baysox,Eastern League,,157,41,,2,11,,47,,,,4,49,8,,0,,208,41,6,12,,3
683002,hitting,2021,13,Aberdeen IronBirds,High-A East,,243,40,,1,16,,65,,,,3,56,9,,0,,289,34,3,11,,3
683002,hitting,2021,14,Delmarva Shorebirds,Low-A East,,141,14,,1,11,,35,,,,0,44,8,,0,,157,30,2,5,,1
683002,hitting,2019,16,GCL Orioles,Gulf Coast League,,108,11,,2,5,,29,,,,1,28,1,,0,,121,21,1,2,,2
683002,hitting,2022,1,Baltimore Orioles,American League,,116,16,,1,7,,34,,,,0,30,4,,1,,132,12,0,1,,1
683002,hitting,2023,1,Baltimore Orioles,American League,,560,56,,3,29,,150,,,,3,143,28,,1,,622,100,3,10,,9
683002,hitting,2024,1,Baltimore Orioles,American League,,630,78,,4,31,,159,,,,7,177,37,,1,,719,118,4,21,,7
683002,hitting,2025,1,Baltimore Orioles,American League,,577,62,,5,34,,154,,,,7,158,17,,6,,651,85,5,30,,5
683002,hitting,2026,1,Baltimore Orioles,American League,,452,38,,4,19,,109,,,,8,99,18,,2,,500,63,2,8,,4
683003,pitching,2023,11,Indianapolis Indians,International League,79,308,34,350,,,43,16,15,60,4,,74,9,82.0,,1379,,44,3,,99,
683003,pitching,2024,11,Indianapolis Indians,International League,7,40,3,43,,,6,3,3,8,0,,9,1,11.0,,187,,7,0,,16,
683003,pitching,2026,11,Indianapolis Indians,International League,4,27,4,32,,,4,2,2,8,1,,7,1,7.1,,130,,4,0,,8,
683003,pitching,2023,12,Altoona Curve,Eastern League,52,159,16,179,,,11,10,10,28,4,,32,3,44.1,,688,,11,0,,47,
683003,pitching,2026,12,Altoona Curve,Eastern League,6,30,2,32,,,2,2,2,7,0,,6,0,8.1,,119,,2,0,,11,
683003,pitching,2022,13,Greensboro Grasshoppers,South Atlantic League,113,467,51,532,,,63,26,26,101,10,,115,19,122.2,,2050,,68,4,,142,
683003,pitching,2021,14,Bradenton Marauders,Low-A Southeast,41,257,34,302,,,34,18,15,50,11,,63,6,66.0,,1167,,44,0,,103,
683003,pitching,2026,14,Bradenton Marauders,Florida State League,3,9,0,9,,,0,1,1,1,0,,0,0,3.0,,41,,0,0,,5,
683003,pitching,2024,1,Pittsburgh Pirates,National League,118,456,39,504,,,56,22,22,104,5,,106,18,121.2,,1912,,60,4,,132,
683003,pitching,2026,1,Pittsburgh Pirates,National League,57,192,15,208,,,22,11,11,40,0,,38,7,52.0,,811,,23,0,,58,
683004,pitching,2023,11,Round Rock Express,Pacific Coast League,6,18,2,20,,,3,1,1,0,0,,8,2,3.1,,79,,3,0,,4,
683004,pitching,2024,11,Round Rock Express,Pacific Coast League,63,286,35,330,,,30,17,16,55,5,,62,10,77.0,,1331,,35,3,,110,
683004,pitching,2025,11,Round Rock Express,Pacific Coast League,4,14,1,15,,,0,1,1,5,0,,1,0,4.2,,60,,0,0,,4,
683004,pitching,2022,12,Frisco RoughRiders,Texas League,98,357,56,425,,,57,23,22,64,8,,88,11,92.2,,1781,,69,2,,109,
683004,pitching,2023,12,Frisco RoughRiders,Texas League,74,297,47,351,,,46,19,19,48,5,,67,14,81.2,,1491,,48,2,,110,
683004,pitching,2024,1,Texas Rangers,American League,43,148,17,173,,,35,9,6,34,3,,44,7,35.2,,669,,39,3,,31,
683004,pitching,2025,1,Texas Rangers,American League,178,571,67,646,,,65,29,29,121,5,,127,18,151.2,,2584,,69,2,,148,
683004,pitching,2026,1,Texas Rangers,American League,88,314,35,355,,,47,15,15,65,4,,80,14,80.0,,1397,,50,2,,83,
683011,hitting,2022,11,Scranton/Wilkes-Barre RailRiders,International League,,89,8,,1,4,,22,,,,2,21,3,,0,,99,15,0,6,,1
683011,hitting,2026,11,Scranton/Wilkes-Barre RailRiders,International League,,39,1,,0,2,,9,,,,1,8,1,,0,,42,6,1,2,,0
683011,hitting,2022,12,Somerset Patriots,Eastern League,,422,57,,6,31,,110,,,,10,106,18,,0,,497,71,8,44,,4
683011,hitting,2026,12,Somerset Patriots,Eastern League,,29,4,,0,0,,9,,,,0,7,0,,0,,34,5,1,2,,0
683011,hitting,2021,13,Hudson Valley Renegades,High-A East,,213,27,,4,17,,55,,,,12,61,15,,1,,256,57,4,12,,1
683011,hitting,2021,14,Tampa Tarpons,Low-A Southeast,,199,51,,5,18,,54,,,,6,60,12,,0,,257,56,1,21,,5
683011,hitting,2023,1,New York Yankees,American League,,541,52,,5,23,,159,,,,5,113,21,,0,,601,62,2,24,,4
683011,hitting,2024,1,New York Yankees,American League,,637,42,,7,27,,160,,,,4,155,12,,1,,689,90,3,28,,7
683011,hitting,2025,1,New York Yankees,American League,,539,43,,8,32,,153,,,,4,114,19,,0,,596,65,7,18,,4
683011,hitting,2026,1,New York Yankees,American League,,168,22,,4,9,,55,,,,0,41,1,,0,,191,20,1,7,,1
683146,hitting,2022,11,Syracuse Mets,International League,,22,3,,1,0,,6,,,,1,8,0,,0,,26,3,0,0,,0
683146,hitting,2023,11,Syracuse Mets,International League,,104,16,,2,4,,26,,,,0,31,10,,0,,121,20,1,2,,0
683146,hitting,2024,11,Syracuse Mets,International League,,230,33,,0,10,,62,,,,3,58,16,,0,,269,37,3,1,,0
683146,hitting,2025,11,Syracuse Mets,International League,,10,1,,0,2,,3,,,,0,3,0,,0,,11,2,0,0,,0
683146,hitting,2021,12,Binghamton Rumble Ponies,Double-A Northeast,,151,22,,0,8,,40,,,,1,41,5,,0,,176,16,2,2,,0
683146,hitting,2022,12,Binghamton Rumble Ponies,Eastern League,,340,46,,3,22,,89,,,,8,106,19,,0,,394,73,0,2,,0
683146,hitting,2021,13,Brooklyn Cyclones,High-A East,,181,24,,3,14,,51,,,,3,56,7,,0,,209,27,1,4,,1
683146,hitting,2019,16,GCL Mets,Gulf Coast League,,20,5,,0,3,,5,,,,0,7,1,,0,,25,5,0,0,,0
683146,hitting,2022,1,New York Mets,National League,,38,2,,0,0,,11,,,,1,7,2,,0,,42,4,0,0,,0
683146,hitting,2023,1,New York Mets,National League,,353,29,,0,12,,108,,,,2,75,9,,0,,389,41,1,2,,0
683146,hitting,2024,1,New York Mets,National League,,153,16,,0,3,,50,,,,1,35,4,,1,,171,15,0,0,,0
683146,hitting,2025,1,New York Mets,National League,,393,33,,0,13,,130,,,,2,100,18,,0,,432,53,3,8,,2
683146,hitting,2026,1,New York Mets,National League,,318,31,,1,13,,103,,,,3,70,6,,0,,357,40,4,5,,1
683146,hitting,2019,15,Brooklyn Cyclones,New York-Penn League,,10,6,,0,1,,4,,,,1,2,0,,0,,17,2,0,0,,0
683175,pitching,2023,11,Louisville Bats,International League,31,147,30,178,,,21,11,10,40,1,,33,1,40.1,,764,,21,0,,43,
683175,pitching,2024,11,Louisville Bats,International League,83,319,60,391,,,70,19,19,65,7,,99,16,78.2,,1565,,73,5,,77,
683175,pitching,2025,11,Louisville Bats,International League,34,113,21,142,,,11,31,0,28,5,,18,3,34.1,,581,,13,2,,36,
683175,pitching,2026,11,Louisville Bats,International League,11,63,17,83,,,13,15,0,12,2,,15,0,16.2,,355,,13,0,,26,
683175,pitching,2022,12,Chattanooga Lookouts,Southern League,51,179,34,217,,,25,12,12,23,1,,48,3,45.2,,972,,26,3,,60,
683175,pitching,2023,12,Chattanooga Lookouts,Southern League,48,250,27,284,,,24,14,14,34,6,,58,9,64.2,,1233,,29,1,,111,
683175,pitching,2021,13,Everett AquaSox,High-A West,5,15,2,18,,,1,1,1,1,1,,2,1,4.0,,87,,3,0,,7,
683175,pitching,2022,13,Dayton Dragons,Midwest League,38,216,32,256,,,21,12,12,50,7,,39,5,64.0,,1059,,23,1,,90,
683175,pitching,2025,13,Dayton Dragons,Midwest League,2,13,2,16,,,1,3,0,3,0,,3,0,3.2,,59,,1,0,,6,
683175,pitching,2021,14,Modesto Nuts,Low-A West,62,271,44,322,,,38,16,16,46,4,,62,1,72.0,,1318,,42,3,,104,
683175,pitching,2023,1,Cincinnati Reds,National League,27,82,13,96,,,16,5,5,11,1,,18,5,20.2,,381,,16,0,,26,
683175,pitching,2025,1,Cincinnati Reds,National League,26,83,12,98,,,8,21,0,15,2,,11,3,25.0,,377,,9,1,,32,
683175,pitching,2026,1,Cincinnati Reds,National League,38,101,28,133,,,17,25,0,15,3,,21,3,27.2,,546,,18,1,,28,
683357,hitting,2024,11,Iowa Cubs,International League,,472,71,,2,29,,127,,,,4,131,19,,3,,549,69,2,11,,3
683357,hitting,2025,11,Iowa Cubs,International League,,370,57,,4,28,,99,,,,4,106,22,,0,,433,74,2,5,,2
683357,hitting,2026,11,Jacksonville Jumbo Shrimp,International League,,7,5,,0,0,,3,,,,1,3,2,,0,,13,3,0,0,,0
683357,hitting,2023,12,Tennessee Smokies,Southern League,,439,76,,9,31,,120,,,,7,127,22,,0,,528,77,5,7,,2
683357,hitting,2022,13,South Bend Cubs,Midwest League,,378,50,,6,21,,105,,,,5,96,11,,0,,433,57,0,11,,1
683357,hitting,2021,14,Myrtle Beach Pelicans,Low-A East,,73,16,,0,4,,22,,,,0,17,1,,0,,90,15,1,0,,0
683357,hitting,2021,16,ACL Cubs,Arizona Complex League,,109,26,,2,7,,32,,,,1,38,6,,0,,136,20,0,1,,1
683357,hitting,2025,1,Chicago Cubs,National League,,26,1,,0,1,,12,,,,0,5,1,,0,,27,4,0,0,,0
683357,hitting,2026,1,Miami Marlins,National League,,218,18,,1,12,,80,,,,3,52,12,,0,,246,30,7,4,,0
683737,hitting,2022,11,Oklahoma City Dodgers,Pacific Coast League,,444,50,,2,32,,111,,,,5,118,21,,0,,504,87,5,3,,0
683737,hitting,2023,11,Oklahoma City Dodgers,Pacific Coast League,,390,65,,0,26,,98,,,,11,126,27,,1,,469,85,3,4,,4
683737,hitting,2021,12,Tulsa Drillers,Double-A Central,,409,70,,3,27,,107,,,,12,109,20,,0,,495,84,4,2,,1
683737,hitting,2022,12,Tulsa Drillers,Texas League,,108,24,,0,6,,31,,,,4,33,11,,0,,137,31,1,1,,0
683737,hitting,2019,14,Great Lakes Loons,Midwest League,,11,6,,0,0,,5,,,,1,2,0,,0,,19,4,1,0,,0
683737,hitting,2019,16,AZL Dodgers Lasorda,Arizona League,,13,1,,0,0,,5,,,,2,1,0,,0,,16,1,0,0,,0
683737,hitting,2023,1,Los Angeles Dodgers,National League,,72,8,,0,3,,27,,,,0,12,2,,0,,81,9,1,1,,0
683737,hitting,2024,1,Chicago Cubs,National League,,496,63,,1,28,,152,,,,4,123,21,,1,,567,73,4,2,,2
683737,hitting,2025,1,Chicago Cubs,National League,,524,56,,0,25,,155,,,,10,137,34,,2,,592,78,2,4,,5
683737,hitting,2026,1,Chicago Cubs,National League,,412,66,,1,18,,109,,,,10,99,13,,1,,492,48,4,2,,2
683953,hitting,2025,11,Columbus Clippers,International League,,89,29,,1,3,,26,,,,1,20,4,,0,,120,21,0,2,,2
683953,hitting,2026,11,Columbus Clippers,International League,,94,21,,2,11,,24,,,,1,27,2,,0,,117,18,0,8,,2
683953,hitting,2025,12,Akron RubberDucks,Eastern League,,195,29,,1,12,,51,,,,4,50,5,,0,,228,43,0,9,,3
683953,hitting,2024,13,Lake County Captains,Midwest League,,101,17,,0,7,,27,,,,4,24,3,,0,,122,20,0,5,,0
683953,hitting,2025,16,ACL Guardians,Arizona Complex League,,18,8,,0,2,,7,,,,0,4,0,,0,,26,7,0,1,,0
683953,hitting,2026,1,Cleveland Guardians,American League,,299,40,,4,14,,80,,,,4,72,9,,1,,346,37,3,15,,2
686217,hitting,2022,11,Nashville Sounds,International League,,189,19,,3,11,,46,,,,5,69,4,,0,,217,38,1,9,,2
686217,hitting,2023,11,Nashville Sounds,International League,,158,19,,4,7,,40,,,,2,39,2,,0,,183,25,1,8,,1
686217,hitting,2022,12,Biloxi Shuckers,Southern League,,224,20,,2,12,,52,,,,4,71,5,,2,,253,40,2,9,,3
686217,hitting,2021,13,Wisconsin Timber Rattlers,High-A Central,,60,10,,0,1,,15,,,,1,10,1,,1,,71,7,0,3,,1
686217,hitting,2022,13,Wisconsin Timber Rattlers,Midwest League,,79,13,,3,5,,21,,,,0,23,2,,1,,92,12,0,6,,1
686217,hitting,2021,14,Carolina Mudcats,Low-A East,,71,9,,2,6,,16,,,,0,31,1,,0,,81,17,1,6,,1
686217,hitting,2021,16,ACL Brewers Gold,Arizona Complex League,,15,2,,0,1,,4,,,,0,7,0,,0,,17,4,0,3,,1
686217,hitting,2023,16,ACL Brewers,Arizona Complex League,,9,3,,0,2,,3,,,,0,3,0,,0,,12,4,0,0,,0
686217,hitting,2023,1,Milwaukee Brewers,National League,,191,28,,0,9,,57,,,,1,47,3,,0,,223,29,3,7,,1
686217,hitting,2024,1,Milwaukee Brewers,National League,,475,39,,3,22,,145,,,,4,123,2,,0,,524,66,1,18,,4
686217,hitting,2025,1,Milwaukee Brewers,National League,,528,47,,6,20,,142,,,,7,152,12,,0,,594,76,5,19,,3
686217,hitting,2026,1,Milwaukee Brewers,National League,,276,25,,2,14,,90,,,,2,65,4,,1,,313,33,3,6,,0
686610,pitching,2022,11,Scranton/Wilkes-Barre RailRiders,International League,34,174,23,206,,,19,11,11,34,7,,38,5,47.2,,850,,20,0,,70,
686610,pitching,2022,11,Las Vegas Aviators,Pacific Coast League,18,75,3,79,,,7,4,4,16,1,,20,3,18.2,,322,,9,0,,21,
686610,pitching,2022,11,,,52,249,26,285,,,26,15,15,50,8,,58,8,66.1,,1172,,29,0,,91,
686610,pitching,2025,11,Las Vegas Aviators,Pacific Coast League,45,209,42,253,,,49,16,15,38,1,,63,13,51.0,,1095,,52,1,,64,
686610,pitching,2021,12,Somerset Patriots,Double-A Northeast,68,294,38,340,,,37,16,14,56,6,,64,13,79.1,,1384,,44,1,,108,
686610,pitching,2022,12,Somerset Patriots,Eastern League,20,101,10,112,,,4,6,6,19,1,,16,2,28.2,,444,,6,0,,46,
686610,pitching,2021,13,Hudson Valley Renegades,High-A East,23,100,13,113,,,0,7,7,10,0,,12,0,30.2,,486,,0,0,,55,
686610,pitching,2025,14,Stockton Ports,California League,5,10,0,11,,,0,1,1,0,1,,1,0,3.0,,42,,0,0,,4,
686610,pitching,2022,1,Oakland Athletics,American League,38,131,10,146,,,19,7,7,29,4,,32,5,34.2,,586,,19,1,,33,
686610,pitching,2023,1,Oakland Athletics,American League,153,550,71,639,,,84,35,22,124,9,,149,24,141.0,,2553,,93,6,,132,
686610,pitching,2026,1,Washington Nationals,National League,10,34,6,41,,,7,5,0,8,1,,8,4,9.1,,149,,7,0,,8,
686611,hitting,2024,11,Rochester Red Wings,International League,,211,20,,2,10,,49,,,,5,56,8,,0,,238,34,2,10,,3
686611,hitting,2025,11,Rochester Red Wings,International League,,41,1,,0,1,,13,,,,3,10,2,,0,,45,5,0,1,,0
686611,hitting,2026,11,Rochester Red Wings,International League,,155,19,,2,10,,41,,,,2,40,5,,1,,177,30,1,7,,1
686611,hitting,2023,12,Harrisburg Senators,Eastern League,,72,8,,3,5,,20,,,,4,15,0,,0,,85,7,1,3,,0
686611,hitting,2024,12,Harrisburg Senators,Eastern League,,186,16,,3,11,,51,,,,5,51,5,,0,,211,26,3,15,,3
686611,hitting,2023,14,Fredericksburg Nationals,Carolina League,,62,6,,3,3,,14,,,,2,22,5,,0,,71,16,1,1,,0
686611,hitting,2023,16,FCL Nationals,Florida Complex League,,3,0,,0,1,,1,,,,0,3,0,,0,,3,3,0,0,,0
686611,hitting,2024,1,Washington Nationals,National League,,119,11,,3,5,,31,,,,1,26,3,,0,,132,12,1,12,,1
686611,hitting,2025,1,Washington Nationals,National League,,293,24,,5,8,,85,,,,5,61,10,,0,,322,43,0,17,,2
686611,hitting,2026,1,Washington Nationals,National League,,219,18,,0,8,,59,,,,7,50,9,,0,,244,34,0,7,,0
686613,pitching,2021,11,Sugar Land Skeeters,Triple-A West,32,191,21,216,,,22,11,8,60,1,,47,6,51.0,,834,,24,2,,55,
686613,pitching,2022,11,Sugar Land Space Cowboys,Pacific Coast League,69,377,45,426,,,30,23,14,106,2,,70,5,106.0,,1779,,35,2,,134,
686613,pitching,2026,11,Sugar Land Space Cowboys,Pacific Coast League,6,44,3,47,,,3,3,3,15,0,,7,2,12.1,,179,,4,0,,16,
686613,pitching,2021,12,Corpus Christi Hooks,Double-A Central,28,184,29,217,,,23,13,11,37,2,,45,6,49.1,,922,,23,1,,76,
686613,pitching,2026,12,Corpus Christi Hooks,Texas League,0,7,0,7,,,0,1,1,1,0,,1,0,2.0,,35,,0,0,,5,
686613,pitching,2022,1,Houston Astros,American League,10,73,7,80,,,2,7,2,26,0,,15,0,20.1,,309,,2,0,,22,
686613,pitching,2023,1,Houston Astros,American League,107,599,55,665,,,88,31,29,159,9,,157,26,155.2,,2720,,94,2,,178,
686613,pitching,2024,1,Houston Astros,American League,145,645,60,712,,,66,31,30,167,5,,156,18,170.0,,2889,,71,2,,179,
686613,pitching,2025,1,Houston Astros,American League,148,661,57,729,,,50,31,31,178,7,,133,17,185.1,,2962,,55,2,,206,
686613,pitching,2026,1,Houston Astros,American League,41,188,30,223,,,20,10,10,55,4,,38,6,52.2,,926,,22,1,,55,
686752,pitching,2021,11,Oklahoma City Dodgers,Triple-A West,41,177,21,202,,,33,11,9,38,2,,54,12,41.2,,785,,41,1,,46,
686752,pitching,2022,11,Oklahoma City Dodgers,Pacific Coast League,74,321,36,369,,,26,19,17,72,10,,62,10,91.1,,1470,,27,1,,114,
686752,pitching,2023,11,Oklahoma City Dodgers,Pacific Coast League,27,87,5,93,,,10,6,6,14,0,,21,4,22.2,,375,,10,1,,26,
686752,pitching,2021,12,Tulsa Drillers,Double-A Central,61,202,26,233,,,19,15,13,32,3,,30,7,59.2,,957,,19,2,,81,
686752,pitching,2024,12,Montgomery Biscuits,Southern League,2,11,2,13,,,0,1,1,1,0,,1,0,3.1,,69,,0,0,,7,
686752,pitching,2019,14,Great Lakes Loons,Midwest League,18,66,9,76,,,5,9,9,1,1,,13,0,18.1,,307,,6,0,,21,
686752,pitching,2019,16,AZL Dodgers Mota,Arizona League,0,17,4,22,,,0,4,1,3,1,,2,0,5.0,,54,,0,0,,10,
686752,pitching,2022,1,Los Angeles Dodgers,National League,45,130,27,160,,,14,9,7,17,3,,26,6,36.1,,737,,15,0,,42,
686752,pitching,2023,1,Los Angeles Dodgers,National League,48,151,5,159,,,10,8,3,38,3,,27,7,42.0,,654,,10,0,,38,
686752,pitching,2024,1,Tampa Bay Rays,American League,146,481,48,539,,,52,26,26,93,7,,102,17,130.0,,2149,,58,2,,142,
686752,pitching,2025,1,Tampa Bay Rays,American League,176,607,61,679,,,72,31,31,134,6,,134,26,167.2,,2699,,77,3,,167,
686796,pitching,2023,11,Reno Aces,Pacific Coast League,187,560,93,666,,,75,30,30,131,9,,142,9,149.1,,2600,,81,2,,104,
686796,pitching,2024,11,Reno Aces,Pacific Coast League,61,251,31,293,,,35,14,13,56,7,,69,8,65.0,,1130,,36,2,,68,
686796,pitching,2022,12,Amarillo Sod Poodles,Texas League,109,411,39,459,,,61,21,21,81,4,,115,16,106.1,,1752,,63,2,,110,
686796,pitching,2021,13,Hillsboro Hops,High-A West,58,206,16,226,,,24,11,11,42,1,,52,12,52.1,,863,,33,2,,57,
686796,pitching,2022,13,Hillsboro Hops,Northwest League,15,65,7,73,,,5,4,4,11,0,,13,0,17.2,,308,,5,1,,27,
686796,pitching,2021,14,Visalia Rawhide,Low-A West,33,163,17,180,,,16,8,8,36,0,,34,4,43.1,,679,,18,0,,60,
686796,pitching,2019,16,ACL D-backs,Arizona League,1,17,0,17,,,1,3,2,2,0,,2,0,5.0,,70,,1,0,,11,
686796,pitching,2024,1,Arizona Diamondbacks,National League,23,70,10,83,,,9,7,2,13,3,,16,4,18.1,,343,,12,0,,18,
686796,pitching,2019,15,Hillsboro Hops,Northwest League,6,23,2,25,,,2,3,3,2,0,,6,0,6.0,,99,,2,0,,6,
686797,hitting,2023,11,St. Paul Saints,International League,,152,15,,0,8,,38,,,,0,36,5,,0,,168,20,1,1,,3
686797,hitting,2024,11,St. Paul Saints,International League,,104,10,,0,7,,25,,,,0,32,8,,0,,114,22,0,1,,0
686797,hitting,2025,11,St. Paul Saints,International League,,10,1,,0,0,,3,,,,0,3,0,,0,,11,0,0,0,,0
686797,hitting,2022,12,Wichita Wind Surge,Texas League,,8,0,,0,0,,2,,,,0,3,0,,0,,8,1,0,0,,0
686797,hitting,2023,12,Wichita Wind Surge,Texas League,,349,41,,4,31,,87,,,,2,102,11,,1,,399,63,5,6,,0
686797,hitting,2022,13,Cedar Rapids Kernels,Midwest League,,97,16,,2,4,,25,,,,1,28,4,,0,,114,14,0,0,,0
686797,hitting,2024,14,Fort Myers Mighty Mussels,Florida State League,,18,3,,0,1,,5,,,,0,6,0,,0,,21,2,0,1,,0
686797,hitting,2025,14,Fort Myers Mighty Mussels,Florida State League,,3,0,,0,0,,1,,,,0,0,0,,0,,3,0,0,0,,0
686797,hitting,2022,16,FCL Twins,Florida Complex League,,17,0,,0,2,,4,,,,0,6,0,,0,,17,2,0,0,,0
686797,hitting,2024,16,FCL Twins,Florida Complex League,,20,1,,0,2,,5,,,,0,9,0,,0,,21,5,0,0,,0
686797,hitting,2024,1,Minnesota Twins,American League,,172,11,,0,6,,50,,,,0,38,3,,2,,185,9,2,3,,1
686797,hitting,2025,1,Minnesota Twins,American League,,487,31,,1,15,,139,,,,4,115,16,,0,,527,50,5,3,,1
686797,hitting,2026,1,Minnesota Twins,American League,,391,31,,4,16,,107,,,,2,95,16,,0,,426,50,1,7,,3
686894,hitting,2022,11,Nashville Sounds,International League,,150,21,,2,15,,43,,,,0,43,6,,0,,174,24,3,6,,1
686894,hitting,2023,11,Nashville Sounds,International League,,19,1,,0,0,,5,,,,0,2,1,,0,,21,3,1,0,,0
686894,hitting,2024,11,Nashville Sounds,International League,,190,43,,4,13,,53,,,,2,46,3,,0,,235,29,0,6,,0
686894,hitting,2024,11,Louisville Bats,International League,,105,12,,0,2,,30,,,,1,20,0,,0,,118,12,0,4,,1
686894,hitting,2024,11,,International League,,295,55,,4,15,,83,,,,3,66,3,,0,,353,41,0,10,,1
686894,hitting,2025,11,Omaha Storm Chasers,International League,,253,34,,1,6,,72,,,,6,46,9,,0,,296,32,3,12,,0
686894,hitting,2025,11,Jacksonville Jumbo Shrimp,International League,,33,7,,1,5,,10,,,,1,12,2,,0,,41,6,0,1,,0
686894,hitting,2025,11,,International League,,286,41,,2,11,,82,,,,7,58,11,,0,,337,38,3,13,,0
686894,hitting,2026,11,Rochester Red Wings,International League,,144,16,,1,6,,41,,,,1,29,1,,0,,162,17,1,2,,0
686894,hitting,2022,12,Biloxi Shuckers,Southern League,,334,34,,1,19,,84,,,,5,81,15,,1,,374,57,1,25,,1
686894,hitting,2021,13,Wisconsin Timber Rattlers,High-A Central,,128,18,,2,7,,34,,,,4,43,14,,4,,152,33,2,8,,0
686894,hitting,2021,14,Carolina Mudcats,Low-A East,,268,45,,4,11,,75,,,,6,74,13,,1,,320,53,1,22,,2
686894,hitting,2023,1,Milwaukee Brewers,National League,,367,36,,4,19,,132,,,,5,75,13,,0,,410,48,2,11,,0
686894,hitting,2024,1,Milwaukee Brewers,National League,,26,1,,1,0,,19,,,,0,4,0,,0,,27,2,0,1,,0
686894,hitting,2024,1,Cincinnati Reds,National League,,0,1,,0,0,,2,,,,0,0,0,,0,,1,0,0,0,,0
686894,hitting,2024,1,,National League,,26,2,,1,0,,21,,,,0,4,0,,0,,28,2,0,1,,0
686894,hitting,2025,1,Miami Marlins,National League,,55,2,,0,2,,27,,,,2,13,3,,1,,61,7,2,0,,0
686894,hitting,2026,1,Washington Nationals,National League,,70,12,,0,5,,32,,,,1,20,3,,0,,83,16,0,1,,1
686948,hitting,2023,11,Gwinnett Stripers,International League,,12,0,,0,0,,3,,,,0,4,1,,0,,12,2,0,0,,0
686948,hitting,2024,11,Gwinnett Stripers,International League,,275,52,,0,13,,72,,,,2,82,12,,0,,334,40,5,1,,1
686948,hitting,2026,11,Gwinnett Stripers,International League,,3,0,,0,0,,1,,,,0,1,1,,0,,3,1,0,0,,0
686948,hitting,2023,12,Mississippi Braves,Southern League,,53,6,,0,1,,14,,,,0,17,1,,0,,59,4,0,0,,0
686948,hitting,2024,12,Mississippi Braves,Southern League,,193,20,,1,6,,52,,,,1,47,4,,0,,217,18,3,1,,0
686948,hitting,2023,13,Rome Braves,South Atlantic League,,335,61,,0,25,,92,,,,8,87,14,,1,,405,57,1,0,,1
686948,hitting,2022,14,Augusta GreenJackets,Carolina League,,81,18,,0,3,,21,,,,2,20,0,,0,,101,13,0,1,,0
686948,hitting,2022,16,FCL Braves,Florida Complex League,,8,1,,0,2,,3,,,,0,3,0,,0,,10,2,1,0,,0
686948,hitting,2025,1,Atlanta Braves,National League,,405,38,,0,18,,124,,,,3,111,19,,0,,446,56,0,0,,2
686948,hitting,2026,1,Atlanta Braves,National League,,342,43,,1,7,,88,,,,7,94,20,,2,,393,61,1,2,,0
687075,pitching,2024,11,Syracuse Mets,International League,25,115,11,129,,,24,7,7,33,2,,36,7,28.2,,463,,25,0,,21,
687075,pitching,2025,11,Syracuse Mets,International League,96,445,53,512,,,57,26,25,141,11,,97,9,121.0,,2002,,62,2,,113,
687075,pitching,2024,12,Binghamton Rumble Ponies,Eastern League,50,215,15,232,,,17,11,11,51,0,,39,6,62.1,,913,,17,1,,77,
687075,pitching,2024,13,Brooklyn Cyclones,South Atlantic League,13,85,16,102,,,3,6,5,27,1,,12,1,25.1,,432,,4,0,,33,
687075,pitching,2025,1,New York Mets,National League,16,74,7,84,,,11,4,4,24,2,,18,0,20.2,,290,,11,1,,17,
687075,pitching,2026,1,Milwaukee Brewers,National League,86,341,46,398,,,52,20,18,78,9,,83,17,92.2,,1654,,53,0,,96,
687221,hitting,2024,11,Oklahoma City Baseball Club,Pacific Coast League,,139,26,,1,6,,37,,,,3,38,9,,0,,169,25,1,2,,0
687221,hitting,2025,11,Oklahoma City Comets,Pacific Coast League,,118,26,,0,7,,35,,,,2,37,5,,1,,149,26,3,1,,1
687221,hitting,2024,12,Tulsa Drillers,Texas League,,281,38,,2,15,,77,,,,12,76,17,,1,,334,44,2,0,,1
687221,hitting,2023,13,Great Lakes Loons,Midwest League,,290,72,,0,18,,89,,,,16,66,15,,0,,381,55,3,1,,1
687221,hitting,2022,14,Rancho Cucamonga Quakes,California League,,99,21,,0,11,,28,,,,6,42,8,,1,,128,27,2,1,,0
687221,hitting,2022,16,ACL Dodgers,Arizona Complex League,,5,1,,0,0,,2,,,,0,0,0,,0,,6,0,0,0,,0
687221,hitting,2025,1,Los Angeles Dodgers,National League,,142,10,,0,5,,53,,,,1,29,4,,0,,155,15,2,0,,0
687221,hitting,2026,1,Los Angeles Dodgers,National League,,214,23,,0,12,,73,,,,4,55,12,,0,,242,37,1,0,,0
687263,hitting,2023,11,Salt Lake Bees,Pacific Coast League,,13,1,,0,1,,4,,,,2,4,2,,0,,16,5,0,0,,0
687263,hitting,2025,11,Salt Lake Bees,Pacific Coast League,,49,7,,2,3,,13,,,,2,14,4,,0,,58,16,0,1,,0
687263,hitting,2022,12,Rocket City Trash Pandas,Southern League,,122,8,,2,9,,30,,,,5,39,4,,0,,136,22,1,4,,0
687263,hitting,2023,12,Rocket City Trash Pandas,Southern League,,27,6,,0,1,,7,,,,1,12,3,,1,,34,10,0,3,,0
687263,hitting,2022,13,Tri-City Dust Devils,Northwest League,,25,4,,0,0,,7,,,,2,5,1,,0,,31,2,0,1,,1
687263,hitting,2023,1,Los Angeles Angels,American League,,289,20,,1,17,,84,,,,16,65,9,,0,,329,38,3,5,,0
687263,hitting,2024,1,Los Angeles Angels,American League,,542,39,,10,34,,155,,,,16,135,23,,1,,602,70,1,30,,1
687263,hitting,2025,1,Los Angeles Angels,American League,,502,33,,9,29,,128,,,,14,129,26,,6,,554,82,3,26,,1
687263,hitting,2026,1,Los Angeles Angels,American League,,422,49,,10,21,,107,,,,8,98,19,,1,,480,73,1,14,,3
687273,pitching,2024,11,Memphis Redbirds,International League,12,64,14,79,,,12,4,4,13,0,,18,1,16.2,,332,,12,0,,22,
687273,pitching,2025,11,Memphis Redbirds,International League,81,339,74,422,,,41,22,22,80,3,,76,6,94.0,,1726,,44,4,,107,
687273,pitching,2026,11,Memphis Redbirds,International League,66,311,52,372,,,32,19,19,84,5,,53,12,92.0,,1513,,37,2,,111,
687273,pitching,2024,12,Springfield Cardinals,Texas League,45,188,15,207,,,14,9,9,39,3,,35,3,52.1,,835,,16,0,,70,
687273,pitching,2024,13,Peoria Chiefs,Midwest League,32,150,9,167,,,13,7,7,39,5,,24,2,43.2,,630,,14,3,,58,
687273,pitching,2024,14,Palm Beach Cardinals,Florida State League,15,105,11,117,,,5,6,6,24,1,,14,2,30.2,,494,,6,0,,52,
687273,pitching,2025,14,Palm Beach Cardinals,Florida State League,2,11,0,11,,,0,1,1,3,0,,2,0,3.0,,45,,0,0,,4,
687273,pitching,2025,16,FCL Cardinals,Florida Complex League,0,7,0,7,,,0,1,1,2,0,,1,0,2.0,,26,,0,0,,4,
687273,pitching,2026,1,St. Louis Cardinals,National League,8,20,3,24,,,2,1,1,4,0,,6,0,5.0,,97,,2,1,,3,
687401,hitting,2022,11,Norfolk Tides,International League,,104,9,,1,7,,26,,,,1,36,4,,0,,115,22,1,6,,2
687401,hitting,2023,11,Norfolk Tides,International League,,349,32,,4,30,,88,,,,3,112,9,,0,,389,66,5,11,,4
687401,hitting,2021,12,Bowie Baysox,Double-A Northeast,,60,6,,0,2,,16,,,,1,14,4,,0,,67,11,0,1,,0
687401,hitting,2022,12,Bowie Baysox,Eastern League,,435,41,,1,28,,111,,,,5,117,15,,1,,485,69,3,2,,4
687401,hitting,2021,13,Aberdeen IronBirds,High-A East,,76,10,,0,7,,19,,,,2,22,0,,0,,89,14,1,3,,2
687401,hitting,2024,13,Wisconsin Timber Rattlers,Midwest League,,2,1,,0,0,,1,,,,0,0,0,,0,,3,0,0,0,,0
687401,hitting,2023,1,Baltimore Orioles,American League,,33,0,,0,1,,15,,,,0,7,0,,0,,34,4,1,0,,0
687401,hitting,2024,1,Milwaukee Brewers,National League,,440,56,,6,25,,142,,,,6,105,11,,0,,511,58,6,11,,6
687401,hitting,2025,1,Milwaukee Brewers,National League,,470,27,,3,18,,149,,,,3,108,7,,0,,506,62,0,14,,1
687401,hitting,2026,1,Milwaukee Brewers,National League,,241,25,,4,10,,93,,,,0,57,5,,0,,273,29,3,8,,2
687551,hitting,2024,11,Syracuse Mets,International League,,214,25,,1,8,,56,,,,6,46,10,,0,,247,24,1,3,,0
687551,hitting,2025,11,Syracuse Mets,International League,,305,41,,3,17,,82,,,,10,74,12,,0,,361,45,4,4,,2
687551,hitting,2025,11,Sacramento River Cats,Pacific Coast League,,14,6,,0,1,,5,,,,0,7,0,,0,,20,3,0,2,,2
687551,hitting,2025,11,,,,319,47,,3,18,,87,,,,10,81,12,,0,,381,48,4,6,,4
687551,hitting,2026,11,Sacramento River Cats,Pacific Coast League,,45,6,,0,2,,11,,,,2,13,1,,0,,56,11,1,0,,0
687551,hitting,2023,12,Corpus Christi Hooks,Texas League,,224,33,,3,11,,60,,,,2,54,6,,2,,264,36,1,6,,0
687551,hitting,2023,12,Binghamton Rumble Ponies,Eastern League,,123,19,,2,7,,35,,,,4,40,6,,0,,154,22,3,2,,2
687551,hitting,2023,12,,,,347,52,,5,18,,95,,,,6,94,12,,2,,418,58,4,8,,2
687551,hitting,2023,13,Asheville Tourists,South Atlantic League,,86,6,,0,8,,21,,,,3,31,6,,0,,95,21,0,4,,1
687551,hitting,2022,14,Fayetteville Woodpeckers,Carolina League,,21,1,,1,0,,6,,,,0,5,1,,0,,22,4,0,3,,0
687551,hitting,2024,14,St. Lucie Mets,Florida State League,,8,1,,0,0,,3,,,,1,1,0,,0,,11,0,1,0,,0
687551,hitting,2025,14,St. Lucie Mets,Florida State League,,24,3,,0,2,,6,,,,0,9,2,,0,,27,4,0,0,,0
687551,hitting,2022,16,FCL Astros Orange,Florida Complex League,,11,3,,0,1,,4,,,,1,5,1,,0,,17,5,0,3,,0
687551,hitting,2024,16,FCL Mets,Florida Complex League,,7,4,,0,0,,3,,,,0,0,0,,0,,11,2,0,0,,0
687551,hitting,2025,1,San Francisco Giants,National League,,100,7,,1,5,,39,,,,1,19,3,,0,,109,12,1,1,,1
687551,hitting,2026,1,San Francisco Giants,National League,,220,22,,3,10,,86,,,,6,52,4,,2,,251,25,1,0,,2
687597,hitting,2024,11,Albuquerque Isotopes,Pacific Coast League,,163,23,,1,11,,39,,,,1,52,8,,0,,189,36,2,6,,2
687597,hitting,2025,11,Albuquerque Isotopes,Pacific Coast League,,35,2,,0,0,,8,,,,0,5,1,,0,,37,4,0,2,,1
687597,hitting,2026,11,Albuquerque Isotopes,Pacific Coast League,,94,8,,2,5,,24,,,,1,25,7,,0,,104,13,1,4,,1
687597,hitting,2023,12,Hartford Yard Goats,Eastern League,,192,30,,2,15,,50,,,,0,46,5,,0,,223,22,0,9,,1
687597,hitting,2023,13,Spokane Indians,Northwest League,,295,43,,3,19,,76,,,,0,86,20,,0,,341,62,3,11,,1
687597,hitting,2022,14,Fresno Grizzlies,California League,,39,13,,0,2,,11,,,,0,11,2,,0,,52,11,0,0,,0
687597,hitting,2022,16,ACL Rockies,Arizona Complex League,,49,8,,0,5,,15,,,,0,15,1,,0,,57,9,0,0,,0
687597,hitting,2024,16,ACL Rockies,Arizona Complex League,,11,0,,0,0,,3,,,,0,3,0,,0,,11,2,0,0,,0
687597,hitting,2024,1,Colorado Rockies,National League,,170,12,,1,6,,55,,,,1,32,3,,1,,184,14,1,7,,0
687597,hitting,2025,1,Colorado Rockies,National League,,539,43,,8,27,,148,,,,4,139,16,,0,,588,62,1,19,,5
687597,hitting,2026,1,Colorado Rockies,National League,,82,5,,1,5,,30,,,,0,15,1,,0,,88,7,1,2,,1
687931,pitching,2024,11,Sacramento River Cats,Pacific Coast League,84,415,53,476,,,63,25,25,83,5,,116,14,104.2,,1858,,69,1,,135,
687931,pitching,2025,11,Sacramento River Cats,Pacific Coast League,104,411,35,454,,,53,21,21,107,1,,112,13,107.2,,1698,,55,5,,95,
687931,pitching,2026,11,Sacramento River Cats,Pacific Coast League,82,316,38,362,,,38,17,16,69,4,,79,4,82.1,,1479,,38,2,,90,
687931,pitching,2023,12,Richmond Flying Squirrels,Eastern League,14,73,11,84,,,7,6,6,16,0,,16,1,19.2,,333,,10,0,,27,
687931,pitching,2023,13,Eugene Emeralds,Northwest League,21,84,8,94,,,4,6,6,18,2,,9,1,25.1,,369,,4,0,,36,
687931,pitching,2022,14,San Jose Giants,California League,4,19,1,20,,,0,2,2,3,0,,5,0,4.2,,85,,0,0,,7,
687931,pitching,2023,14,San Jose Giants,California League,6,52,4,57,,,5,4,4,14,1,,12,1,13.2,,195,,6,0,,20,
687931,pitching,2024,14,San Jose Giants,California League,5,16,3,20,,,0,2,2,4,1,,1,0,5.0,,85,,0,0,,6,
687931,pitching,2022,16,ACL Giants Orange,Arizona Complex League,0,10,0,10,,,0,2,1,2,0,,1,0,3.0,,24,,0,0,,7,
687931,pitching,2025,1,San Francisco Giants,National League,26,88,12,102,,,13,5,5,24,2,,22,6,23.1,,408,,14,0,,16,
687931,pitching,2026,1,San Francisco Giants,National League,21,74,12,87,,,14,4,4,17,0,,21,4,19.0,,324,,14,1,,16,
688457,hitting,2026,11,Omaha Storm Chasers,International League,,329,26,,5,12,,93,,,,5,81,11,,0,,362,49,1,21,,5
688457,hitting,2023,12,Northwest Arkansas Naturals,Texas League,,5,1,,0,0,,2,,,,0,0,0,,0,,6,0,0,0,,0
688457,hitting,2024,12,Northwest Arkansas Naturals,Texas League,,383,45,,2,19,,101,,,,4,100,15,,4,,436,54,4,30,,0
688457,hitting,2025,12,Northwest Arkansas Naturals,Texas League,,465,33,,5,23,,114,,,,2,112,17,,0,,507,75,6,23,,3
688457,hitting,2023,13,Quad Cities River Bandits,Midwest League,,355,42,,3,21,,94,,,,7,73,12,,2,,407,49,3,23,,3
688457,hitting,2022,14,Columbia Fireflies,Carolina League,,99,22,,2,5,,26,,,,1,29,7,,0,,123,20,1,4,,2
688457,hitting,2022,16,ACL Royals,Arizona Complex League,,10,2,,0,2,,3,,,,0,5,1,,0,,12,4,0,0,,0
689672,pitching,2023,12,Somerset Patriots,Eastern League,19,104,5,110,,,5,5,5,26,0,,15,3,30.1,,429,,5,0,,44,
689672,pitching,2024,12,Birmingham Barons,Southern League,65,206,17,224,,,9,11,11,51,0,,35,3,60.0,,916,,9,0,,56,
689672,pitching,2026,12,Birmingham Barons,Southern League,1,12,0,12,,,0,1,1,5,0,,1,0,4.0,,43,,0,0,,5,
689672,pitching,2023,13,Hudson Valley Renegades,South Atlantic League,79,390,33,426,,,34,18,18,92,0,,84,10,109.0,,1576,,38,2,,138,
689672,pitching,2026,13,Winston-Salem Dash,South Atlantic League,3,8,2,10,,,3,1,1,1,0,,2,1,2.0,,41,,3,0,,2,
689672,pitching,2026,16,ACL White Sox,Arizona Complex League,1,7,0,7,,,0,1,1,2,0,,1,0,2.0,,25,,0,0,,3,
689672,pitching,2024,1,Chicago White Sox,American League,63,165,21,190,,,27,9,9,44,1,,35,8,44.1,,721,,29,2,,25,
690291,hitting,2024,11,Toledo Mud Hens,International League,,339,67,,2,23,,91,,,,2,87,14,,0,,415,50,6,2,,1
690291,hitting,2025,11,Toledo Mud Hens,International League,,412,78,,4,27,,110,,,,1,104,17,,0,,495,69,4,4,,1
690291,hitting,2026,11,Toledo Mud Hens,International League,,324,60,,0,15,,92,,,,1,78,17,,0,,388,55,3,2,,0
690291,hitting,2023,12,Erie SeaWolves,Eastern League,,183,23,,0,9,,47,,,,3,52,14,,0,,209,28,0,0,,0
690291,hitting,2022,13,West Michigan Whitecaps,Midwest League,,108,25,,0,6,,30,,,,0,25,1,,1,,134,16,1,1,,1
690291,hitting,2023,13,West Michigan Whitecaps,Midwest League,,303,56,,1,18,,81,,,,5,77,14,,3,,366,46,2,5,,2
690291,hitting,2024,14,Lakeland Flying Tigers,Florida State League,,10,4,,0,1,,4,,,,0,3,1,,0,,15,3,1,1,,0
690291,hitting,2024,1,Detroit Tigers,American League,,79,15,,1,5,,34,,,,0,19,0,,0,,94,14,0,0,,0
690291,hitting,2025,1,Detroit Tigers,American League,,47,7,,0,0,,21,,,,1,5,0,,0,,55,8,0,0,,0
690291,hitting,2026,1,Detroit Tigers,American League,,6,2,,0,0,,3,,,,0,1,0,,0,,8,1,0,0,,0
690953,pitching,2023,11,Lehigh Valley IronPigs,International League,1,18,3,24,,,2,1,1,6,3,,5,0,4.2,,82,,2,0,,6,
690953,pitching,2024,11,Lehigh Valley IronPigs,International League,91,426,78,515,,,78,24,24,106,4,,119,15,108.2,,2090,,88,7,,117,
690953,pitching,2025,11,Lehigh Valley IronPigs,International League,64,270,32,305,,,19,13,13,72,2,,54,5,74.0,,1133,,21,1,,81,
690953,pitching,2025,11,St. Paul Saints,International League,20,84,8,93,,,5,5,5,17,0,,15,1,24.1,,385,,7,1,,33,
690953,pitching,2025,11,,International League,84,354,40,398,,,24,18,18,89,2,,69,6,98.1,,1518,,28,2,,114,
690953,pitching,2026,11,St. Paul Saints,International League,8,30,0,30,,,1,2,2,6,0,,6,1,8.0,,108,,2,0,,10,
690953,pitching,2022,12,Reading Fightin Phils,Eastern League,28,85,12,99,,,9,5,5,11,2,,19,5,23.0,,389,,9,0,,27,
690953,pitching,2023,12,Reading Fightin Phils,Eastern League,111,388,62,458,,,50,22,22,81,5,,73,15,108.2,,1892,,53,2,,126,
690953,pitching,2022,13,Jersey Shore BlueClaws,South Atlantic League,84,326,38,372,,,38,18,18,66,6,,75,6,85.1,,1464,,42,2,,103,
690953,pitching,2021,14,Clearwater Threshers,Low-A Southeast,34,155,27,189,,,22,14,14,29,6,,27,5,44.2,,828,,23,1,,66,
690953,pitching,2025,1,Philadelphia Phillies,National League,33,98,9,108,,,14,6,6,19,1,,25,7,25.0,,454,,14,0,,21,
690953,pitching,2025,1,Minnesota Twins,American League,11,59,7,66,,,13,4,2,12,0,,18,1,14.0,,266,,14,0,,18,
690953,pitching,2025,1,,,44,157,16,174,,,27,10,8,31,1,,43,8,39.0,,720,,28,0,,39,
690953,pitching,2026,1,Minnesota Twins,American League,16,80,10,93,,,9,4,3,19,3,,22,0,20.1,,357,,9,0,,23,
690976,hitting,2024,11,Oklahoma City Baseball Club,Pacific Coast League,,144,19,,0,7,,39,,,,1,35,5,,0,,164,23,0,2,,0
690976,hitting,2025,11,Oklahoma City Comets,Pacific Coast League,,415,83,,6,30,,106,,,,3,109,16,,1,,508,77,7,18,,0
690976,hitting,2026,11,Oklahoma City Comets,Pacific Coast League,,57,8,,2,1,,13,,,,0,16,4,,0,,65,14,0,2,,2
690976,hitting,2024,12,Tulsa Drillers,Texas League,,282,45,,2,15,,74,,,,12,69,11,,0,,341,59,2,24,,1
690976,hitting,2023,13,Great Lakes Loons,Midwest League,,392,60,,8,17,,106,,,,5,94,9,,2,,461,58,4,31,,2
690976,hitting,2024,13,Great Lakes Loons,Midwest League,,81,27,,0,10,,23,,,,2,28,2,,0,,110,18,0,5,,2
690976,hitting,2022,14,Rancho Cucamonga Quakes,California League,,32,2,,0,1,,8,,,,2,10,3,,0,,36,7,0,2,,0
690976,hitting,2025,1,Los Angeles Dodgers,National League,,84,11,,0,2,,29,,,,1,16,2,,0,,97,10,0,1,,1
690976,hitting,2026,1,Los Angeles Dodgers,National League,,195,22,,0,7,,72,,,,1,45,3,,0,,223,24,2,2,,0
690986,pitching,2023,11,Sacramento River Cats,Pacific Coast League,52,242,48,295,,,34,20,20,33,5,,52,10,65.2,,1251,,36,0,,105,
690986,pitching,2025,11,Sacramento River Cats,Pacific Coast League,27,103,8,114,,,10,6,6,13,2,,26,2,26.0,,451,,13,1,,38,
690986,pitching,2025,11,Worcester Red Sox,International League,55,199,27,229,,,21,12,12,43,1,,53,5,50.1,,937,,22,2,,50,
690986,pitching,2025,11,,,82,302,35,343,,,31,18,18,56,3,,79,7,76.1,,1388,,35,3,,88,
690986,pitching,2022,12,Richmond Flying Squirrels,Eastern League,66,298,39,349,,,29,18,18,50,7,,60,11,84.0,,1439,,30,3,,127,
690986,pitching,2022,13,Eugene Emeralds,Northwest League,13,106,10,118,,,5,7,7,16,1,,19,2,29.0,,489,,8,0,,59,
690986,pitching,2026,13,Wisconsin Timber Rattlers,Midwest League,2,16,3,19,,,0,1,1,8,0,,1,0,5.2,,68,,0,0,,5,
690986,pitching,2021,14,San Jose Giants,Low-A West,57,371,52,440,,,35,23,23,73,15,,86,3,98.2,,1760,,43,0,,157,
690986,pitching,2023,16,ACL Giants Black,Arizona Complex League,1,6,0,6,,,0,1,1,1,0,,0,0,2.0,,14,,0,0,,4,
690986,pitching,2023,1,San Francisco Giants,National League,48,131,11,147,,,16,7,7,20,4,,29,8,34.2,,588,,19,1,,35,
690986,pitching,2024,1,San Francisco Giants,National League,138,476,42,532,,,63,24,24,102,7,,125,18,124.1,,2078,,65,6,,118,
690986,pitching,2025,1,San Francisco Giants,National League,26,91,9,100,,,12,8,4,19,0,,21,4,23.2,,388,,12,0,,25,
690986,pitching,2025,1,Boston Red Sox,American League,13,50,5,56,,,4,3,2,10,1,,14,0,12.0,,200,,4,0,,13,
690986,pitching,2025,1,,,39,141,14,156,,,16,11,6,29,1,,35,4,35.2,,588,,16,0,,38,
690986,pitching,2026,1,Milwaukee Brewers,National League,86,317,20,341,,,28,17,17,60,4,,70,10,83.2,,1457,,28,0,,101,
690987,hitting,2024,11,Rochester Red Wings,International League,,64,5,,0,2,,17,,,,0,8,0,,0,,69,5,0,3,,0
690987,hitting,2025,11,Rochester Red Wings,International League,,294,35,,3,13,,76,,,,0,91,10,,1,,330,45,0,16,,0
690987,hitting,2026,11,Rochester Red Wings,International League,,228,28,,3,11,,63,,,,1,49,2,,1,,258,29,0,8,,0
690987,hitting,2022,12,Harrisburg Senators,Eastern League,,108,13,,0,5,,27,,,,1,24,1,,0,,122,9,0,1,,0
690987,hitting,2023,12,Harrisburg Senators,Eastern League,,414,52,,5,15,,106,,,,5,93,8,,0,,476,54,3,13,,1
690987,hitting,2024,12,Harrisburg Senators,Eastern League,,229,29,,4,6,,60,,,,3,62,5,,1,,264,33,2,12,,1
690987,hitting,2021,13,Fort Wayne TinCaps,High-A Central,,78,9,,0,2,,18,,,,0,16,4,,0,,87,10,0,3,,1
690987,hitting,2022,13,Fort Wayne TinCaps,Midwest League,,304,38,,3,19,,75,,,,2,91,10,,2,,346,49,2,20,,1
690987,hitting,2022,13,Wilmington Blue Rocks,South Atlantic League,,38,6,,0,1,,10,,,,0,8,0,,0,,45,9,1,3,,0
690987,hitting,2022,13,,,,342,44,,3,20,,85,,,,2,99,10,,2,,391,58,3,23,,1
690987,hitting,2024,13,Wilmington Blue Rocks,South Atlantic League,,27,1,,0,1,,8,,,,0,7,0,,0,,29,6,1,0,,1
690987,hitting,2021,14,Lake Elsinore Storm,Low-A West,,365,57,,6,31,,92,,,,3,118,7,,0,,429,77,4,31,,3
690987,hitting,2023,14,Fredericksburg Nationals,Carolina League,,53,16,,0,1,,15,,,,0,10,1,,0,,69,12,0,2,,1
690987,hitting,2025,1,Washington Nationals,National League,,197,8,,0,9,,70,,,,1,44,3,,0,,206,22,0,4,,0
690990,pitching,2024,11,Iowa Cubs,International League,23,67,11,81,,,15,5,5,8,0,,17,4,18.0,,325,,15,3,,22,
690990,pitching,2025,11,Iowa Cubs,International League,30,93,13,108,,,4,6,6,19,1,,12,2,29.0,,434,,4,1,,33,
690990,pitching,2023,12,Tennessee Smokies,Southern League,27,96,11,109,,,4,6,6,22,0,,18,0,27.0,,399,,8,1,,31,
690990,pitching,2024,12,Tennessee Smokies,Southern League,11,57,2,62,,,2,4,4,15,3,,13,1,16.1,,230,,3,0,,18,
690990,pitching,2023,13,South Bend Cubs,Midwest League,35,172,12,185,,,20,11,11,37,1,,35,6,47.0,,732,,22,0,,65,
690990,pitching,2023,14,Myrtle Beach Pelicans,Carolina League,13,51,4,55,,,2,4,4,9,0,,8,1,14.1,,216,,2,0,,21,
690990,pitching,2025,1,Chicago Cubs,National League,132,433,33,476,,,35,23,22,112,6,,95,10,118.0,,1788,,40,3,,97,
690990,pitching,2026,1,Chicago Cubs,National League,5,24,2,26,,,2,2,2,11,0,,4,1,7.1,,92,,2,0,,4,
690993,hitting,2023,11,Toledo Mud Hens,International League,,261,35,,1,20,,67,,,,1,75,13,,1,,301,45,4,1,,1
690993,hitting,2023,12,Erie SeaWolves,Eastern League,,246,25,,1,18,,59,,,,3,80,14,,1,,276,43,2,2,,2
690993,hitting,2021,13,West Michigan Whitecaps,High-A Central,,68,8,,0,1,,18,,,,0,11,1,,0,,76,7,0,0,,1
690993,hitting,2022,13,West Michigan Whitecaps,Midwest League,,193,22,,0,14,,48,,,,0,58,9,,0,,216,38,1,4,,3
690993,hitting,2021,14,Lakeland Flying Tigers,Low-A Southeast,,147,30,,1,6,,44,,,,2,47,1,,0,,181,32,2,4,,3
690993,hitting,2021,16,FCL Tigers West,Florida Complex League,,2,0,,0,0,,1,,,,0,1,0,,0,,3,0,1,0,,1
690993,hitting,2021,16,FCL Tigers East,Florida Complex League,,7,3,,0,1,,2,,,,0,5,0,,0,,10,2,0,0,,0
690993,hitting,2021,16,,Florida Complex League,,9,3,,0,1,,3,,,,0,6,0,,0,,13,2,1,0,,1
690993,hitting,2024,1,Detroit Tigers,American League,,516,36,,1,15,,148,,,,2,134,13,,2,,556,54,2,7,,4
690993,hitting,2025,1,Detroit Tigers,American League,,414,48,,1,22,,137,,,,2,106,13,,1,,468,65,4,1,,2
690993,hitting,2026,1,Detroit Tigers,American League,,289,18,,0,12,,100,,,,3,76,8,,0,,312,41,2,4,,4
691003,hitting,2025,11,Durham Bulls,International League,,328,64,,4,15,,92,,,,6,90,8,,2,,402,53,4,8,,3
691003,hitting,2026,11,Durham Bulls,International League,,102,8,,0,2,,27,,,,3,26,7,,0,,113,14,0,0,,0
691003,hitting,2024,12,Montgomery Biscuits,Southern League,,76,12,,1,2,,21,,,,1,16,2,,0,,91,12,1,1,,1
691003,hitting,2024,13,Bowling Green Hot Rods,South Atlantic League,,197,26,,1,17,,53,,,,3,73,6,,0,,231,41,2,10,,1
691003,hitting,2023,14,Charleston RiverDogs,Carolina League,,36,8,,1,1,,11,,,,0,14,0,,0,,44,7,0,4,,1
691003,hitting,2024,14,Charleston RiverDogs,Carolina League,,100,10,,5,4,,26,,,,3,32,2,,0,,115,19,0,9,,1
691003,hitting,2023,16,FCL Rays,Florida Complex League,,12,0,,0,1,,3,,,,0,5,1,,0,,12,1,0,0,,0
691003,hitting,2026,16,FCL Rays,Florida Complex League,,44,7,,0,5,,13,,,,0,14,5,,0,,51,9,0,1,,1
691006,hitting,2025,11,Syracuse Mets,International League,,56,7,,1,2,,16,,,,0,11,1,,0,,64,8,1,2,,0
691006,hitting,2026,11,Syracuse Mets,International League,,73,8,,0,4,,24,,,,1,22,1,,0,,84,8,1,1,,1
691006,hitting,2023,12,Binghamton Rumble Ponies,Eastern League,,54,4,,0,2,,14,,,,1,10,3,,0,,60,4,1,0,,0
691006,hitting,2024,12,Binghamton Rumble Ponies,Eastern League,,398,45,,1,17,,114,,,,8,85,13,,1,,454,41,3,0,,1
691006,hitting,2025,12,Binghamton Rumble Ponies,Eastern League,,315,33,,0,23,,92,,,,4,80,10,,0,,360,38,7,4,,1
691006,hitting,2026,12,Binghamton Rumble Ponies,Eastern League,,164,25,,0,7,,46,,,,0,28,0,,0,,190,10,1,6,,0
691006,hitting,2023,13,Brooklyn Cyclones,South Atlantic League,,340,30,,2,21,,87,,,,10,90,11,,0,,382,44,2,1,,4
691006,hitting,2022,14,St. Lucie Mets,Florida State League,,29,10,,1,1,,10,,,,1,8,1,,0,,41,5,1,0,,0
691006,hitting,2023,14,St. Lucie Mets,Florida State League,,13,2,,0,0,,4,,,,0,1,0,,0,,15,2,0,0,,0
691006,hitting,2022,16,FCL Mets,Florida Complex League,,11,2,,0,2,,3,,,,1,3,0,,0,,14,1,0,0,,0
691011,hitting,2023,11,Albuquerque Isotopes,Pacific Coast League,,17,0,,0,1,,4,,,,1,6,0,,0,,18,2,0,0,,1
691011,hitting,2024,11,Albuquerque Isotopes,Pacific Coast League,,343,16,,1,19,,85,,,,7,102,14,,0,,370,51,3,3,,4
691011,hitting,2025,11,Albuquerque Isotopes,Pacific Coast League,,220,18,,0,11,,60,,,,4,58,7,,0,,244,28,1,2,,0
691011,hitting,2026,11,Charlotte Knights,International League,,57,7,,1,3,,17,,,,1,17,4,,0,,68,11,0,1,,0
691011,hitting,2023,12,Hartford Yard Goats,Eastern League,,327,29,,7,18,,91,,,,2,83,13,,1,,368,45,6,6,,2
691011,hitting,2022,13,Spokane Indians,Northwest League,,374,35,,3,19,,101,,,,5,95,5,,0,,420,52,6,18,,5
691011,hitting,2021,14,Fresno Grizzlies,Low-A West,,312,19,,6,17,,79,,,,0,98,6,,0,,339,48,8,23,,2
691011,hitting,2025,16,ACL Rockies,Arizona Complex League,,16,1,,1,0,,5,,,,0,3,0,,0,,17,2,0,1,,0
691011,hitting,2024,1,Colorado Rockies,National League,,51,2,,1,3,,16,,,,0,9,0,,0,,53,4,0,0,,0
691011,hitting,2025,1,Colorado Rockies,National League,,3,0,,0,0,,3,,,,0,0,0,,0,,3,0,0,0,,0
691011,hitting,2026,1,Chicago White Sox,American League,,130,13,,0,5,,43,,,,2,18,5,,0,,147,11,1,1,,0
691016,hitting,2022,11,Las Vegas Aviators,Pacific Coast League,,37,1,,0,1,,9,,,,0,11,1,,0,,38,2,0,0,,0
691016,hitting,2023,11,Las Vegas Aviators,Pacific Coast League,,306,25,,0,17,,77,,,,1,77,21,,1,,335,49,3,2,,2
691016,hitting,2024,11,Las Vegas Aviators,Pacific Coast League,,122,16,,1,8,,33,,,,5,34,10,,1,,143,22,0,0,,1
691016,hitting,2022,12,Midland RockHounds,Texas League,,133,10,,1,1,,36,,,,1,37,8,,1,,147,17,3,0,,2
691016,hitting,2022,13,Lansing Lugnuts,Midwest League,,335,29,,0,19,,89,,,,4,87,20,,1,,371,47,3,0,,3
691016,hitting,2021,14,Stockton Ports,Low-A West,,222,27,,1,20,,57,,,,4,68,12,,1,,254,39,1,2,,1
691016,hitting,2023,1,Oakland Athletics,American League,,125,11,,0,1,,45,,,,1,20,3,,0,,138,9,1,0,,0
691016,hitting,2024,1,Oakland Athletics,American League,,189,20,,0,10,,61,,,,3,44,9,,1,,213,18,1,0,,0
691016,hitting,2025,1,Athletics,American League,,561,55,,3,34,,158,,,,6,155,25,,2,,624,75,2,8,,1
691016,hitting,2026,1,Athletics,American League,,354,48,,1,22,,98,,,,3,85,17,,4,,406,50,1,1,,2
691019,hitting,2024,11,Worcester Red Sox,International League,,102,20,,0,3,,28,,,,0,26,2,,0,,123,23,1,3,,0
691019,hitting,2025,11,Charlotte Knights,International League,,183,30,,1,10,,50,,,,0,54,8,,0,,213,34,0,7,,1
691019,hitting,2026,11,Charlotte Knights,International League,,31,3,,0,1,,8,,,,0,12,2,,0,,34,7,0,0,,0
691019,hitting,2023,12,Portland Sea Dogs,Eastern League,,31,8,,0,2,,9,,,,0,10,1,,0,,39,3,0,2,,0
691019,hitting,2024,12,Portland Sea Dogs,Eastern League,,325,48,,5,20,,84,,,,4,97,11,,0,,382,65,5,9,,0
691019,hitting,2023,13,Greenville Drive,South Atlantic League,,53,11,,0,4,,14,,,,1,20,0,,0,,66,10,1,1,,0
691019,hitting,2023,16,FCL Red Sox,Florida Complex League,,7,2,,0,0,,3,,,,0,3,1,,0,,9,2,0,0,,0
691019,hitting,2025,1,Chicago White Sox,American League,,253,37,,1,11,,78,,,,5,69,8,,0,,297,38,1,3,,0
691019,hitting,2026,1,Chicago White Sox,American League,,63,6,,0,2,,19,,,,1,12,2,,0,,70,9,0,0,,0
691023,hitting,2023,11,Memphis Redbirds,International League,,113,16,,0,6,,29,,,,4,27,4,,0,,135,14,2,4,,0
691023,hitting,2024,11,Memphis Redbirds,International League,,342,31,,3,23,,84,,,,2,90,9,,0,,377,37,2,4,,3
691023,hitting,2025,11,Memphis Redbirds,International League,,16,1,,0,0,,4,,,,0,4,0,,0,,17,2,0,0,,0
691023,hitting,2022,12,Springfield Cardinals,Texas League,,461,58,,5,31,,119,,,,9,141,19,,1,,536,100,8,22,,3
691023,hitting,2025,12,Springfield Cardinals,Texas League,,38,5,,0,3,,10,,,,0,6,2,,0,,43,5,0,1,,0
691023,hitting,2021,13,Peoria Chiefs,High-A Central,,226,15,,2,14,,55,,,,3,66,8,,1,,244,39,0,13,,3
691023,hitting,2021,14,Palm Beach Cardinals,Low-A Southeast,,99,18,,0,11,,27,,,,3,37,6,,0,,122,24,2,1,,1
691023,hitting,2023,1,St. Louis Cardinals,National League,,420,37,,4,19,,117,,,,6,116,16,,0,,465,51,2,7,,2
691023,hitting,2024,1,St. Louis Cardinals,National League,,164,10,,0,10,,51,,,,2,33,5,,0,,178,16,2,1,,1
691023,hitting,2025,1,St. Louis Cardinals,National League,,363,29,,3,13,,111,,,,3,78,6,,1,,396,40,1,10,,1
691023,hitting,2026,1,St. Louis Cardinals,National League,,421,37,,5,23,,109,,,,3,119,22,,1,,464,67,3,14,,0
691026,hitting,2023,11,Memphis Redbirds,International League,,445,44,,2,15,,105,,,,7,128,18,,0,,498,99,2,17,,7
691026,hitting,2025,11,Memphis Redbirds,International League,,11,2,,0,0,,3,,,,0,2,2,,0,,13,2,0,0,,0
691026,hitting,2022,12,Springfield Cardinals,Texas League,,345,50,,5,25,,86,,,,1,89,11,,0,,403,69,5,28,,1
691026,hitting,2021,13,Peoria Chiefs,High-A Central,,148,6,,3,4,,37,,,,0,31,2,,0,,154,26,0,16,,2
691026,hitting,2022,13,Peoria Chiefs,Midwest League,,129,13,,0,11,,33,,,,1,45,1,,0,,147,22,3,15,,7
691026,hitting,2021,14,Palm Beach Cardinals,Low-A Southeast,,237,40,,2,15,,61,,,,3,62,3,,0,,284,50,4,16,,3
691026,hitting,2023,1,St. Louis Cardinals,National League,,122,10,,1,2,,37,,,,0,21,2,,0,,137,8,3,2,,0
691026,hitting,2024,1,St. Louis Cardinals,National League,,587,41,,5,32,,150,,,,1,157,15,,1,,637,85,5,11,,5
691026,hitting,2025,1,St. Louis Cardinals,National League,,491,34,,5,27,,129,,,,8,124,9,,0,,537,72,2,9,,0
691026,hitting,2026,1,St. Louis Cardinals,National League,,370,37,,2,14,,103,,,,7,90,4,,0,,420,41,6,8,,2
691176,hitting,2023,11,Scranton/Wilkes-Barre RailRiders,International League,,31,6,,1,3,,9,,,,0,13,0,,1,,37,6,0,3,,1
691176,hitting,2024,11,Scranton/Wilkes-Barre RailRiders,International League,,175,16,,1,7,,44,,,,1,54,7,,0,,193,33,1,15,,1
691176,hitting,2026,11,Scranton/Wilkes-Barre RailRiders,International League,,110,14,,1,5,,29,,,,1,35,5,,1,,125,17,0,10,,0
691176,hitting,2022,12,Somerset Patriots,Eastern League,,19,3,,0,0,,5,,,,0,2,1,,0,,22,5,0,1,,1
691176,hitting,2023,12,Somerset Patriots,Eastern League,,425,77,,7,19,,109,,,,1,108,15,,2,,507,83,4,37,,2
691176,hitting,2024,12,Somerset Patriots,Eastern League,,38,2,,0,0,,10,,,,0,12,4,,0,,40,8,0,1,,0
691176,hitting,2022,13,Hudson Valley Renegades,South Atlantic League,,157,23,,1,6,,40,,,,2,48,6,,0,,184,33,2,17,,4
691176,hitting,2021,14,Tampa Tarpons,Low-A Southeast,,186,21,,3,9,,49,,,,5,48,5,,1,,214,26,2,7,,1
691176,hitting,2022,14,Tampa Tarpons,Florida State League,,275,46,,6,17,,75,,,,2,73,9,,1,,324,54,1,19,,2
691176,hitting,2024,14,Tampa Tarpons,Florida State League,,13,4,,0,1,,4,,,,0,5,0,,0,,17,2,0,0,,0
691176,hitting,2021,16,FCL Yankees,Florida Complex League,,20,6,,0,0,,7,,,,1,4,0,,0,,27,5,0,2,,0
691176,hitting,2023,1,New York Yankees,American League,,31,2,,0,1,,8,,,,0,8,4,,0,,33,6,0,1,,0
691176,hitting,2024,1,New York Yankees,American League,,56,11,,0,1,,18,,,,0,10,2,,0,,67,8,0,5,,0
691176,hitting,2025,1,New York Yankees,American League,,381,41,,5,18,,123,,,,3,98,10,,1,,429,58,4,23,,1
691176,hitting,2026,1,New York Yankees,American League,,188,9,,0,11,,50,,,,2,43,6,,0,,200,21,0,7,,0
691181,hitting,2024,11,St. Paul Saints,International League,,23,7,,0,0,,7,,,,0,5,1,,0,,30,6,0,0,,0
691181,hitting,2025,11,St. Paul Saints,International League,,163,45,,3,7,,52,,,,4,42,6,,0,,212,35,0,9,,1
691181,hitting,2026,11,St. Paul Saints,International League,,81,23,,2,3,,25,,,,2,20,6,,0,,108,15,2,3,,0
691181,hitting,2024,12,Wichita Wind Surge,Texas League,,124,42,,3,12,,37,,,,1,37,8,,1,,167,40,0,9,,2
691181,hitting,2023,13,Cedar Rapids Kernels,Midwest League,,354,92,,5,13,,99,,,,5,85,16,,0,,455,87,4,20,,9
691181,hitting,2022,14,Fort Myers Mighty Mussels,Florida State League,,136,57,,5,5,,47,,,,4,37,9,,1,,199,35,2,11,,3
691181,hitting,2024,14,Fort Myers Mighty Mussels,Florida State League,,3,1,,0,0,,1,,,,0,0,0,,0,,4,0,0,0,,0
691181,hitting,2025,14,Fort Myers Mighty Mussels,Florida State League,,28,8,,0,1,,8,,,,0,9,0,,0,,36,4,0,1,,0
691181,hitting,2026,14,Fort Myers Mighty Mussels,Florida State League,,11,0,,0,0,,3,,,,0,2,0,,0,,11,1,0,0,,1
691181,hitting,2021,16,FCL Twins,Florida Complex League,,126,23,,4,5,,37,,,,3,27,10,,0,,153,31,1,9,,2
691181,hitting,2024,16,FCL Twins,Florida Complex League,,7,1,,0,2,,2,,,,0,2,0,,0,,8,1,0,0,,0
691181,hitting,2025,16,FCL Twins,Florida Complex League,,17,2,,0,1,,5,,,,0,5,0,,0,,19,4,0,0,,0
691182,hitting,2025,11,Albuquerque Isotopes,Pacific Coast League,,314,50,,9,16,,80,,,,5,95,11,,0,,371,49,1,20,,3
691182,hitting,2026,11,Albuquerque Isotopes,Pacific Coast League,,293,51,,7,16,,77,,,,1,75,8,,0,,350,53,4,11,,2
691182,hitting,2023,12,Hartford Yard Goats,Eastern League,,35,4,,1,0,,10,,,,1,5,1,,0,,41,3,1,3,,0
691182,hitting,2024,12,Hartford Yard Goats,Eastern League,,383,62,,11,12,,100,,,,5,88,14,,0,,455,61,2,35,,1
691182,hitting,2023,13,Spokane Indians,Northwest League,,222,31,,4,14,,54,,,,3,67,9,,0,,259,46,2,12,,3
691182,hitting,2022,14,Fresno Grizzlies,California League,,449,87,,12,24,,115,,,,11,131,15,,2,,555,100,5,26,,0
691182,hitting,2026,14,Fresno Grizzlies,California League,,9,0,,0,1,,3,,,,0,4,0,,0,,10,1,1,0,,0
691182,hitting,2021,16,ACL Rockies,Arizona Complex League,,164,27,,7,10,,47,,,,2,49,4,,0,,200,41,5,10,,1
691182,hitting,2023,16,ACL Rockies,Arizona Complex League,,18,4,,0,1,,5,,,,0,7,2,,0,,22,6,0,0,,0
691182,hitting,2024,1,Colorado Rockies,National League,,35,1,,0,1,,10,,,,0,6,0,,0,,36,1,0,1,,0
691182,hitting,2025,1,Colorado Rockies,National League,,113,11,,1,7,,41,,,,1,20,1,,0,,128,5,0,1,,0
691267,hitting,2024,12,Binghamton Rumble Ponies,Eastern League,,481,55,,8,22,,123,,,,1,101,5,,0,,542,62,3,40,,3
691267,hitting,2025,12,Binghamton Rumble Ponies,Eastern League,,171,19,,6,7,,54,,,,1,38,2,,0,,191,23,0,22,,0
691267,hitting,2026,12,Knoxville Smokies,Southern League,,381,23,,6,20,,93,,,,2,106,13,,0,,412,60,6,33,,1
691267,hitting,2022,13,Brooklyn Cyclones,South Atlantic League,,227,16,,7,17,,54,,,,2,63,5,,0,,246,22,1,4,,1
691267,hitting,2023,13,Brooklyn Cyclones,South Atlantic League,,457,56,,6,21,,120,,,,4,101,7,,0,,521,66,3,21,,1
691267,hitting,2021,14,St. Lucie Mets,Low-A Southeast,,302,23,,7,15,,76,,,,8,78,5,,0,,334,41,1,16,,4
691267,hitting,2022,14,St. Lucie Mets,Florida State League,,271,28,,9,13,,67,,,,5,77,6,,0,,306,40,2,17,,6
691406,hitting,2024,11,Durham Bulls,International League,,217,16,,1,9,,53,,,,2,60,13,,0,,236,33,1,1,,0
691406,hitting,2023,12,Montgomery Biscuits,Southern League,,314,32,,4,9,,81,,,,2,97,20,,1,,351,55,3,3,,3
691406,hitting,2023,13,Bowling Green Hot Rods,South Atlantic League,,146,10,,1,9,,36,,,,3,52,11,,0,,159,30,0,2,,3
691406,hitting,2022,14,Charleston RiverDogs,Carolina League,,107,8,,0,2,,26,,,,2,32,6,,0,,117,19,0,5,,1
691406,hitting,2021,16,DSL Indians Red,Dominican Summer League,,146,20,,0,8,,43,,,,2,43,9,,2,,171,26,3,2,,0
691406,hitting,2022,16,FCL Rays,Florida Complex League,,132,15,,1,5,,36,,,,4,43,5,,0,,154,18,3,7,,1
691406,hitting,2024,16,FCL Rays,Florida Complex League,,17,5,,0,1,,6,,,,0,4,3,,0,,22,4,0,0,,0
691406,hitting,2023,1,Tampa Bay Rays,American League,,34,2,,0,1,,7,,,,0,8,1,,0,,36,4,0,0,,0
691406,hitting,2024,1,Tampa Bay Rays,American League,,165,11,,0,9,,43,,,,1,41,6,,2,,177,15,0,2,,1
691406,hitting,2025,1,Tampa Bay Rays,American League,,602,41,,1,28,,154,,,,3,159,45,,1,,653,93,7,7,,0
691406,hitting,2026,1,Tampa Bay Rays,American League,,414,60,,2,18,,110,,,,1,116,30,,9,,477,66,2,2,,1
691587,pitching,2025,11,Jacksonville Jumbo Shrimp,International League,18,45,7,53,,,3,3,3,6,0,,7,1,12.2,,215,,4,1,,15,
691587,pitching,2026,11,Jacksonville Jumbo Shrimp,International League,3,13,0,13,,,1,1,1,2,0,,3,0,3.2,,51,,1,0,,5,
691587,pitching,2022,12,Pensacola Blue Wahoos,Southern League,60,278,25,311,,,34,17,17,53,5,,62,9,75.0,,1236,,36,3,,106,
691587,pitching,2023,12,Pensacola Blue Wahoos,Southern League,25,132,10,142,,,13,8,8,29,0,,24,5,36.2,,605,,16,0,,54,
691587,pitching,2021,13,Beloit Snappers,High-A Central,24,76,5,83,,,7,5,5,15,2,,11,5,22.0,,354,,10,0,,26,
691587,pitching,2021,14,Jupiter Hammerheads,Low-A Southeast,50,196,21,222,,,10,15,15,32,5,,32,2,56.0,,936,,14,0,,82,
691587,pitching,2022,14,Jupiter Hammerheads,Florida State League,2,7,0,7,,,0,1,1,0,0,,1,0,2.0,,30,,0,0,,4,
691587,pitching,2025,14,Jupiter Hammerheads,Florida State League,14,39,3,42,,,2,5,5,4,0,,9,1,10.0,,162,,3,0,,12,
691587,pitching,2023,1,Miami Marlins,National League,112,337,31,374,,,32,19,19,49,2,,72,15,91.1,,1534,,35,2,,108,
691587,pitching,2025,1,Miami Marlins,National League,116,349,32,385,,,45,20,20,61,3,,68,12,95.1,,1673,,47,1,,105,
691587,pitching,2026,1,Miami Marlins,National League,108,373,40,423,,,40,19,19,80,8,,75,13,104.2,,1702,,45,2,,112,
691620,hitting,2024,11,Nashville Sounds,International League,,0,1,,0,0,,1,,,,0,0,0,,0,,1,0,0,0,,0
691620,hitting,2025,11,Nashville Sounds,International League,,216,25,,0,14,,58,,,,4,55,6,,0,,250,32,5,2,,1
691620,hitting,2026,11,Nashville Sounds,International League,,322,33,,1,13,,88,,,,6,85,11,,0,,367,42,5,2,,2
691620,hitting,2023,12,Biloxi Shuckers,Southern League,,336,38,,0,12,,90,,,,3,88,16,,0,,381,47,4,5,,0
691620,hitting,2022,13,Wisconsin Timber Rattlers,Midwest League,,83,2,,0,4,,20,,,,0,26,4,,0,,85,10,0,0,,1
691620,hitting,2022,14,Carolina Mudcats,Carolina League,,284,28,,2,18,,75,,,,3,79,6,,0,,320,44,4,10,,1
691620,hitting,2021,16,ACL Brewers Blue,Arizona Complex League,,68,12,,3,5,,23,,,,3,21,2,,0,,83,15,0,4,,1
691620,hitting,2025,16,ACL Brewers,Arizona Complex League,,35,7,,0,3,,11,,,,2,13,5,,0,,44,10,0,0,,0
691620,hitting,2026,1,Milwaukee Brewers,National League,,1,1,,0,0,,1,,,,0,0,0,,0,,2,0,0,0,,0
691718,hitting,2023,11,Iowa Cubs,International League,,140,15,,2,7,,34,,,,2,38,6,,0,,158,30,0,10,,2
691718,hitting,2024,11,Iowa Cubs,International League,,110,6,,0,9,,26,,,,1,28,5,,1,,117,22,0,10,,2
691718,hitting,2023,12,Tennessee Smokies,Southern League,,298,31,,8,19,,73,,,,10,86,14,,0,,342,68,3,27,,5
691718,hitting,2022,13,South Bend Cubs,Midwest League,,265,14,,7,15,,63,,,,6,76,9,,1,,288,50,3,19,,7
691718,hitting,2021,14,St. Lucie Mets,Low-A Southeast,,24,7,,3,2,,6,,,,1,10,0,,0,,32,6,0,2,,0
691718,hitting,2022,14,Myrtle Beach Pelicans,Carolina League,,158,22,,4,5,,38,,,,3,56,7,,1,,183,39,0,13,,3
691718,hitting,2023,1,Chicago Cubs,National League,,14,3,,2,0,,13,,,,0,0,0,,0,,19,3,0,2,,0
691718,hitting,2024,1,Chicago Cubs,National League,,372,21,,3,13,,123,,,,6,88,10,,2,,410,46,3,27,,6
691718,hitting,2025,1,Chicago Cubs,National League,,591,29,,8,37,,157,,,,9,146,31,,1,,647,91,12,35,,4
691718,hitting,2026,1,Chicago Cubs,National League,,414,55,,7,21,,110,,,,11,117,24,,4,,484,71,3,26,,6
691723,hitting,2023,11,Norfolk Tides,International League,,217,42,,0,15,,62,,,,5,58,12,,0,,267,36,3,1,,1
691723,hitting,2024,11,Norfolk Tides,International League,,345,40,,4,23,,89,,,,3,99,22,,2,,390,61,2,4,,3
691723,hitting,2025,11,Norfolk Tides,International League,,168,23,,1,10,,45,,,,1,38,8,,0,,195,24,3,1,,2
691723,hitting,2022,12,Bowie Baysox,Eastern League,,128,12,,0,4,,34,,,,4,32,5,,0,,145,21,1,0,,0
691723,hitting,2023,12,Bowie Baysox,Eastern League,,287,51,,1,30,,78,,,,8,88,17,,1,,347,48,1,4,,2
691723,hitting,2022,13,Aberdeen IronBirds,South Atlantic League,,255,27,,1,16,,68,,,,3,64,14,,1,,288,50,3,5,,2
691723,hitting,2024,13,Aberdeen IronBirds,South Atlantic League,,13,2,,0,3,,4,,,,1,6,3,,0,,16,4,0,0,,0
691723,hitting,2021,14,Delmarva Shorebirds,Low-A East,,106,16,,0,8,,27,,,,3,33,5,,0,,125,27,0,5,,1
691723,hitting,2021,16,FCL Orioles Orange,Florida Complex League,,5,2,,0,0,,3,,,,0,2,1,,0,,7,2,0,0,,0
691723,hitting,2021,16,FCL Orioles Black,Florida Complex League,,71,11,,0,6,,23,,,,2,23,3,,0,,84,17,0,6,,0
691723,hitting,2021,16,,Florida Complex League,,76,13,,0,6,,26,,,,2,25,4,,0,,91,19,0,6,,0
691723,hitting,2022,16,FCL Orioles,Florida Complex League,,5,1,,0,0,,2,,,,0,0,0,,0,,6,1,0,0,,0
691723,hitting,2024,1,Baltimore Orioles,American League,,41,4,,0,0,,17,,,,1,4,0,,0,,46,4,0,0,,0
691723,hitting,2025,1,Baltimore Orioles,American League,,263,27,,0,12,,85,,,,4,57,11,,0,,294,30,0,3,,0
691723,hitting,2026,1,Baltimore Orioles,American League,,253,21,,0,10,,85,,,,3,51,14,,0,,278,38,1,2,,1
691725,pitching,2025,11,Lehigh Valley IronPigs,International League,93,424,46,475,,,64,22,22,106,0,,119,18,106.2,,1842,,67,4,,111,
691725,pitching,2026,11,Lehigh Valley IronPigs,International League,25,92,8,101,,,12,5,5,17,0,,26,2,23.2,,396,,12,1,,25,
691725,pitching,2022,12,Reading Fightin Phils,Eastern League,27,105,2,109,,,8,5,5,16,2,,25,3,28.1,,413,,8,0,,37,
691725,pitching,2022,13,Jersey Shore BlueClaws,South Atlantic League,35,135,7,143,,,4,8,8,26,1,,25,2,36.2,,506,,7,0,,49,
691725,pitching,2022,14,Clearwater Threshers,Florida State League,29,131,16,149,,,6,9,9,17,1,,17,0,38.2,,628,,10,1,,69,
691725,pitching,2025,14,Clearwater Threshers,Florida State League,10,44,1,45,,,5,4,4,12,0,,10,2,11.1,,171,,5,0,,12,
691725,pitching,2021,16,FCL Phillies,Florida Complex League,0,21,0,21,,,0,4,4,5,0,,4,0,6.0,,55,,0,0,,12,
691725,pitching,2026,1,Philadelphia Phillies,National League,92,286,27,322,,,53,15,13,54,3,,87,15,71.0,,1223,,53,3,,59,
691728,hitting,2024,11,Albuquerque Isotopes,Pacific Coast League,,82,7,,1,3,,21,,,,0,18,6,,0,,92,12,0,6,,0
691728,hitting,2025,11,Albuquerque Isotopes,Pacific Coast League,,370,35,,5,23,,90,,,,3,107,11,,1,,412,57,2,15,,5
691728,hitting,2026,11,Albuquerque Isotopes,Pacific Coast League,,359,45,,2,28,,92,,,,2,113,19,,0,,408,69,2,16,,7
691728,hitting,2022,12,Hartford Yard Goats,Eastern League,,124,14,,5,4,,34,,,,1,22,1,,0,,141,12,2,5,,0
691728,hitting,2023,12,Hartford Yard Goats,Eastern League,,172,23,,2,7,,46,,,,2,36,2,,0,,201,15,4,22,,2
691728,hitting,2024,12,Hartford Yard Goats,Eastern League,,127,16,,1,5,,36,,,,2,34,5,,0,,145,24,0,10,,2
691728,hitting,2022,13,Spokane Indians,Northwest League,,342,50,,4,19,,92,,,,5,92,11,,1,,400,72,3,50,,3
691728,hitting,2024,13,Spokane Indians,Northwest League,,17,6,,2,1,,5,,,,0,4,0,,0,,23,4,0,3,,0
691728,hitting,2021,14,Fresno Grizzlies,Low-A West,,399,64,,17,27,,106,,,,6,120,15,,1,,479,83,7,36,,4
691728,hitting,2024,16,ACL Rockies,Arizona Complex League,,7,1,,0,1,,3,,,,0,4,0,,0,,10,3,1,2,,0
691728,hitting,2025,16,ACL Rockies,Arizona Complex League,,7,4,,0,0,,3,,,,0,2,0,,0,,11,2,0,0,,0
691728,hitting,2025,1,Colorado Rockies,National League,,34,2,,1,1,,12,,,,1,4,1,,0,,37,1,0,1,,0
691730,pitching,2024,13,Hickory Crawdads,South Atlantic League,32,154,8,163,,,11,8,7,29,1,,33,0,41.1,,633,,13,0,,60,
691730,pitching,2024,14,Down East Wood Ducks,Carolina League,30,180,5,187,,,11,10,10,45,2,,36,2,47.0,,717,,14,0,,69,
691775,hitting,2025,11,Syracuse Mets,International League,,114,22,,2,5,,34,,,,4,25,5,,0,,142,15,2,3,,0
691775,hitting,2026,11,Syracuse Mets,International League,,352,45,,2,14,,97,,,,1,65,16,,0,,402,50,3,8,,1
691775,hitting,2024,12,Binghamton Rumble Ponies,Eastern League,,333,63,,2,21,,98,,,,5,77,18,,3,,405,53,3,3,,0
691775,hitting,2025,12,Binghamton Rumble Ponies,Eastern League,,367,63,,2,18,,105,,,,3,89,24,,1,,437,56,4,4,,1
691775,hitting,2023,13,Asheville Tourists,South Atlantic League,,214,21,,1,11,,58,,,,10,58,16,,0,,250,35,5,1,,0
691775,hitting,2023,13,Brooklyn Cyclones,South Atlantic League,,117,18,,0,4,,32,,,,3,22,6,,0,,140,13,2,1,,0
691775,hitting,2023,13,,South Atlantic League,,331,39,,1,15,,90,,,,13,80,22,,0,,390,48,7,2,,0
691775,hitting,2024,13,Brooklyn Cyclones,South Atlantic League,,102,32,,0,6,,31,,,,2,22,1,,0,,136,13,0,1,,0
691775,hitting,2022,14,Fayetteville Woodpeckers,Carolina League,,41,10,,0,2,,12,,,,0,11,1,,0,,51,5,0,0,,0
691775,hitting,2023,14,Fayetteville Woodpeckers,Carolina League,,92,25,,1,5,,25,,,,3,31,2,,0,,121,22,1,3,,0
691775,hitting,2022,16,FCL Astros Orange,Florida Complex League,,36,12,,0,3,,13,,,,2,8,1,,0,,50,8,0,2,,0
691781,hitting,2024,11,Rochester Red Wings,International League,,224,7,,1,10,,54,,,,3,56,6,,0,,236,30,2,1,,0
691781,hitting,2025,11,Rochester Red Wings,International League,,260,20,,1,15,,65,,,,1,79,13,,1,,283,42,2,0,,1
691781,hitting,2026,11,Rochester Red Wings,International League,,206,12,,0,11,,50,,,,2,62,8,,0,,222,26,2,3,,3
691781,hitting,2023,12,Harrisburg Senators,Eastern League,,139,7,,1,8,,36,,,,1,45,3,,0,,148,19,1,1,,2
691781,hitting,2024,12,Harrisburg Senators,Eastern League,,274,24,,2,11,,75,,,,7,64,13,,0,,306,38,1,5,,1
691781,hitting,2023,13,Wilmington Blue Rocks,South Atlantic League,,63,3,,0,5,,16,,,,2,20,3,,0,,68,11,0,3,,0
691781,hitting,2022,14,Fredericksburg Nationals,Carolina League,,176,12,,0,8,,45,,,,11,49,3,,0,,203,24,3,1,,0
691781,hitting,2023,14,Fredericksburg Nationals,Carolina League,,138,16,,1,8,,36,,,,1,41,6,,0,,158,22,2,5,,1
691781,hitting,2021,16,FCL Nationals,Florida Complex League,,59,7,,0,3,,16,,,,0,19,4,,0,,66,14,0,0,,0
691781,hitting,2025,1,Washington Nationals,National League,,261,8,,3,11,,73,,,,0,61,4,,0,,274,26,5,5,,0
691781,hitting,2026,1,Washington Nationals,National League,,180,13,,0,10,,49,,,,0,42,7,,0,,194,24,1,1,,0
691783,hitting,2023,11,Reno Aces,Pacific Coast League,,67,9,,1,0,,16,,,,2,24,5,,0,,80,18,2,3,,1
691783,hitting,2024,11,Reno Aces,Pacific Coast League,,49,7,,2,3,,12,,,,0,18,2,,0,,58,6,1,1,,1
691783,hitting,2025,11,Reno Aces,Pacific Coast League,,259,36,,3,22,,63,,,,3,81,11,,1,,300,52,0,20,,5
691783,hitting,2026,11,Reno Aces,Pacific Coast League,,20,2,,0,2,,5,,,,0,4,0,,0,,23,3,1,0,,1
691783,hitting,2022,12,Amarillo Sod Poodles,Texas League,,85,10,,1,0,,20,,,,1,18,4,,1,,97,18,1,2,,0
691783,hitting,2023,12,Amarillo Sod Poodles,Texas League,,350,47,,4,23,,89,,,,11,92,15,,0,,410,77,2,33,,3
691783,hitting,2024,12,Amarillo Sod Poodles,Texas League,,7,2,,0,0,,2,,,,0,1,0,,0,,9,0,0,0,,0
691783,hitting,2022,13,Hillsboro Hops,Northwest League,,111,16,,1,8,,30,,,,2,32,3,,0,,130,31,1,13,,2
691783,hitting,2022,14,Visalia Rawhide,California League,,174,27,,4,9,,44,,,,5,61,9,,1,,208,44,2,24,,4
691783,hitting,2021,16,ACL D-backs,Arizona Complex League,,5,1,,0,1,,2,,,,0,2,0,,0,,6,0,0,1,,0
691783,hitting,2022,16,ACL D-backs Red,Arizona Complex League,,19,4,,0,1,,6,,,,1,7,0,,0,,24,5,0,0,,1
691783,hitting,2024,16,ACL D-backs,Arizona Complex League,,29,5,,0,3,,9,,,,2,8,0,,0,,37,7,1,5,,0
691783,hitting,2026,16,ACL D-backs,Arizona Complex League,,8,2,,0,1,,3,,,,2,2,0,,0,,12,2,0,1,,0
691783,hitting,2023,1,Arizona Diamondbacks,National League,,31,2,,1,0,,14,,,,1,4,0,,0,,34,2,0,1,,0
691783,hitting,2025,1,Arizona Diamondbacks,National League,,66,6,,0,7,,28,,,,1,12,0,,0,,74,9,1,2,,0
691783,hitting,2026,1,Arizona Diamondbacks,National League,,38,3,,0,2,,12,,,,3,12,1,,0,,44,6,0,4,,0
691785,hitting,2025,11,Worcester Red Sox,International League,,170,20,,0,5,,43,,,,1,46,9,,1,,193,31,2,2,,1
691785,hitting,2023,12,Portland Sea Dogs,Eastern League,,169,15,,3,8,,43,,,,1,32,6,,0,,190,20,4,4,,1
691785,hitting,2024,12,Portland Sea Dogs,Eastern League,,300,30,,2,28,,77,,,,2,92,8,,1,,335,60,3,13,,0
691785,hitting,2022,13,Greenville Drive,South Atlantic League,,98,17,,0,4,,25,,,,1,26,4,,1,,116,15,0,1,,1
691785,hitting,2023,13,Greenville Drive,South Atlantic League,,145,17,,2,11,,35,,,,1,42,7,,0,,164,23,1,5,,1
691785,hitting,2022,14,Salem Red Sox,Carolina League,,252,51,,0,26,,66,,,,2,72,9,,2,,308,46,3,16,,1
691785,hitting,2021,16,FCL Red Sox,Florida Complex League,,91,15,,1,4,,26,,,,0,25,3,,0,,107,25,0,7,,1
691785,hitting,2025,1,Boston Red Sox,American League,,127,8,,2,8,,44,,,,0,29,4,,0,,136,20,1,0,,1
691785,hitting,2026,1,Boston Red Sox,American League,,205,16,,0,10,,70,,,,3,45,3,,0,,228,19,3,3,,0
692225,hitting,2024,11,Worcester Red Sox,International League,,70,13,,2,2,,19,,,,2,20,4,,0,,85,17,0,4,,0
692225,hitting,2025,11,Worcester Red Sox,International League,,271,38,,0,11,,73,,,,10,74,8,,0,,319,46,0,4,,2
692225,hitting,2026,11,Worcester Red Sox,International League,,286,56,,1,14,,84,,,,7,71,4,,0,,357,35,6,5,,0
692225,hitting,2024,12,Portland Sea Dogs,Eastern League,,213,35,,5,17,,56,,,,6,77,8,,0,,255,48,1,17,,3
692225,hitting,2023,13,Greenville Drive,South Atlantic League,,45,7,,2,2,,14,,,,3,12,1,,0,,55,5,0,1,,1
692225,hitting,2024,13,Greenville Drive,South Atlantic League,,147,26,,1,13,,40,,,,3,45,8,,1,,177,29,1,3,,0
692225,hitting,2023,16,FCL Red Sox,Florida Complex League,,23,3,,1,2,,8,,,,3,9,0,,0,,29,4,0,2,,1
692225,hitting,2025,1,Boston Red Sox,American League,,229,29,,1,10,,67,,,,4,51,6,,0,,263,24,1,2,,0
692585,hitting,2024,11,Albuquerque Isotopes,Pacific Coast League,,128,9,,0,7,,33,,,,1,27,2,,0,,138,10,0,0,,0
692585,hitting,2025,11,Albuquerque Isotopes,Pacific Coast League,,243,23,,1,14,,64,,,,2,69,13,,0,,271,43,3,0,,0
692585,hitting,2026,11,Scranton/Wilkes-Barre RailRiders,International League,,349,25,,2,14,,87,,,,1,88,18,,0,,377,45,2,1,,1
692585,hitting,2023,12,Hartford Yard Goats,Eastern League,,218,15,,0,10,,56,,,,2,45,8,,0,,237,20,2,0,,0
692585,hitting,2024,12,Hartford Yard Goats,Eastern League,,314,26,,0,17,,89,,,,2,89,10,,3,,346,40,3,1,,1
692585,hitting,2023,13,Spokane Indians,Northwest League,,248,14,,1,14,,58,,,,2,79,17,,3,,268,47,4,1,,3
692585,hitting,2022,14,Fresno Grizzlies,California League,,475,39,,1,33,,112,,,,4,135,21,,0,,523,76,5,5,,5
692585,hitting,2023,14,Fresno Grizzlies,California League,,13,3,,0,1,,3,,,,0,3,0,,0,,16,3,0,0,,0
692585,hitting,2021,16,DSL Rockies,Dominican Summer League,,177,22,,0,17,,54,,,,1,59,6,,2,,202,29,2,0,,0
692585,hitting,2025,1,Colorado Rockies,National League,,138,8,,0,5,,52,,,,0,31,4,,0,,147,13,1,0,,0
693049,hitting,2022,11,Charlotte Knights,International League,,31,2,,1,2,,7,,,,0,12,2,,0,,33,5,0,1,,0
693049,hitting,2023,11,Charlotte Knights,International League,,213,22,,0,14,,54,,,,2,58,9,,1,,238,36,1,2,,0
693049,hitting,2024,11,Charlotte Knights,International League,,402,51,,8,21,,109,,,,4,99,11,,4,,464,57,7,12,,4
693049,hitting,2025,11,Charlotte Knights,International League,,43,6,,0,4,,14,,,,0,5,0,,0,,49,8,0,2,,0
693049,hitting,2022,12,Birmingham Barons,Southern League,,206,14,,2,9,,51,,,,5,63,14,,2,,225,39,0,1,,1
693049,hitting,2025,12,Birmingham Barons,Southern League,,55,5,,1,2,,15,,,,0,11,1,,0,,61,5,1,1,,0
693049,hitting,2025,12,Rocket City Trash Pandas,Southern League,,281,27,,0,5,,78,,,,1,62,14,,0,,311,27,2,2,,3
693049,hitting,2025,12,,Southern League,,336,32,,1,7,,93,,,,1,73,15,,0,,372,32,3,3,,3
693049,hitting,2022,13,Winston-Salem Dash,South Atlantic League,,244,22,,1,13,,59,,,,1,76,7,,1,,268,37,1,1,,3
693049,hitting,2023,1,Chicago White Sox,American League,,245,12,,3,9,,75,,,,2,53,5,,1,,263,32,2,4,,0
693049,hitting,2024,1,Chicago White Sox,American League,,33,4,,1,0,,13,,,,1,9,0,,0,,38,1,0,0,,0
693304,hitting,2023,11,Indianapolis Indians,International League,,377,53,,3,27,,99,,,,9,106,14,,1,,443,75,4,4,,8
693304,hitting,2024,11,Indianapolis Indians,International League,,135,15,,3,14,,34,,,,3,48,5,,0,,154,37,1,0,,2
693304,hitting,2025,11,Indianapolis Indians,International League,,36,0,,0,0,,9,,,,1,7,0,,0,,38,3,1,0,,1
693304,hitting,2022,12,Altoona Curve,Eastern League,,259,43,,3,20,,71,,,,10,68,7,,0,,316,47,4,5,,1
693304,hitting,2021,13,Greensboro Grasshoppers,High-A East,,324,40,,2,23,,80,,,,4,98,18,,1,,369,53,1,7,,4
693304,hitting,2022,14,Bradenton Marauders,Florida State League,,3,1,,0,0,,1,,,,0,0,0,,0,,4,0,0,0,,0
693304,hitting,2022,16,FCL Pirates,Florida Complex League,,7,0,,0,1,,2,,,,0,3,0,,0,,7,1,0,1,,1
693304,hitting,2023,1,Pittsburgh Pirates,National League,,115,6,,1,8,,35,,,,4,24,2,,0,,128,12,2,0,,1
693304,hitting,2024,1,Pittsburgh Pirates,National League,,359,18,,3,19,,94,,,,5,97,7,,1,,387,42,4,5,,3
693304,hitting,2025,1,Pittsburgh Pirates,National League,,381,21,,2,18,,96,,,,2,99,5,,0,,408,39,4,0,,3
693304,hitting,2026,1,Pittsburgh Pirates,National League,,399,28,,2,18,,105,,,,7,127,6,,0,,435,61,1,4,,1
693308,pitching,2023,11,Oklahoma City Dodgers,Pacific Coast League,27,74,7,84,,,7,4,4,15,3,,19,0,19.1,,333,,9,0,,13,
693308,pitching,2025,11,Oklahoma City Comets,Pacific Coast League,79,292,42,346,,,47,43,7,73,4,,80,10,77.0,,1403,,47,6,,68,
693308,pitching,2026,11,Oklahoma City Comets,Pacific Coast League,14,96,17,114,,,13,21,1,18,1,,24,2,24.2,,513,,13,0,,40,
693308,pitching,2026,11,Albuquerque Isotopes,Pacific Coast League,3,16,1,17,,,0,4,0,2,0,,3,0,4.2,,76,,0,0,,8,
693308,pitching,2026,11,,Pacific Coast League,17,112,18,131,,,13,25,1,20,1,,27,2,29.1,,589,,13,0,,48,
693308,pitching,2022,12,Tulsa Drillers,Texas League,14,46,7,54,,,7,4,4,11,0,,12,1,11.2,,222,,7,1,,10,
693308,pitching,2023,12,Tulsa Drillers,Texas League,62,281,24,315,,,32,21,21,60,7,,68,4,73.2,,1243,,34,3,,94,
693308,pitching,2022,13,Vancouver Canadians,Northwest League,11,37,2,39,,,1,3,3,8,0,,3,1,11.0,,181,,2,0,,15,
693308,pitching,2022,13,Great Lakes Loons,Midwest League,3,21,0,21,,,1,2,2,4,0,,5,0,5.2,,100,,1,0,,9,
693308,pitching,2022,13,,,14,58,2,60,,,2,5,5,12,0,,8,1,16.2,,281,,3,0,,24,
693308,pitching,2021,14,Dunedin Blue Jays,Low-A Southeast,5,19,2,21,,,0,3,2,3,0,,3,0,5.0,,98,,1,0,,8,
693308,pitching,2022,14,Dunedin Blue Jays,Florida State League,19,89,8,98,,,2,7,7,15,1,,13,0,25.2,,378,,2,0,,42,
693311,pitching,2026,11,Memphis Redbirds,International League,15,77,18,99,,,15,19,3,24,3,,19,4,20.1,,391,,16,0,,20,
693311,pitching,2023,12,Springfield Cardinals,Texas League,52,212,22,239,,,33,12,12,50,2,,60,8,54.1,,929,,37,1,,53,
693311,pitching,2024,12,Springfield Cardinals,Texas League,64,289,26,320,,,24,20,20,61,1,,59,5,79.2,,1327,,35,3,,109,
693311,pitching,2025,12,Springfield Cardinals,Texas League,10,36,6,42,,,5,3,3,6,0,,6,1,10.2,,180,,5,0,,14,
693311,pitching,2023,13,Peoria Chiefs,Midwest League,38,152,12,165,,,13,11,11,34,1,,34,4,41.2,,665,,14,0,,46,
693311,pitching,2025,13,Peoria Chiefs,Midwest League,4,11,3,15,,,2,1,1,5,0,,2,0,3.2,,64,,2,1,,1,
693311,pitching,2022,14,Palm Beach Cardinals,Florida State League,30,178,15,195,,,8,16,16,37,1,,31,1,52.1,,810,,9,1,,81,
693311,pitching,2025,14,Palm Beach Cardinals,Florida State League,5,20,3,24,,,0,3,3,3,1,,4,0,6.0,,108,,0,0,,8,
693311,pitching,2021,16,FCL Cardinals,Florida Complex League,7,36,3,41,,,8,8,1,4,2,,11,1,8.0,,85,,10,0,,14,
693311,pitching,2025,16,FCL Cardinals,Florida Complex League,1,4,1,5,,,0,1,1,1,0,,1,0,1.0,,17,,0,0,,1,
694183,hitting,2026,12,Pensacola Blue Wahoos,Southern League,,312,36,,7,20,,86,,,,2,80,9,,0,,353,46,2,23,,0
694183,hitting,2024,13,South Bend Cubs,Midwest League,,83,15,,3,2,,23,,,,0,19,0,,0,,99,11,1,7,,1
694183,hitting,2025,13,South Bend Cubs,Midwest League,,444,53,,9,25,,115,,,,1,112,7,,0,,507,54,6,52,,2
694183,hitting,2023,14,Myrtle Beach Pelicans,Carolina League,,385,39,,5,12,,106,,,,5,86,4,,0,,431,46,2,27,,3
694183,hitting,2024,14,Myrtle Beach Pelicans,Carolina League,,350,60,,5,25,,95,,,,4,94,5,,2,,414,56,0,37,,4
694183,hitting,2021,16,DSL Cubs Blue,Dominican Summer League,,158,30,,3,5,,47,,,,1,45,5,,1,,191,38,2,21,,1
694183,hitting,2022,16,ACL Cubs,Arizona Complex League,,157,13,,3,4,,44,,,,2,41,3,,0,,175,21,3,6,,1
694192,hitting,2023,11,Nashville Sounds,International League,,21,2,,0,3,,6,,,,0,7,0,,0,,24,4,1,1,,0
694192,hitting,2025,11,Nashville Sounds,International League,,19,2,,0,1,,5,,,,0,1,0,,0,,21,1,0,0,,0
694192,hitting,2026,11,Nashville Sounds,International League,,6,3,,0,0,,3,,,,0,1,0,,0,,9,1,0,0,,0
694192,hitting,2022,12,Biloxi Shuckers,Southern League,,23,2,,1,1,,6,,,,0,2,0,,0,,26,0,1,2,,0
694192,hitting,2023,12,Biloxi Shuckers,Southern League,,510,41,,9,23,,122,,,,4,143,22,,0,,559,84,4,43,,3
694192,hitting,2022,13,Wisconsin Timber Rattlers,Midwest League,,127,11,,1,6,,31,,,,2,32,8,,0,,142,24,2,4,,0
694192,hitting,2022,14,Carolina Mudcats,Carolina League,,250,19,,2,23,,62,,,,1,81,12,,1,,271,51,1,10,,5
694192,hitting,2021,16,DSL Brewers 2,Dominican Summer League,,159,23,,3,7,,45,,,,3,47,5,,1,,189,31,4,8,,1
694192,hitting,2024,1,Milwaukee Brewers,National League,,528,39,,7,29,,148,,,,3,145,21,,4,,573,80,2,22,,4
694192,hitting,2025,1,Milwaukee Brewers,National League,,549,30,,7,35,,131,,,,3,148,21,,1,,589,88,6,21,,4
694192,hitting,2026,1,Milwaukee Brewers,National League,,315,24,,1,19,,75,,,,2,86,13,,2,,342,52,1,10,,0
694194,hitting,2025,12,Portland Sea Dogs,Eastern League,,110,6,,2,6,,30,,,,2,23,1,,0,,118,10,0,7,,0
694194,hitting,2026,12,Portland Sea Dogs,Eastern League,,286,19,,3,12,,79,,,,5,63,9,,0,,310,45,0,12,,0
694194,hitting,2024,13,Greenville Drive,South Atlantic League,,210,18,,3,6,,52,,,,4,40,7,,0,,234,32,2,22,,0
694194,hitting,2025,13,Greenville Drive,South Atlantic League,,287,35,,4,15,,77,,,,2,65,13,,0,,325,48,1,20,,1
694194,hitting,2023,14,Salem Red Sox,Carolina League,,126,10,,4,3,,31,,,,1,29,1,,0,,142,18,5,11,,3
694194,hitting,2024,14,Salem Red Sox,Carolina League,,171,21,,7,10,,43,,,,3,44,4,,0,,195,24,0,16,,1
694194,hitting,2021,16,DSL BOS Red,Dominican Summer League,,119,12,,4,6,,36,,,,3,30,4,,0,,136,17,2,7,,1
694194,hitting,2022,16,FCL Red Sox,Florida Complex League,,153,10,,3,14,,40,,,,3,46,5,,0,,167,28,1,18,,4
694197,hitting,2026,11,Columbus Clippers,International League,,252,36,,3,16,,69,,,,2,75,8,,0,,294,45,4,6,,1
694197,hitting,2025,12,Akron RubberDucks,Eastern League,,309,29,,0,17,,77,,,,1,80,2,,0,,341,39,2,6,,4
694197,hitting,2026,12,Akron RubberDucks,Eastern League,,85,22,,0,3,,24,,,,1,23,3,,0,,110,17,2,2,,0
694197,hitting,2024,13,Lake County Captains,Midwest League,,270,24,,2,24,,66,,,,2,87,4,,0,,300,41,4,13,,1
694197,hitting,2022,14,Lynchburg Hillcats,Carolina League,,28,4,,1,1,,8,,,,1,5,0,,0,,33,3,0,0,,0
694197,hitting,2023,14,Lynchburg Hillcats,Carolina League,,278,34,,3,20,,72,,,,2,73,4,,0,,316,44,2,6,,1
694197,hitting,2024,14,Lynchburg Hillcats,Carolina League,,179,14,,3,14,,44,,,,0,61,6,,1,,196,31,3,12,,3
694197,hitting,2021,16,DSL Indians Blue,Dominican Summer League,,151,39,,0,4,,46,,,,2,40,1,,0,,192,36,0,16,,4
694197,hitting,2022,16,ACL Guardians,Arizona Complex League,,149,16,,3,6,,38,,,,3,48,2,,0,,171,22,2,6,,1
694197,hitting,2025,16,ACL Guardians,Arizona Complex League,,26,6,,1,0,,8,,,,0,8,3,,0,,32,10,0,0,,0
694208,hitting,2024,11,Iowa Cubs,International League,,260,23,,1,15,,68,,,,1,73,10,,0,,285,30,1,0,,0
694208,hitting,2025,11,Iowa Cubs,International League,,446,49,,2,29,,114,,,,6,141,13,,2,,509,62,8,5,,1
694208,hitting,2026,11,Iowa Cubs,International League,,115,22,,0,8,,31,,,,0,28,2,,1,,141,18,3,2,,0
694208,hitting,2023,12,Tennessee Smokies,Southern League,,21,1,,0,0,,5,,,,0,5,0,,0,,22,3,0,0,,0
694208,hitting,2024,12,Tennessee Smokies,Southern League,,194,22,,0,9,,56,,,,3,58,9,,1,,223,27,4,1,,1
694208,hitting,2023,13,South Bend Cubs,Midwest League,,203,22,,0,15,,56,,,,1,61,6,,2,,231,33,5,2,,0
694208,hitting,2022,14,Myrtle Beach Pelicans,Carolina League,,109,18,,1,7,,31,,,,0,27,3,,0,,129,17,2,0,,0
694208,hitting,2023,14,Myrtle Beach Pelicans,Carolina League,,197,40,,0,12,,56,,,,1,54,8,,0,,241,28,3,5,,0
694208,hitting,2021,16,DSL Cubs Red,Dominican Summer League,,154,31,,1,10,,48,,,,2,41,3,,0,,187,22,0,6,,0
694208,hitting,2022,16,ACL Cubs,Arizona Complex League,,97,13,,0,5,,32,,,,0,26,7,,0,,110,12,0,0,,0
694208,hitting,2025,1,Chicago Cubs,National League,,57,9,,0,2,,20,,,,0,17,2,,1,,66,12,0,0,,1
694208,hitting,2026,1,Chicago Cubs,National League,,156,17,,0,6,,59,,,,0,36,6,,0,,175,16,2,1,,0
694212,hitting,2024,11,Norfolk Tides,International League,,81,5,,0,3,,21,,,,0,18,3,,0,,86,11,0,1,,0
694212,hitting,2025,11,Norfolk Tides,International League,,270,44,,0,17,,76,,,,4,73,23,,2,,321,49,3,0,,0
694212,hitting,2023,12,Bowie Baysox,Eastern League,,15,1,,0,1,,4,,,,0,7,0,,0,,16,2,0,0,,1
694212,hitting,2024,12,Bowie Baysox,Eastern League,,398,41,,5,22,,106,,,,2,115,16,,1,,446,57,4,9,,0
694212,hitting,2023,13,Aberdeen IronBirds,South Atlantic League,,96,19,,2,6,,27,,,,0,32,8,,2,,115,21,0,5,,2
694212,hitting,2023,14,Delmarva Shorebirds,Carolina League,,308,41,,3,19,,83,,,,2,92,12,,0,,352,52,1,7,,4
694212,hitting,2021,16,DSL Orioles 1,Dominican Summer League,,134,19,,0,8,,41,,,,1,32,5,,1,,154,18,0,1,,0
694212,hitting,2022,16,FCL Orioles,Florida Complex League,,158,15,,0,5,,43,,,,4,44,6,,0,,180,22,3,1,,0
694212,hitting,2025,1,Baltimore Orioles,American League,,109,6,,0,6,,31,,,,3,18,4,,0,,118,10,0,0,,0
694212,hitting,2026,1,Baltimore Orioles,American League,,282,26,,0,9,,86,,,,1,68,16,,2,,311,34,2,0,,1
694224,hitting,2025,11,St. Paul Saints,International League,,133,9,,2,7,,34,,,,2,42,6,,0,,148,14,4,2,,0
694224,hitting,2026,11,St. Paul Saints,International League,,340,28,,4,18,,88,,,,3,84,11,,0,,374,45,2,1,,2
694224,hitting,2025,12,Wichita Wind Surge,Texas League,,212,26,,1,19,,55,,,,6,73,4,,0,,246,39,1,5,,2
694224,hitting,2023,13,Everett AquaSox,Northwest League,,181,13,,0,4,,43,,,,6,39,9,,0,,200,27,0,2,,0
694224,hitting,2024,13,Cedar Rapids Kernels,Midwest League,,282,22,,3,19,,76,,,,9,72,4,,0,,315,28,2,5,,2
694224,hitting,2025,13,Cedar Rapids Kernels,Midwest League,,138,13,,0,12,,34,,,,2,44,5,,0,,156,22,3,1,,1
694224,hitting,2022,14,Modesto Nuts,California League,,126,13,,1,5,,32,,,,11,36,2,,0,,150,31,0,4,,1
694224,hitting,2023,14,Modesto Nuts,California League,,296,23,,0,19,,73,,,,9,103,9,,0,,335,51,7,8,,4
694224,hitting,2021,16,DSL Mariners,Dominican Summer League,,188,21,,3,15,,54,,,,7,54,7,,0,,221,39,5,9,,4
694224,hitting,2022,16,ACL Mariners,Arizona Complex League,,126,8,,3,9,,35,,,,6,45,5,,0,,140,20,0,5,,0
694224,hitting,2024,16,FCL Twins,Florida Complex League,,20,1,,1,0,,5,,,,1,5,1,,0,,22,2,0,0,,0
694224,hitting,2026,1,Minnesota Twins,American League,,2,2,,0,0,,1,,,,0,1,0,,0,,4,1,0,0,,0
694297,pitching,2022,11,Reno Aces,Pacific Coast League,65,224,14,242,,,18,10,10,39,3,,47,9,61.2,,893,,18,0,,74,
694297,pitching,2023,11,Reno Aces,Pacific Coast League,64,235,16,255,,,25,12,12,45,2,,59,11,60.2,,1028,,27,1,,69,
694297,pitching,2026,11,Reno Aces,Pacific Coast League,11,34,2,37,,,2,3,3,11,0,,6,1,10.0,,130,,3,0,,7,
694297,pitching,2021,12,Amarillo Sod Poodles,Double-A Central,40,134,7,142,,,17,6,6,21,1,,37,12,33.1,,533,,18,0,,36,
694297,pitching,2022,12,Amarillo Sod Poodles,Texas League,95,413,19,447,,,53,19,19,64,11,,113,19,105.1,,1671,,55,3,,144,
694297,pitching,2021,13,Hillsboro Hops,High-A West,59,210,14,227,,,16,9,9,45,3,,39,5,58.0,,839,,19,0,,67,
694297,pitching,2021,14,Visalia Rawhide,Low-A West,35,152,7,160,,,14,7,7,31,1,,29,5,40.1,,572,,17,0,,57,
694297,pitching,2023,1,Arizona Diamondbacks,National League,120,386,26,421,,,61,19,18,69,3,,109,22,96.0,,1612,,63,5,,94,
694297,pitching,2024,1,Arizona Diamondbacks,National League,179,707,42,760,,,95,32,32,166,4,,183,24,181.2,,2793,,103,5,,185,
694297,pitching,2025,1,Arizona Diamondbacks,National League,191,710,37,767,,,103,33,33,181,12,,198,26,176.2,,2920,,107,6,,147,
694297,pitching,2026,1,Arizona Diamondbacks,National League,78,280,21,308,,,32,19,9,84,4,,72,8,72.0,,1117,,35,3,,49,
694351,hitting,2024,11,Jacksonville Jumbo Shrimp,International League,,91,10,,0,4,,25,,,,0,22,2,,1,,103,16,2,2,,1
694351,hitting,2025,11,Jacksonville Jumbo Shrimp,International League,,406,49,,8,28,,123,,,,8,106,8,,1,,469,57,5,27,,1
694351,hitting,2026,11,Jacksonville Jumbo Shrimp,International League,,243,46,,7,15,,72,,,,5,61,4,,1,,302,37,7,18,,0
694351,hitting,2023,12,Pensacola Blue Wahoos,Southern League,,113,9,,0,5,,28,,,,0,28,5,,0,,123,22,1,5,,1
694351,hitting,2024,12,Pensacola Blue Wahoos,Southern League,,386,31,,2,18,,104,,,,7,92,9,,0,,425,40,1,12,,1
694351,hitting,2023,13,Beloit Sky Carp,Midwest League,,317,16,,1,19,,79,,,,8,72,4,,0,,345,28,4,5,,7
694351,hitting,2022,14,Jupiter Hammerheads,Florida State League,,125,13,,1,7,,33,,,,7,33,3,,0,,148,19,3,1,,0
694351,hitting,2022,16,FCL Marlins,Florida Complex League,,16,1,,0,0,,4,,,,1,2,0,,0,,18,1,0,0,,0
694357,pitching,2023,11,Buffalo Bisons,International League,3,12,2,14,,,0,1,1,1,0,,2,0,4.0,,75,,1,0,,6,
694357,pitching,2024,11,Buffalo Bisons,International League,7,33,12,49,,,6,4,4,8,3,,8,3,9.0,,209,,6,1,,11,
694357,pitching,2022,12,New Hampshire Fisher Cats,Eastern League,6,34,4,41,,,3,4,4,11,1,,5,0,11.0,,170,,4,2,,14,
694357,pitching,2023,12,New Hampshire Fisher Cats,Eastern League,17,119,20,146,,,18,11,11,21,2,,28,1,32.0,,608,,22,4,,58,
694357,pitching,2022,13,Vancouver Canadians,Northwest League,26,131,12,150,,,10,8,8,29,6,,23,2,37.2,,603,,12,1,,54,
694357,pitching,2022,14,Dunedin Blue Jays,Florida State League,18,96,13,110,,,6,6,6,18,1,,11,1,30.0,,419,,6,0,,49,
694357,pitching,2023,14,Dunedin Blue Jays,Florida State League,1,19,1,20,,,0,2,2,2,0,,1,0,6.0,,97,,0,0,,15,
694357,pitching,2024,14,Dunedin Blue Jays,Florida State League,4,27,2,29,,,1,3,3,5,0,,3,1,8.0,,137,,1,0,,15,
694357,pitching,2026,14,Dunedin Blue Jays,Florida State League,0,7,0,7,,,0,2,0,3,0,,1,0,2.0,,25,,0,0,,3,
694357,pitching,2023,16,FCL Blue Jays,Florida Complex League,1,6,0,6,,,0,1,1,2,0,,0,0,2.0,,14,,0,0,,3,
694357,pitching,2024,16,FCL Blue Jays,Florida Complex League,0,3,2,5,,,3,1,1,0,0,,2,0,0.1,,24,,3,0,,1,
694357,pitching,2026,16,FCL Blue Jays,Florida Complex League,0,8,0,8,,,1,2,2,2,0,,2,0,2.0,,32,,1,0,,4,
694358,pitching,2025,11,Memphis Redbirds,International League,31,124,8,133,,,14,6,6,30,0,,33,4,31.1,,488,,17,0,,30,
694358,pitching,2023,12,Frisco RoughRiders,Texas League,42,179,12,195,,,26,10,10,40,2,,49,5,46.1,,725,,28,2,,50,
694358,pitching,2023,12,Springfield Cardinals,Texas League,10,41,3,44,,,4,4,4,6,0,,6,1,12.0,,177,,4,0,,19,
694358,pitching,2023,12,,Texas League,52,220,15,239,,,30,14,14,46,2,,55,6,58.1,,902,,32,2,,69,
694358,pitching,2024,12,Springfield Cardinals,Texas League,37,140,12,154,,,25,7,7,27,2,,43,10,33.1,,554,,27,0,,33,
694358,pitching,2025,12,Springfield Cardinals,Texas League,40,170,11,183,,,13,10,10,40,1,,34,4,47.0,,672,,14,0,,57,
694358,pitching,2022,13,Hickory Crawdads,South Atlantic League,96,397,35,444,,,54,22,21,84,6,,95,19,104.2,,1680,,58,3,,126,
694358,pitching,2021,14,Down East Wood Ducks,Low-A East,16,79,7,90,,,6,6,6,15,3,,14,1,22.0,,360,,6,1,,35,
694358,pitching,2024,14,Palm Beach Cardinals,Florida State League,4,19,3,22,,,3,3,3,5,0,,4,0,5.0,,86,,3,0,,6,
694371,hitting,2025,11,Reno Aces,Pacific Coast League,,156,18,,1,8,,38,,,,5,46,3,,0,,182,23,2,3,,2
694371,hitting,2026,11,Reno Aces,Pacific Coast League,,176,26,,1,10,,44,,,,1,54,3,,0,,205,39,1,6,,3
694371,hitting,2025,12,Amarillo Sod Poodles,Texas League,,343,49,,4,20,,87,,,,5,98,12,,0,,399,56,1,21,,2
694371,hitting,2023,13,Hillsboro Hops,Northwest League,,85,12,,0,5,,23,,,,1,21,4,,0,,99,13,1,8,,0
694371,hitting,2024,13,Hillsboro Hops,Northwest League,,251,30,,5,13,,65,,,,5,57,5,,0,,288,39,2,16,,1
694371,hitting,2023,16,ACL D-backs Red,Arizona Complex League,,11,4,,0,0,,4,,,,0,5,0,,0,,16,4,1,1,,1
694371,hitting,2024,16,ACL D-backs,Arizona Complex League,,22,1,,0,3,,7,,,,0,7,0,,0,,26,3,3,0,,1
694371,hitting,2026,1,Arizona Diamondbacks,National League,,121,13,,0,3,,39,,,,0,27,4,,0,,134,22,0,1,,1
694377,hitting,2024,11,Worcester Red Sox,International League,,145,24,,1,8,,38,,,,0,45,6,,0,,169,32,0,6,,0
694377,hitting,2024,11,Indianapolis Indians,International League,,152,18,,4,17,,40,,,,3,54,2,,2,,175,26,1,7,,0
694377,hitting,2024,11,,International League,,297,42,,5,25,,78,,,,3,99,8,,2,,344,58,1,13,,0
694377,hitting,2025,11,Indianapolis Indians,International League,,401,36,,6,21,,103,,,,2,115,7,,0,,440,55,1,17,,3
694377,hitting,2026,11,Indianapolis Indians,International League,,87,10,,4,1,,25,,,,3,14,0,,0,,100,12,0,4,,1
694377,hitting,2023,12,Portland Sea Dogs,Eastern League,,444,51,,5,25,,110,,,,7,119,13,,1,,506,74,4,18,,5
694377,hitting,2024,12,Portland Sea Dogs,Eastern League,,175,18,,2,8,,45,,,,2,44,4,,0,,197,21,2,8,,0
694377,hitting,2021,13,Greenville Drive,High-A East,,84,11,,1,6,,21,,,,0,28,4,,0,,96,17,1,2,,1
694377,hitting,2022,13,Greenville Drive,South Atlantic League,,337,33,,4,10,,80,,,,2,78,11,,0,,373,48,1,8,,1
694377,hitting,2021,14,Salem Red Sox,Low-A East,,294,41,,8,14,,76,,,,7,95,10,,3,,346,59,4,11,,4
694377,hitting,2024,1,Pittsburgh Pirates,National League,,37,4,,0,0,,11,,,,0,8,2,,0,,42,4,1,2,,0
694377,hitting,2025,1,Pittsburgh Pirates,National League,,69,3,,0,3,,22,,,,0,16,1,,0,,72,7,0,1,,0
694377,hitting,2026,1,Pittsburgh Pirates,National League,,76,7,,0,3,,27,,,,2,15,1,,0,,86,6,1,0,,0
694384,hitting,2025,11,Salt Lake Bees,Pacific Coast League,,8,0,,0,1,,2,,,,0,4,0,,0,,8,3,0,0,,0
694384,hitting,2023,12,Rocket City Trash Pandas,Southern League,,60,16,,0,3,,17,,,,0,20,1,,0,,76,15,0,1,,1
694384,hitting,2023,14,Inland Empire 66ers,California League,,6,1,,0,0,,2,,,,1,5,0,,0,,9,2,1,0,,0
694384,hitting,2026,14,Rancho Cucamonga Quakes,California League,,4,0,,0,1,,1,,,,0,1,0,,0,,5,0,1,0,,0
694384,hitting,2023,16,ACL Angels,Arizona Complex League,,8,4,,0,1,,3,,,,0,2,0,,0,,12,3,0,1,,0
694384,hitting,2023,1,Los Angeles Angels,American League,,109,20,,0,3,,29,,,,3,30,1,,1,,132,19,0,0,,0
694384,hitting,2024,1,Los Angeles Angels,American League,,519,68,,1,19,,147,,,,9,130,13,,0,,607,62,7,10,,0
694384,hitting,2025,1,Los Angeles Angels,American League,,488,59,,1,23,,132,,,,10,129,12,,4,,564,64,4,5,,1
694384,hitting,2026,1,Los Angeles Angels,American League,,333,33,,1,19,,90,,,,6,93,6,,0,,375,34,3,1,,0
694462,pitching,2023,11,Gwinnett Stripers,International League,4,17,3,20,,,0,1,1,4,0,,4,0,4.1,,75,,0,0,,5,
694462,pitching,2024,11,Gwinnett Stripers,International League,32,145,24,172,,,15,8,8,39,0,,34,3,40.0,,679,,15,2,,43,
694462,pitching,2025,11,Gwinnett Stripers,International League,64,349,50,408,,,45,19,19,113,4,,85,8,91.2,,1552,,58,5,,92,
694462,pitching,2026,11,Gwinnett Stripers,International League,8,33,8,41,,,1,3,3,13,0,,4,0,10.2,,160,,1,0,,8,
694462,pitching,2023,12,Mississippi Braves,Southern League,3,37,7,45,,,3,3,3,15,1,,8,1,10.0,,189,,3,0,,11,
694462,pitching,2024,12,Mississippi Braves,Southern League,51,193,17,214,,,16,9,9,44,1,,52,2,49.1,,768,,18,2,,48,
694462,pitching,2026,12,Columbus Clingstones,Southern League,3,14,0,15,,,4,1,1,5,1,,3,1,3.2,,53,,4,0,,3,
694462,pitching,2023,13,Rome Braves,South Atlantic League,4,40,5,45,,,1,3,3,15,0,,4,0,12.0,,172,,3,0,,17,
694462,pitching,2023,14,Augusta GreenJackets,Carolina League,1,12,1,13,,,1,1,1,0,0,,3,0,3.0,,50,,2,0,,8,
694462,pitching,2024,14,Augusta GreenJackets,Carolina League,1,12,2,14,,,4,1,1,2,0,,5,0,2.0,,47,,4,0,,4,
694462,pitching,2024,16,FCL Braves,Florida Complex League,2,8,2,10,,,1,1,1,2,0,,2,0,2.0,,27,,1,0,,2,
694462,pitching,2026,16,FCL Braves,Florida Complex League,2,13,5,18,,,1,2,2,5,0,,2,0,4.0,,67,,1,0,,4,
694462,pitching,2024,1,Atlanta Braves,National League,7,27,8,36,,,13,2,2,8,1,,9,3,7.0,,133,,13,0,,3,
694462,pitching,2025,1,Atlanta Braves,National League,44,203,22,229,,,18,10,9,60,3,,45,3,56.1,,886,,18,1,,55,
694462,pitching,2026,1,Atlanta Braves,National League,5,44,10,56,,,10,3,2,17,2,,13,3,10.2,,215,,10,0,,9,
694497,hitting,2023,11,Round Rock Express,Pacific Coast League,,34,4,,1,1,,8,,,,1,12,0,,0,,39,8,0,3,,0
694497,hitting,2025,11,Round Rock Express,Pacific Coast League,,87,14,,2,2,,24,,,,0,18,3,,0,,102,13,1,6,,2
694497,hitting,2022,12,Frisco RoughRiders,Texas League,,21,5,,1,3,,6,,,,1,9,1,,0,,28,8,1,2,,0
694497,hitting,2023,12,Frisco RoughRiders,Texas League,,377,74,,10,15,,97,,,,9,107,12,,2,,462,68,2,22,,6
694497,hitting,2025,12,Frisco RoughRiders,Texas League,,2,2,,0,0,,1,,,,1,0,0,,0,,5,0,0,0,,0
694497,hitting,2026,12,Frisco RoughRiders,Texas League,,2,1,,0,0,,1,,,,0,2,1,,0,,3,1,0,0,,0
694497,hitting,2022,13,Hickory Crawdads,South Atlantic League,,376,59,,12,18,,100,,,,6,108,11,,0,,447,78,5,26,,10
694497,hitting,2021,14,Down East Wood Ducks,Low-A East,,106,34,,4,8,,32,,,,5,25,2,,1,,146,22,1,12,,1
694497,hitting,2023,16,ACL Rangers,Arizona Complex League,,9,3,,0,1,,3,,,,0,2,1,,0,,12,3,0,1,,0
694497,hitting,2023,1,Texas Rangers,American League,,62,12,,0,4,,23,,,,0,19,5,,1,,75,15,1,3,,1
694497,hitting,2024,1,Texas Rangers,American League,,144,15,,0,6,,45,,,,2,27,5,,0,,162,23,1,2,,2
694497,hitting,2025,1,Texas Rangers,American League,,194,19,,2,9,,63,,,,7,48,5,,1,,220,31,0,14,,2
694497,hitting,2026,1,Texas Rangers,American League,,256,39,,2,9,,91,,,,4,53,8,,0,,305,37,1,14,,2
694633,pitching,2023,12,Somerset Patriots,Eastern League,65,225,21,248,,,29,11,11,40,0,,54,8,59.2,,966,,33,2,,68,
694633,pitching,2024,12,Somerset Patriots,Eastern League,8,21,3,24,,,0,2,2,5,0,,4,0,5.2,,83,,0,0,,4,
694633,pitching,2026,12,Somerset Patriots,Eastern League,25,99,22,122,,,19,7,7,22,0,,27,2,25.1,,446,,20,1,,26,
694633,pitching,2023,13,Hudson Valley Renegades,South Atlantic League,40,173,16,190,,,14,9,9,26,0,,31,5,47.0,,754,,18,1,,77,
694633,pitching,2026,13,Hudson Valley Renegades,South Atlantic League,10,39,4,48,,,8,3,3,11,2,,10,1,10.2,,186,,10,2,,11,
694633,pitching,2024,14,Tampa Tarpons,Florida State League,12,31,2,36,,,4,3,3,8,2,,4,1,9.2,,130,,5,1,,8,
694633,pitching,2026,14,Tampa Tarpons,Florida State League,11,32,2,36,,,4,3,3,7,1,,6,2,8.2,,140,,6,0,,8,
694633,pitching,2024,16,FCL Yankees,Florida Complex League,3,12,4,16,,,1,2,2,2,0,,3,0,3.1,,61,,1,0,,4,
694671,hitting,2023,11,Round Rock Express,Pacific Coast League,,19,6,,0,3,,5,,,,1,7,0,,0,,26,4,0,3,,0
694671,hitting,2024,11,Round Rock Express,Pacific Coast League,,10,1,,0,0,,3,,,,0,2,0,,0,,11,2,0,0,,0
694671,hitting,2026,11,Round Rock Express,Pacific Coast League,,5,2,,0,0,,2,,,,0,0,0,,0,,7,2,0,0,,0
694671,hitting,2023,12,Frisco RoughRiders,Texas League,,42,11,,2,3,,12,,,,0,17,4,,0,,54,7,1,1,,0
694671,hitting,2025,12,Frisco RoughRiders,Texas League,,9,2,,0,0,,3,,,,0,3,2,,0,,11,3,0,0,,0
694671,hitting,2026,12,Frisco RoughRiders,Texas League,,5,3,,0,0,,2,,,,0,2,1,,0,,8,2,0,1,,0
694671,hitting,2023,13,Hickory Crawdads,South Atlantic League,,87,18,,1,8,,24,,,,1,29,5,,0,,106,22,0,7,,2
694671,hitting,2023,16,ACL Rangers,Arizona Complex League,,13,1,,0,3,,3,,,,0,5,1,,0,,14,3,0,1,,0
694671,hitting,2024,1,Texas Rangers,American League,,499,51,,3,25,,134,,,,4,126,16,,3,,557,74,3,19,,4
694671,hitting,2025,1,Texas Rangers,American League,,489,74,,6,25,,134,,,,5,118,22,,3,,573,73,5,22,,1
694671,hitting,2026,1,Texas Rangers,American League,,235,14,,1,13,,58,,,,1,65,12,,0,,250,34,0,7,,2
694813,pitching,2022,11,Oklahoma City Dodgers,Pacific Coast League,18,83,8,93,,,3,6,6,18,2,,14,1,23.1,,352,,5,0,,33,
694813,pitching,2023,11,Oklahoma City Dodgers,Pacific Coast League,90,381,46,431,,,53,21,19,88,1,,86,12,100.2,,1708,,56,3,,120,
694813,pitching,2022,12,Tulsa Drillers,Texas League,53,270,30,303,,,13,14,13,54,0,,59,1,73.1,,1200,,16,1,,107,
694813,pitching,2021,13,Great Lakes Loons,High-A Central,7,77,5,83,,,9,5,5,16,0,,18,2,21.0,,331,,9,1,,37,
694813,pitching,2022,13,Great Lakes Loons,Midwest League,19,93,6,100,,,4,6,6,27,1,,19,1,25.0,,349,,5,0,,28,
694813,pitching,2021,14,Rancho Cucamonga Quakes,Low-A West,50,273,20,295,,,29,18,17,54,1,,69,5,70.0,,1134,,35,1,,101,
694813,pitching,2023,1,Los Angeles Dodgers,National League,30,136,13,152,,,31,8,4,39,2,,46,8,31.0,,547,,32,1,,22,
694813,pitching,2024,1,Los Angeles Dodgers,National League,148,537,37,580,,,55,25,25,144,2,,133,18,140.1,,2153,,55,3,,116,
694819,pitching,2024,11,Nashville Sounds,International League,15,57,10,70,,,5,14,2,15,3,,5,1,17.2,,295,,7,0,,22,
694819,pitching,2025,11,Nashville Sounds,International League,56,217,31,253,,,15,13,12,47,1,,38,4,63.1,,1014,,16,1,,80,
694819,pitching,2023,12,Biloxi Shuckers,Southern League,15,79,16,107,,,13,5,5,12,11,,17,2,21.0,,426,,13,1,,36,
694819,pitching,2024,12,Biloxi Shuckers,Southern League,59,285,50,347,,,31,19,19,71,10,,52,7,79.2,,1434,,34,1,,105,
694819,pitching,2023,13,Wisconsin Timber Rattlers,Midwest League,27,85,14,106,,,5,6,6,17,5,,15,0,23.2,,457,,7,2,,28,
694819,pitching,2022,14,Carolina Mudcats,Carolina League,0,6,7,14,,,1,2,2,2,1,,1,0,1.2,,73,,1,0,,3,
694819,pitching,2023,14,Carolina Mudcats,Carolina League,16,85,12,101,,,9,9,9,15,2,,10,0,26.2,,448,,9,2,,46,
694819,pitching,2025,1,Milwaukee Brewers,National League,60,239,31,273,,,32,15,14,41,3,,51,8,66.0,,1164,,34,0,,87,
694819,pitching,2026,1,Milwaukee Brewers,National League,85,417,28,456,,,21,20,20,87,9,,62,10,120.0,,1808,,29,1,,185,
694966,hitting,2024,12,Montgomery Biscuits,Southern League,,108,15,,1,2,,30,,,,0,21,6,,0,,125,17,1,3,,3
694966,hitting,2025,12,Montgomery Biscuits,Southern League,,370,61,,3,14,,108,,,,1,64,8,,0,,437,47,4,17,,2
694966,hitting,2026,12,Montgomery Biscuits,Southern League,,317,49,,6,16,,87,,,,3,90,17,,0,,374,57,5,18,,3
694966,hitting,2024,13,Bowling Green Hot Rods,South Atlantic League,,316,61,,6,25,,84,,,,3,85,14,,0,,383,71,3,26,,5
694966,hitting,2023,14,Charleston RiverDogs,Carolina League,,82,14,,0,3,,22,,,,0,20,5,,0,,96,15,0,9,,2
694966,hitting,2023,16,FCL Rays,Florida Complex League,,9,3,,0,1,,3,,,,0,2,0,,0,,12,4,0,2,,1
694973,pitching,2024,11,Indianapolis Indians,International League,13,97,8,105,,,3,7,7,22,0,,17,1,27.1,,422,,4,0,,45,
694973,pitching,2023,12,Altoona Curve,Eastern League,0,12,2,14,,,4,2,2,3,0,,4,0,2.2,,58,,4,0,,5,
694973,pitching,2023,14,Bradenton Marauders,Florida State League,4,11,0,11,,,0,2,2,2,0,,1,0,3.0,,44,,0,0,,4,
694973,pitching,2023,16,FCL Pirates,Florida Complex League,1,3,0,3,,,0,1,1,1,0,,0,0,1.0,,5,,0,0,,1,
694973,pitching,2024,1,Pittsburgh Pirates,National League,90,475,32,514,,,29,23,23,122,6,,94,10,133.0,,2125,,31,1,,170,
694973,pitching,2025,1,Pittsburgh Pirates,National League,166,684,42,733,,,41,32,32,167,6,,136,11,187.2,,2997,,45,1,,216,
694973,pitching,2026,1,Pittsburgh Pirates,National League,114,466,32,512,,,54,23,23,94,8,,107,13,124.2,,2115,,61,4,,156,
695076,pitching,2024,11,Louisville Bats,International League,2,20,0,21,,,0,1,1,8,1,,3,0,6.0,,83,,0,0,,7,
695076,pitching,2025,11,Louisville Bats,International League,5,16,2,19,,,5,3,3,2,1,,6,1,3.1,,75,,5,0,,3,
695076,pitching,2026,11,Louisville Bats,International League,1,21,0,21,,,3,1,1,6,0,,6,0,5.0,,70,,3,0,,8,
695076,pitching,2024,12,Chattanooga Lookouts,Southern League,59,301,18,324,,,37,16,16,87,3,,80,7,77.1,,1176,,37,2,,77,
695076,pitching,2024,13,Dayton Dragons,Midwest League,19,94,6,102,,,7,5,5,28,2,,18,2,25.1,,375,,8,0,,29,
695076,pitching,2025,13,Dayton Dragons,Midwest League,2,15,1,17,,,4,1,1,3,1,,5,0,3.0,,63,,5,0,,5,
695076,pitching,2025,16,ACL Reds,Arizona Complex League,0,13,0,13,,,2,1,1,4,0,,4,1,3.0,,39,,2,0,,5,
695076,pitching,2024,1,Cincinnati Reds,National League,41,114,14,128,,,4,6,6,26,0,,25,0,30.2,,498,,4,0,,22,
695076,pitching,2026,1,Cincinnati Reds,National League,91,332,37,376,,,50,19,16,84,4,,89,10,83.0,,1414,,51,1,,70,
695490,hitting,2026,11,Louisville Bats,International League,,217,18,,0,9,,53,,,,5,70,11,,0,,250,41,3,9,,5
695490,hitting,2023,12,Chattanooga Lookouts,Southern League,,17,1,,0,2,,4,,,,1,6,0,,0,,20,2,1,1,,1
695490,hitting,2025,12,Chattanooga Lookouts,Southern League,,464,40,,7,23,,120,,,,7,132,3,,0,,521,63,8,12,,4
695490,hitting,2023,13,Dayton Dragons,Midwest League,,475,48,,7,26,,119,,,,5,118,13,,1,,534,72,4,28,,10
695490,hitting,2022,14,Modesto Nuts,California League,,364,35,,4,19,,87,,,,8,115,13,,0,,410,76,3,21,,7
695490,hitting,2022,14,Daytona Tortugas,Florida State League,,97,9,,2,6,,27,,,,2,22,1,,0,,109,16,1,4,,3
695490,hitting,2022,14,,,,461,44,,6,25,,114,,,,10,137,14,,0,,519,92,4,25,,10
695490,hitting,2021,16,ACL Mariners,Arizona Complex League,,71,10,,1,2,,21,,,,4,15,2,,0,,86,16,1,4,,0
695490,hitting,2022,16,ACL Reds,Arizona Complex League,,6,2,,0,0,,2,,,,0,0,0,,0,,9,1,1,2,,0
695490,hitting,2026,1,Cincinnati Reds,National League,,131,5,,1,3,,44,,,,3,32,0,,0,,142,13,1,1,,1
695505,pitching,2025,11,Louisville Bats,International League,10,41,4,46,,,3,2,2,11,0,,7,0,12.1,,174,,3,1,,14,
695505,pitching,2025,12,Chattanooga Lookouts,Southern League,33,147,4,151,,,6,8,8,33,0,,26,3,42.0,,585,,7,0,,55,
695505,pitching,2025,13,Dayton Dragons,Midwest League,6,40,5,45,,,4,3,3,9,0,,5,2,11.2,,169,,4,0,,20,
695505,pitching,2025,1,Cincinnati Reds,National League,36,171,16,188,,,22,13,8,28,0,,41,5,43.1,,765,,25,0,,67,
695505,pitching,2026,1,Cincinnati Reds,National League,120,411,41,455,,,30,20,20,80,0,,85,13,112.2,,1857,,34,2,,128,
695506,hitting,2025,11,Omaha Storm Chasers,International League,,112,12,,0,6,,28,,,,3,40,11,,1,,129,26,2,1,,0
695506,hitting,2025,12,Northwest Arkansas Naturals,Texas League,,152,19,,1,8,,38,,,,1,49,9,,1,,175,32,3,2,,0
695506,hitting,2024,13,Quad Cities River Bandits,Midwest League,,116,7,,0,9,,29,,,,3,28,2,,1,,126,13,0,2,,1
695506,hitting,2025,1,Kansas City Royals,American League,,210,18,,0,6,,62,,,,4,33,7,,0,,232,19,0,1,,1
695506,hitting,2026,1,Kansas City Royals,American League,,366,27,,1,17,,103,,,,4,92,18,,0,,398,48,1,3,,2
695534,pitching,2024,11,Louisville Bats,International League,13,36,3,40,,,2,2,2,9,0,,8,0,10.0,,161,,2,0,,7,
695534,pitching,2025,11,Louisville Bats,International League,103,454,58,520,,,80,26,26,130,4,,123,17,112.2,,1935,,91,3,,102,
695534,pitching,2026,11,Louisville Bats,International League,47,177,20,199,,,29,12,10,38,1,,47,8,44.1,,760,,31,1,,46,
695534,pitching,2023,12,Chattanooga Lookouts,Southern League,11,30,1,31,,,0,2,2,9,0,,5,0,8.0,,108,,2,0,,5,
695534,pitching,2024,12,Chattanooga Lookouts,Southern League,120,475,56,540,,,62,26,26,121,4,,116,11,127.0,,2052,,68,5,,123,
695534,pitching,2022,13,Dayton Dragons,Midwest League,29,117,7,130,,,15,7,7,29,5,,27,2,30.2,,442,,15,1,,33,
695534,pitching,2023,13,Dayton Dragons,Midwest League,38,226,14,243,,,13,16,16,70,2,,58,0,60.0,,897,,16,1,,61,
695534,pitching,2022,14,Daytona Tortugas,Florida State League,41,245,24,275,,,23,18,13,85,5,,57,5,67.2,,1023,,25,1,,63,
695534,pitching,2021,16,FCL Twins,Florida Complex League,4,20,1,21,,,3,2,1,4,0,,6,0,5.0,,37,,3,0,,6,
695534,pitching,2025,1,Cincinnati Reds,National League,7,31,8,40,,,13,3,2,3,1,,14,3,6.0,,169,,14,0,,7,
695534,pitching,2026,1,Cincinnati Reds,National League,45,117,8,130,,,15,15,2,31,3,,29,5,30.0,,439,,16,2,,14,
695549,pitching,2024,11,Toledo Mud Hens,International League,10,38,5,43,,,6,2,2,9,0,,12,2,9.0,,169,,6,0,,7,
695549,pitching,2023,12,Erie SeaWolves,Eastern League,8,24,0,24,,,0,1,1,6,0,,4,0,6.0,,76,,0,0,,6,
695549,pitching,2024,12,Erie SeaWolves,Eastern League,82,257,38,299,,,16,16,16,54,2,,42,2,73.2,,1218,,19,1,,81,
695549,pitching,2026,12,Erie SeaWolves,Eastern League,8,26,2,29,,,1,2,2,6,1,,5,0,7.0,,98,,2,0,,7,
695549,pitching,2022,13,West Michigan Whitecaps,Midwest League,21,57,5,63,,,2,3,3,16,1,,10,2,15.2,,219,,5,0,,10,
695549,pitching,2023,13,West Michigan Whitecaps,Midwest League,31,155,3,160,,,16,8,8,33,0,,39,7,40.0,,590,,17,1,,54,
695549,pitching,2024,13,West Michigan Whitecaps,Midwest League,11,30,2,33,,,2,3,3,8,0,,4,0,9.0,,121,,4,0,,8,
695549,pitching,2022,14,Lakeland Flying Tigers,Florida State League,61,235,25,270,,,31,18,18,49,5,,59,12,61.2,,1006,,41,5,,71,
695549,pitching,2023,14,Lakeland Flying Tigers,Florida State League,18,63,3,68,,,4,6,6,11,2,,14,2,16.0,,263,,4,0,,20,
695549,pitching,2026,14,Lakeland Flying Tigers,Florida State League,1,6,0,6,,,1,1,1,2,0,,2,0,1.1,,32,,1,0,,1,
695549,pitching,2023,16,FCL Tigers,Florida Complex League,0,6,0,6,,,0,1,1,2,0,,0,0,2.0,,14,,0,0,,4,
695549,pitching,2026,16,FCL Tigers,Florida Complex League,2,11,0,11,,,0,1,1,3,0,,2,0,3.0,,38,,0,0,,4,
695549,pitching,2024,1,Detroit Tigers,American League,6,14,1,16,,,0,2,0,5,0,,1,0,4.0,,48,,0,0,,2,
695549,pitching,2025,1,Detroit Tigers,American League,59,185,27,218,,,23,10,10,45,2,,46,7,49.0,,877,,24,2,,39,
695578,hitting,2024,11,Rochester Red Wings,International League,,190,40,,1,16,,52,,,,0,67,10,,1,,231,44,1,10,,0
695578,hitting,2023,12,Harrisburg Senators,Eastern League,,323,39,,2,19,,87,,,,4,80,18,,0,,368,48,2,10,,3
695578,hitting,2023,13,Wilmington Blue Rocks,South Atlantic League,,150,26,,1,9,,42,,,,1,44,8,,1,,181,32,4,8,,5
695578,hitting,2022,14,Lake Elsinore Storm,California League,,193,37,,5,19,,50,,,,5,65,10,,0,,236,55,1,15,,1
695578,hitting,2022,14,Fredericksburg Nationals,Carolina League,,82,10,,0,8,,21,,,,0,24,2,,0,,93,14,1,4,,0
695578,hitting,2022,14,,,,275,47,,5,27,,71,,,,5,89,12,,0,,329,69,2,19,,1
695578,hitting,2021,16,ACL Padres,Arizona Complex League,,86,13,,0,5,,26,,,,2,32,3,,0,,101,18,0,10,,0
695578,hitting,2022,16,ACL Padres,Arizona Complex League,,16,3,,0,0,,5,,,,0,2,0,,0,,19,1,0,1,,0
695578,hitting,2024,1,Washington Nationals,National League,,295,39,,8,13,,79,,,,2,78,9,,1,,336,43,0,14,,4
695578,hitting,2025,1,Washington Nationals,National League,,598,85,,7,38,,157,,,,3,153,31,,8,,689,87,3,15,,0
695578,hitting,2026,1,Washington Nationals,National League,,427,89,,2,26,,111,,,,4,115,30,,9,,523,99,3,17,,1
695600,hitting,2025,11,Omaha Storm Chasers,International League,,153,30,,0,11,,43,,,,0,44,14,,1,,184,32,0,3,,1
695600,hitting,2024,12,Northwest Arkansas Naturals,Texas League,,150,15,,1,7,,41,,,,1,35,8,,0,,170,20,4,1,,3
695600,hitting,2025,12,Northwest Arkansas Naturals,Texas League,,274,30,,1,9,,68,,,,1,80,6,,0,,308,40,3,7,,4
695600,hitting,2023,13,Quad Cities River Bandits,Midwest League,,399,92,,1,20,,116,,,,1,84,11,,1,,497,61,5,11,,4
695600,hitting,2024,13,Quad Cities River Bandits,Midwest League,,310,57,,2,15,,84,,,,4,84,10,,2,,376,47,5,16,,3
695600,hitting,2022,14,Columbia Fireflies,Carolina League,,393,83,,6,24,,113,,,,4,89,11,,1,,485,66,5,8,,2
695600,hitting,2021,16,ACL Royals Blue,Arizona Complex League,,2,0,,0,1,,1,,,,0,1,0,,0,,2,1,0,0,,0
695600,hitting,2021,16,ACL Royals Gold,Arizona Complex League,,55,10,,0,1,,18,,,,0,15,1,,0,,65,8,0,4,,1
695600,hitting,2021,16,,Arizona Complex League,,57,10,,0,2,,19,,,,0,16,1,,0,,67,9,0,4,,1
695600,hitting,2025,1,Kansas City Royals,American League,,60,9,,0,6,,20,,,,0,18,3,,0,,69,12,0,0,,0
695600,hitting,2026,1,Kansas City Royals,American League,,365,39,,0,24,,104,,,,1,85,15,,1,,410,47,5,1,,0
695657,hitting,2024,11,Charlotte Knights,International League,,485,69,,2,21,,130,,,,15,104,18,,1,,573,66,3,8,,3
695657,hitting,2025,11,Charlotte Knights,International League,,216,19,,1,10,,55,,,,6,47,11,,0,,242,27,1,2,,2
695657,hitting,2022,12,Birmingham Barons,Southern League,,48,2,,0,1,,14,,,,1,7,2,,0,,52,5,1,0,,0
695657,hitting,2023,12,Birmingham Barons,Southern League,,131,25,,1,8,,37,,,,9,32,4,,0,,167,27,0,0,,2
695657,hitting,2022,13,Winston-Salem Dash,South Atlantic League,,132,26,,0,4,,37,,,,3,34,5,,0,,164,22,2,1,,1
695657,hitting,2023,13,Winston-Salem Dash,South Atlantic League,,58,20,,2,3,,17,,,,4,20,3,,3,,82,15,0,0,,0
695657,hitting,2022,14,Kannapolis Cannon Ballers,Carolina League,,170,26,,1,12,,45,,,,6,55,4,,0,,205,31,3,0,,1
695657,hitting,2021,16,ACL White Sox,Arizona Complex League,,94,13,,1,7,,26,,,,4,27,0,,0,,111,16,0,0,,0
695657,hitting,2023,16,ACL White Sox,Arizona Complex League,,34,11,,0,3,,10,,,,0,12,1,,1,,45,9,0,2,,1
695657,hitting,2025,16,ACL White Sox,Arizona Complex League,,17,2,,0,0,,5,,,,0,3,0,,0,,19,3,0,2,,0
695657,hitting,2025,1,Chicago White Sox,American League,,255,25,,0,9,,71,,,,2,61,21,,1,,284,43,1,0,,1
695657,hitting,2026,1,Chicago White Sox,American League,,389,36,,1,17,,104,,,,9,84,25,,3,,435,50,1,1,,0
695670,hitting,2025,11,Tacoma Rainiers,Pacific Coast League,,374,74,,4,18,,97,,,,7,106,16,,0,,458,68,3,7,,0
695670,hitting,2026,11,Rochester Red Wings,International League,,206,45,,3,11,,58,,,,4,46,4,,0,,257,34,2,0,,0
695670,hitting,2024,12,Arkansas Travelers,Texas League,,430,74,,9,26,,116,,,,16,107,7,,0,,523,72,2,35,,2
695670,hitting,2023,13,Everett AquaSox,Northwest League,,444,103,,8,24,,118,,,,14,114,15,,1,,563,89,2,24,,4
695670,hitting,2022,14,Modesto Nuts,California League,,390,88,,5,23,,104,,,,17,107,11,,0,,499,89,4,23,,4
695670,hitting,2021,16,ACL Mariners,Arizona Complex League,,55,9,,0,7,,19,,,,1,16,3,,0,,65,12,0,3,,0
695670,hitting,2025,1,Seattle Mariners,American League,,6,0,,0,0,,8,,,,1,1,0,,0,,8,1,1,0,,0
695670,hitting,2026,1,Washington Nationals,National League,,23,4,,0,1,,8,,,,1,4,1,,0,,28,3,0,1,,0
695681,hitting,2025,11,Salt Lake Bees,Pacific Coast League,,120,14,,1,4,,30,,,,2,35,5,,1,,138,22,2,4,,2
695681,hitting,2026,11,Salt Lake Bees,Pacific Coast League,,283,59,,3,22,,73,,,,5,87,10,,0,,352,69,5,12,,5
695681,hitting,2024,12,Rocket City Trash Pandas,Southern League,,90,8,,0,4,,23,,,,0,29,5,,0,,98,18,0,2,,0
695681,hitting,2025,12,Rocket City Trash Pandas,Southern League,,124,21,,3,4,,34,,,,0,29,1,,0,,146,15,1,5,,2
695681,hitting,2024,14,Inland Empire 66ers,California League,,11,1,,1,2,,2,,,,0,6,1,,0,,12,5,0,0,,0
695681,hitting,2025,14,Inland Empire 66ers,California League,,11,5,,0,2,,4,,,,0,5,1,,0,,16,3,0,1,,0
695681,hitting,2025,1,Los Angeles Angels,American League,,162,19,,0,5,,53,,,,1,32,7,,0,,184,20,1,3,,1
695681,hitting,2026,1,Los Angeles Angels,American League,,20,1,,1,0,,6,,,,0,4,0,,0,,22,0,1,0,,0
695731,hitting,2026,11,Charlotte Knights,International League,,111,18,,4,8,,29,,,,2,35,4,,0,,132,32,1,3,,0
695731,hitting,2025,12,Birmingham Barons,Southern League,,125,15,,3,13,,34,,,,3,34,1,,1,,143,14,0,3,,1
695731,hitting,2026,12,Birmingham Barons,Southern League,,99,21,,2,5,,27,,,,2,31,6,,0,,126,20,4,2,,3
695731,hitting,2025,13,Winston-Salem Dash,South Atlantic League,,254,32,,2,17,,69,,,,3,66,8,,0,,290,36,1,5,,3
695731,hitting,2025,14,Kannapolis Cannon Ballers,Carolina League,,69,10,,2,4,,18,,,,2,21,3,,0,,84,14,3,6,,0
695731,hitting,2026,1,Chicago White Sox,American League,,159,16,,2,10,,44,,,,2,38,3,,0,,178,22,1,1,,2
695865,pitching,2024,11,Toledo Mud Hens,International League,28,99,24,128,,,24,16,0,23,1,,29,3,25.1,,491,,27,4,,23,
695865,pitching,2022,12,Erie SeaWolves,Eastern League,71,314,21,345,,,28,19,19,81,10,,67,8,83.2,,1281,,36,0,,95,
695865,pitching,2023,12,Erie SeaWolves,Eastern League,69,297,32,337,,,35,18,18,79,3,,72,5,80.2,,1246,,36,4,,82,
695865,pitching,2022,13,West Michigan Whitecaps,Midwest League,10,73,2,77,,,4,6,5,14,2,,14,2,19.2,,296,,5,0,,35,
695865,pitching,2023,13,West Michigan Whitecaps,Midwest League,6,35,1,38,,,11,3,3,9,2,,12,0,8.1,,133,,11,0,,8,
695865,pitching,2024,13,West Michigan Whitecaps,Midwest League,1,10,1,11,,,1,2,0,2,0,,3,0,2.2,,37,,1,0,,4,
695865,pitching,2021,14,Lakeland Flying Tigers,Low-A Southeast,33,197,22,224,,,20,11,11,46,4,,47,1,53.0,,875,,25,1,,72,
695865,pitching,2024,14,Lakeland Flying Tigers,Florida State League,1,13,0,14,,,2,2,2,6,1,,4,1,3.0,,47,,2,0,,2,
695865,pitching,2025,14,Lakeland Flying Tigers,Florida State League,2,14,3,17,,,1,5,2,5,0,,2,1,4.0,,65,,1,0,,5,
695865,pitching,2021,16,FCL Tigers West,Florida Complex League,5,52,2,57,,,7,3,2,14,3,,15,0,13.0,,102,,8,0,,18,
696135,hitting,2025,11,Columbus Clippers,International League,,149,22,,2,7,,43,,,,3,38,8,,0,,176,23,2,10,,1
696135,hitting,2026,11,Columbus Clippers,International League,,241,40,,7,13,,64,,,,4,60,13,,0,,288,46,3,17,,1
696135,hitting,2024,12,Akron RubberDucks,Eastern League,,359,42,,9,15,,96,,,,3,79,16,,0,,407,56,3,15,,2
696135,hitting,2025,12,Akron RubberDucks,Eastern League,,219,26,,5,13,,59,,,,5,54,8,,0,,253,30,2,7,,5
696135,hitting,2023,13,Beloit Sky Carp,Midwest League,,199,35,,2,10,,58,,,,6,41,7,,0,,243,26,3,14,,0
696135,hitting,2023,13,Lake County Captains,Midwest League,,86,8,,1,3,,23,,,,2,20,5,,0,,98,15,2,11,,0
696135,hitting,2023,13,,Midwest League,,285,43,,3,13,,81,,,,8,61,12,,0,,341,41,5,25,,0
696135,hitting,2022,14,Jupiter Hammerheads,Florida State League,,324,27,,3,16,,83,,,,4,75,9,,0,,358,50,3,16,,5
696135,hitting,2021,16,FCL Marlins,Florida Complex League,,33,8,,1,3,,9,,,,1,13,0,,0,,42,13,0,4,,2
696135,hitting,2022,16,FCL Marlins,Florida Complex League,,11,5,,0,2,,5,,,,1,3,1,,0,,18,4,1,0,,0
696135,hitting,2023,16,FCL Marlins,Florida Complex League,,6,0,,0,0,,2,,,,0,2,2,,0,,6,2,0,0,,0
696135,hitting,2026,1,Cleveland Guardians,American League,,88,3,,1,6,,27,,,,0,21,1,,0,,91,6,0,9,,0
696143,pitching,2023,12,Altoona Curve,Eastern League,52,198,14,217,,,25,12,12,49,3,,49,6,51.2,,849,,27,2,,50,
696143,pitching,2024,12,Altoona Curve,Eastern League,47,223,35,269,,,39,20,17,74,7,,60,7,58.2,,1045,,41,2,,46,
696143,pitching,2025,12,Altoona Curve,Eastern League,13,30,4,36,,,1,2,2,9,1,,2,0,10.0,,129,,1,1,,7,
696143,pitching,2026,12,Altoona Curve,Eastern League,4,9,2,13,,,4,2,0,2,1,,4,0,2.0,,48,,4,1,,0,
696143,pitching,2023,13,Greensboro Grasshoppers,South Atlantic League,44,208,25,234,,,15,12,12,54,0,,43,2,58.2,,936,,17,1,,68,
696143,pitching,2022,14,Bradenton Marauders,Florida State League,32,165,19,188,,,14,13,8,51,4,,31,0,47.2,,732,,16,0,,51,
696143,pitching,2024,14,Bradenton Marauders,Florida State League,9,30,3,34,,,3,2,2,11,1,,6,1,8.2,,122,,3,0,,4,
696143,pitching,2025,14,Bradenton Marauders,Florida State League,0,5,1,6,,,2,1,1,2,0,,2,0,0.2,,23,,3,0,,1,
696143,pitching,2024,16,FCL Pirates,Florida Complex League,2,10,1,11,,,0,1,1,3,0,,2,0,3.0,,42,,0,0,,3,
696146,pitching,2026,11,Charlotte Knights,International League,37,203,39,248,,,28,19,14,43,4,,39,8,57.1,,1073,,31,1,,86,
696146,pitching,2025,12,Birmingham Barons,Southern League,49,253,56,319,,,30,20,20,57,7,,42,5,75.2,,1359,,31,0,,108,
696146,pitching,2024,13,Winston-Salem Dash,South Atlantic League,3,28,2,33,,,3,3,3,11,3,,7,0,7.2,,118,,3,0,,7,
696149,pitching,2024,11,Indianapolis Indians,International League,30,142,15,159,,,8,7,7,32,2,,26,2,39.1,,608,,10,0,,54,
696149,pitching,2025,11,Indianapolis Indians,International League,101,380,53,442,,,45,24,24,66,6,,95,8,100.0,,1837,,46,2,,121,
696149,pitching,2023,12,Altoona Curve,Eastern League,2,16,0,16,,,0,1,1,5,0,,1,0,5.0,,69,,0,0,,8,
696149,pitching,2024,12,Altoona Curve,Eastern League,75,287,26,320,,,33,19,16,66,3,,55,7,80.1,,1291,,36,2,,94,
696149,pitching,2023,13,Greensboro Grasshoppers,South Atlantic League,90,408,51,468,,,56,24,24,90,9,,108,15,106.0,,1809,,60,0,,120,
696149,pitching,2022,14,Bradenton Marauders,Florida State League,20,93,18,114,,,12,8,6,21,2,,20,3,26.0,,460,,12,1,,33,
696149,pitching,2022,16,FCL Pirates,Florida Complex League,11,49,10,59,,,0,6,5,8,0,,3,0,15.1,,145,,0,0,,27,
696149,pitching,2025,1,Pittsburgh Pirates,National League,29,117,4,124,,,14,7,4,32,3,,25,2,31.1,,461,,14,0,,31,
696149,pitching,2026,1,Pittsburgh Pirates,National League,126,397,57,463,,,53,21,20,90,5,,91,10,104.2,,1807,,61,2,,93,
699073,hitting,2025,12,Erie SeaWolves,Eastern League,,339,47,,0,16,,88,,,,4,70,11,,0,,394,49,3,0,,0
699073,hitting,2026,12,Erie SeaWolves,Eastern League,,176,36,,1,7,,49,,,,1,36,10,,0,,218,33,5,1,,1
699073,hitting,2024,13,Great Lakes Loons,Midwest League,,264,49,,0,15,,74,,,,1,58,7,,2,,314,35,0,1,,0
699073,hitting,2024,13,West Michigan Whitecaps,Midwest League,,89,26,,0,7,,26,,,,0,28,5,,0,,115,17,0,0,,0
699073,hitting,2024,13,,Midwest League,,353,75,,0,22,,100,,,,1,86,12,,2,,429,52,0,1,,0
699073,hitting,2023,14,Rancho Cucamonga Quakes,California League,,345,70,,1,24,,94,,,,3,94,24,,0,,418,81,0,2,,2
699073,hitting,2026,14,Lakeland Flying Tigers,Florida State League,,31,10,,0,2,,12,,,,1,10,0,,0,,43,7,1,0,,0
699073,hitting,2021,16,DSL Dodgers Shoemaker,Dominican Summer League,,68,14,,1,4,,21,,,,2,17,1,,1,,85,11,0,3,,0
699073,hitting,2022,16,ACL Dodgers,Arizona Complex League,,148,21,,0,11,,41,,,,2,35,8,,0,,171,23,0,0,,1
700246,hitting,2023,11,Durham Bulls,International League,,13,2,,0,1,,4,,,,0,1,0,,0,,15,3,0,0,,0
700246,hitting,2025,11,Durham Bulls,International League,,389,56,,6,12,,111,,,,4,83,23,,0,,451,72,1,22,,5
700246,hitting,2026,11,Durham Bulls,International League,,306,41,,7,11,,79,,,,2,71,11,,0,,350,50,1,17,,4
700246,hitting,2023,12,Montgomery Biscuits,Southern League,,21,4,,1,2,,6,,,,1,9,0,,0,,26,4,0,3,,0
700246,hitting,2024,12,Montgomery Biscuits,Southern League,,433,58,,11,20,,115,,,,9,111,20,,1,,505,83,5,33,,6
700246,hitting,2023,13,Bowling Green Hot Rods,South Atlantic League,,401,53,,9,18,,105,,,,7,102,23,,0,,462,69,1,17,,7
700246,hitting,2022,14,Charleston RiverDogs,Carolina League,,452,57,,10,22,,113,,,,10,114,19,,0,,523,81,3,28,,10
700246,hitting,2021,16,FCL Rays,Florida Complex League,,39,6,,2,4,,11,,,,2,11,0,,0,,47,8,0,2,,1
700246,hitting,2025,1,Tampa Bay Rays,American League,,99,6,,1,3,,32,,,,0,17,5,,0,,106,11,0,2,,0
700246,hitting,2026,1,Tampa Bay Rays,American League,,30,2,,0,1,,12,,,,0,3,0,,0,,33,6,0,0,,0
700337,hitting,2024,11,Charlotte Knights,International League,,95,13,,0,4,,26,,,,1,28,4,,0,,110,13,1,0,,0
700337,hitting,2025,11,Charlotte Knights,International League,,51,11,,0,1,,15,,,,0,17,1,,0,,63,9,1,0,,0
700337,hitting,2026,11,Charlotte Knights,International League,,61,4,,0,1,,15,,,,2,14,1,,0,,67,5,0,0,,0
700337,hitting,2023,12,Rocket City Trash Pandas,Southern League,,256,55,,2,13,,70,,,,6,63,3,,0,,321,40,4,1,,0
700337,hitting,2023,12,Birmingham Barons,Southern League,,112,17,,0,4,,31,,,,1,31,3,,0,,134,12,4,0,,0
700337,hitting,2023,12,,Southern League,,368,72,,2,17,,101,,,,7,94,6,,0,,455,52,8,1,,0
700337,hitting,2024,12,Birmingham Barons,Southern League,,255,26,,1,12,,72,,,,9,70,12,,0,,292,28,2,1,,0
700337,hitting,2021,14,Inland Empire 66ers,Low-A West,,34,5,,0,2,,10,,,,1,7,1,,0,,42,2,2,1,,0
700337,hitting,2022,14,Inland Empire 66ers,California League,,413,73,,5,35,,111,,,,21,129,17,,0,,515,86,6,12,,2
700337,hitting,2021,16,ACL Angels,Arizona Complex League,,87,23,,1,8,,29,,,,6,22,4,,0,,116,21,0,1,,1
700337,hitting,2025,1,Chicago White Sox,American League,,365,32,,1,17,,111,,,,4,98,5,,0,,403,31,2,0,,0
700337,hitting,2026,1,Chicago White Sox,American League,,170,13,,0,1,,61,,,,3,33,2,,0,,193,12,5,1,,0
700363,pitching,2023,11,Gwinnett Stripers,International League,42,145,26,171,,,19,10,10,30,0,,26,4,41.0,,685,,20,0,,47,
700363,pitching,2024,11,Gwinnett Stripers,International League,99,321,40,365,,,47,20,20,51,2,,69,20,87.0,,1476,,47,2,,104,
700363,pitching,2025,11,Gwinnett Stripers,International League,9,36,4,40,,,5,2,2,5,0,,9,0,9.1,,176,,5,0,,13,
700363,pitching,2026,11,Gwinnett Stripers,International League,10,43,5,48,,,2,3,3,10,0,,11,0,10.2,,216,,3,0,,12,
700363,pitching,2023,12,Mississippi Braves,Southern League,10,26,3,29,,,0,2,2,2,0,,5,0,7.0,,109,,0,0,,9,
700363,pitching,2023,13,Rome Braves,South Atlantic League,12,48,4,52,,,0,3,3,7,0,,6,0,14.0,,232,,0,0,,23,
700363,pitching,2024,13,Rome Emperors,South Atlantic League,0,7,0,7,,,1,1,1,2,0,,1,1,2.0,,32,,1,0,,4,
700363,pitching,2022,14,Augusta GreenJackets,Carolina League,60,251,39,299,,,39,17,17,38,5,,54,4,68.2,,1198,,43,4,,103,
700363,pitching,2026,14,Augusta GreenJackets,Carolina League,2,24,0,24,,,1,2,2,8,0,,5,1,7.0,,87,,1,0,,9,
700363,pitching,2021,16,FCL Braves,Florida Complex League,5,28,10,38,,,8,4,4,3,0,,4,2,8.1,,110,,8,0,,16,
700363,pitching,2023,1,Atlanta Braves,National League,33,93,11,105,,,12,6,5,23,1,,17,7,25.1,,454,,14,0,,20,
700363,pitching,2024,1,Atlanta Braves,National League,7,16,2,18,,,0,1,1,2,0,,3,0,4.1,,87,,0,0,,4,
700363,pitching,2025,1,Atlanta Braves,National League,51,169,21,192,,,19,9,9,35,1,,42,4,44.1,,711,,20,0,,42,
700363,pitching,2026,1,Atlanta Braves,National League,6,16,2,19,,,2,1,1,3,0,,4,0,4.1,,69,,2,1,,4,
700669,pitching,2023,11,Memphis Redbirds,International League,91,333,45,387,,,47,21,18,80,2,,87,9,86.0,,1504,,50,6,,81,
700669,pitching,2024,11,Memphis Redbirds,International League,146,524,50,583,,,70,27,26,123,4,,152,20,130.0,,2203,,79,4,,107,
700669,pitching,2025,11,Memphis Redbirds,International League,40,174,13,190,,,19,24,4,46,1,,45,5,45.1,,699,,23,1,,45,
700669,pitching,2026,11,Memphis Redbirds,International League,0,4,1,5,,,0,1,0,3,0,,0,0,1.1,,19,,0,0,,1,
700669,pitching,2022,12,Springfield Cardinals,Texas League,90,351,24,379,,,41,18,18,103,3,,76,16,93.2,,1399,,44,1,,83,
700669,pitching,2022,13,Peoria Chiefs,Midwest League,40,159,4,165,,,5,8,8,36,2,,27,1,45.2,,651,,6,0,,56,
700669,pitching,2021,14,Palm Beach Cardinals,Low-A Southeast,15,105,9,116,,,5,11,1,25,2,,28,1,26.0,,433,,9,0,,37,
700669,pitching,2024,1,St. Louis Cardinals,National League,7,28,2,31,,,4,2,1,9,0,,7,1,7.2,,105,,4,1,,6,
700669,pitching,2025,1,St. Louis Cardinals,National League,43,175,13,193,,,30,26,0,45,2,,50,2,43.0,,756,,33,3,,40,
700669,pitching,2026,1,St. Louis Cardinals,National League,60,187,26,218,,,19,45,0,60,2,,36,5,54.1,,813,,21,3,,34,
700932,hitting,2023,11,Durham Bulls,International League,,265,42,,1,19,,73,,,,2,63,11,,0,,313,33,4,1,,1
700932,hitting,2023,11,Columbus Clippers,International League,,78,12,,0,8,,21,,,,0,20,6,,0,,92,16,2,0,,0
700932,hitting,2023,11,,International League,,343,54,,1,27,,94,,,,2,83,17,,0,,405,49,6,1,,1
700932,hitting,2024,11,Columbus Clippers,International League,,292,61,,1,20,,83,,,,6,78,20,,2,,364,65,5,3,,1
700932,hitting,2022,12,Montgomery Biscuits,Southern League,,99,14,,1,10,,30,,,,3,32,5,,1,,122,18,6,1,,0
700932,hitting,2022,13,Bowling Green Hot Rods,South Atlantic League,,225,45,,0,16,,63,,,,1,74,17,,0,,275,53,4,0,,1
700932,hitting,2021,16,FCL Rays,Florida Complex League,,43,4,,0,5,,13,,,,3,15,2,,0,,50,10,0,0,,0
700932,hitting,2023,16,ACL Guardians,Arizona Complex League,,8,1,,0,0,,3,,,,0,0,0,,0,,10,1,1,0,,0
700932,hitting,2024,1,Cleveland Guardians,American League,,145,9,,0,12,,53,,,,1,34,5,,0,,156,11,1,0,,0
700932,hitting,2025,1,Cleveland Guardians,American League,,470,48,,0,19,,142,,,,8,110,27,,2,,531,47,5,2,,2
700932,hitting,2026,1,Cleveland Guardians,American League,,305,36,,0,9,,100,,,,6,64,13,,0,,349,38,2,0,,1
701327,hitting,2025,13,Wilmington Blue Rocks,South Atlantic League,,123,16,,1,2,,35,,,,1,21,3,,0,,140,12,0,7,,0
701327,hitting,2026,13,Wilmington Blue Rocks,South Atlantic League,,324,45,,5,15,,89,,,,1,74,12,,0,,373,52,3,31,,1
701327,hitting,2023,14,Fredericksburg Nationals,Carolina League,,281,45,,5,13,,75,,,,3,59,4,,0,,332,36,2,30,,1
701327,hitting,2024,14,Fredericksburg Nationals,Carolina League,,414,46,,3,14,,106,,,,5,86,13,,0,,468,74,2,39,,4
701327,hitting,2025,14,Fredericksburg Nationals,Carolina League,,103,9,,0,6,,26,,,,1,24,1,,0,,113,17,0,5,,2
701327,hitting,2022,16,FCL Nationals,Florida Complex League,,43,6,,0,4,,12,,,,2,13,2,,0,,52,9,1,1,,0
701327,hitting,2023,16,FCL Nationals,Florida Complex League,,22,7,,0,1,,8,,,,0,7,1,,0,,29,9,0,1,,1
701327,hitting,2025,16,FCL Nationals,Florida Complex League,,64,14,,0,4,,20,,,,0,20,5,,0,,78,16,0,6,,0
701328,pitching,2026,11,Oklahoma City Comets,Pacific Coast League,47,248,37,294,,,47,16,16,76,4,,72,7,62.2,,1145,,50,4,,58,
701328,pitching,2024,12,Tulsa Drillers,Texas League,27,102,14,122,,,8,7,7,29,4,,22,2,28.1,,494,,8,2,,26,
701328,pitching,2025,12,Tulsa Drillers,Texas League,104,479,66,557,,,54,26,24,125,9,,118,9,126.0,,2206,,59,2,,135,
701328,pitching,2024,13,Great Lakes Loons,Midwest League,89,359,43,408,,,37,20,20,82,4,,71,4,98.1,,1615,,44,1,,119,
701328,pitching,2023,14,Myrtle Beach Pelicans,Carolina League,34,196,33,237,,,21,18,18,52,6,,35,1,56.0,,1033,,22,2,,77,
701350,hitting,2024,11,Worcester Red Sox,International League,,131,31,,2,12,,35,,,,0,45,3,,0,,164,33,2,5,,1
701350,hitting,2025,11,Worcester Red Sox,International League,,212,51,,3,9,,58,,,,0,61,10,,0,,265,45,2,3,,2
701350,hitting,2023,12,Portland Sea Dogs,Eastern League,,35,8,,0,4,,10,,,,1,12,1,,0,,44,10,0,3,,0
701350,hitting,2024,12,Portland Sea Dogs,Eastern League,,323,48,,5,20,,84,,,,3,87,15,,2,,376,60,2,16,,3
701350,hitting,2023,13,Greenville Drive,South Atlantic League,,204,40,,1,14,,54,,,,1,60,12,,0,,245,41,0,2,,3
701350,hitting,2022,14,Salem Red Sox,Carolina League,,37,5,,0,2,,10,,,,0,7,0,,0,,43,2,1,0,,0
701350,hitting,2023,14,Salem Red Sox,Carolina League,,158,38,,6,9,,42,,,,2,36,1,,0,,202,27,4,11,,1
701350,hitting,2022,16,FCL Red Sox,Florida Complex League,,35,4,,0,2,,10,,,,0,15,0,,0,,40,5,1,1,,0
701350,hitting,2025,1,Boston Red Sox,American League,,257,40,,1,18,,71,,,,5,75,8,,0,,303,48,1,4,,1
701350,hitting,2026,1,Boston Red Sox,American League,,109,20,,0,5,,30,,,,1,25,1,,1,,130,12,0,2,,1
701358,hitting,2024,12,Tennessee Smokies,Southern League,,19,1,,0,0,,5,,,,0,5,0,,0,,20,4,0,0,,2
701358,hitting,2024,13,South Bend Cubs,Midwest League,,48,6,,1,3,,12,,,,2,16,1,,1,,57,6,1,1,,1
701358,hitting,2024,14,Myrtle Beach Pelicans,Carolina League,,48,8,,0,2,,15,,,,0,15,6,,1,,57,10,1,1,,1
701358,hitting,2025,1,Houston Astros,American League,,441,43,,1,21,,134,,,,7,104,9,,0,,493,55,2,8,,3
701358,hitting,2026,1,Houston Astros,American League,,362,33,,1,14,,110,,,,6,75,13,,0,,406,44,4,10,,2
701398,hitting,2025,11,Louisville Bats,International League,,143,19,,1,15,,38,,,,1,45,10,,0,,165,27,2,4,,0
701398,hitting,2025,12,Chattanooga Lookouts,Southern League,,294,27,,2,19,,80,,,,7,90,10,,0,,329,51,1,13,,0
701398,hitting,2023,13,Dayton Dragons,Midwest League,,110,18,,0,5,,29,,,,2,32,2,,1,,131,16,1,5,,0
701398,hitting,2024,13,Dayton Dragons,Midwest League,,280,50,,2,23,,80,,,,4,78,8,,0,,338,54,4,10,,1
701398,hitting,2023,14,Daytona Tortugas,Florida State League,,316,66,,4,19,,88,,,,2,85,10,,0,,387,55,3,10,,0
701398,hitting,2022,16,ACL Reds,Arizona Complex League,,24,4,,0,4,,8,,,,0,7,0,,0,,28,5,0,0,,0
701398,hitting,2025,1,Cincinnati Reds,National League,,55,3,,0,1,,18,,,,0,14,5,,0,,58,11,0,0,,0
701398,hitting,2026,1,Cincinnati Reds,National League,,416,51,,4,23,,110,,,,3,106,23,,4,,476,58,6,12,,0
701538,hitting,2023,12,San Antonio Missions,Texas League,,187,18,,1,13,,46,,,,2,51,5,,0,,211,26,3,5,,2
701538,hitting,2025,12,San Antonio Missions,Texas League,,6,1,,0,0,,2,,,,1,2,0,,0,,8,2,0,0,,0
701538,hitting,2023,13,Fort Wayne TinCaps,Midwest League,,279,17,,3,12,,68,,,,0,78,10,,0,,300,50,3,10,,2
701538,hitting,2022,14,Lake Elsinore Storm,California League,,197,19,,5,10,,45,,,,1,64,5,,0,,219,33,0,8,,3
701538,hitting,2021,16,ACL Padres,Arizona Complex League,,107,10,,1,7,,31,,,,0,30,0,,0,,120,19,1,5,,2
701538,hitting,2022,16,ACL Padres,Arizona Complex League,,30,1,,0,3,,10,,,,0,13,1,,0,,31,5,0,3,,1
701538,hitting,2024,1,San Diego Padres,National League,,554,29,,3,31,,156,,,,1,162,24,,1,,593,77,5,16,,6
701538,hitting,2025,1,San Diego Padres,National League,,440,33,,2,25,,115,,,,4,116,16,,1,,483,59,5,1,,6
701538,hitting,2026,1,San Diego Padres,National League,,415,29,,2,17,,107,,,,1,97,15,,2,,449,52,1,21,,1
701649,hitting,2024,11,Iowa Cubs,International League,,86,7,,2,5,,26,,,,0,26,0,,0,,94,12,1,9,,1
701649,hitting,2025,11,Iowa Cubs,International League,,407,31,,10,20,,102,,,,4,105,7,,0,,444,65,2,28,,2
701649,hitting,2026,11,Iowa Cubs,International League,,350,20,,5,24,,88,,,,3,107,7,,0,,378,58,5,18,,1
701649,hitting,2023,12,Tennessee Smokies,Southern League,,12,1,,0,1,,3,,,,0,4,0,,0,,13,2,0,0,,0
701649,hitting,2024,12,Tennessee Smokies,Southern League,,357,20,,7,18,,89,,,,8,107,7,,0,,391,63,6,38,,5
701649,hitting,2023,13,South Bend Cubs,Midwest League,,305,34,,4,14,,80,,,,6,87,4,,0,,350,43,5,16,,3
701649,hitting,2025,13,South Bend Cubs,Midwest League,,33,2,,0,4,,8,,,,0,9,0,,0,,36,4,1,3,,0
701649,hitting,2022,14,Myrtle Beach Pelicans,Carolina League,,456,39,,3,19,,113,,,,6,124,7,,0,,504,74,3,20,,6
701649,hitting,2021,16,ACL Cubs,Arizona Complex League,,101,7,,3,7,,25,,,,1,33,6,,1,,109,27,0,3,,1
701649,hitting,2026,1,Chicago Cubs,National League,,2,0,,0,0,,2,,,,0,1,0,,0,,2,1,0,0,,0
701762,hitting,2025,11,Las Vegas Aviators,Pacific Coast League,,84,10,,0,7,,20,,,,0,27,7,,1,,97,18,2,0,,0
701762,hitting,2024,12,Midland RockHounds,Texas League,,13,2,,0,1,,5,,,,0,4,0,,0,,15,3,0,1,,0
701762,hitting,2024,14,Stockton Ports,California League,,25,10,,0,2,,7,,,,0,10,4,,0,,35,11,0,0,,0
701762,hitting,2025,14,Stockton Ports,California League,,3,1,,0,0,,1,,,,0,2,1,,0,,4,2,0,0,,0
701762,hitting,2025,1,Athletics,American League,,420,63,,1,26,,117,,,,2,122,36,,3,,489,90,3,2,,2
701762,hitting,2026,1,Athletics,American League,,352,79,,1,15,,99,,,,3,90,21,,9,,434,62,0,7,,1
702056,pitching,2025,11,Buffalo Bisons,International League,16,60,11,72,,,7,6,4,10,0,,9,0,17.1,,329,,8,1,,26,
702056,pitching,2026,11,Buffalo Bisons,International League,7,28,5,33,,,5,2,2,5,0,,9,2,6.2,,135,,7,0,,7,
702056,pitching,2025,12,New Hampshire Fisher Cats,Eastern League,33,106,11,121,,,15,8,7,10,0,,21,3,30.0,,518,,15,3,,46,
702056,pitching,2025,13,Vancouver Canadians,Northwest League,8,58,11,69,,,3,4,4,12,0,,5,2,17.1,,297,,3,0,,33,
702056,pitching,2025,14,Dunedin Blue Jays,Florida State League,21,117,8,127,,,9,7,7,23,1,,19,3,33.1,,488,,13,1,,55,
702056,pitching,2026,14,Dunedin Blue Jays,Florida State League,3,21,2,23,,,5,2,1,4,0,,5,1,5.1,,96,,5,0,,9,
702056,pitching,2025,1,Toronto Blue Jays,American League,13,55,7,62,,,5,3,3,13,0,,13,0,14.0,,239,,5,0,,16,
702056,pitching,2026,1,Toronto Blue Jays,American League,111,324,45,379,,,38,17,17,69,2,,61,10,91.2,,1522,,39,5,,91,
702222,hitting,2025,11,Lehigh Valley IronPigs,International League,,440,58,,11,23,,112,,,,1,147,7,,0,,506,88,2,46,,4
702222,hitting,2024,12,Reading Fightin Phils,Eastern League,,165,11,,1,11,,40,,,,2,55,3,,0,,180,25,1,15,,0
702222,hitting,2023,13,Jersey Shore BlueClaws,South Atlantic League,,73,7,,1,6,,18,,,,2,21,0,,0,,82,20,0,7,,2
702222,hitting,2024,13,Jersey Shore BlueClaws,South Atlantic League,,292,21,,8,14,,70,,,,1,88,6,,0,,317,54,1,27,,4
702222,hitting,2022,14,Clearwater Threshers,Florida State League,,21,2,,1,0,,5,,,,0,3,0,,0,,23,2,0,2,,0
702222,hitting,2023,14,Clearwater Threshers,Florida State League,,276,25,,7,16,,69,,,,2,95,3,,1,,308,51,3,40,,6
702222,hitting,2022,16,FCL Phillies,Florida Complex League,,37,5,,3,0,,11,,,,1,11,0,,0,,43,6,0,8,,1
702222,hitting,2026,1,Philadelphia Phillies,National League,,296,18,,3,12,,100,,,,3,76,2,,0,,320,30,1,14,,3
702253,hitting,2025,12,Chattanooga Lookouts,Southern League,,259,45,,1,16,,74,,,,3,68,2,,2,,308,39,1,0,,0
702253,hitting,2026,12,Chattanooga Lookouts,Southern League,,370,38,,0,19,,98,,,,6,81,14,,0,,418,49,4,1,,1
702253,hitting,2024,13,Dayton Dragons,Midwest League,,427,66,,1,21,,119,,,,8,106,20,,1,,507,72,6,2,,1
702253,hitting,2025,13,Dayton Dragons,Midwest League,,41,5,,0,2,,11,,,,0,12,1,,0,,46,6,0,0,,0
702253,hitting,2023,14,Daytona Tortugas,Florida State League,,390,57,,1,21,,111,,,,8,96,6,,0,,461,40,6,5,,2
702253,hitting,2022,16,ACL Reds,Arizona Complex League,,27,7,,2,1,,9,,,,1,10,2,,1,,35,7,0,0,,0
702253,hitting,2025,16,ACL Reds,Arizona Complex League,,33,9,,0,3,,10,,,,0,13,1,,0,,42,3,0,1,,1
702258,hitting,2026,12,Amarillo Sod Poodles,Texas League,,301,50,,8,10,,82,,,,4,80,5,,0,,358,55,1,24,,1
702258,hitting,2025,13,Hillsboro Hops,Northwest League,,478,56,,4,25,,123,,,,4,122,5,,0,,545,77,6,28,,5
702258,hitting,2023,14,Visalia Rawhide,California League,,111,20,,2,3,,29,,,,0,28,2,,0,,131,19,0,6,,1
702258,hitting,2024,14,Visalia Rawhide,California League,,378,85,,6,15,,109,,,,3,104,6,,1,,471,74,4,21,,8
702258,hitting,2023,16,ACL D-backs Black,Arizona Complex League,,9,1,,0,0,,3,,,,0,1,0,,0,,10,1,0,0,,1
702258,hitting,2023,16,ACL D-backs Red,Arizona Complex League,,27,5,,1,0,,9,,,,0,6,0,,0,,32,8,0,3,,0
702258,hitting,2023,16,,Arizona Complex League,,36,6,,1,0,,12,,,,0,7,0,,0,,42,9,0,3,,1
702261,hitting,2026,11,Indianapolis Indians,International League,,313,62,,6,12,,89,,,,1,64,8,,0,,381,50,1,23,,1
702261,hitting,2024,12,Altoona Curve,Eastern League,,48,7,,1,2,,14,,,,0,11,2,,1,,57,9,2,2,,0
702261,hitting,2025,12,Altoona Curve,Eastern League,,434,59,,12,15,,119,,,,4,118,9,,2,,503,67,2,20,,3
702261,hitting,2023,13,Greensboro Grasshoppers,South Atlantic League,,99,29,,0,2,,30,,,,3,24,5,,0,,132,26,0,3,,0
702261,hitting,2024,13,Greensboro Grasshoppers,South Atlantic League,,395,78,,4,17,,110,,,,9,94,13,,0,,487,73,4,20,,1
702261,hitting,2022,14,Bradenton Marauders,Florida State League,,40,10,,1,4,,14,,,,0,11,1,,0,,53,7,3,4,,0
702261,hitting,2023,14,Bradenton Marauders,Florida State League,,250,72,,2,10,,75,,,,5,61,13,,1,,330,57,2,7,,1
702261,hitting,2022,16,FCL Pirates,Florida Complex League,,23,6,,0,2,,9,,,,0,3,0,,0,,29,0,0,2,,0
702266,pitching,2023,13,Fort Wayne TinCaps,Midwest League,7,42,11,53,,,6,3,3,7,0,,8,1,12.0,,227,,6,0,,20,
702266,pitching,2024,13,Fort Wayne TinCaps,Midwest League,78,245,52,316,,,50,16,16,39,12,,55,11,69.2,,1252,,51,5,,79,
702266,pitching,2024,13,Bowling Green Hot Rods,South Atlantic League,13,49,23,74,,,15,6,3,7,2,,8,2,14.1,,339,,15,0,,21,
702266,pitching,2024,13,,,91,294,75,390,,,65,22,19,46,14,,63,13,84.0,,1591,,66,5,,100,
702266,pitching,2025,13,Bowling Green Hot Rods,South Atlantic League,1,13,6,21,,,7,4,0,1,2,,8,1,2.2,,81,,8,0,,3,
702266,pitching,2023,14,Lake Elsinore Storm,California League,14,57,8,68,,,8,5,5,8,2,,13,1,16.0,,264,,8,1,,23,
702266,pitching,2025,14,Charleston RiverDogs,Carolina League,12,37,21,60,,,14,11,0,9,0,,11,1,10.1,,233,,15,2,,7,
702266,pitching,2026,14,Charleston RiverDogs,Carolina League,26,87,26,120,,,17,21,0,19,5,,15,2,27.0,,494,,18,1,,28,
702266,pitching,2023,16,ACL Padres,Arizona Complex League,3,21,3,24,,,6,4,4,1,0,,8,1,5.0,,60,,6,0,,9,
702266,pitching,2025,16,FCL Rays,Florida Complex League,4,16,6,22,,,0,3,1,3,0,,1,0,5.0,,90,,2,0,,8,
702273,pitching,2025,11,Charlotte Knights,International League,14,64,9,77,,,17,5,5,12,1,,23,3,16.1,,306,,18,3,,18,
702273,pitching,2026,11,Charlotte Knights,International League,11,78,8,88,,,6,6,5,23,2,,10,3,23.0,,339,,7,0,,34,
702273,pitching,2024,12,Birmingham Barons,Southern League,37,223,17,248,,,10,16,16,68,8,,45,2,61.0,,968,,15,0,,73,
702273,pitching,2025,12,Birmingham Barons,Southern League,41,207,36,250,,,21,12,12,57,4,,54,3,56.2,,985,,22,2,,58,
702273,pitching,2024,13,Winston-Salem Dash,South Atlantic League,22,99,7,110,,,12,7,7,17,4,,18,1,27.1,,413,,13,0,,42,
702273,pitching,2023,14,Kannapolis Cannon Ballers,Carolina League,19,97,6,104,,,4,10,10,23,1,,17,3,27.0,,425,,7,0,,38,
702273,pitching,2026,1,Chicago White Sox,American League,70,238,31,280,,,41,14,13,58,6,,58,9,63.2,,1104,,42,1,,57,
702281,pitching,2024,11,Jacksonville Jumbo Shrimp,International League,6,24,1,25,,,1,1,1,4,0,,7,1,6.0,,94,,2,0,,7,
702281,pitching,2025,11,Jacksonville Jumbo Shrimp,International League,40,227,17,246,,,9,11,11,61,1,,46,4,63.2,,956,,11,1,,81,
702281,pitching,2026,11,Jacksonville Jumbo Shrimp,International League,13,95,15,110,,,6,6,6,27,0,,11,2,29.0,,492,,6,0,,44,
702281,pitching,2023,12,San Antonio Missions,Texas League,15,63,10,73,,,3,4,4,17,0,,12,1,17.1,,287,,5,0,,19,
702281,pitching,2024,12,San Antonio Missions,Texas League,67,291,33,331,,,49,16,16,72,2,,90,14,73.1,,1224,,52,3,,67,
702281,pitching,2024,12,Pensacola Blue Wahoos,Southern League,36,140,11,152,,,16,7,7,30,1,,33,2,36.0,,564,,17,0,,41,
702281,pitching,2024,12,,,103,431,44,483,,,65,23,23,102,3,,123,16,109.1,,1788,,69,3,,108,
702281,pitching,2025,12,Pensacola Blue Wahoos,Southern League,48,277,22,301,,,29,14,14,78,2,,66,6,72.1,,1192,,32,0,,85,
702281,pitching,2023,13,Fort Wayne TinCaps,Midwest League,37,131,11,144,,,9,7,7,24,1,,31,1,34.2,,594,,11,0,,40,
702281,pitching,2023,14,Lake Elsinore Storm,California League,40,185,13,199,,,9,11,11,48,0,,39,2,51.2,,795,,10,1,,59,
702281,pitching,2026,1,Miami Marlins,National League,4,18,4,22,,,3,1,1,7,0,,5,1,5.0,,86,,3,0,,2,
702284,hitting,2025,11,Tacoma Rainiers,Pacific Coast League,,206,31,,2,13,,54,,,,8,57,5,,0,,245,39,0,4,,5
702284,hitting,2024,12,Arkansas Travelers,Texas League,,469,67,,11,25,,124,,,,8,127,9,,0,,552,67,4,23,,2
702284,hitting,2023,13,Everett AquaSox,Northwest League,,192,34,,5,14,,48,,,,3,56,6,,0,,230,32,1,5,,2
702284,hitting,2022,14,Modesto Nuts,California League,,39,4,,2,0,,10,,,,0,15,2,,0,,45,11,2,1,,0
702284,hitting,2023,14,Modesto Nuts,California League,,303,54,,5,20,,78,,,,14,81,5,,0,,376,60,5,17,,7
702284,hitting,2022,16,ACL Mariners,Arizona Complex League,,21,4,,0,1,,7,,,,0,7,0,,0,,26,6,1,3,,1
702284,hitting,2025,1,Seattle Mariners,American League,,223,28,,0,7,,77,,,,2,47,4,,1,,257,24,2,1,,1
702284,hitting,2026,1,Seattle Mariners,American League,,405,28,,4,15,,112,,,,8,106,14,,0,,445,53,3,3,,3
702518,hitting,2024,11,Syracuse Mets,International League,,22,8,,0,4,,6,,,,0,8,0,,0,,30,10,0,1,,0
702518,hitting,2025,11,Syracuse Mets,International League,,134,14,,2,5,,34,,,,1,28,7,,0,,151,21,2,2,,2
702518,hitting,2026,11,Nashville Sounds,International League,,304,47,,4,9,,80,,,,4,71,9,,0,,358,60,3,21,,5
702518,hitting,2023,12,Binghamton Rumble Ponies,Eastern League,,22,2,,0,1,,6,,,,1,5,0,,0,,26,5,1,1,,0
702518,hitting,2024,12,Binghamton Rumble Ponies,Eastern League,,87,10,,2,4,,22,,,,4,15,0,,0,,101,12,0,2,,1
702518,hitting,2025,12,Binghamton Rumble Ponies,Eastern League,,352,62,,7,29,,96,,,,3,99,10,,0,,421,70,3,32,,5
702518,hitting,2023,13,Brooklyn Cyclones,South Atlantic League,,127,33,,1,9,,36,,,,2,38,7,,0,,162,25,0,12,,2
702518,hitting,2023,14,St. Lucie Mets,Florida State League,,261,69,,6,12,,79,,,,12,65,6,,0,,346,51,4,32,,6
702518,hitting,2024,14,St. Lucie Mets,Florida State League,,12,4,,1,0,,5,,,,1,3,0,,0,,17,0,0,2,,0
702518,hitting,2022,16,FCL Mets,Florida Complex League,,32,4,,0,1,,10,,,,3,8,1,,0,,41,7,2,6,,1
702548,pitching,2024,13,Hickory Crawdads,South Atlantic League,11,28,13,45,,,6,3,3,5,4,,4,1,8.1,,180,,6,0,,8,
702548,pitching,2025,13,Hub City Spartanburgers,South Atlantic League,0,2,2,4,,,0,1,0,0,0,,0,0,0.2,,20,,0,0,,2,
702548,pitching,2026,13,Hub City Spartanburgers,South Atlantic League,58,197,40,247,,,22,16,1,35,6,,45,7,53.0,,1028,,27,3,,63,
702548,pitching,2023,14,Down East Wood Ducks,Carolina League,58,243,42,293,,,19,21,21,51,8,,39,1,69.1,,1188,,24,0,,95,
702548,pitching,2025,14,Hickory Crawdads,Carolina League,74,239,38,290,,,23,41,0,45,12,,44,8,67.2,,1179,,24,1,,77,
702548,pitching,2024,16,ACL Rangers,Arizona Complex League,19,40,11,56,,,9,5,4,5,5,,6,1,11.0,,232,,11,0,,10,
702616,hitting,2023,11,Norfolk Tides,International League,,75,16,,1,4,,18,,,,0,20,2,,0,,91,18,0,1,,0
702616,hitting,2024,11,Norfolk Tides,International League,,266,75,,1,25,,73,,,,2,72,10,,1,,346,75,3,8,,0
702616,hitting,2026,11,Norfolk Tides,International League,,60,6,,0,2,,17,,,,1,11,1,,1,,67,4,0,1,,1
702616,hitting,2023,12,Bowie Baysox,Eastern League,,142,21,,1,9,,36,,,,0,48,3,,2,,164,28,1,3,,3
702616,hitting,2026,12,Chesapeake Baysox,Eastern League,,6,4,,0,0,,3,,,,0,0,0,,0,,10,1,0,0,,0
702616,hitting,2023,13,Aberdeen IronBirds,South Atlantic League,,207,50,,7,11,,57,,,,2,65,5,,0,,259,52,0,17,,5
702616,hitting,2026,13,Frederick Keys,South Atlantic League,,8,0,,0,1,,2,,,,1,2,0,,0,,9,1,0,0,,0
702616,hitting,2022,14,Delmarva Shorebirds,Carolina League,,42,15,,1,4,,12,,,,0,10,0,,1,,57,8,0,1,,0
702616,hitting,2023,14,Delmarva Shorebirds,Carolina League,,53,14,,0,6,,14,,,,0,21,2,,0,,67,15,0,3,,1
702616,hitting,2022,16,FCL Orioles,Florida Complex League,,22,10,,0,1,,8,,,,0,9,1,,0,,33,6,1,3,,0
702616,hitting,2024,1,Baltimore Orioles,American League,,190,15,,0,4,,60,,,,2,36,5,,0,,208,28,1,4,,2
702616,hitting,2025,1,Baltimore Orioles,American League,,586,56,,11,21,,149,,,,6,142,17,,1,,649,70,1,17,,3
702616,hitting,2026,1,Baltimore Orioles,American League,,157,28,,1,5,,58,,,,0,41,5,,1,,188,24,3,5,,1
702674,pitching,2025,11,Salt Lake Bees,Pacific Coast League,86,317,46,370,,,54,18,18,65,3,,84,14,82.0,,1513,,60,3,,85,
702674,pitching,2026,11,Salt Lake Bees,Pacific Coast League,66,227,39,273,,,38,16,16,56,2,,50,8,59.2,,1137,,44,3,,59,
702674,pitching,2024,12,Rocket City Trash Pandas,Southern League,156,484,39,537,,,38,23,23,96,9,,89,10,135.2,,2077,,46,3,,147,
702674,pitching,2023,13,Tri-City Dust Devils,Northwest League,45,197,24,224,,,25,11,11,37,2,,45,3,53.1,,876,,28,1,,71,
702674,pitching,2022,14,Inland Empire 66ers,California League,0,11,1,12,,,5,1,1,3,0,,6,0,1.2,,45,,5,0,,2,
702674,pitching,2023,14,Inland Empire 66ers,California League,18,50,6,57,,,2,3,3,8,1,,6,1,15.0,,221,,2,0,,18,
702674,pitching,2022,16,ACL Angels,Arizona Complex League,7,25,0,25,,,1,3,3,6,0,,6,0,6.2,,39,,1,0,,6,
702674,pitching,2024,1,Los Angeles Angels,American League,8,43,7,52,,,11,3,3,14,1,,14,5,10.1,,206,,12,1,,8,
702674,pitching,2025,1,Los Angeles Angels,American League,28,117,18,141,,,23,7,5,31,1,,30,9,32.1,,562,,24,4,,33,
702693,hitting,2026,12,Akron RubberDucks,Eastern League,,232,33,,2,13,,60,,,,0,61,6,,1,,267,43,1,13,,2
702693,hitting,2025,13,Lake County Captains,Midwest League,,285,66,,7,6,,79,,,,1,67,2,,0,,353,37,1,9,,1
702693,hitting,2026,13,Lake County Captains,Midwest League,,82,18,,4,7,,22,,,,0,26,2,,0,,102,16,2,10,,0
702693,hitting,2023,14,Lynchburg Hillcats,Carolina League,,35,6,,0,1,,9,,,,0,7,0,,0,,42,7,1,1,,0
702693,hitting,2024,14,Lynchburg Hillcats,Carolina League,,334,86,,11,24,,98,,,,3,90,5,,1,,432,69,9,44,,2
702693,hitting,2022,16,DSL CLE Red,Dominican Summer League,,132,40,,4,7,,40,,,,1,37,1,,0,,175,32,2,14,,3
702693,hitting,2023,16,ACL Guardians,Arizona Complex League,,149,38,,2,12,,39,,,,0,52,1,,0,,189,40,2,19,,1
702693,hitting,2025,16,ACL Guardians,Arizona Complex League,,23,4,,0,1,,8,,,,0,6,0,,0,,27,6,0,1,,0
703149,hitting,2026,13,Hudson Valley Renegades,South Atlantic League,,329,40,,10,16,,90,,,,8,86,12,,0,,383,52,6,29,,2
703149,hitting,2024,14,Tampa Tarpons,Florida State League,,473,68,,13,21,,124,,,,7,110,13,,0,,552,78,4,37,,8
703149,hitting,2025,14,Tampa Tarpons,Florida State League,,394,65,,10,19,,103,,,,4,82,7,,0,,465,61,1,34,,1
703149,hitting,2022,16,DSL NYY Yankees,Dominican Summer League,,108,28,,2,6,,31,,,,4,21,3,,0,,140,25,0,10,,2
703149,hitting,2023,16,FCL Yankees,Florida Complex League,,101,27,,6,2,,27,,,,1,27,6,,0,,130,32,1,17,,2
703155,hitting,2026,11,Tacoma Rainiers,Pacific Coast League,,79,10,,0,8,,19,,,,0,20,3,,0,,90,11,1,1,,0
703155,hitting,2025,12,Arkansas Travelers,Texas League,,240,35,,2,7,,64,,,,4,51,14,,0,,282,33,3,4,,2
703155,hitting,2026,12,Arkansas Travelers,Texas League,,278,54,,3,11,,79,,,,6,65,25,,2,,339,67,1,5,,1
703155,hitting,2024,13,Everett AquaSox,Northwest League,,192,35,,3,8,,51,,,,3,50,8,,4,,233,36,3,4,,0
703155,hitting,2025,13,Everett AquaSox,Northwest League,,250,48,,1,12,,67,,,,1,67,18,,1,,301,43,1,3,,5
703155,hitting,2023,14,Modesto Nuts,California League,,131,21,,0,9,,33,,,,4,42,7,,1,,156,27,0,1,,1
703155,hitting,2024,14,Modesto Nuts,California League,,256,43,,0,13,,65,,,,5,79,13,,0,,309,46,5,1,,2
703155,hitting,2022,16,DSL Mariners,Dominican Summer League,,176,35,,1,13,,55,,,,9,50,10,,0,,223,34,3,3,,5
703155,hitting,2023,16,ACL Mariners,Arizona Complex League,,110,33,,2,10,,37,,,,2,31,6,,0,,146,31,1,1,,1
703186,pitching,2025,12,Harrisburg Senators,Eastern League,27,167,32,208,,,19,11,11,30,5,,34,3,47.1,,835,,20,2,,79,
703186,pitching,2024,13,Wilmington Blue Rocks,South Atlantic League,27,178,18,201,,,22,10,10,38,2,,41,2,47.1,,770,,24,2,,74,
703186,pitching,2025,13,Wilmington Blue Rocks,South Atlantic League,7,34,2,36,,,3,3,3,5,0,,6,0,9.0,,132,,3,0,,16,
703186,pitching,2022,14,Fredericksburg Nationals,Carolina League,10,39,5,44,,,3,3,3,7,0,,9,1,10.1,,195,,3,0,,13,
703186,pitching,2023,14,Fredericksburg Nationals,Carolina League,54,232,40,284,,,36,17,17,65,6,,56,3,63.0,,1103,,42,5,,62,
703186,pitching,2024,14,Fredericksburg Nationals,Carolina League,24,208,30,243,,,28,14,14,55,4,,47,0,56.1,,967,,30,1,,83,
703186,pitching,2022,16,ACL Padres,Arizona Complex League,12,97,11,111,,,8,8,7,26,3,,15,1,29.1,,241,,8,0,,44,
703186,pitching,2022,16,FCL Nationals,Florida Complex League,3,20,4,24,,,1,2,2,4,0,,4,0,5.1,,55,,1,0,,9,
703186,pitching,2022,16,,,15,117,15,135,,,9,10,9,30,3,,19,1,34.2,,296,,9,0,,53,
703197,hitting,2026,11,Tacoma Rainiers,Pacific Coast League,,79,4,,1,6,,18,,,,3,27,3,,0,,89,15,3,2,,1
703197,hitting,2025,12,Arkansas Travelers,Texas League,,208,30,,3,10,,56,,,,11,53,2,,0,,250,37,1,9,,1
703197,hitting,2026,12,Arkansas Travelers,Texas League,,261,24,,2,12,,65,,,,9,75,10,,1,,297,46,3,13,,1
703197,hitting,2024,13,Everett AquaSox,Northwest League,,241,34,,5,15,,60,,,,11,70,12,,0,,290,47,4,10,,2
703197,hitting,2025,13,Everett AquaSox,Northwest League,,242,39,,2,14,,65,,,,25,65,15,,0,,306,41,0,3,,0
703197,hitting,2023,14,Modesto Nuts,California League,,209,36,,3,17,,57,,,,18,49,2,,0,,265,45,2,5,,3
703197,hitting,2024,14,Modesto Nuts,California League,,244,39,,1,11,,60,,,,15,68,11,,0,,302,54,4,8,,5
703197,hitting,2022,16,DSL Mariners,Dominican Summer League,,153,27,,4,10,,49,,,,16,48,4,,0,,199,46,3,4,,2
703197,hitting,2023,16,ACL Mariners,Arizona Complex League,,11,1,,1,0,,4,,,,1,7,1,,0,,13,3,0,3,,0
703601,hitting,2026,11,Toledo Mud Hens,International League,,362,50,,2,20,,90,,,,4,100,11,,2,,418,65,2,21,,2
703601,hitting,2025,12,Erie SeaWolves,Eastern League,,171,29,,0,5,,43,,,,1,43,7,,0,,203,36,2,7,,3
703601,hitting,2024,13,West Michigan Whitecaps,Midwest League,,140,13,,2,10,,34,,,,4,37,2,,1,,157,20,0,3,,3
703601,hitting,2025,13,West Michigan Whitecaps,Midwest League,,260,65,,2,12,,68,,,,3,74,7,,0,,330,49,2,12,,2
703601,hitting,2023,14,Lakeland Flying Tigers,Florida State League,,39,12,,0,1,,11,,,,0,6,0,,0,,51,5,0,1,,0
703601,hitting,2024,14,Lakeland Flying Tigers,Florida State League,,280,48,,2,11,,73,,,,0,80,7,,0,,333,55,4,26,,3
703601,hitting,2023,16,FCL Tigers,Florida Complex League,,46,9,,1,4,,12,,,,1,13,2,,0,,56,13,0,4,,1
703601,hitting,2026,1,Detroit Tigers,American League,,4,1,,0,2,,1,,,,0,3,0,,0,,5,2,0,0,,0
800050,hitting,2024,11,Columbus Clippers,International League,,23,4,,0,4,,6,,,,0,7,2,,0,,27,4,0,0,,0
800050,hitting,2025,11,Columbus Clippers,International League,,126,22,,0,8,,34,,,,0,35,5,,0,,149,25,1,0,,1
800050,hitting,2023,12,Akron RubberDucks,Eastern League,,22,5,,0,1,,6,,,,0,8,0,,0,,28,3,1,0,,0
800050,hitting,2024,12,Akron RubberDucks,Eastern League,,111,14,,1,6,,30,,,,0,28,5,,0,,128,18,3,1,,0
800050,hitting,2023,13,Lake County Captains,Midwest League,,164,10,,3,18,,42,,,,1,60,4,,1,,176,24,1,3,,0
800050,hitting,2023,16,ACL Guardians,Arizona Complex League,,28,8,,0,3,,9,,,,1,8,1,,0,,38,8,1,3,,0
800050,hitting,2024,16,ACL Guardians,Arizona Complex League,,8,1,,0,0,,3,,,,0,2,1,,0,,9,3,0,0,,0
800050,hitting,2025,16,ACL Guardians,Arizona Complex League,,22,6,,0,0,,8,,,,0,4,2,,0,,28,3,0,1,,0
800050,hitting,2026,1,Cleveland Guardians,American League,,347,39,,2,20,,93,,,,0,96,11,,0,,389,38,3,6,,1
800060,hitting,2024,12,Montgomery Biscuits,Southern League,,109,21,,1,4,,31,,,,2,23,3,,0,,133,14,1,1,,1
800060,hitting,2025,12,Montgomery Biscuits,Southern League,,139,34,,2,5,,41,,,,2,28,9,,0,,175,21,0,1,,1
800060,hitting,2026,12,Montgomery Biscuits,Southern League,,277,64,,2,5,,82,,,,2,68,17,,1,,344,54,1,16,,3
800060,hitting,2023,13,Bowling Green Hot Rods,South Atlantic League,,49,8,,0,4,,12,,,,0,20,6,,0,,57,13,0,2,,1
800060,hitting,2024,13,Bowling Green Hot Rods,South Atlantic League,,258,37,,2,17,,71,,,,4,74,15,,0,,302,51,3,14,,1
800060,hitting,2023,14,Charleston RiverDogs,Carolina League,,312,56,,0,16,,90,,,,4,83,13,,1,,376,58,4,10,,3
800060,hitting,2022,16,FCL Rays,Florida Complex League,,19,2,,0,3,,5,,,,0,4,0,,0,,21,4,0,0,,0
800473,hitting,2025,12,Knoxville Smokies,Southern League,,146,20,,0,6,,39,,,,4,24,0,,0,,172,17,2,5,,0
800473,hitting,2026,12,Knoxville Smokies,Southern League,,341,35,,5,19,,90,,,,3,93,15,,0,,386,58,4,17,,1
800473,hitting,2024,13,South Bend Cubs,Midwest League,,372,35,,8,10,,96,,,,4,91,6,,0,,419,47,8,21,,3
800473,hitting,2025,13,South Bend Cubs,Midwest League,,252,38,,3,13,,67,,,,5,70,11,,0,,299,50,3,14,,4
800473,hitting,2023,14,Myrtle Beach Pelicans,Carolina League,,272,23,,4,14,,70,,,,10,73,7,,0,,307,48,2,13,,1
800473,hitting,2022,16,DSL Cubs Blue,Dominican Summer League,,145,16,,2,6,,45,,,,6,44,1,,1,,169,27,2,15,,3
800473,hitting,2023,16,ACL Cubs,Arizona Complex League,,3,0,,0,0,,1,,,,0,0,0,,0,,3,0,0,0,,0
800522,hitting,2025,12,Erie SeaWolves,Eastern League,,168,25,,1,6,,45,,,,2,39,5,,1,,198,20,2,0,,2
800522,hitting,2026,12,Erie SeaWolves,Eastern League,,43,5,,0,0,,11,,,,1,14,5,,0,,49,9,0,0,,0
800522,hitting,2025,13,West Michigan Whitecaps,Midwest League,,196,41,,0,13,,55,,,,4,58,15,,3,,244,40,3,1,,1
800522,hitting,2023,14,Lakeland Flying Tigers,Florida State League,,41,7,,0,6,,11,,,,0,12,0,,0,,48,8,0,0,,0
800522,hitting,2024,14,Lakeland Flying Tigers,Florida State League,,151,22,,2,5,,40,,,,3,42,2,,1,,176,21,0,1,,2
800522,hitting,2026,14,Lakeland Flying Tigers,Florida State League,,20,5,,0,2,,7,,,,0,6,1,,0,,25,2,0,0,,0
800522,hitting,2022,16,DSL Tigers 1,Dominican Summer League,,100,11,,2,4,,30,,,,1,28,3,,1,,113,12,1,1,,0
800522,hitting,2022,16,DSL Tigers 2,Dominican Summer League,,45,2,,0,4,,14,,,,0,6,1,,0,,48,3,1,0,,0
800522,hitting,2022,16,,Dominican Summer League,,145,13,,2,8,,44,,,,1,34,4,,1,,161,15,2,1,,0
800522,hitting,2023,16,FCL Tigers,Florida Complex League,,169,23,,1,13,,44,,,,2,55,7,,0,,198,40,4,3,,2
800522,hitting,2026,16,FCL Tigers,Florida Complex League,,9,0,,0,0,,3,,,,0,1,0,,0,,9,0,0,0,,0
800543,hitting,2025,12,Tulsa Drillers,Texas League,,18,1,,0,0,,4,,,,0,0,0,,0,,19,0,0,0,,0
800543,hitting,2026,12,Tulsa Drillers,Texas League,,377,60,,7,28,,92,,,,2,118,17,,0,,440,82,1,28,,2
800543,hitting,2024,13,Great Lakes Loons,Midwest League,,177,50,,3,6,,52,,,,2,45,4,,1,,230,32,1,13,,0
800543,hitting,2025,13,Great Lakes Loons,Midwest League,,342,81,,8,16,,98,,,,2,90,12,,0,,426,65,1,32,,1
800543,hitting,2023,14,Rancho Cucamonga Quakes,California League,,282,46,,3,15,,74,,,,8,80,2,,0,,340,55,2,14,,2
800543,hitting,2024,14,Rancho Cucamonga Quakes,California League,,208,34,,0,11,,55,,,,5,58,6,,0,,251,37,3,14,,3
800543,hitting,2022,16,DSL LAD Bautista,Dominican Summer League,,186,32,,6,13,,53,,,,3,65,5,,0,,223,42,2,16,,2
800611,pitching,2024,13,Beloit Sky Carp,Midwest League,43,140,32,179,,,23,11,10,31,6,,25,6,40.0,,787,,25,0,,42,
800611,pitching,2025,13,Beloit Sky Carp,Midwest League,72,243,38,296,,,32,19,19,51,8,,53,4,65.1,,1195,,36,4,,72,
800611,pitching,2023,14,Jupiter Hammerheads,Florida State League,4,29,4,34,,,3,3,3,8,0,,9,0,7.0,,136,,3,0,,9,
800611,pitching,2024,14,Jupiter Hammerheads,Florida State League,32,114,23,141,,,10,8,8,23,3,,17,2,34.0,,594,,12,1,,43,
800611,pitching,2026,14,Jupiter Hammerheads,Florida State League,4,14,8,24,,,3,3,3,4,1,,2,0,4.0,,99,,4,0,,5,
800611,pitching,2023,16,FCL Marlins,Florida Complex League,1,14,3,17,,,2,2,2,5,0,,2,0,4.0,,39,,2,0,,6,
800614,hitting,2026,13,West Michigan Whitecaps,Midwest League,,255,47,,3,16,,69,,,,1,68,9,,0,,304,41,1,12,,1
800614,hitting,2025,14,Lakeland Flying Tigers,Florida State League,,125,20,,3,5,,35,,,,1,36,5,,0,,149,19,3,9,,0
800614,hitting,2026,14,Lakeland Flying Tigers,Florida State League,,42,6,,0,3,,11,,,,0,7,1,,0,,49,5,1,4,,0
801403,pitching,2025,11,Albuquerque Isotopes,Pacific Coast League,13,62,10,73,,,12,4,4,13,1,,19,1,15.1,,299,,12,0,,17,
801403,pitching,2024,12,Hartford Yard Goats,Eastern League,47,174,19,199,,,12,9,9,36,5,,34,1,48.0,,797,,14,1,,58,
801403,pitching,2024,13,Spokane Indians,Northwest League,57,263,28,300,,,22,14,14,35,9,,60,6,70.0,,1273,,26,0,,111,
801403,pitching,2025,1,Colorado Rockies,National League,104,381,49,441,,,71,21,21,97,6,,103,18,98.0,,1778,,76,4,,82,
801403,pitching,2026,1,Colorado Rockies,National League,40,164,18,189,,,19,10,3,42,3,,39,6,44.0,,743,,19,3,,47,
802139,hitting,2025,11,Memphis Redbirds,International League,,185,28,,1,14,,47,,,,6,58,10,,1,,221,43,2,9,,1
802139,hitting,2025,12,Springfield Cardinals,Texas League,,223,44,,2,14,,62,,,,6,67,7,,0,,275,39,2,14,,1
802139,hitting,2024,14,Palm Beach Cardinals,Florida State League,,105,16,,0,5,,29,,,,4,31,2,,0,,126,18,1,2,,0
802139,hitting,2026,1,St. Louis Cardinals,National League,,414,49,,1,10,,106,,,,14,103,16,,2,,479,69,2,12,,0
802419,pitching,2024,11,Indianapolis Indians,International League,58,165,8,179,,,17,8,8,37,2,,35,5,46.0,,648,,18,3,,38,
802419,pitching,2025,11,Indianapolis Indians,International League,124,371,33,415,,,57,21,20,68,6,,93,20,96.0,,1612,,59,4,,90,
802419,pitching,2026,11,Indianapolis Indians,International League,80,257,30,299,,,46,24,7,51,5,,73,9,63.2,,1163,,48,6,,60,
802419,pitching,2024,12,Altoona Curve,Eastern League,75,255,10,270,,,17,13,12,50,3,,58,4,68.1,,954,,25,1,,74,
802419,pitching,2023,13,Greensboro Grasshoppers,South Atlantic League,102,337,29,376,,,38,18,18,47,5,,86,11,88.1,,1458,,44,4,,106,
802419,pitching,2023,14,Bradenton Marauders,Florida State League,39,135,12,150,,,12,8,8,27,1,,31,3,39.0,,550,,12,0,,40,
802419,pitching,2024,14,Bradenton Marauders,Florida State League,2,8,1,9,,,0,1,1,2,0,,1,0,3.0,,40,,0,0,,3,
802419,pitching,2025,1,Pittsburgh Pirates,National League,10,42,7,50,,,15,3,1,8,0,,18,3,8.2,,200,,15,1,,7,
804606,hitting,2026,11,Indianapolis Indians,International League,,16,5,,2,3,,5,,,,0,7,0,,0,,21,4,0,3,,0
804606,hitting,2025,12,Altoona Curve,Eastern League,,83,7,,2,2,,21,,,,6,28,5,,0,,98,20,2,6,,0
804606,hitting,2026,12,Altoona Curve,Eastern League,,2,1,,0,0,,1,,,,1,2,1,,0,,4,3,0,0,,1
804606,hitting,2025,13,Greensboro Grasshoppers,South Atlantic League,,194,28,,7,11,,51,,,,10,63,7,,1,,234,48,2,33,,2
804606,hitting,2025,14,Bradenton Marauders,Florida State League,,207,15,,4,10,,50,,,,6,70,9,,0,,231,49,2,26,,2
804606,hitting,2026,1,Pittsburgh Pirates,National League,,225,16,,1,10,,59,,,,4,62,5,,0,,247,35,2,20,,2
805779,hitting,2024,11,Las Vegas Aviators,Pacific Coast League,,106,9,,0,11,,26,,,,1,42,4,,0,,116,26,0,0,,0
805779,hitting,2025,11,Las Vegas Aviators,Pacific Coast League,,14,1,,0,1,,4,,,,0,3,1,,0,,15,3,0,0,,0
805779,hitting,2026,11,Las Vegas Aviators,Pacific Coast League,,12,2,,0,1,,4,,,,1,2,0,,0,,15,2,0,0,,0
805779,hitting,2024,12,Midland RockHounds,Texas League,,88,2,,1,13,,22,,,,2,40,3,,0,,93,18,1,2,,0
805779,hitting,2023,13,Lansing Lugnuts,Midwest League,,88,6,,1,9,,23,,,,3,28,1,,0,,99,13,1,4,,0
805779,hitting,2023,16,ACL Athletics,Arizona Complex League,,11,0,,0,2,,3,,,,1,5,0,,0,,12,4,0,0,,0
805779,hitting,2024,16,ACL Athletics,Arizona Complex League,,14,3,,0,4,,5,,,,0,8,0,,0,,17,4,0,0,,0
805779,hitting,2024,1,Oakland Athletics,American League,,92,8,,0,2,,28,,,,1,23,0,,0,,103,11,1,0,,2
805779,hitting,2025,1,Athletics,American League,,486,27,,2,26,,125,,,,7,151,13,,1,,523,62,1,5,,0
805779,hitting,2026,1,Athletics,American League,,283,12,,0,12,,70,,,,2,78,7,,0,,299,32,1,4,,1
805795,hitting,2025,11,Lehigh Valley IronPigs,International League,,27,9,,1,2,,8,,,,1,9,1,,0,,37,8,0,7,,0
805795,hitting,2024,12,Reading Fightin Phils,Eastern League,,21,0,,0,0,,5,,,,1,4,0,,0,,22,1,0,1,,0
805795,hitting,2025,12,Reading Fightin Phils,Eastern League,,405,73,,14,25,,108,,,,9,105,13,,0,,489,74,2,52,,2
805795,hitting,2024,13,Jersey Shore BlueClaws,South Atlantic League,,225,30,,4,12,,58,,,,3,58,6,,0,,258,35,0,12,,6
805795,hitting,2023,14,Clearwater Threshers,Florida State League,,37,6,,1,1,,10,,,,1,8,0,,0,,44,4,0,4,,1
805795,hitting,2024,14,Clearwater Threshers,Florida State League,,149,26,,1,16,,39,,,,6,41,5,,0,,182,28,1,10,,0
805795,hitting,2023,16,FCL Phillies,Florida Complex League,,29,6,,0,2,,10,,,,1,12,0,,0,,36,6,0,0,,0
805796,hitting,2026,12,New Hampshire Fisher Cats,Eastern League,,118,12,,2,9,,32,,,,2,33,4,,0,,133,20,1,4,,0
805796,hitting,2025,13,Vancouver Canadians,Northwest League,,473,55,,3,29,,120,,,,9,106,13,,2,,543,70,6,17,,3
805796,hitting,2026,13,Vancouver Canadians,Northwest League,,87,16,,1,9,,23,,,,1,21,4,,1,,105,16,1,2,,0
805796,hitting,2024,14,Dunedin Blue Jays,Florida State League,,319,30,,1,18,,82,,,,9,74,16,,0,,361,59,3,9,,6
805796,hitting,2026,14,Dunedin Blue Jays,Florida State League,,9,3,,0,0,,3,,,,0,2,0,,0,,12,2,0,0,,0
805796,hitting,2023,16,FCL Blue Jays,Florida Complex League,,25,14,,0,1,,9,,,,1,5,0,,0,,40,7,0,1,,1
805796,hitting,2024,16,FCL Blue Jays,Florida Complex League,,21,9,,0,2,,8,,,,0,5,1,,0,,30,4,0,0,,1
805796,hitting,2026,16,FCL Blue Jays,Florida Complex League,,5,1,,0,0,,3,,,,1,2,0,,0,,9,2,2,0,,0
805805,hitting,2025,11,St. Paul Saints,International League,,91,9,,0,6,,23,,,,2,22,2,,0,,102,13,0,4,,1
805805,hitting,2026,11,St. Paul Saints,International League,,190,31,,2,15,,51,,,,2,51,4,,0,,223,35,0,10,,2
805805,hitting,2024,12,Wichita Wind Surge,Texas League,,25,3,,0,1,,6,,,,0,4,0,,0,,28,3,0,2,,0
805805,hitting,2025,12,Wichita Wind Surge,Texas League,,191,34,,3,11,,52,,,,7,59,7,,0,,235,38,3,11,,1
805805,hitting,2024,13,Cedar Rapids Kernels,Midwest League,,131,17,,2,12,,34,,,,3,38,3,,0,,152,21,1,8,,2
805805,hitting,2026,13,Cedar Rapids Kernels,Midwest League,,11,1,,0,0,,3,,,,0,5,1,,0,,12,3,0,0,,0
805805,hitting,2023,14,Fort Myers Mighty Mussels,Florida State League,,51,4,,1,2,,12,,,,1,20,1,,0,,56,10,0,2,,3
805805,hitting,2024,14,Fort Myers Mighty Mussels,Florida State League,,121,28,,1,6,,33,,,,0,33,3,,0,,151,20,2,4,,1
805805,hitting,2025,14,Fort Myers Mighty Mussels,Florida State League,,25,5,,0,0,,8,,,,1,7,1,,0,,31,4,0,2,,0
805805,hitting,2026,14,Fort Myers Mighty Mussels,Florida State League,,5,0,,0,1,,1,,,,0,4,1,,0,,5,2,0,0,,0
805805,hitting,2023,16,FCL Twins,Florida Complex League,,54,5,,2,3,,14,,,,0,18,2,,0,,59,6,0,4,,1
805805,hitting,2024,16,FCL Twins,Florida Complex League,,28,8,,0,3,,9,,,,0,11,0,,0,,37,7,1,3,,1
805805,hitting,2025,16,FCL Twins,Florida Complex League,,1,2,,1,0,,1,,,,0,0,0,,0,,3,1,0,0,,0
805808,hitting,2025,12,Erie SeaWolves,Eastern League,,169,33,,2,10,,46,,,,0,43,12,,0,,206,30,4,7,,2
805808,hitting,2024,13,West Michigan Whitecaps,Midwest League,,42,11,,0,1,,14,,,,1,9,1,,0,,57,9,3,2,,1
805808,hitting,2025,13,West Michigan Whitecaps,Midwest League,,145,23,,5,19,,36,,,,2,54,7,,0,,171,37,1,3,,0
805808,hitting,2023,14,Lakeland Flying Tigers,Florida State League,,40,7,,2,2,,12,,,,0,14,1,,0,,48,7,1,2,,0
805808,hitting,2024,14,Lakeland Flying Tigers,Florida State League,,230,35,,2,15,,60,,,,0,75,4,,0,,271,40,5,20,,3
805808,hitting,2025,14,Lakeland Flying Tigers,Florida State League,,17,3,,0,2,,6,,,,0,4,0,,0,,20,1,0,0,,0
805808,hitting,2023,16,FCL Tigers,Florida Complex League,,33,11,,3,2,,9,,,,1,9,0,,0,,45,11,0,6,,0
805808,hitting,2026,1,Detroit Tigers,American League,,404,68,,1,20,,107,,,,3,116,11,,1,,477,69,2,11,,3
805809,pitching,2025,12,Harrisburg Senators,Eastern League,3,19,6,25,,,4,2,2,3,0,,4,0,4.2,,98,,4,0,,9,
805809,pitching,2025,13,Wilmington Blue Rocks,South Atlantic League,19,97,8,106,,,4,6,6,19,1,,12,0,29.2,,457,,4,0,,47,
805809,pitching,2024,14,Fredericksburg Nationals,Carolina League,66,298,27,329,,,22,20,20,55,2,,50,2,85.0,,1378,,27,1,,129,
805809,pitching,2025,14,Fredericksburg Nationals,Carolina League,5,18,2,21,,,0,2,2,3,1,,1,0,6.0,,84,,0,0,,9,
805809,pitching,2025,16,FCL Nationals,Florida Complex League,0,16,1,17,,,1,2,2,1,0,,1,0,5.0,,70,,1,0,,14,
805810,hitting,2024,13,Quad Cities River Bandits,Midwest League,,18,1,,0,0,,5,,,,1,2,0,,0,,20,2,0,1,,0
805810,hitting,2025,13,Quad Cities River Bandits,Midwest League,,169,45,,4,7,,49,,,,0,35,2,,2,,216,23,1,9,,1
805810,hitting,2026,13,Quad Cities River Bandits,Midwest League,,288,89,,4,15,,87,,,,4,67,17,,1,,386,77,5,22,,0
805810,hitting,2024,14,Columbia Fireflies,Carolina League,,378,79,,7,16,,106,,,,6,90,18,,2,,466,64,3,25,,3
805810,hitting,2023,16,ACL Royals,Arizona Complex League,,34,17,,0,1,,13,,,,0,5,0,,0,,52,8,1,1,,0
805810,hitting,2025,16,ACL Royals,Arizona Complex League,,28,8,,1,2,,11,,,,3,8,1,,0,,39,5,0,3,,0
805811,hitting,2024,11,Sacramento River Cats,Pacific Coast League,,31,4,,0,0,,8,,,,0,8,0,,0,,35,3,0,0,,0
805811,hitting,2025,11,Sacramento River Cats,Pacific Coast League,,253,28,,0,13,,66,,,,1,63,18,,3,,286,31,4,1,,0
805811,hitting,2026,11,Sacramento River Cats,Pacific Coast League,,114,20,,0,6,,30,,,,3,38,5,,1,,137,25,0,0,,0
805811,hitting,2024,12,Richmond Flying Squirrels,Eastern League,,37,3,,0,2,,9,,,,0,10,1,,1,,40,4,0,1,,1
805811,hitting,2025,12,Richmond Flying Squirrels,Eastern League,,125,13,,1,8,,34,,,,1,35,7,,1,,140,14,1,0,,0
805811,hitting,2024,13,Eugene Emeralds,Northwest League,,173,35,,0,11,,48,,,,2,58,12,,2,,215,35,5,3,,1
805811,hitting,2023,14,San Jose Giants,California League,,58,11,,0,2,,15,,,,0,17,1,,0,,69,7,0,1,,0
805811,hitting,2024,14,San Jose Giants,California League,,205,17,,0,14,,51,,,,3,54,10,,0,,229,34,4,2,,0
805811,hitting,2023,16,ACL Giants Orange,Arizona Complex League,,51,9,,0,3,,16,,,,0,15,5,,1,,61,8,1,0,,0
805811,hitting,2025,16,ACL Giants,Arizona Complex League,,6,1,,0,0,,2,,,,0,2,0,,0,,7,1,0,0,,0
805811,hitting,2025,1,San Francisco Giants,National League,,28,7,,0,2,,10,,,,1,3,0,,0,,37,1,1,0,,0
805811,hitting,2026,1,San Francisco Giants,National League,,240,37,,0,14,,68,,,,0,60,11,,1,,278,35,1,1,,0
806068,hitting,2025,11,Tacoma Rainiers,Pacific Coast League,,22,3,,1,2,,6,,,,1,8,2,,1,,27,5,1,1,,0
806068,hitting,2026,11,Tacoma Rainiers,Pacific Coast League,,145,17,,3,8,,38,,,,4,37,7,,1,,169,26,1,10,,1
806068,hitting,2025,12,Arkansas Travelers,Texas League,,142,14,,0,10,,34,,,,4,40,3,,1,,161,19,1,7,,1
806068,hitting,2024,13,Everett AquaSox,Northwest League,,120,15,,1,5,,29,,,,4,27,2,,0,,139,19,0,9,,0
806068,hitting,2025,13,Everett AquaSox,Northwest League,,342,54,,4,16,,90,,,,10,96,11,,1,,412,58,6,6,,5
806068,hitting,2023,14,Modesto Nuts,California League,,63,11,,0,6,,16,,,,4,19,1,,0,,79,17,0,4,,0
806068,hitting,2024,14,Modesto Nuts,California League,,150,35,,1,12,,40,,,,6,44,2,,0,,193,36,2,6,,1
806068,hitting,2023,16,ACL Mariners,Arizona Complex League,,28,6,,0,4,,8,,,,1,15,1,,0,,35,10,0,4,,0
806068,hitting,2024,16,ACL Mariners,Arizona Complex League,,4,0,,0,0,,1,,,,0,1,0,,0,,4,1,0,0,,0
806068,hitting,2026,1,Seattle Mariners,American League,,190,14,,1,6,,59,,,,2,36,7,,0,,209,22,2,3,,1
806071,hitting,2026,12,Arkansas Travelers,Texas League,,40,8,,0,2,,10,,,,0,8,2,,0,,48,6,0,2,,0
806071,hitting,2025,13,Everett AquaSox,Northwest League,,113,14,,1,6,,29,,,,1,26,6,,0,,129,18,1,2,,1
806071,hitting,2026,13,Everett AquaSox,Northwest League,,333,62,,14,17,,83,,,,3,89,13,,0,,399,69,1,26,,7
806071,hitting,2024,14,Modesto Nuts,California League,,178,36,,2,10,,46,,,,5,47,4,,1,,221,39,2,18,,3
806198,hitting,2026,11,Nashville Sounds,International League,,220,34,,1,6,,58,,,,3,53,6,,0,,261,34,1,17,,4
806198,hitting,2025,12,Biloxi Shuckers,Southern League,,437,67,,5,22,,120,,,,8,104,8,,1,,527,71,10,31,,1
806198,hitting,2024,13,Wisconsin Timber Rattlers,Midwest League,,86,4,,1,4,,23,,,,1,19,5,,0,,95,13,2,2,,0
806198,hitting,2024,14,Carolina Mudcats,Carolina League,,261,38,,2,11,,73,,,,7,77,3,,0,,311,43,4,25,,3
806198,hitting,2023,16,ACL Brewers,Arizona Complex League,,45,5,,0,2,,12,,,,2,16,0,,0,,54,9,2,4,,1
806198,hitting,2026,1,Milwaukee Brewers,National League,,112,18,,2,4,,37,,,,1,32,2,,0,,134,18,3,10,,1
806258,pitching,2025,11,Jacksonville Jumbo Shrimp,International League,6,27,10,40,,,4,2,2,3,1,,3,0,9.1,,183,,5,1,,17,
806258,pitching,2026,11,Jacksonville Jumbo Shrimp,International League,12,69,9,81,,,9,5,5,15,2,,18,3,18.2,,382,,12,0,,25,
806258,pitching,2025,12,Pensacola Blue Wahoos,Southern League,31,164,24,191,,,8,10,10,28,3,,30,2,45.1,,862,,9,0,,75,
806258,pitching,2024,13,Beloit Sky Carp,Midwest League,54,230,21,254,,,18,13,13,49,3,,51,6,62.0,,1023,,19,0,,76,
806258,pitching,2025,13,Beloit Sky Carp,Midwest League,25,125,17,145,,,11,9,9,26,2,,22,0,35.0,,565,,11,1,,53,
806258,pitching,2023,14,Jupiter Hammerheads,Florida State League,4,14,4,18,,,3,2,2,2,0,,3,0,3.2,,82,,3,0,,5,
806258,pitching,2024,14,Jupiter Hammerheads,Florida State League,23,135,17,157,,,12,8,8,31,5,,37,0,34.0,,628,,15,0,,44,
806258,pitching,2026,14,Jupiter Hammerheads,Florida State League,2,20,6,26,,,2,2,2,5,0,,3,1,6.0,,107,,3,0,,10,
806258,pitching,2023,16,FCL Marlins,Florida Complex League,0,4,2,6,,,0,1,0,2,0,,0,0,0.2,,16,,4,0,,2,
806953,hitting,2025,13,Jersey Shore BlueClaws,South Atlantic League,,27,0,,0,3,,7,,,,0,8,0,,0,,28,2,1,0,,0
806953,hitting,2025,13,Cedar Rapids Kernels,Midwest League,,120,6,,0,10,,30,,,,0,30,3,,0,,126,11,0,0,,0
806953,hitting,2025,13,,,,147,6,,0,13,,37,,,,0,38,3,,0,,154,13,1,0,,0
806953,hitting,2026,13,Cedar Rapids Kernels,Midwest League,,361,28,,1,20,,90,,,,6,82,19,,0,,401,58,6,0,,1
806953,hitting,2024,14,Clearwater Threshers,Florida State League,,104,8,,0,5,,28,,,,0,28,5,,0,,114,13,2,0,,0
806953,hitting,2025,14,Clearwater Threshers,Florida State League,,291,30,,0,19,,75,,,,4,73,11,,0,,332,41,7,0,,1
806953,hitting,2023,16,DSL Phillies Red,Dominican Summer League,,121,9,,2,12,,35,,,,4,40,3,,0,,134,25,0,3,,3
806953,hitting,2023,16,DSL Phillies White,Dominican Summer League,,26,3,,0,0,,9,,,,1,9,0,,0,,31,3,1,1,,0
806953,hitting,2023,16,,Dominican Summer League,,147,12,,2,12,,44,,,,5,49,3,,0,,165,28,1,4,,3
806953,hitting,2024,16,FCL Phillies,Florida Complex League,,184,13,,0,13,,51,,,,8,59,6,,0,,212,29,7,5,,1
806956,hitting,2026,11,El Paso Chihuahuas,Pacific Coast League,,11,4,,0,3,,3,,,,0,5,0,,0,,15,2,0,0,,1
806956,hitting,2023,12,San Antonio Missions,Texas League,,28,4,,1,1,,9,,,,1,5,0,,0,,33,2,0,0,,0
806956,hitting,2025,12,San Antonio Missions,Texas League,,32,6,,0,1,,10,,,,1,6,0,,0,,41,5,1,2,,0
806956,hitting,2026,12,San Antonio Missions,Texas League,,259,33,,6,13,,72,,,,1,74,7,,2,,300,41,6,14,,0
806956,hitting,2023,13,Fort Wayne TinCaps,Midwest League,,35,2,,0,1,,9,,,,0,7,0,,0,,37,3,0,0,,0
806956,hitting,2024,13,Fort Wayne TinCaps,Midwest League,,412,47,,3,27,,111,,,,3,85,4,,0,,469,38,7,10,,2
806956,hitting,2023,14,Lake Elsinore Storm,California League,,191,24,,2,11,,48,,,,2,51,9,,0,,220,35,3,5,,2
806958,hitting,2026,12,Arkansas Travelers,Texas League,,34,4,,1,2,,9,,,,0,8,1,,0,,38,5,0,2,,0
806958,hitting,2025,13,Everett AquaSox,Northwest League,,38,9,,1,0,,11,,,,0,6,1,,0,,48,6,1,1,,1
806958,hitting,2026,13,Everett AquaSox,Northwest League,,309,45,,4,21,,80,,,,7,97,13,,2,,364,64,3,18,,4
806958,hitting,2025,14,Modesto Nuts,California League,,383,37,,8,19,,93,,,,2,109,5,,0,,424,52,2,20,,2
806958,hitting,2024,16,ACL Mariners,Arizona Complex League,,125,18,,2,10,,32,,,,0,44,3,,0,,144,30,1,5,,4
806964,hitting,2024,12,Frisco RoughRiders,Texas League,,23,1,,0,3,,5,,,,0,8,1,,0,,24,4,0,1,,0
806964,hitting,2025,12,Frisco RoughRiders,Texas League,,474,70,,10,19,,124,,,,5,121,13,,0,,552,71,3,32,,2
806964,hitting,2026,12,Frisco RoughRiders,Texas League,,49,4,,0,5,,12,,,,0,16,3,,0,,53,13,0,3,,0
806964,hitting,2023,13,Hickory Crawdads,South Atlantic League,,13,3,,1,1,,4,,,,0,2,0,,0,,16,2,0,0,,0
806964,hitting,2024,13,Hickory Crawdads,South Atlantic League,,433,52,,8,31,,116,,,,3,113,10,,1,,491,60,3,26,,9
806964,hitting,2023,16,DSL Rangers Blue,Dominican Summer League,,31,10,,0,3,,9,,,,1,5,0,,0,,42,4,0,3,,1
806964,hitting,2023,16,ACL Rangers,Arizona Complex League,,143,10,,5,9,,35,,,,2,39,7,,0,,157,26,2,9,,3
806964,hitting,2023,16,,,,174,20,,5,12,,44,,,,3,44,7,,0,,199,30,2,12,,4
806964,hitting,2026,16,ACL Rangers,Arizona Complex League,,6,1,,0,1,,2,,,,0,3,1,,0,,7,4,0,1,,0
806965,hitting,2026,13,Beloit Sky Carp,Midwest League,,241,57,,1,13,,66,,,,4,58,5,,0,,304,40,2,20,,2
806965,hitting,2024,14,Clearwater Threshers,Florida State League,,95,16,,4,1,,26,,,,2,17,0,,0,,115,13,2,13,,0
806965,hitting,2025,14,Jupiter Hammerheads,Florida State League,,194,34,,6,6,,51,,,,0,43,1,,0,,231,28,2,14,,1
806965,hitting,2023,16,DSL Phillies White,Dominican Summer League,,133,28,,6,2,,38,,,,1,40,0,,2,,164,29,1,16,,2
806965,hitting,2024,16,FCL Phillies,Florida Complex League,,173,51,,8,6,,52,,,,1,44,2,,0,,225,44,0,37,,1
807284,pitching,2026,13,Rome Emperors,South Atlantic League,65,304,37,357,,,36,18,17,87,9,,64,4,83.1,,1376,,43,4,,93,
807284,pitching,2024,14,Augusta GreenJackets,Carolina League,3,12,0,12,,,1,1,1,2,0,,3,0,3.0,,40,,1,0,,4,
807284,pitching,2025,14,Augusta GreenJackets,Carolina League,39,205,26,235,,,13,13,13,48,4,,43,1,56.1,,971,,16,0,,75,
807284,pitching,2025,16,FCL Braves,Florida Complex League,7,57,2,60,,,11,4,4,19,0,,17,4,13.2,,183,,12,0,,15,
807712,hitting,2025,11,St. Paul Saints,International League,,95,17,,2,2,,28,,,,2,25,1,,0,,118,16,4,11,,1
807712,hitting,2024,12,Wichita Wind Surge,Texas League,,221,32,,5,9,,58,,,,11,62,8,,1,,267,43,3,9,,1
807712,hitting,2023,13,Cedar Rapids Kernels,Midwest League,,32,2,,0,2,,8,,,,0,10,2,,0,,34,5,0,1,,0
807712,hitting,2024,13,Cedar Rapids Kernels,Midwest League,,158,30,,1,12,,44,,,,7,53,7,,0,,197,37,2,14,,0
807712,hitting,2023,14,Fort Myers Mighty Mussels,Florida State League,,72,15,,0,8,,20,,,,4,21,1,,1,,94,20,3,8,,1
807712,hitting,2023,16,FCL Twins,Florida Complex League,,7,2,,0,0,,3,,,,3,1,0,,0,,12,4,0,2,,0
807712,hitting,2025,1,Minnesota Twins,American League,,182,19,,3,14,,49,,,,5,55,4,,0,,207,25,1,14,,0
807712,hitting,2026,1,Minnesota Twins,American League,,346,41,,5,15,,104,,,,12,90,5,,1,,406,52,6,13,,1
807713,hitting,2024,11,Iowa Cubs,International League,,131,17,,3,8,,35,,,,4,39,7,,0,,152,18,0,6,,1
807713,hitting,2025,11,Iowa Cubs,International League,,91,17,,0,5,,24,,,,2,26,6,,0,,110,22,0,5,,1
807713,hitting,2026,11,Iowa Cubs,International League,,14,2,,0,1,,4,,,,0,4,0,,0,,16,2,0,1,,0
807713,hitting,2023,12,Tennessee Smokies,Southern League,,65,3,,1,4,,15,,,,1,19,3,,0,,70,10,1,6,,1
807713,hitting,2024,12,Tennessee Smokies,Southern League,,312,45,,8,11,,86,,,,6,87,14,,0,,371,60,7,25,,3
807713,hitting,2023,13,South Bend Cubs,Midwest League,,84,4,,1,4,,20,,,,1,33,4,,1,,89,14,0,7,,3
807713,hitting,2023,16,ACL Cubs,Arizona Complex League,,8,2,,1,1,,3,,,,1,4,1,,0,,11,3,0,2,,0
807713,hitting,2025,1,Chicago Cubs,National League,,393,38,,5,21,,126,,,,2,89,13,,0,,437,57,4,17,,3
807713,hitting,2026,1,Chicago Cubs,National League,,130,12,,1,6,,56,,,,3,32,4,,0,,147,20,1,4,,2
808265,hitting,2026,11,Worcester Red Sox,International League,,30,4,,0,2,,7,,,,0,7,2,,0,,35,2,1,0,,0
808265,hitting,2025,12,Portland Sea Dogs,Eastern League,,46,0,,1,2,,10,,,,0,12,2,,0,,48,4,2,1,,0
808265,hitting,2026,12,Portland Sea Dogs,Eastern League,,283,37,,2,17,,75,,,,8,90,19,,5,,332,50,4,5,,1
808265,hitting,2025,13,Greenville Drive,South Atlantic League,,355,32,,7,21,,87,,,,3,94,6,,2,,392,43,2,7,,1
808265,hitting,2024,14,Salem Red Sox,Carolina League,,148,16,,2,9,,36,,,,1,38,3,,0,,166,18,1,5,,0
808265,hitting,2025,14,Salem Red Sox,Carolina League,,78,6,,1,4,,19,,,,2,27,0,,0,,86,15,0,4,,0
808265,hitting,2023,16,DSL Red Sox Red,Dominican Summer League,,137,19,,2,9,,37,,,,3,48,1,,0,,159,32,0,3,,1
808265,hitting,2024,16,FCL Red Sox,Florida Complex League,,166,34,,4,16,,51,,,,4,59,6,,0,,206,41,2,30,,2
808963,pitching,2025,11,Oklahoma City Comets,Pacific Coast League,17,76,13,95,,,14,7,5,24,2,,20,2,20.2,,359,,15,3,,19,
808963,pitching,2025,1,Los Angeles Dodgers,National League,45,136,22,161,,,18,10,8,33,3,,30,6,36.1,,621,,18,0,,28,
808963,pitching,2026,1,Los Angeles Dodgers,National League,94,377,39,423,,,51,19,19,94,5,,90,20,99.0,,1700,,53,1,,101,
809707,hitting,2026,11,Albuquerque Isotopes,Pacific Coast League,,345,55,,3,18,,90,,,,13,98,20,,0,,415,79,2,6,,6
809707,hitting,2025,12,Hartford Yard Goats,Eastern League,,200,25,,0,7,,55,,,,9,47,11,,0,,237,27,3,1,,3
809707,hitting,2024,13,Spokane Indians,Northwest League,,100,4,,0,4,,25,,,,5,18,1,,0,,109,6,0,4,,1
809707,hitting,2025,13,Spokane Indians,Northwest League,,138,26,,2,6,,35,,,,3,43,3,,0,,167,30,0,0,,0
809707,hitting,2025,16,ACL Rockies,Arizona Complex League,,27,1,,0,3,,9,,,,1,8,0,,0,,29,2,0,1,,0
814307,hitting,2025,12,Tulsa Drillers,Texas League,,19,1,,0,2,,6,,,,0,6,0,,0,,20,2,0,1,,0
814307,hitting,2026,12,Tulsa Drillers,Texas League,,372,45,,3,17,,94,,,,3,109,23,,2,,425,68,5,18,,1
814307,hitting,2025,13,Great Lakes Loons,Midwest League,,439,78,,6,27,,121,,,,3,116,13,,1,,524,67,3,26,,3
814307,hitting,2024,14,Rancho Cucamonga Quakes,California League,,202,37,,2,14,,54,,,,7,58,9,,0,,248,42,0,8,,0
814307,hitting,2023,16,ACL Cubs,Arizona Complex League,,35,8,,1,0,,11,,,,0,10,3,,0,,43,8,0,3,,0
814307,hitting,2024,16,ACL Dodgers,Arizona Complex League,,19,4,,0,2,,7,,,,1,6,0,,0,,24,4,0,1,,0
815394,hitting,2026,12,Montgomery Biscuits,Southern League,,108,19,,3,5,,27,,,,1,31,6,,1,,128,18,0,8,,2
815394,hitting,2026,13,Bowling Green Hot Rods,South Atlantic League,,219,38,,5,12,,57,,,,6,75,12,,0,,265,53,2,28,,3
815394,hitting,2024,14,Charleston RiverDogs,Carolina League,,26,8,,0,1,,8,,,,0,4,0,,0,,34,4,0,1,,0
815394,hitting,2025,14,Charleston RiverDogs,Carolina League,,243,64,,3,12,,73,,,,10,65,5,,0,,324,62,4,36,,1
815888,hitting,2025,12,Midland RockHounds,Texas League,,89,10,,1,7,,21,,,,2,25,5,,1,,103,17,2,2,,1
815888,hitting,2026,12,Midland RockHounds,Texas League,,332,46,,5,15,,84,,,,5,95,13,,3,,388,57,3,33,,0
815888,hitting,2025,13,Fort Wayne TinCaps,Midwest League,,310,52,,7,19,,82,,,,3,76,8,,1,,368,46,2,8,,4
815888,hitting,2025,13,Lansing Lugnuts,Midwest League,,56,4,,0,2,,15,,,,3,15,2,,0,,65,9,2,1,,3
815888,hitting,2025,13,,Midwest League,,366,56,,7,21,,97,,,,6,91,10,,1,,433,55,4,9,,7
815888,hitting,2024,14,Lake Elsinore Storm,California League,,299,50,,2,22,,75,,,,9,71,11,,0,,360,63,2,13,,3
815908,hitting,2025,12,Biloxi Shuckers,Southern League,,23,1,,0,0,,5,,,,0,6,0,,0,,24,6,0,2,,1
815908,hitting,2026,12,Biloxi Shuckers,Southern League,,366,42,,10,18,,90,,,,2,104,12,,1,,414,70,4,29,,5
815908,hitting,2025,13,Wisconsin Timber Rattlers,Midwest League,,108,13,,4,7,,27,,,,1,37,2,,0,,123,20,1,5,,2
815908,hitting,2025,14,Carolina Mudcats,Carolina League,,322,53,,9,21,,83,,,,2,86,4,,0,,378,55,1,40,,3
815908,hitting,2024,16,DSL Brewers 1,Dominican Summer League,,175,39,,4,9,,51,,,,2,58,6,,0,,216,63,0,28,,6
