{
  "bootstrap_replicates": 400,
  "ci_level": 0.9,
  "coverage": {
    "m1": {
      "actives": 0.145833,
      "revenue": 0.020833
    },
    "m2": {
      "actives": 0.3125,
      "revenue": 0.0
    },
    "m3": {
      "actives": 0.395833,
      "revenue": 0.0
    },
    "m4": {
      "actives": 0.645833,
      "revenue": 0.895833
    }
  },
  "mape_by_kpi": {
    "actives": {
      "m1": 0.212121,
      "m2": 0.154978,
      "m3": 0.064908,
      "m4": 0.031506
    },
    "arpu": {
      "m1": 0.224755,
      "m2": 0.201947,
      "m3": 0.195,
      "m4": 0.035749
    },
    "churn_rate": {
      "m1": 1.782793,
      "m2": 1.128446,
      "m3": 0.861467,
      "m4": 0.861467
    },
    "gross_adds": {
      "m1": 1.041256,
      "m2": 0.953341,
      "m3": 1.131313,
      "m4": 1.130688
    },
    "market_share": {
      "m1": 0.132015,
      "m2": 0.091931,
      "m3": 0.033379,
      "m4": 0.024538
    },
    "revenue": {
      "m1": 0.306498,
      "m2": 0.248554,
      "m3": 0.207599,
      "m4": 0.026627
    }
  },
  "median_ape_by_kpi": {
    "actives": {
      "m1": 0.169119,
      "m2": 0.091037,
      "m3": 0.060251,
      "m4": 0.024999
    },
    "arpu": {
      "m1": 0.252278,
      "m2": 0.165365,
      "m3": 0.184394,
      "m4": 0.021378
    },
    "churn_rate": {
      "m1": 1.858031,
      "m2": 1.001473,
      "m3": 0.67846,
      "m4": 0.67846
    },
    "gross_adds": {
      "m1": 0.362759,
      "m2": 0.326079,
      "m3": 0.694552,
      "m4": 0.725692
    },
    "market_share": {
      "m1": 0.081789,
      "m2": 0.040151,
      "m3": 0.028465,
      "m4": 0.016162
    },
    "revenue": {
      "m1": 0.29762,
      "m2": 0.210782,
      "m3": 0.205828,
      "m4": 0.018307
    }
  },
  "pathology_quarters": {
    "descriptor_change": {
      "m1_revenue_mape": 0.333633,
      "m2_revenue_mape": 0.261139,
      "m3_revenue_mape": 0.205084,
      "m4_revenue_mape": 0.016579,
      "quarter": "2024Q2"
    },
    "duplicate_feed_day": {
      "m1_revenue_mape": 0.182288,
      "m2_revenue_mape": 0.181523,
      "m3_revenue_mape": 0.215501,
      "m4_revenue_mape": 0.036688,
      "quarter": "2023Q3"
    },
    "recruitment_wave": {
      "m1_revenue_mape": 0.176457,
      "m2_revenue_mape": 0.17649,
      "m3_revenue_mape": 0.17649,
      "m4_revenue_mape": 0.049556,
      "quarter": "2023Q2"
    },
    "supplier_outage": {
      "m1_revenue_mape": 0.310714,
      "m2_revenue_mape": 0.256153,
      "m3_revenue_mape": 0.215158,
      "m4_revenue_mape": 0.021267,
      "quarter": "2024Q1"
    }
  },
  "revenue_mape": {
    "m1": 0.306498,
    "m2": 0.248554,
    "m3": 0.207599,
    "m4": 0.026627
  }
}
