mlbam_id,player,season,level,sport_id,group,pre_debut_truncated,verdict,detail,pa,bf,g,woba,fip,whip,babip,bb9,k_pct,bb_pct,gb_pct,gs,start_frac,ip_per_start,p_per_gs,ip_per_appearance,role,native_rate,savings9,raa_mlb,wsb,rep,pos_adj,age_years,base_war,age_credit_war,adj_war
657746,Joe Ryan,2018,SS-A,15,pitching,,scored,"147 BF, 36.3 IP",0.0,147.0,12.0,,3.17,1.1,0.303,3.47,0.347,0.095,0.415,7.0,0.583,5.2,85.7,3.03,swingman,,0.53,-10.0,,5.0,,0.1,-0.497,0.01,-0.487
657746,Joe Ryan,2019,AA,12,pitching,,insufficient_sample,54 BF (need 60),0.0,54.0,3.0,,,,,,,,,,,,,,,,,,,,,,0.0,0.0,0.0
657746,Joe Ryan,2019,A+,13,pitching,,scored,"312 BF, 82.7 IP",0.0,312.0,15.0,,1.81,0.71,0.246,1.31,0.359,0.038,0.0,13.0,0.867,6.4,96.6,5.51,starter,,1.89,-11.6,,10.7,,0.8,-0.089,0.411,0.0
657746,Joe Ryan,2019,A,14,pitching,,scored,"115 BF, 27.7 IP",0.0,115.0,6.0,,2.31,1.08,0.315,3.58,0.409,0.096,0.206,6.0,1.0,4.6,81.5,4.61,starter,,1.43,-6.1,,3.9,,-0.6,-0.22,-0.095,-0.314
657746,Joe Ryan,2021,AAA,11,pitching,yes,scored,"249 BF, 66.0 IP",0.0,249.0,14.0,,3.21,0.79,0.233,1.64,0.369,0.048,0.412,13.0,0.929,5.1,76.5,4.71,starter,,1.59,5.5,,8.5,,2.2,1.398,0.31,1.708
660644,Vidal Bruján,2016,SS-A,15,hitting,,insufficient_sample,9 PA (need 40),9.0,0.0,2.0,,,,,,,,,,,,,,,,,,,,,,0.0,0.0,0.0
660644,Vidal Bruján,2016,ROK,16,hitting,,scored,223 PA,223.0,0.0,49.0,0.327,,,,,,,,,,,,,,0.142,,-15.5,-0.2,7.6,0.3,2.3,-0.777,0.498,-0.279
660644,Vidal Bruján,2017,SS-A,15,hitting,,scored,302 PA,302.0,0.0,67.0,0.351,,,,,,,,,,,,,,0.159,,-17.6,-0.0,10.3,0.3,2.7,-0.695,0.876,0.0
660644,Vidal Bruján,2018,A+,13,hitting,,scored,114 PA,114.0,0.0,27.0,0.432,,,,,,,,,,,,,,0.219,,1.2,0.4,3.9,0.1,3.0,0.565,0.598,1.163
660644,Vidal Bruján,2018,A,14,hitting,,scored,434 PA,434.0,0.0,95.0,0.362,,,,,,,,,,,,,,0.163,,-16.0,1.2,14.8,0.5,2.1,0.047,1.209,1.256
660644,Vidal Bruján,2019,AA,12,hitting,,scored,233 PA,233.0,0.0,55.0,0.319,,,,,,,,,,,,,,0.125,,-9.5,1.0,8.0,0.3,3.0,-0.018,1.327,0.0
660644,Vidal Bruján,2019,A+,13,hitting,,scored,196 PA,196.0,0.0,44.0,0.327,,,,,,,,,,,,,,0.133,,-9.6,1.6,6.7,0.2,2.5,-0.106,0.802,0.0
660644,Vidal Bruján,2021,AAA,11,hitting,yes,scored,216 PA,216.0,0.0,49.0,0.351,,,,,,,,,,,,,,0.15,,-0.9,1.1,7.4,0.3,3.0,0.778,0.852,1.629
663698,Joey Bart,2018,SS-A,15,hitting,,scored,203 PA,203.0,0.0,45.0,0.409,,,,,,,,,,,,,,0.205,,-7.0,-0.0,6.9,3.5,0.6,0.338,0.131,0.468
663698,Joey Bart,2018,ROK,16,hitting,,insufficient_sample,25 PA (need 40),25.0,0.0,6.0,,,,,,,,,,,,,,,,,,,,,,0.0,0.0,0.0
663698,Joey Bart,2019,AA,12,hitting,,scored,87 PA,87.0,0.0,22.0,0.382,,,,,,,,,,,,,,0.178,,-0.4,-0.6,3.0,1.7,2.6,0.368,0.423,0.791
663698,Joey Bart,2019,A+,13,hitting,,scored,251 PA,251.0,0.0,57.0,0.339,,,,,,,,,,,,,,0.143,,-10.8,0.1,8.6,4.4,1.3,0.231,0.544,0.776
664350,Sixto Sánchez,2016,ROK,16,pitching,,scored,"194 BF, 54.0 IP",0.0,194.0,11.0,,2.38,0.76,0.237,1.33,0.227,0.041,0.626,11.0,1.0,4.9,28.2,4.91,starter,,1.36,-14.5,,6.6,,2.7,-0.786,0.558,-0.228
664350,Sixto Sánchez,2017,A+,13,pitching,,scored,"119 BF, 27.7 IP",0.0,119.0,5.0,,3.61,1.3,0.299,2.93,0.168,0.076,0.484,5.0,1.0,5.5,74.8,5.53,starter,,0.24,-6.1,,4.1,,3.0,-0.203,0.535,0.0
664350,Sixto Sánchez,2017,A,14,pitching,,scored,"256 BF, 67.3 IP",0.0,256.0,13.0,,2.33,0.82,0.253,1.2,0.25,0.035,0.567,13.0,1.0,5.2,71.9,5.18,starter,,1.49,-13.3,,8.7,,3.0,-0.458,1.1,0.0
664350,Sixto Sánchez,2018,A+,13,pitching,,scored,"188 BF, 46.7 IP",0.0,188.0,8.0,,2.69,1.07,0.295,2.12,0.239,0.059,0.582,8.0,1.0,5.8,83.4,5.83,starter,,1.24,-5.7,,6.4,,3.0,0.071,0.902,0.973
664350,Sixto Sánchez,2019,AA,12,pitching,,scored,"411 BF, 103.0 IP",0.0,411.0,18.0,,2.67,1.03,0.288,1.66,0.236,0.046,0.421,18.0,1.0,5.7,80.9,5.72,starter,,1.04,-14.5,,14.0,,3.0,-0.042,1.167,0.0
664350,Sixto Sánchez,2019,A+,13,pitching,,insufficient_sample,46 BF (need 60),0.0,46.0,2.0,,,,,,,,,,,,,,,,,,,,,,0.0,0.0,0.0
665795,Edward Cabrera,2016,ROK,16,pitching,,scored,"201 BF, 47.0 IP",0.0,201.0,11.0,,3.31,1.36,0.331,1.91,0.139,0.05,0.477,7.0,0.636,6.7,42.3,4.27,swingman,,0.44,-14.3,,6.9,,2.4,-0.739,0.434,-0.305
665795,Edward Cabrera,2017,SS-A,15,pitching,,scored,"165 BF, 35.7 IP",0.0,165.0,13.0,,3.4,1.4,0.35,2.02,0.194,0.048,0.632,6.0,0.462,5.9,94.7,2.74,swingman,,0.22,-11.2,,5.6,,2.9,-0.558,0.452,-0.106
665795,Edward Cabrera,2018,A,14,pitching,,scored,"440 BF, 100.3 IP",0.0,440.0,22.0,,4.5,1.47,0.329,3.77,0.211,0.095,0.49,22.0,1.0,4.6,71.9,4.56,starter,,-0.77,-29.7,,15.0,,2.3,-1.465,1.231,-0.233
665795,Edward Cabrera,2019,AA,12,pitching,,scored,"156 BF, 38.7 IP",0.0,156.0,8.0,,4.32,1.06,0.242,3.03,0.276,0.083,0.442,8.0,1.0,4.8,73.4,4.83,starter,,-0.61,-10.2,,5.3,,3.0,-0.491,0.438,-0.053
665795,Edward Cabrera,2019,A+,13,pitching,,scored,"227 BF, 58.0 IP",0.0,227.0,11.0,,2.32,0.95,0.281,2.79,0.322,0.079,0.104,11.0,1.0,5.3,79.8,5.27,starter,,1.37,-10.0,,7.8,,2.6,-0.229,0.981,0.0
665795,Edward Cabrera,2021,AAA,11,pitching,yes,scored,"129 BF, 29.3 IP",0.0,129.0,6.0,,4.09,1.4,0.316,5.83,0.372,0.147,0.462,6.0,1.0,4.9,88.7,4.89,starter,,0.72,0.2,,4.4,,3.0,0.46,0.191,0.651
665795,Edward Cabrera,2021,AA,12,pitching,yes,scored,"97 BF, 26.0 IP",0.0,97.0,5.0,,3.12,0.96,0.296,2.08,0.34,0.062,0.538,5.0,1.0,5.2,77.0,5.2,starter,,1.25,-1.3,,3.3,,1.9,0.202,0.185,0.387
665795,Edward Cabrera,2021,A,14,pitching,yes,insufficient_sample,23 BF (need 60),0.0,23.0,2.0,,,,,,,,,,,,,,,,,,,,,,0.0,0.0,0.0
665833,Oneil Cruz,2017,A,14,hitting,,scored,438 PA,438.0,0.0,105.0,0.284,,,,,,,,,,,,,,0.098,,-32.4,-0.6,15.0,4.9,3.0,-1.317,1.759,0.0
665833,Oneil Cruz,2018,A,14,hitting,,scored,443 PA,443.0,0.0,103.0,0.353,,,,,,,,,,,,,,0.155,,-18.1,0.1,15.1,4.8,2.7,0.19,1.619,1.809
665833,Oneil Cruz,2019,AA,12,hitting,,scored,136 PA,136.0,0.0,35.0,0.326,,,,,,,,,,,,,,0.132,,-5.0,0.1,4.6,1.6,3.0,0.144,0.775,0.919
665833,Oneil Cruz,2019,A+,13,hitting,,scored,145 PA,145.0,0.0,35.0,0.365,,,,,,,,,,,,,,0.164,,-4.4,0.1,5.0,1.6,3.0,0.224,0.726,0.95
665833,Oneil Cruz,2019,ROK,16,hitting,,insufficient_sample,11 PA (need 40),11.0,0.0,3.0,,,,,,,,,,,,,,,,,,,,,,0.0,0.0,0.0
665833,Oneil Cruz,2021,AAA,11,hitting,yes,insufficient_sample,29 PA (need 40),29.0,0.0,6.0,,,,,,,,,,,,,,,,,,,,,,0.0,0.0,0.0
665833,Oneil Cruz,2021,AA,12,hitting,yes,scored,273 PA,273.0,0.0,62.0,0.373,,,,,,,,,,,,,,0.171,,-1.3,1.6,9.3,2.9,2.4,1.253,1.389,2.642
666139,Josh Lowe,2016,ROK,16,hitting,,scored,214 PA,214.0,0.0,54.0,0.342,,,,,,,,,,,,,,0.155,,-13.9,-0.1,7.3,-1.4,2.3,-0.817,0.474,-0.343
666139,Josh Lowe,2017,A,14,hitting,,scored,507 PA,507.0,0.0,118.0,0.311,,,,,,,,,,,,,,0.121,,-31.7,0.5,17.3,-3.1,3.0,-1.69,2.036,0.0
666139,Josh Lowe,2018,A+,13,hitting,,scored,455 PA,455.0,0.0,105.0,0.301,,,,,,,,,,,,,,0.11,,-24.2,0.7,15.5,-2.7,3.0,-1.067,2.387,0.0
666139,Josh Lowe,2019,AA,12,hitting,,scored,519 PA,519.0,0.0,121.0,0.34,,,,,,,,,,,,,,0.142,,-15.0,1.6,17.7,-3.1,3.0,0.114,2.956,3.071
666139,Josh Lowe,2021,AAA,11,hitting,yes,scored,412 PA,412.0,0.0,98.0,0.383,,,,,,,,,,,,,,0.176,,6.9,3.7,14.1,-2.5,3.0,2.213,1.624,3.837
666157,Nick Lodolo,2019,A,14,pitching,,insufficient_sample,28 BF (need 60),0.0,28.0,2.0,,,,,,,,,,,,,,,,,,,,,,0.0,0.0,0.0
666157,Nick Lodolo,2021,AAA,11,pitching,,insufficient_sample,28 BF (need 60),0.0,28.0,3.0,,,,,,,,,,,,,,,,,,,,,,0.0,0.0,0.0
666157,Nick Lodolo,2021,AA,12,pitching,,scored,"173 BF, 44.0 IP",0.0,173.0,10.0,,1.69,0.91,0.337,1.84,0.393,0.052,0.627,10.0,1.0,4.4,68.5,4.4,starter,,2.67,2.6,,5.9,,1.7,0.847,0.283,1.129
666310,Bo Naylor,2018,ROK,16,hitting,,scored,139 PA,139.0,0.0,33.0,0.347,,,,,,,,,,,,,,0.163,,-8.5,0.2,4.7,2.5,2.0,-0.102,0.291,0.0
666310,Bo Naylor,2019,A,14,hitting,,scored,453 PA,453.0,0.0,107.0,0.315,,,,,,,,,,,,,,0.127,,-28.7,-0.3,15.5,8.3,3.0,-0.53,1.805,0.0
666310,Bo Naylor,2021,AA,12,hitting,,scored,356 PA,356.0,0.0,87.0,0.272,,,,,,,,,,,,,,0.087,,-22.0,1.4,12.2,6.7,3.0,-0.175,2.302,0.0
666310,Bo Naylor,2022,AAA,11,hitting,yes,scored,290 PA,290.0,0.0,66.0,0.376,,,,,,,,,,,,,,0.171,,5.5,1.1,9.9,5.1,3.0,2.162,1.16,3.321
666310,Bo Naylor,2022,AA,12,hitting,yes,scored,220 PA,220.0,0.0,52.0,0.393,,,,,,,,,,,,,,0.187,,2.8,0.7,7.5,4.0,2.7,1.498,1.326,2.824
666374,Matt Brash,2019,A,14,pitching,,insufficient_sample,16 BF (need 60),0.0,16.0,4.0,,,,,,,,,,,,,,,,,,,,,,0.0,0.0,0.0
666374,Matt Brash,2019,ROK,16,pitching,,insufficient_sample,4 BF (need 60),0.0,4.0,1.0,,,,,,,,,,,,,,,,,,,,,,0.0,0.0,0.0
666374,Matt Brash,2021,AA,12,pitching,,scored,"222 BF, 55.0 IP",0.0,222.0,10.0,,2.52,1.0,0.252,3.76,0.36,0.104,0.488,10.0,1.0,5.5,90.4,5.5,starter,,1.85,-0.2,,7.6,,2.0,0.734,0.408,1.142
666374,Matt Brash,2021,A+,13,pitching,,scored,"183 BF, 42.3 IP",0.0,183.0,10.0,,3.84,1.32,0.315,5.31,0.339,0.137,0.557,9.0,0.9,4.7,83.2,4.23,starter,,0.74,-5.5,,6.3,,0.5,0.074,0.134,0.209
668390,Cole Winn,2019,A,14,pitching,,scored,"298 BF, 68.7 IP",0.0,298.0,18.0,,4.35,1.43,0.292,5.11,0.218,0.131,0.072,18.0,1.0,3.8,67.7,3.81,starter,,-0.62,-22.8,,10.2,,2.8,-1.267,1.063,-0.204
668390,Cole Winn,2021,AAA,11,pitching,,insufficient_sample,36 BF (need 60),0.0,36.0,2.0,,,,,,,,,,,,,,,,,,,,,,0.0,0.0,0.0
668390,Cole Winn,2021,AA,12,pitching,,scored,"296 BF, 78.0 IP",0.0,296.0,19.0,,3.13,0.82,0.198,3.0,0.328,0.088,0.412,19.0,1.0,4.1,62.7,4.11,starter,,1.23,-3.9,,10.1,,3.0,0.616,0.884,1.5
668390,Cole Winn,2022,AAA,11,pitching,,scored,"573 BF, 121.7 IP",0.0,573.0,28.0,,5.25,1.74,0.326,6.44,0.215,0.152,0.44,28.0,1.0,4.3,80.8,4.35,starter,,-0.36,-5.5,,19.6,,3.0,1.405,0.791,2.196
668390,Cole Winn,2023,AAA,11,pitching,,scored,"493 BF, 101.0 IP",0.0,493.0,29.0,,6.39,1.91,0.328,7.04,0.197,0.16,0.405,13.0,0.448,7.8,150.3,3.48,swingman,,-1.05,-10.2,,16.8,,3.0,0.665,0.656,1.321
668390,Cole Winn,2024,AAA,11,pitching,yes,insufficient_sample,29 BF (need 60),0.0,29.0,4.0,,,,,,,,,,,,,,,,,,,,,,0.0,0.0,0.0
668472,Nick Pratto,2017,ROK,16,hitting,,scored,230 PA,230.0,0.0,52.0,0.322,,,,,,,,,,,,,,0.14,,-17.1,0.1,7.9,-4.0,1.9,-1.311,0.448,-0.863
668472,Nick Pratto,2018,A,14,hitting,,scored,537 PA,537.0,0.0,127.0,0.339,,,,,,,,,,,,,,0.144,,-24.8,1.2,18.3,-9.8,2.7,-1.512,1.966,0.0
668472,Nick Pratto,2019,A+,13,hitting,,scored,472 PA,472.0,0.0,124.0,0.264,,,,,,,,,,,,,,0.081,,-37.3,0.3,16.1,-9.6,3.0,-3.047,2.364,-0.683
668472,Nick Pratto,2021,AAA,11,hitting,,scored,270 PA,270.0,0.0,63.0,0.411,,,,,,,,,,,,,,0.2,,9.3,0.8,9.2,-4.9,3.0,1.448,1.065,2.512
668472,Nick Pratto,2021,AA,12,hitting,,scored,275 PA,275.0,0.0,61.0,0.409,,,,,,,,,,,,,,0.202,,4.4,-0.4,9.4,-4.7,2.4,0.865,1.402,2.267
668472,Nick Pratto,2022,AAA,11,hitting,yes,scored,337 PA,337.0,0.0,74.0,0.371,,,,,,,,,,,,,,0.167,,5.4,0.6,11.5,-5.7,3.0,1.18,1.347,2.527
668709,JJ Bleday,2019,A+,13,hitting,,scored,151 PA,151.0,0.0,38.0,0.303,,,,,,,,,,,,,,0.113,,-9.1,0.0,5.2,-1.0,2.2,-0.495,0.555,0.0
668709,JJ Bleday,2021,AA,12,hitting,,scored,468 PA,468.0,0.0,110.0,0.308,,,,,,,,,,,,,,0.118,,-19.2,-0.2,16.0,-2.9,1.5,-0.622,1.474,0.0
668709,JJ Bleday,2022,AAA,11,hitting,yes,scored,367 PA,367.0,0.0,85.0,0.364,,,,,,,,,,,,,,0.161,,4.1,-0.2,12.5,-2.2,2.7,1.427,1.302,2.729
668881,Hunter Greene,2017,ROK,16,pitching,,insufficient_sample,21 BF (need 60),0.0,21.0,3.0,,,,,,,,,,,,,,,,,,,,,,0.0,0.0,0.0
668881,Hunter Greene,2018,A,14,pitching,,scored,"294 BF, 68.3 IP",0.0,294.0,18.0,,3.28,1.3,0.355,3.03,0.303,0.078,0.455,18.0,1.0,3.8,63.3,3.8,starter,,0.46,-15.6,,10.0,,3.0,-0.56,1.116,0.0
668881,Hunter Greene,2021,AAA,11,pitching,,scored,"276 BF, 65.3 IP",0.0,276.0,14.0,,4.65,1.29,0.306,3.44,0.286,0.091,0.505,14.0,1.0,4.7,77.9,4.67,starter,,0.16,-2.7,,9.4,,3.0,0.672,0.425,1.096
668881,Hunter Greene,2021,AA,12,pitching,,scored,"162 BF, 41.0 IP",0.0,162.0,7.0,,2.42,1.0,0.301,3.07,0.37,0.086,0.414,7.0,1.0,5.9,94.1,5.86,starter,,1.95,0.1,,5.5,,3.0,0.568,0.465,1.032
668885,Austin Martin,2021,AA,12,hitting,,scored,418 PA,418.0,0.0,93.0,0.362,,,,,,,,,,,,,,0.162,,-4.5,0.8,14.3,0.5,2.8,1.1,2.546,3.646
668885,Austin Martin,2022,AA,12,hitting,,scored,406 PA,406.0,0.0,90.0,0.316,,,,,,,,,,,,,,0.123,,-12.5,3.2,13.9,0.5,1.8,0.507,1.608,2.115
668885,Austin Martin,2022,ROK,16,hitting,,insufficient_sample,10 PA (need 40),10.0,0.0,2.0,,,,,,,,,,,,,,,,,,,,,,0.0,0.0,0.0
668885,Austin Martin,2023,AAA,11,hitting,,scored,252 PA,252.0,0.0,59.0,0.353,,,,,,,,,,,,,,0.147,,-1.8,1.2,8.6,0.3,3.0,0.838,1.068,1.906
668885,Austin Martin,2023,A,14,hitting,,insufficient_sample,20 PA (need 40),20.0,0.0,5.0,,,,,,,,,,,,,,,,,,,,,,0.0,0.0,0.0
668885,Austin Martin,2023,ROK,16,hitting,,insufficient_sample,10 PA (need 40),10.0,0.0,3.0,,,,,,,,,,,,,,,,,,,,,,0.0,0.0,0.0
668904,Royce Lewis,2017,A,14,hitting,,scored,80 PA,80.0,0.0,18.0,0.334,,,,,,,,,,,,,,0.14,,-4.3,0.1,2.7,0.8,3.0,-0.062,0.321,0.0
668904,Royce Lewis,2017,ROK,16,hitting,,scored,159 PA,159.0,0.0,36.0,0.358,,,,,,,,,,,,,,0.17,,-10.2,0.7,5.4,1.7,2.5,-0.234,0.42,0.0
668904,Royce Lewis,2018,A+,13,hitting,,scored,208 PA,208.0,0.0,46.0,0.318,,,,,,,,,,,,,,0.124,,-9.3,-0.3,7.1,2.1,3.0,-0.032,1.091,0.0
668904,Royce Lewis,2018,A,14,hitting,,scored,327 PA,327.0,0.0,75.0,0.365,,,,,,,,,,,,,,0.166,,-11.7,1.4,11.2,3.5,3.0,0.433,1.313,1.746
668904,Royce Lewis,2019,AA,12,hitting,,scored,148 PA,148.0,0.0,33.0,0.283,,,,,,,,,,,,,,0.096,,-9.0,0.3,5.1,1.5,3.0,-0.215,0.843,0.0
668904,Royce Lewis,2019,A+,13,hitting,,scored,418 PA,418.0,0.0,94.0,0.288,,,,,,,,,,,,,,0.1,,-28.2,-0.0,14.3,4.4,3.0,-0.965,2.093,0.0
668904,Royce Lewis,2022,AAA,11,hitting,yes,scored,107 PA,107.0,0.0,24.0,0.422,,,,,,,,,,,,,,0.209,,5.2,0.9,3.7,1.1,3.0,1.093,0.428,1.521
668909,Gavin Williams,2022,AA,12,pitching,,scored,"282 BF, 70.0 IP",0.0,282.0,16.0,,4.18,1.0,0.219,3.34,0.291,0.092,0.376,16.0,1.0,4.4,73.8,4.38,starter,,0.5,-3.5,,9.6,,2.1,0.615,0.555,1.17
668909,Gavin Williams,2022,A+,13,pitching,,scored,"168 BF, 45.0 IP",0.0,168.0,9.0,,1.73,0.87,0.298,2.8,0.399,0.083,0.441,9.0,1.0,5.0,78.6,5.0,starter,,2.59,0.2,,5.7,,0.7,0.59,0.194,0.783
668909,Gavin Williams,2023,AAA,11,pitching,yes,scored,"183 BF, 46.0 IP",0.0,183.0,9.0,,4.23,1.09,0.25,4.11,0.333,0.115,0.429,9.0,1.0,5.1,86.1,5.11,starter,,1.11,4.0,,6.3,,3.0,1.022,0.299,1.321
668909,Gavin Williams,2023,AA,12,pitching,yes,insufficient_sample,53 BF (need 60),0.0,53.0,3.0,,,,,,,,,,,,,,,,,,,,,,0.0,0.0,0.0
668939,Adley Rutschman,2019,A,14,hitting,,scored,47 PA,47.0,0.0,12.0,0.263,,,,,,,,,,,,,,0.084,,-4.0,0.0,1.6,0.9,1.0,-0.144,0.065,-0.079
668939,Adley Rutschman,2019,SS-A,15,hitting,,scored,92 PA,92.0,0.0,20.0,0.386,,,,,,,,,,,,,,0.19,,-4.6,0.0,3.1,1.5,0.6,0.01,0.064,0.074
668939,Adley Rutschman,2019,ROK,16,hitting,,insufficient_sample,16 PA (need 40),16.0,0.0,5.0,,,,,,,,,,,,,,,,,,,,,,0.0,0.0,0.0
668939,Adley Rutschman,2021,AAA,11,hitting,,scored,185 PA,185.0,0.0,43.0,0.387,,,,,,,,,,,,,,0.18,,3.6,-0.3,6.3,3.3,3.0,1.29,0.729,2.02
668939,Adley Rutschman,2021,AA,12,hitting,,scored,358 PA,358.0,0.0,80.0,0.386,,,,,,,,,,,,,,0.182,,1.0,-0.4,12.2,6.2,1.7,1.902,1.314,3.216
668939,Adley Rutschman,2022,AAA,11,hitting,yes,scored,53 PA,53.0,0.0,12.0,0.363,,,,,,,,,,,,,,0.161,,0.6,0.0,1.8,0.9,2.9,0.331,0.205,0.536
668939,Adley Rutschman,2022,AA,12,hitting,yes,insufficient_sample,14 PA (need 40),14.0,0.0,3.0,,,,,,,,,,,,,,,,,,,,,,0.0,0.0,0.0
668939,Adley Rutschman,2022,A+,13,hitting,yes,insufficient_sample,17 PA (need 40),17.0,0.0,5.0,,,,,,,,,,,,,,,,,,,,,,0.0,0.0,0.0
669004,MJ Melendez,2017,ROK,16,hitting,,scored,198 PA,198.0,0.0,47.0,0.35,,,,,,,,,,,,,,0.163,,-13.1,-0.0,6.8,-1.2,2.0,-0.761,0.416,-0.345
669004,MJ Melendez,2018,A,14,hitting,,scored,472 PA,472.0,0.0,111.0,0.344,,,,,,,,,,,,,,0.148,,-20.9,-0.8,16.1,-2.9,2.9,-0.847,1.821,0.0
669004,MJ Melendez,2019,A+,13,hitting,,scored,419 PA,419.0,0.0,110.0,0.255,,,,,,,,,,,,,,0.073,,-34.9,-0.4,14.3,-2.9,3.0,-2.383,2.098,-0.285
669004,MJ Melendez,2021,AAA,11,hitting,,scored,184 PA,184.0,0.0,44.0,0.43,,,,,,,,,,,,,,0.216,,8.7,-0.5,6.3,-1.1,3.0,1.338,0.725,2.063
669004,MJ Melendez,2021,AA,12,hitting,,scored,347 PA,347.0,0.0,79.0,0.414,,,,,,,,,,,,,,0.205,,6.4,-0.8,11.9,-2.0,2.5,1.538,1.88,3.418
669004,MJ Melendez,2022,AAA,11,hitting,yes,scored,91 PA,91.0,0.0,21.0,0.266,,,,,,,,,,,,,,0.08,,-4.7,0.5,3.1,-0.5,3.0,-0.17,0.364,0.0
669022,MacKenzie Gore,2017,ROK,16,pitching,,scored,"84 BF, 21.3 IP",0.0,84.0,7.0,,1.54,0.98,0.333,2.95,0.405,0.083,0.786,7.0,1.0,3.0,26.9,3.05,starter,,2.51,-4.9,,2.9,,2.2,-0.205,0.181,-0.024
669022,MacKenzie Gore,2018,A,14,pitching,,scored,"261 BF, 60.7 IP",0.0,261.0,16.0,,3.24,1.3,0.354,2.67,0.284,0.069,0.382,16.0,1.0,3.8,62.6,3.79,starter,,0.5,-13.8,,8.9,,3.0,-0.484,0.991,0.0
669022,MacKenzie Gore,2019,AA,12,pitching,,scored,"90 BF, 21.7 IP",0.0,90.0,5.0,,4.02,1.29,0.321,3.32,0.278,0.089,0.259,5.0,1.0,4.3,77.8,4.33,starter,,-0.31,-5.3,,3.1,,3.0,-0.218,0.246,0.0
669022,MacKenzie Gore,2019,A+,13,pitching,,scored,"288 BF, 79.3 IP",0.0,288.0,15.0,,2.14,0.71,0.212,2.27,0.382,0.069,0.079,15.0,1.0,5.3,80.9,5.29,starter,,1.56,-12.8,,9.8,,3.0,-0.296,1.534,0.0
669022,MacKenzie Gore,2021,AAA,11,pitching,,scored,"96 BF, 20.0 IP",0.0,96.0,6.0,,5.64,1.8,0.339,5.4,0.188,0.125,0.561,6.0,1.0,3.3,64.0,3.33,starter,,-0.84,-2.6,,3.3,,3.0,0.072,0.13,0.202
669022,MacKenzie Gore,2021,AA,12,pitching,,insufficient_sample,41 BF (need 60),0.0,41.0,2.0,,,,,,,,,,,,,,,,,,,,,,0.0,0.0,0.0
669022,MacKenzie Gore,2021,A+,13,pitching,,insufficient_sample,22 BF (need 60),0.0,22.0,1.0,,,,,,,,,,,,,,,,,,,,,,0.0,0.0,0.0
669022,MacKenzie Gore,2021,ROK,16,pitching,,scored,"64 BF, 16.3 IP",0.0,64.0,3.0,,2.18,1.04,0.351,2.2,0.344,0.062,0.458,3.0,1.0,5.4,42.0,5.44,starter,,2.37,-3.4,,2.2,,-1.8,-0.125,-0.109,-0.234
669022,MacKenzie Gore,2022,AAA,11,pitching,yes,insufficient_sample,16 BF (need 60),0.0,16.0,1.0,,,,,,,,,,,,,,,,,,,,,,0.0,0.0,0.0
669084,DL Hall,2017,ROK,16,pitching,,insufficient_sample,49 BF (need 60),0.0,49.0,5.0,,,,,,,,,,,,,,,,,,,,,,0.0,0.0,0.0
669084,DL Hall,2018,A,14,pitching,,scored,"391 BF, 94.3 IP",0.0,391.0,22.0,,3.67,1.17,0.268,4.01,0.256,0.107,0.526,20.0,0.909,4.7,77.8,4.29,starter,,0.07,-23.6,,13.4,,2.7,-1.026,1.381,0.0
669084,DL Hall,2019,A+,13,pitching,,scored,"346 BF, 80.7 IP",0.0,346.0,19.0,,3.27,1.33,0.301,6.02,0.335,0.156,0.027,17.0,0.895,4.7,87.6,4.25,starter,,0.43,-18.9,,11.8,,3.0,-0.704,1.56,0.0
669084,DL Hall,2021,AA,12,pitching,,scored,"128 BF, 31.7 IP",0.0,128.0,7.0,,3.28,1.01,0.24,4.55,0.438,0.125,0.763,7.0,1.0,4.5,75.4,4.52,starter,,1.09,-1.9,,4.4,,2.3,0.243,0.277,0.52
669084,DL Hall,2022,AAA,11,pitching,yes,scored,"317 BF, 70.0 IP",0.0,317.0,18.0,,4.19,1.49,0.342,5.66,0.36,0.139,0.438,18.0,1.0,3.9,74.7,3.89,starter,,0.7,3.3,,10.8,,3.0,1.411,0.455,1.866
669084,DL Hall,2022,AA,12,pitching,yes,insufficient_sample,15 BF (need 60),0.0,15.0,1.0,,,,,,,,,,,,,,,,,,,,,,0.0,0.0,0.0
669084,DL Hall,2022,A+,13,pitching,yes,insufficient_sample,13 BF (need 60),0.0,13.0,1.0,,,,,,,,,,,,,,,,,,,,,,0.0,0.0,0.0
669127,Shea Langeliers,2019,A,14,hitting,,scored,239 PA,239.0,0.0,54.0,0.288,,,,,,,,,,,,,,0.105,,-17.8,0.0,8.2,4.2,0.8,-0.543,0.262,-0.281
669127,Shea Langeliers,2021,AAA,11,hitting,,insufficient_sample,14 PA (need 40),14.0,0.0,5.0,,,,,,,,,,,,,,,,,,,,,,0.0,0.0,0.0
669127,Shea Langeliers,2021,AA,12,hitting,,scored,370 PA,370.0,0.0,92.0,0.355,,,,,,,,,,,,,,0.156,,-5.5,0.1,12.6,7.1,1.5,1.442,1.183,2.626
669127,Shea Langeliers,2022,AAA,11,hitting,yes,scored,402 PA,402.0,0.0,92.0,0.375,,,,,,,,,,,,,,0.17,,7.4,0.5,13.7,7.1,2.7,2.87,1.438,4.308
669134,Luis Campusano,2017,ROK,16,hitting,,scored,151 PA,151.0,0.0,37.0,0.324,,,,,,,,,,,,,,0.141,,-11.1,-0.3,5.2,2.9,1.8,-0.341,0.291,-0.05
669134,Luis Campusano,2018,A,14,hitting,,scored,284 PA,284.0,0.0,70.0,0.316,,,,,,,,,,,,,,0.125,,-15.8,-0.2,9.7,5.4,2.7,-0.094,1.032,0.0
669134,Luis Campusano,2019,A+,13,hitting,,scored,487 PA,487.0,0.0,110.0,0.386,,,,,,,,,,,,,,0.182,,-9.8,0.0,16.6,8.5,3.0,1.533,2.439,3.972
669224,Austin Wells,2021,A+,13,hitting,,scored,170 PA,170.0,0.0,38.0,0.37,,,,,,,,,,,,,,0.175,,-3.4,0.6,5.8,2.9,1.7,0.596,0.558,1.155
669224,Austin Wells,2021,A,14,hitting,,scored,299 PA,299.0,0.0,65.0,0.378,,,,,,,,,,,,,,0.185,,-9.1,1.1,10.2,5.0,0.6,0.717,0.284,1.001
669224,Austin Wells,2022,AA,12,hitting,,scored,247 PA,247.0,0.0,55.0,0.362,,,,,,,,,,,,,,0.161,,-1.2,1.0,8.4,4.2,2.1,1.239,1.147,2.386
669224,Austin Wells,2022,A+,13,hitting,,scored,121 PA,121.0,0.0,28.0,0.426,,,,,,,,,,,,,,0.219,,1.5,1.0,4.1,2.2,0.6,0.887,0.143,1.029
669224,Austin Wells,2022,A,14,hitting,,insufficient_sample,34 PA (need 40),34.0,0.0,9.0,,,,,,,,,,,,,,,,,,,,,,0.0,0.0,0.0
669224,Austin Wells,2023,AAA,11,hitting,yes,scored,146 PA,146.0,0.0,33.0,0.348,,,,,,,,,,,,,,0.143,,-1.5,-0.0,5.0,2.5,3.0,0.606,0.619,1.224
669224,Austin Wells,2023,AA,12,hitting,yes,scored,263 PA,263.0,0.0,58.0,0.33,,,,,,,,,,,,,,0.135,,-7.9,0.7,9.0,4.5,1.1,0.625,0.628,1.253
669224,Austin Wells,2023,A,14,hitting,yes,insufficient_sample,20 PA (need 40),20.0,0.0,5.0,,,,,,,,,,,,,,,,,,,,,,0.0,0.0,0.0
669304,Jose F Miranda,2016,ROK,16,hitting,,scored,213 PA,213.0,0.0,55.0,0.269,,,,,,,,,,,,,,0.094,,-18.3,-0.4,7.3,-0.8,2.7,-1.229,0.556,-0.672
669304,Jose F Miranda,2017,ROK,16,hitting,,scored,247 PA,247.0,0.0,54.0,0.351,,,,,,,,,,,,,,0.164,,-16.3,-0.3,8.4,-0.8,1.6,-0.902,0.411,-0.491
669304,Jose F Miranda,2018,A+,13,hitting,,scored,113 PA,113.0,0.0,27.0,0.287,,,,,,,,,,,,,,0.099,,-6.7,-0.5,3.9,-0.4,3.0,-0.378,0.593,0.0
669304,Jose F Miranda,2018,A,14,hitting,,scored,439 PA,439.0,0.0,104.0,0.327,,,,,,,,,,,,,,0.134,,-22.4,-0.2,15.0,-1.6,2.5,-0.925,1.448,0.0
669304,Jose F Miranda,2019,AA,12,hitting,,insufficient_sample,5 PA (need 40),5.0,0.0,1.0,,,,,,,,,,,,,,,,,,,,,,0.0,0.0,0.0
669304,Jose F Miranda,2019,A+,13,hitting,,scored,478 PA,478.0,0.0,118.0,0.291,,,,,,,,,,,,,,0.103,,-31.7,0.0,16.3,-1.8,2.8,-1.716,2.262,0.0
669304,Jose F Miranda,2021,AAA,11,hitting,,scored,373 PA,373.0,0.0,80.0,0.409,,,,,,,,,,,,,,0.198,,12.5,-0.6,12.7,-1.2,3.0,2.332,1.471,3.803
669304,Jose F Miranda,2021,AA,12,hitting,,scored,218 PA,218.0,0.0,47.0,0.42,,,,,,,,,,,,,,0.21,,4.8,-0.0,7.4,-0.7,2.1,1.149,0.984,2.133
669304,Jose F Miranda,2022,AAA,11,hitting,yes,scored,95 PA,95.0,0.0,21.0,0.31,,,,,,,,,,,,,,0.117,,-2.2,0.0,3.2,-0.3,3.0,0.071,0.38,0.45
669357,Nolan Gorman,2018,A,14,hitting,,scored,107 PA,107.0,0.0,25.0,0.302,,,,,,,,,,,,,,0.113,,-6.6,-0.4,3.7,0.4,3.0,-0.295,0.43,0.0
669357,Nolan Gorman,2018,ROK,16,hitting,,scored,167 PA,167.0,0.0,38.0,0.464,,,,,,,,,,,,,,0.26,,-4.7,-0.4,5.7,0.6,2.2,0.121,0.388,0.509
669357,Nolan Gorman,2019,A+,13,hitting,,scored,230 PA,230.0,0.0,58.0,0.315,,,,,,,,,,,,,,0.123,,-12.5,-0.2,7.9,0.9,3.0,-0.399,1.152,0.0
669357,Nolan Gorman,2019,A,14,hitting,,scored,282 PA,282.0,0.0,67.0,0.34,,,,,,,,,,,,,,0.148,,-15.0,0.2,9.6,1.0,3.0,-0.413,1.124,0.0
669357,Nolan Gorman,2021,AAA,11,hitting,,scored,328 PA,328.0,0.0,76.0,0.335,,,,,,,,,,,,,,0.136,,-4.8,0.1,11.2,1.2,3.0,0.769,1.293,2.062
669357,Nolan Gorman,2021,AA,12,hitting,,scored,195 PA,195.0,0.0,43.0,0.37,,,,,,,,,,,,,,0.168,,-1.3,0.5,6.7,0.7,3.0,0.66,1.261,1.921
669357,Nolan Gorman,2022,AAA,11,hitting,yes,scored,147 PA,147.0,0.0,34.0,0.432,,,,,,,,,,,,,,0.218,,8.2,0.5,5.0,0.5,3.0,1.42,0.588,2.007
669358,Shane Baz,2017,ROK,16,pitching,,scored,"105 BF, 23.7 IP",0.0,105.0,10.0,,5.0,1.69,0.348,5.32,0.181,0.133,0.556,10.0,1.0,2.4,20.0,2.37,starter,,-0.94,-8.5,,3.6,,2.6,-0.496,0.228,-0.268
669358,Shane Baz,2018,ROK,16,pitching,,scored,"244 BF, 52.3 IP",0.0,244.0,12.0,,4.11,1.62,0.356,4.99,0.242,0.119,0.74,12.0,1.0,4.4,74.1,4.36,starter,,-0.01,-15.7,,8.3,,1.3,-0.736,0.257,-0.478
669358,Shane Baz,2019,A,14,pitching,,scored,"342 BF, 81.3 IP",0.0,342.0,17.0,,3.67,1.23,0.28,4.09,0.254,0.108,0.198,17.0,1.0,4.8,81.9,4.78,starter,,0.06,-24.1,,11.7,,2.4,-1.237,1.063,-0.174
669358,Shane Baz,2021,AAA,11,pitching,yes,scored,"178 BF, 46.0 IP",0.0,178.0,10.0,,3.5,0.85,0.242,2.15,0.36,0.062,0.471,10.0,1.0,4.6,70.1,4.6,starter,,1.3,2.7,,6.1,,3.0,0.874,0.299,1.173
669358,Shane Baz,2021,AA,12,pitching,yes,scored,"120 BF, 32.7 IP",0.0,120.0,7.0,,2.03,0.73,0.297,0.55,0.408,0.017,0.444,7.0,1.0,4.7,67.6,4.67,starter,,2.34,1.1,,4.1,,3.0,0.517,0.37,0.888
669370,Asa Lacy,2021,A+,13,pitching,,scored,"237 BF, 52.0 IP",0.0,237.0,14.0,,4.83,1.58,0.346,7.1,0.333,0.173,0.397,14.0,1.0,3.7,70.2,3.71,starter,,-0.25,-10.1,,8.1,,1.5,-0.199,0.519,0.0
669370,Asa Lacy,2022,AA,12,pitching,,scored,"105 BF, 20.0 IP",0.0,105.0,11.0,,7.77,1.85,0.167,12.6,0.238,0.267,0.486,3.0,0.273,6.7,145.3,1.82,swingman,,-3.08,-6.4,,3.6,,1.9,-0.283,0.147,-0.135
669370,Asa Lacy,2022,ROK,16,pitching,,insufficient_sample,47 BF (need 60),0.0,47.0,4.0,,,,,,,,,,,,,,,,,,,,,,0.0,0.0,0.0
669391,Owen White,2021,A,14,pitching,,scored,"135 BF, 33.3 IP",0.0,135.0,8.0,,2.69,1.11,0.348,3.24,0.4,0.089,0.488,8.0,1.0,4.2,66.8,4.17,starter,,1.95,-3.7,,4.6,,0.7,0.096,0.123,0.219
669391,Owen White,2021,ROK,16,pitching,,insufficient_sample,6 BF (need 60),0.0,6.0,1.0,,,,,,,,,,,,,,,,,,,,,,0.0,0.0,0.0
669391,Owen White,2022,AA,12,pitching,,scored,"85 BF, 21.7 IP",0.0,85.0,4.0,,2.73,1.06,0.327,1.66,0.271,0.047,0.486,4.0,1.0,5.4,82.0,5.42,starter,,1.95,1.3,,2.9,,2.1,0.419,0.175,0.594
669391,Owen White,2022,A+,13,pitching,,scored,"243 BF, 58.7 IP",0.0,243.0,11.0,,3.34,1.19,0.326,2.91,0.333,0.078,0.571,10.0,0.909,5.9,89.2,5.33,starter,,0.99,-5.9,,8.3,,0.7,0.244,0.267,0.511
669391,Owen White,2023,AA,12,pitching,yes,scored,"213 BF, 53.3 IP",0.0,213.0,11.0,,4.42,1.14,0.25,3.71,0.211,0.103,0.558,11.0,1.0,4.8,72.8,4.85,starter,,0.12,-6.6,,7.3,,1.2,0.067,0.233,0.3
669461,Matthew Liberatore,2018,ROK,16,pitching,,scored,"127 BF, 32.7 IP",0.0,127.0,9.0,,2.93,1.04,0.284,3.58,0.291,0.102,0.528,9.0,1.0,3.6,27.4,3.63,starter,,1.17,-8.3,,4.3,,1.7,-0.4,0.209,-0.192
669461,Matthew Liberatore,2019,A,14,pitching,,scored,"332 BF, 78.3 IP",0.0,332.0,16.0,,3.19,1.29,0.312,3.56,0.229,0.093,0.429,15.0,0.938,5.2,77.5,4.9,starter,,0.54,-21.1,,11.3,,2.8,-0.979,1.19,0.0
669461,Matthew Liberatore,2021,AAA,11,pitching,,scored,"520 BF, 124.7 IP",0.0,520.0,22.0,,4.44,1.25,0.308,2.38,0.237,0.063,0.481,18.0,0.818,6.9,106.2,5.67,starter,,0.36,-3.0,,17.8,,3.0,1.479,0.81,2.289
669461,Matthew Liberatore,2022,AAA,11,pitching,yes,scored,"162 BF, 40.0 IP",0.0,162.0,7.0,,3.99,1.2,0.323,2.7,0.284,0.074,0.492,7.0,1.0,5.7,89.9,5.71,starter,,0.9,2.6,,5.5,,3.0,0.809,0.26,1.069
669923,George Kirby,2021,AA,12,pitching,,scored,"110 BF, 26.0 IP",0.0,110.0,6.0,,2.24,1.23,0.338,2.42,0.255,0.064,0.49,6.0,1.0,4.3,71.3,4.33,starter,,2.13,0.4,,3.8,,1.7,0.42,0.167,0.587
669923,George Kirby,2021,A+,13,pitching,,scored,"164 BF, 41.7 IP",0.0,164.0,9.0,,2.26,0.98,0.317,1.73,0.317,0.049,0.657,9.0,1.0,4.6,69.3,4.63,starter,,2.32,-1.2,,5.6,,0.2,0.443,0.061,0.504
669923,George Kirby,2022,AA,12,pitching,yes,scored,"93 BF, 24.7 IP",0.0,93.0,5.0,,3.28,0.89,0.269,1.82,0.344,0.054,0.579,5.0,1.0,4.9,75.8,4.93,starter,,1.4,0.4,,3.2,,0.6,0.362,0.058,0.421
671213,Triston Casas,2018,ROK,16,hitting,,insufficient_sample,5 PA (need 40),5.0,0.0,2.0,,,,,,,,,,,,,,,,,,,,,,0.0,0.0,0.0
671213,Triston Casas,2019,A+,13,hitting,,insufficient_sample,7 PA (need 40),7.0,0.0,2.0,,,,,,,,,,,,,,,,,,,,,,0.0,0.0,0.0
671213,Triston Casas,2019,A,14,hitting,,scored,493 PA,493.0,0.0,118.0,0.35,,,,,,,,,,,,,,0.157,,-24.1,-0.1,16.8,-9.1,3.0,-1.649,1.953,0.0
671213,Triston Casas,2021,AAA,11,hitting,,scored,42 PA,42.0,0.0,9.0,0.37,,,,,,,,,,,,,,0.165,,0.3,0.2,1.4,-0.7,3.0,0.123,0.166,0.289
671213,Triston Casas,2021,AA,12,hitting,,scored,329 PA,329.0,0.0,77.0,0.381,,,,,,,,,,,,,,0.178,,0.0,-0.0,11.2,-5.9,3.0,0.531,2.128,2.659
671213,Triston Casas,2022,AAA,11,hitting,yes,scored,317 PA,317.0,0.0,72.0,0.368,,,,,,,,,,,,,,0.165,,4.5,0.0,10.8,-5.6,3.0,0.975,1.267,2.242
671213,Triston Casas,2022,ROK,16,hitting,yes,insufficient_sample,17 PA (need 40),17.0,0.0,4.0,,,,,,,,,,,,,,,,,,,,,,0.0,0.0,0.0
671289,Tyler Freeman,2017,ROK,16,hitting,,scored,144 PA,144.0,0.0,36.0,0.343,,,,,,,,,,,,,,0.157,,-9.9,0.2,4.9,-0.9,2.5,-0.567,0.374,-0.193
671289,Tyler Freeman,2018,SS-A,15,hitting,,scored,301 PA,301.0,0.0,72.0,0.393,,,,,,,,,,,,,,0.193,,-12.0,0.6,10.3,-1.9,3.0,-0.292,0.987,0.0
671289,Tyler Freeman,2019,A+,13,hitting,,scored,275 PA,275.0,0.0,62.0,0.329,,,,,,,,,,,,,,0.135,,-13.1,0.7,9.4,-1.6,3.0,-0.462,1.377,0.0
671289,Tyler Freeman,2019,A,14,hitting,,scored,272 PA,272.0,0.0,61.0,0.357,,,,,,,,,,,,,,0.162,,-12.6,0.3,9.3,-1.6,2.3,-0.462,0.841,0.0
671289,Tyler Freeman,2021,AA,12,hitting,,scored,180 PA,180.0,0.0,41.0,0.363,,,,,,,,,,,,,,0.163,,-1.8,-0.0,6.1,-1.1,3.0,0.326,1.159,1.485
671289,Tyler Freeman,2022,AAA,11,hitting,yes,scored,343 PA,343.0,0.0,72.0,0.333,,,,,,,,,,,,,,0.135,,-3.1,0.3,11.7,-1.9,3.0,0.708,1.371,2.08
671655,George Valera,2018,ROK,16,hitting,,insufficient_sample,22 PA (need 40),22.0,0.0,6.0,,,,,,,,,,,,,,,,,,,,,,0.0,0.0,0.0
671655,George Valera,2019,A,14,hitting,,insufficient_sample,26 PA (need 40),26.0,0.0,6.0,,,,,,,,,,,,,,,,,,,,,,0.0,0.0,0.0
671655,George Valera,2019,SS-A,15,hitting,,scored,188 PA,188.0,0.0,46.0,0.348,,,,,,,,,,,,,,0.159,,-11.7,0.2,6.4,-1.2,3.0,-0.635,0.61,-0.025
671655,George Valera,2021,AA,12,hitting,,scored,100 PA,100.0,0.0,23.0,0.324,,,,,,,,,,,,,,0.131,,-3.2,0.1,3.4,-0.6,3.0,-0.026,0.647,0.0
671655,George Valera,2021,A+,13,hitting,,scored,263 PA,263.0,0.0,63.0,0.416,,,,,,,,,,,,,,0.213,,0.7,-0.0,9.0,-1.6,3.0,0.805,1.563,2.368
671655,George Valera,2022,AAA,11,hitting,,scored,179 PA,179.0,0.0,42.0,0.334,,,,,,,,,,,,,,0.136,,-1.4,0.0,6.1,-1.1,3.0,0.358,0.716,1.074
671655,George Valera,2022,AA,12,hitting,,scored,387 PA,387.0,0.0,90.0,0.361,,,,,,,,,,,,,,0.16,,-2.1,-0.8,13.2,-2.3,3.0,0.797,2.619,3.416
671655,George Valera,2023,AAA,11,hitting,,scored,312 PA,312.0,0.0,73.0,0.32,,,,,,,,,,,,,,0.12,,-8.8,-0.5,10.7,-1.9,3.0,-0.052,1.322,0.0
671655,George Valera,2023,ROK,16,hitting,,insufficient_sample,26 PA (need 40),26.0,0.0,6.0,,,,,,,,,,,,,,,,,,,,,,0.0,0.0,0.0
671655,George Valera,2024,AAA,11,hitting,,scored,374 PA,374.0,0.0,90.0,0.34,,,,,,,,,,,,,,0.139,,-3.1,0.3,12.8,-2.3,3.0,0.765,1.506,2.27
671655,George Valera,2025,AAA,11,hitting,yes,scored,107 PA,107.0,0.0,28.0,0.347,,,,,,,,,,,,,,0.146,,-0.5,0.0,3.7,-0.7,2.8,0.247,0.403,0.65
671655,George Valera,2025,ROK,16,hitting,yes,scored,63 PA,63.0,0.0,16.0,0.486,,,,,,,,,,,,,,0.281,,-1.4,0.0,2.2,-0.4,-3.0,0.031,-0.226,-0.195
671737,Taj Bradley,2018,ROK,16,pitching,,scored,"116 BF, 23.0 IP",0.0,116.0,10.0,,4.69,1.65,0.357,4.7,0.207,0.103,0.413,9.0,0.9,2.6,23.1,2.3,starter,,-0.59,-7.4,,4.0,,3.0,-0.343,0.261,-0.083
671737,Taj Bradley,2021,A+,13,pitching,,scored,"148 BF, 36.7 IP",0.0,148.0,8.0,,3.82,1.06,0.267,2.7,0.284,0.074,0.507,8.0,1.0,4.6,68.5,4.58,starter,,0.76,-4.7,,5.1,,3.0,0.033,0.709,0.742
671737,Taj Bradley,2021,A,14,pitching,,scored,"249 BF, 66.7 IP",0.0,249.0,15.0,,3.45,0.85,0.237,2.7,0.325,0.08,0.575,14.0,0.933,4.8,69.6,4.44,starter,,1.18,-10.1,,8.5,,2.3,-0.158,0.83,0.0
671737,Taj Bradley,2022,AAA,11,pitching,,scored,"247 BF, 59.0 IP",0.0,247.0,12.0,,4.94,1.19,0.271,2.29,0.215,0.061,0.397,12.0,1.0,4.9,77.9,4.92,starter,,-0.05,-1.1,,8.4,,3.0,0.736,0.384,1.12
671737,Taj Bradley,2022,AA,12,pitching,,scored,"285 BF, 74.3 IP",0.0,285.0,16.0,,2.7,0.91,0.266,2.18,0.309,0.063,0.441,16.0,1.0,4.6,69.4,4.65,starter,,1.98,4.6,,9.7,,3.0,1.432,0.842,2.275
671737,Taj Bradley,2023,AAA,11,pitching,yes,insufficient_sample,30 BF (need 60),0.0,30.0,2.0,,,,,,,,,,,,,,,,,,,,,,0.0,0.0,0.0
671739,Michael Harris II,2019,A,14,hitting,,scored,93 PA,93.0,0.0,22.0,0.233,,,,,,,,,,,,,,0.059,,-9.0,0.3,3.2,-0.6,3.0,-0.61,0.371,-0.239
671739,Michael Harris II,2019,ROK,16,hitting,,scored,119 PA,119.0,0.0,31.0,0.395,,,,,,,,,,,,,,0.203,,-6.8,0.1,4.1,-0.8,1.8,-0.344,0.234,-0.109
671739,Michael Harris II,2021,A+,13,hitting,,scored,420 PA,420.0,0.0,101.0,0.344,,,,,,,,,,,,,,0.153,,-13.5,2.2,14.3,-2.6,3.0,0.041,2.495,2.536
671739,Michael Harris II,2022,AA,12,hitting,yes,scored,196 PA,196.0,0.0,43.0,0.375,,,,,,,,,,,,,,0.172,,0.5,0.7,6.7,-1.1,3.0,0.673,1.326,1.999
672012,Tyler Black,2021,A,14,hitting,,scored,103 PA,103.0,0.0,23.0,0.318,,,,,,,,,,,,,,0.134,,-5.7,-0.1,3.5,-1.8,1.6,-0.405,0.268,-0.137
672012,Tyler Black,2021,ROK,16,hitting,,insufficient_sample,12 PA (need 40),12.0,0.0,3.0,,,,,,,,,,,,,,,,,,,,,,0.0,0.0,0.0
672012,Tyler Black,2022,A+,13,hitting,,scored,283 PA,283.0,0.0,64.0,0.368,,,,,,,,,,,,,,0.171,,-4.3,0.1,9.7,-4.9,1.7,0.049,0.886,0.935
672012,Tyler Black,2023,AAA,11,hitting,,scored,173 PA,173.0,0.0,39.0,0.406,,,,,,,,,,,,,,0.192,,4.8,0.3,5.9,-3.0,3.0,0.8,0.733,1.534
672012,Tyler Black,2023,AA,12,hitting,,scored,385 PA,385.0,0.0,84.0,0.397,,,,,,,,,,,,,,0.191,,3.1,3.9,13.2,-6.5,2.1,1.364,1.806,3.17
672012,Tyler Black,2024,AAA,11,hitting,yes,scored,117 PA,117.0,0.0,25.0,0.391,,,,,,,,,,,,,,0.182,,2.9,0.1,4.0,-1.9,3.0,0.511,0.471,0.982
672282,Reid Detmers,2021,AAA,11,pitching,yes,insufficient_sample,22 BF (need 60),0.0,22.0,1.0,,,,,,,,,,,,,,,,,,,,,,0.0,0.0,0.0
672282,Reid Detmers,2021,AA,12,pitching,yes,scored,"225 BF, 54.0 IP",0.0,225.0,12.0,,3.34,1.17,0.361,3.0,0.431,0.08,0.406,12.0,1.0,4.5,78.7,4.5,starter,,1.03,-3.6,,7.7,,3.0,0.412,0.612,1.024
672356,Gabriel Arias,2017,A,14,hitting,,scored,64 PA,64.0,0.0,16.0,0.234,,,,,,,,,,,,,,0.057,,-6.0,0.1,2.2,0.7,3.0,-0.299,0.257,-0.042
672356,Gabriel Arias,2017,ROK,16,hitting,,scored,168 PA,168.0,0.0,37.0,0.302,,,,,,,,,,,,,,0.123,,-13.4,-0.6,5.7,1.7,3.0,-0.654,0.529,-0.125
672356,Gabriel Arias,2018,A,14,hitting,,scored,504 PA,504.0,0.0,124.0,0.287,,,,,,,,,,,,,,0.101,,-34.0,-0.3,17.2,5.7,3.0,-1.132,2.024,0.0
672356,Gabriel Arias,2019,A+,13,hitting,,scored,511 PA,511.0,0.0,120.0,0.345,,,,,,,,,,,,,,0.148,,-20.4,-0.0,17.5,5.6,3.0,0.263,2.559,2.822
672356,Gabriel Arias,2021,AAA,11,hitting,,scored,483 PA,483.0,0.0,115.0,0.347,,,,,,,,,,,,,,0.146,,-3.4,0.5,16.5,5.3,3.0,1.891,1.904,3.795
672356,Gabriel Arias,2022,AAA,11,hitting,yes,scored,40 PA,40.0,0.0,9.0,0.354,,,,,,,,,,,,,,0.153,,0.2,0.2,1.4,0.4,3.0,0.215,0.16,0.375
672515,Gabriel Moreno,2018,ROK,16,hitting,,scored,167 PA,167.0,0.0,40.0,0.407,,,,,,,,,,,,,,0.213,,-7.4,-0.0,5.7,3.1,2.0,0.14,0.346,0.486
672515,Gabriel Moreno,2019,A,14,hitting,,scored,341 PA,341.0,0.0,82.0,0.349,,,,,,,,,,,,,,0.156,,-16.9,0.5,11.7,6.3,3.0,0.161,1.359,1.52
672515,Gabriel Moreno,2021,AAA,11,hitting,,insufficient_sample,10 PA (need 40),10.0,0.0,3.0,,,,,,,,,,,,,,,,,,,,,,0.0,0.0,0.0
672515,Gabriel Moreno,2021,AA,12,hitting,,scored,145 PA,145.0,0.0,32.0,0.457,,,,,,,,,,,,,,0.241,,6.3,-0.4,5.0,2.5,3.0,1.325,0.938,2.263
672515,Gabriel Moreno,2021,ROK,16,hitting,,insufficient_sample,4 PA (need 40),4.0,0.0,2.0,,,,,,,,,,,,,,,,,,,,,,0.0,0.0,0.0
672515,Gabriel Moreno,2022,AAA,11,hitting,yes,scored,150 PA,150.0,0.0,36.0,0.346,,,,,,,,,,,,,,0.146,,-0.0,0.5,5.1,2.8,3.0,0.836,0.6,1.436
672710,Roansy Contreras,2017,ROK,16,pitching,,scored,"145 BF, 31.7 IP",0.0,145.0,8.0,,4.77,1.48,0.3,3.41,0.117,0.083,0.423,5.0,0.625,6.3,45.8,3.96,swingman,,-0.72,-11.2,,5.0,,2.9,-0.621,0.352,-0.269
672710,Roansy Contreras,2018,A,14,pitching,,scored,"143 BF, 34.7 IP",0.0,143.0,7.0,,4.48,1.18,0.255,3.12,0.196,0.084,0.384,7.0,1.0,5.0,77.1,4.95,starter,,-0.74,-10.2,,4.9,,3.0,-0.532,0.566,0.0
672710,Roansy Contreras,2018,SS-A,15,pitching,,scored,"107 BF, 28.7 IP",0.0,107.0,5.0,,2.77,0.84,0.226,2.83,0.299,0.084,0.54,5.0,1.0,5.7,80.2,5.73,starter,,0.93,-7.4,,3.7,,3.0,-0.371,0.382,0.0
672710,Roansy Contreras,2019,A,14,pitching,,scored,"536 BF, 132.3 IP",0.0,536.0,24.0,,3.64,1.07,0.256,2.45,0.211,0.067,0.264,24.0,1.0,5.5,87.2,5.51,starter,,0.09,-38.9,,18.3,,2.8,-2.063,2.012,-0.05
672710,Roansy Contreras,2021,AAA,11,pitching,yes,insufficient_sample,16 BF (need 60),0.0,16.0,1.0,,,,,,,,,,,,,,,,,,,,,,0.0,0.0,0.0
672710,Roansy Contreras,2021,AA,12,pitching,yes,scored,"218 BF, 54.3 IP",0.0,218.0,12.0,,2.69,0.9,0.267,1.99,0.349,0.055,0.533,12.0,1.0,4.5,68.1,4.53,starter,,1.67,-0.9,,7.4,,3.0,0.65,0.616,1.266
672724,Oswald Peraza,2017,ROK,16,hitting,,scored,213 PA,213.0,0.0,48.0,0.318,,,,,,,,,,,,,,0.137,,-16.1,0.5,7.3,2.2,3.0,-0.603,0.671,0.0
672724,Oswald Peraza,2018,ROK,16,hitting,,scored,159 PA,159.0,0.0,36.0,0.296,,,,,,,,,,,,,,0.121,,-12.0,0.4,5.4,1.7,2.3,-0.452,0.386,-0.066
672724,Oswald Peraza,2019,A,14,hitting,,scored,208 PA,208.0,0.0,46.0,0.308,,,,,,,,,,,,,,0.122,,-13.8,0.8,7.1,2.1,3.0,-0.378,0.829,0.0
672724,Oswald Peraza,2019,SS-A,15,hitting,,scored,85 PA,85.0,0.0,19.0,0.286,,,,,,,,,,,,,,0.107,,-7.1,0.1,2.9,0.9,3.0,-0.321,0.276,-0.045
672724,Oswald Peraza,2021,AAA,11,hitting,,insufficient_sample,31 PA (need 40),31.0,0.0,8.0,,,,,,,,,,,,,,,,,,,,,,0.0,0.0,0.0
672724,Oswald Peraza,2021,AA,12,hitting,,scored,353 PA,353.0,0.0,79.0,0.352,,,,,,,,,,,,,,0.154,,-5.8,0.5,12.1,3.7,3.0,1.042,2.283,3.325
672724,Oswald Peraza,2021,A+,13,hitting,,scored,127 PA,127.0,0.0,28.0,0.392,,,,,,,,,,,,,,0.193,,-1.2,1.6,4.3,1.3,2.6,0.61,0.651,1.261
672724,Oswald Peraza,2022,AAA,11,hitting,yes,scored,429 PA,429.0,0.0,99.0,0.337,,,,,,,,,,,,,,0.139,,-2.7,3.5,14.7,4.6,3.0,2.012,1.715,3.727
673962,Josh Jung,2019,A,14,hitting,,scored,179 PA,179.0,0.0,40.0,0.331,,,,,,,,,,,,,,0.141,,-10.2,0.2,6.1,0.6,1.1,-0.324,0.252,-0.072
673962,Josh Jung,2019,ROK,16,hitting,,insufficient_sample,19 PA (need 40),19.0,0.0,4.0,,,,,,,,,,,,,,,,,,,,,,0.0,0.0,0.0
673962,Josh Jung,2021,AAA,11,hitting,,scored,156 PA,156.0,0.0,35.0,0.456,,,,,,,,,,,,,,0.237,,10.0,0.0,5.3,0.5,3.0,1.583,0.615,2.198
673962,Josh Jung,2021,AA,12,hitting,,scored,186 PA,186.0,0.0,43.0,0.387,,,,,,,,,,,,,,0.183,,0.6,-0.3,6.4,0.7,1.7,0.732,0.689,1.422
673962,Josh Jung,2022,AAA,11,hitting,yes,scored,106 PA,106.0,0.0,23.0,0.359,,,,,,,,,,,,,,0.157,,0.9,0.2,3.6,0.4,2.9,0.5,0.412,0.913
673962,Josh Jung,2022,ROK,16,hitting,yes,insufficient_sample,29 PA (need 40),29.0,0.0,8.0,,,,,,,,,,,,,,,,,,,,,,0.0,0.0,0.0
675659,Greg Jones,2021,AA,12,hitting,,scored,60 PA,60.0,0.0,16.0,0.254,,,,,,,,,,,,,,0.072,,-4.3,1.0,2.0,0.0,1.8,-0.131,0.23,0.0
675659,Greg Jones,2021,A+,13,hitting,,scored,257 PA,257.0,0.0,56.0,0.393,,,,,,,,,,,,,,0.194,,-2.2,2.7,8.8,0.0,0.3,0.922,0.159,1.08
675659,Greg Jones,2022,AA,12,hitting,,scored,358 PA,358.0,0.0,79.0,0.312,,,,,,,,,,,,,,0.119,,-11.9,3.6,12.2,0.0,0.7,0.4,0.575,0.975
675659,Greg Jones,2023,AAA,11,hitting,,scored,189 PA,189.0,0.0,51.0,0.349,,,,,,,,,,,,,,0.144,,-1.8,0.6,6.5,0.0,2.1,0.525,0.559,1.084
675659,Greg Jones,2023,AA,12,hitting,,scored,92 PA,92.0,0.0,20.0,0.273,,,,,,,,,,,,,,0.088,,-5.7,1.6,3.1,0.0,-0.3,-0.095,-0.054,-0.149
675659,Greg Jones,2024,AAA,11,hitting,yes,scored,89 PA,89.0,0.0,20.0,0.335,,,,,,,,,,,,,,0.135,,-1.1,2.0,3.0,0.0,1.1,0.401,0.136,0.537
675659,Greg Jones,2024,ROK,16,hitting,yes,insufficient_sample,11 PA (need 40),11.0,0.0,3.0,,,,,,,,,,,,,,,,,,,,,,0.0,0.0,0.0
676059,Jordan Westburg,2021,AA,12,hitting,,scored,130 PA,130.0,0.0,30.0,0.324,,,,,,,,,,,,,,0.131,,-4.2,0.4,4.4,1.4,2.7,0.208,0.766,0.974
676059,Jordan Westburg,2021,A+,13,hitting,,scored,285 PA,285.0,0.0,62.0,0.374,,,,,,,,,,,,,,0.178,,-5.1,0.1,9.7,2.9,1.3,0.761,0.714,1.475
676059,Jordan Westburg,2021,A,14,hitting,,scored,91 PA,91.0,0.0,20.0,0.456,,,,,,,,,,,,,,0.249,,0.1,0.3,3.1,0.9,0.2,0.443,0.03,0.473
676059,Jordan Westburg,2022,AAA,11,hitting,,scored,413 PA,413.0,0.0,91.0,0.372,,,,,,,,,,,,,,0.168,,6.9,0.4,14.1,4.2,3.0,2.565,1.651,4.216
676059,Jordan Westburg,2022,AA,12,hitting,,scored,209 PA,209.0,0.0,47.0,0.351,,,,,,,,,,,,,,0.152,,-2.4,0.4,7.1,2.2,1.7,0.737,0.785,1.522
676059,Jordan Westburg,2023,AAA,11,hitting,yes,scored,301 PA,301.0,0.0,67.0,0.398,,,,,,,,,,,,,,0.185,,6.8,0.9,10.3,3.1,3.0,2.108,1.275,3.383
676106,Emerson Hancock,2021,AA,12,pitching,,insufficient_sample,55 BF (need 60),0.0,55.0,3.0,,,,,,,,,,,,,,,,,,,,,,0.0,0.0,0.0
676106,Emerson Hancock,2021,A+,13,pitching,,scored,"124 BF, 31.0 IP",0.0,124.0,9.0,,3.73,1.03,0.231,3.77,0.242,0.105,0.617,9.0,1.0,3.4,58.6,3.44,starter,,0.85,-3.8,,4.2,,1.5,0.043,0.308,0.351
676106,Emerson Hancock,2022,AA,12,pitching,,scored,"413 BF, 98.3 IP",0.0,413.0,21.0,,5.12,1.2,0.245,3.48,0.223,0.092,0.389,21.0,1.0,4.7,78.5,4.68,starter,,-0.44,-11.9,,14.1,,1.9,0.222,0.722,0.944
676106,Emerson Hancock,2023,AA,12,pitching,yes,scored,"411 BF, 98.0 IP",0.0,411.0,20.0,,3.87,1.23,0.298,3.49,0.26,0.092,0.472,20.0,1.0,4.9,78.7,4.9,starter,,0.67,-8.1,,14.0,,1.0,0.596,0.357,0.954
676272,Bobby Miller,2021,AA,12,pitching,,insufficient_sample,42 BF (need 60),0.0,42.0,3.0,,,,,,,,,,,,,,,,,,,,,,0.0,0.0,0.0
676272,Bobby Miller,2021,A+,13,pitching,,scored,"188 BF, 47.0 IP",0.0,188.0,14.0,,2.84,0.87,0.257,2.11,0.298,0.059,0.536,11.0,0.786,4.3,71.7,3.36,swingman,,1.74,-3.1,,6.4,,1.4,0.335,0.421,0.756
676272,Bobby Miller,2022,AAA,11,pitching,,scored,"85 BF, 21.3 IP",0.0,85.0,4.0,,4.41,1.08,0.283,2.53,0.329,0.071,0.636,4.0,1.0,5.3,82.8,5.33,starter,,0.48,0.6,,2.9,,3.0,0.349,0.139,0.487
676272,Bobby Miller,2022,AA,12,pitching,,scored,"384 BF, 91.0 IP",0.0,384.0,20.0,,3.26,1.2,0.311,3.07,0.305,0.081,0.523,19.0,0.95,4.8,83.1,4.55,starter,,1.42,1.8,,13.1,,1.8,1.493,0.616,2.109
676272,Bobby Miller,2023,AAA,11,pitching,yes,scored,"61 BF, 14.3 IP",0.0,61.0,4.0,,5.29,1.19,0.225,3.77,0.197,0.098,0.516,4.0,1.0,3.6,63.2,3.58,starter,,0.05,-0.1,,2.1,,3.0,0.2,0.093,0.293
676440,Tanner Bibee,2022,AA,12,pitching,,scored,"285 BF, 73.7 IP",0.0,285.0,13.0,,2.76,0.88,0.26,1.71,0.284,0.049,0.39,13.0,1.0,5.7,87.3,5.67,starter,,1.92,4.2,,9.7,,1.7,1.395,0.475,1.869
676440,Tanner Bibee,2022,A+,13,pitching,,scored,"231 BF, 59.0 IP",0.0,231.0,12.0,,3.14,1.07,0.344,1.98,0.372,0.056,0.42,12.0,1.0,4.9,73.6,4.92,starter,,1.19,-5.1,,7.9,,0.3,0.276,0.105,0.381
676440,Tanner Bibee,2023,AAA,11,pitching,yes,scored,"61 BF, 15.3 IP",0.0,61.0,3.0,,2.78,1.04,0.235,4.7,0.311,0.131,0.385,3.0,1.0,5.1,79.7,5.11,starter,,2.57,3.3,,2.1,,3.0,0.534,0.1,0.634
676475,Alec Burleson,2021,AAA,11,hitting,,scored,172 PA,172.0,0.0,45.0,0.296,,,,,,,,,,,,,,0.104,,-6.8,-0.3,5.9,-1.2,3.0,-0.243,0.678,0.0
676475,Alec Burleson,2021,AA,12,hitting,,scored,282 PA,282.0,0.0,63.0,0.35,,,,,,,,,,,,,,0.152,,-4.9,0.3,9.6,-1.6,2.5,0.335,1.521,1.856
676475,Alec Burleson,2021,A+,13,hitting,,scored,49 PA,49.0,0.0,11.0,0.4,,,,,,,,,,,,,,0.2,,-0.2,0.1,1.7,-0.3,1.0,0.126,0.1,0.226
676475,Alec Burleson,2022,AAA,11,hitting,yes,scored,470 PA,470.0,0.0,109.0,0.385,,,,,,,,,,,,,,0.178,,11.6,0.6,16.1,-2.8,3.0,2.55,1.879,4.429
676917,Cade Cavalli,2021,AAA,11,pitching,,scored,"121 BF, 24.7 IP",0.0,121.0,6.0,,4.72,1.86,0.397,4.74,0.198,0.107,0.532,6.0,1.0,4.1,78.5,4.11,starter,,0.09,-1.2,,4.1,,3.0,0.295,0.16,0.456
676917,Cade Cavalli,2021,AA,12,pitching,,scored,"243 BF, 58.0 IP",0.0,243.0,11.0,,2.97,1.28,0.296,5.43,0.329,0.144,0.461,11.0,1.0,5.3,89.5,5.27,starter,,1.4,-2.2,,8.3,,2.2,0.61,0.486,1.096
676917,Cade Cavalli,2021,A+,13,pitching,,scored,"158 BF, 40.7 IP",0.0,158.0,7.0,,1.66,0.89,0.329,2.66,0.449,0.076,0.489,7.0,1.0,5.8,90.6,5.81,starter,,2.93,0.4,,5.4,,0.7,0.584,0.196,0.78
676917,Cade Cavalli,2022,AAA,11,pitching,yes,scored,"401 BF, 97.0 IP",0.0,401.0,20.0,,3.36,1.18,0.293,3.62,0.259,0.097,0.477,20.0,1.0,4.8,80.5,4.85,starter,,1.53,11.5,,13.7,,3.0,2.521,0.631,3.152
676974,Max Meyer,2021,AAA,11,pitching,,insufficient_sample,38 BF (need 60),0.0,38.0,2.0,,,,,,,,,,,,,,,,,,,,,,0.0,0.0,0.0
676974,Max Meyer,2021,AA,12,pitching,,scored,"416 BF, 101.0 IP",0.0,416.0,20.0,,3.41,1.23,0.304,3.56,0.272,0.096,0.574,20.0,1.0,5.0,74.3,5.05,starter,,0.96,-7.2,,14.2,,2.8,0.701,1.066,1.767
676974,Max Meyer,2022,AAA,11,pitching,yes,scored,"229 BF, 58.0 IP",0.0,229.0,12.0,,3.58,1.0,0.246,2.95,0.284,0.083,0.596,12.0,1.0,4.8,75.6,4.83,starter,,1.31,5.8,,7.8,,3.0,1.359,0.377,1.736
676974,Max Meyer,2022,A,14,pitching,yes,insufficient_sample,11 BF (need 60),0.0,11.0,1.0,,,,,,,,,,,,,,,,,,,,,,0.0,0.0,0.0
677008,Heston Kjerstad,2022,A+,13,hitting,,scored,186 PA,186.0,0.0,43.0,0.297,,,,,,,,,,,,,,0.111,,-9.3,0.1,6.4,-1.1,0.2,-0.39,0.076,-0.313
677008,Heston Kjerstad,2022,A,14,hitting,,scored,98 PA,98.0,0.0,22.0,0.509,,,,,,,,,,,,,,0.292,,2.8,0.0,3.3,-0.6,-0.8,0.558,-0.118,0.44
677008,Heston Kjerstad,2023,AAA,11,hitting,yes,scored,337 PA,337.0,0.0,76.0,0.372,,,,,,,,,,,,,,0.163,,1.9,-0.0,11.5,-2.0,3.0,1.139,1.428,2.567
677008,Heston Kjerstad,2023,AA,12,hitting,yes,scored,206 PA,206.0,0.0,46.0,0.407,,,,,,,,,,,,,,0.199,,2.8,-0.4,7.0,-1.2,0.7,0.824,0.305,1.129
677587,Brayan Rocchio,2018,ROK,16,hitting,,scored,158 PA,158.0,0.0,35.0,0.364,,,,,,,,,,,,,,0.177,,-8.9,-0.2,5.4,1.1,2.9,-0.263,0.48,0.0
677587,Brayan Rocchio,2019,SS-A,15,hitting,,scored,295 PA,295.0,0.0,69.0,0.299,,,,,,,,,,,,,,0.118,,-23.2,-0.2,10.1,2.1,3.0,-1.116,0.958,-0.159
677587,Brayan Rocchio,2021,AA,12,hitting,,scored,203 PA,203.0,0.0,44.0,0.371,,,,,,,,,,,,,,0.169,,-1.2,-0.2,6.9,1.4,3.0,0.694,1.313,2.007
677587,Brayan Rocchio,2021,A+,13,hitting,,scored,288 PA,288.0,0.0,64.0,0.333,,,,,,,,,,,,,,0.144,,-10.7,0.2,9.8,2.0,3.0,0.127,1.711,1.838
677587,Brayan Rocchio,2022,AAA,11,hitting,,scored,152 PA,152.0,0.0,33.0,0.299,,,,,,,,,,,,,,0.107,,-4.7,-0.6,5.2,1.0,3.0,0.087,0.608,0.695
677587,Brayan Rocchio,2022,AA,12,hitting,,scored,432 PA,432.0,0.0,99.0,0.34,,,,,,,,,,,,,,0.142,,-7.6,-0.0,14.8,3.1,3.0,1.013,2.924,3.937
677587,Brayan Rocchio,2023,AAA,11,hitting,yes,scored,164 PA,164.0,0.0,36.0,0.381,,,,,,,,,,,,,,0.171,,1.9,1.6,5.6,1.1,3.0,1.013,0.695,1.708
677594,Julio Rodríguez,2019,A+,13,hitting,,scored,72 PA,72.0,0.0,17.0,0.526,,,,,,,,,,,,,,0.298,,3.4,0.0,2.5,0.8,3.0,0.665,0.361,1.026
677594,Julio Rodríguez,2019,A,14,hitting,,scored,295 PA,295.0,0.0,67.0,0.363,,,,,,,,,,,,,,0.168,,-12.8,-0.5,10.1,3.1,3.0,-0.016,1.176,0.0
677594,Julio Rodríguez,2021,AA,12,hitting,,scored,206 PA,206.0,0.0,46.0,0.435,,,,,,,,,,,,,,0.223,,6.2,1.1,7.0,2.1,3.0,1.647,1.332,2.979
677594,Julio Rodríguez,2021,A+,13,hitting,,scored,134 PA,134.0,0.0,28.0,0.421,,,,,,,,,,,,,,0.218,,0.7,0.3,4.6,1.3,3.0,0.691,0.796,1.487
677595,Ronny Mauricio,2018,ROK,16,hitting,,scored,247 PA,247.0,0.0,57.0,0.304,,,,,,,,,,,,,,0.127,,-18.2,-0.7,8.4,0.3,3.0,-1.015,0.783,-0.232
677595,Ronny Mauricio,2019,A,14,hitting,,scored,504 PA,504.0,0.0,116.0,0.29,,,,,,,,,,,,,,0.107,,-37.0,-1.4,17.2,0.6,3.0,-2.065,2.009,-0.056
677595,Ronny Mauricio,2021,AA,12,hitting,,insufficient_sample,33 PA (need 40),33.0,0.0,8.0,,,,,,,,,,,,,,,,,,,,,,0.0,0.0,0.0
677595,Ronny Mauricio,2021,A+,13,hitting,,scored,420 PA,420.0,0.0,100.0,0.316,,,,,,,,,,,,,,0.13,,-19.2,-0.6,14.3,0.5,3.0,-0.499,2.495,0.0
677595,Ronny Mauricio,2022,AA,12,hitting,,scored,541 PA,541.0,0.0,123.0,0.325,,,,,,,,,,,,,,0.13,,-13.9,-0.3,18.5,0.6,3.0,0.488,3.661,4.149
677595,Ronny Mauricio,2023,AAA,11,hitting,yes,scored,532 PA,532.0,0.0,116.0,0.362,,,,,,,,,,,,,,0.155,,-0.4,1.5,18.2,0.6,3.0,1.984,2.254,4.239
677649,Ezequiel Duran,2018,ROK,16,hitting,,scored,235 PA,235.0,0.0,53.0,0.248,,,,,,,,,,,,,,0.081,,-21.0,0.5,8.0,2.5,1.2,-1.004,0.305,-0.699
677649,Ezequiel Duran,2019,SS-A,15,hitting,,scored,277 PA,277.0,0.0,66.0,0.348,,,,,,,,,,,,,,0.159,,-17.2,0.2,9.5,3.1,1.9,-0.45,0.579,0.0
677649,Ezequiel Duran,2021,A+,13,hitting,,scored,471 PA,471.0,0.0,105.0,0.351,,,,,,,,,,,,,,0.159,,-13.5,0.1,16.1,4.9,1.5,0.753,1.417,2.17
677649,Ezequiel Duran,2022,AA,12,hitting,yes,scored,200 PA,200.0,0.0,45.0,0.394,,,,,,,,,,,,,,0.188,,2.7,0.4,6.8,2.1,1.9,1.196,0.866,2.063
677950,Alek Thomas,2018,ROK,16,hitting,,scored,272 PA,272.0,0.0,56.0,0.374,,,,,,,,,,,,,,0.185,,-14.6,0.1,9.3,-1.5,2.2,-0.668,0.622,-0.046
677950,Alek Thomas,2019,A+,13,hitting,,scored,104 PA,104.0,0.0,23.0,0.299,,,,,,,,,,,,,,0.11,,-6.4,-0.7,3.6,-0.6,3.0,-0.421,0.521,0.0
677950,Alek Thomas,2019,A,14,hitting,,scored,402 PA,402.0,0.0,91.0,0.377,,,,,,,,,,,,,,0.179,,-15.4,-0.1,13.7,-2.4,3.0,-0.41,1.602,0.0
677950,Alek Thomas,2021,AAA,11,hitting,,scored,166 PA,166.0,0.0,34.0,0.459,,,,,,,,,,,,,,0.239,,10.9,-0.5,5.7,-0.9,3.0,1.519,0.654,2.174
677950,Alek Thomas,2021,AA,12,hitting,,scored,329 PA,329.0,0.0,72.0,0.377,,,,,,,,,,,,,,0.175,,-0.7,-0.3,11.2,-1.9,3.0,0.835,2.128,2.963
677950,Alek Thomas,2022,AAA,11,hitting,yes,scored,116 PA,116.0,0.0,24.0,0.367,,,,,,,,,,,,,,0.164,,1.5,-0.2,4.0,-0.6,3.0,0.471,0.464,0.935
677951,Bobby Witt Jr.,2019,ROK,16,hitting,,scored,180 PA,180.0,0.0,37.0,0.295,,,,,,,,,,,,,,0.119,,-15.3,0.5,6.1,1.7,1.1,-0.7,0.214,-0.486
677951,Bobby Witt Jr.,2021,AAA,11,hitting,,scored,285 PA,285.0,0.0,62.0,0.389,,,,,,,,,,,,,,0.182,,5.9,1.4,9.7,2.9,3.0,1.988,1.124,3.112
677951,Bobby Witt Jr.,2021,AA,12,hitting,,scored,279 PA,279.0,0.0,61.0,0.394,,,,,,,,,,,,,,0.189,,2.1,-0.3,9.5,2.8,3.0,1.41,1.804,3.214
677954,Jordan Groshans,2018,ROK,16,hitting,,scored,207 PA,207.0,0.0,48.0,0.345,,,,,,,,,,,,,,0.162,,-12.8,0.0,7.1,1.5,1.7,-0.424,0.372,-0.052
677954,Jordan Groshans,2019,A,14,hitting,,scored,96 PA,96.0,0.0,23.0,0.398,,,,,,,,,,,,,,0.196,,-2.8,-0.1,3.3,0.7,2.8,0.105,0.357,0.462
677954,Jordan Groshans,2021,AA,12,hitting,,scored,316 PA,316.0,0.0,75.0,0.355,,,,,,,,,,,,,,0.156,,-4.7,0.0,10.8,2.3,3.0,0.839,2.044,2.883
677954,Jordan Groshans,2022,AAA,11,hitting,yes,scored,412 PA,412.0,0.0,98.0,0.318,,,,,,,,,,,,,,0.123,,-7.7,0.5,14.1,3.0,3.0,0.987,1.647,2.635
677954,Jordan Groshans,2022,A,14,hitting,yes,insufficient_sample,20 PA (need 40),20.0,0.0,5.0,,,,,,,,,,,,,,,,,,,,,,0.0,0.0,0.0
677958,Kumar Rocker,2023,A+,13,pitching,,scored,"111 BF, 28.0 IP",0.0,111.0,6.0,,2.31,1.0,0.317,2.25,0.378,0.063,0.659,6.0,1.0,4.7,62.2,4.67,starter,,2.02,-2.0,,3.8,,0.1,0.179,0.01,0.189
677958,Kumar Rocker,2024,AAA,11,pitching,yes,insufficient_sample,35 BF (need 60),0.0,35.0,2.0,,,,,,,,,,,,,,,,,,,,,,0.0,0.0,0.0
677958,Kumar Rocker,2024,AA,12,pitching,yes,scored,"71 BF, 19.7 IP",0.0,71.0,5.0,,0.87,0.61,0.231,1.37,0.408,0.042,0.533,5.0,1.0,3.9,51.0,3.93,starter,,3.06,1.5,,2.4,,0.5,0.391,0.035,0.426
677958,Kumar Rocker,2024,ROK,16,pitching,yes,insufficient_sample,33 BF (need 60),0.0,33.0,3.0,,,,,,,,,,,,,,,,,,,,,,0.0,0.0,0.0
678246,Miguel Vargas,2018,A,14,hitting,,scored,89 PA,89.0,0.0,23.0,0.26,,,,,,,,,,,,,,0.078,,-7.0,0.0,3.0,-0.7,3.0,-0.466,0.357,-0.109
678246,Miguel Vargas,2018,ROK,16,hitting,,scored,140 PA,140.0,0.0,30.0,0.452,,,,,,,,,,,,,,0.251,,-4.4,0.3,4.8,-0.9,1.7,-0.023,0.254,0.0
678246,Miguel Vargas,2019,A+,13,hitting,,scored,236 PA,236.0,0.0,54.0,0.331,,,,,,,,,,,,,,0.136,,-11.0,-0.2,8.1,-1.7,3.0,-0.49,1.182,0.0
678246,Miguel Vargas,2019,A,14,hitting,,scored,323 PA,323.0,0.0,70.0,0.374,,,,,,,,,,,,,,0.177,,-12.7,0.7,11.0,-2.2,2.8,-0.314,1.21,0.0
678246,Miguel Vargas,2021,AA,12,hitting,,scored,370 PA,370.0,0.0,83.0,0.388,,,,,,,,,,,,,,0.184,,1.5,0.7,12.6,-2.6,3.0,1.223,2.393,3.616
678246,Miguel Vargas,2021,A+,13,hitting,,scored,172 PA,172.0,0.0,37.0,0.382,,,,,,,,,,,,,,0.185,,-2.4,0.5,5.9,-1.1,2.0,0.28,0.684,0.965
678246,Miguel Vargas,2022,AAA,11,hitting,yes,scored,437 PA,437.0,0.0,94.0,0.377,,,,,,,,,,,,,,0.172,,8.8,0.6,14.9,-2.9,3.0,2.143,1.747,3.891
678554,Curtis Mead,2018,ROK,16,hitting,,insufficient_sample,6 PA (need 40),6.0,0.0,2.0,,,,,,,,,,,,,,,,,,,,,,0.0,0.0,0.0
678554,Curtis Mead,2019,ROK,16,hitting,,scored,175 PA,175.0,0.0,44.0,0.351,,,,,,,,,,,,,,0.167,,-12.1,-0.1,6.0,0.7,1.5,-0.558,0.277,-0.282
678554,Curtis Mead,2021,AAA,11,hitting,,insufficient_sample,14 PA (need 40),14.0,0.0,4.0,,,,,,,,,,,,,,,,,,,,,,0.0,0.0,0.0
678554,Curtis Mead,2021,A+,13,hitting,,scored,233 PA,233.0,0.0,53.0,0.349,,,,,,,,,,,,,,0.157,,-6.9,-0.2,8.0,0.8,3.0,0.16,1.362,1.522
678554,Curtis Mead,2021,A,14,hitting,,scored,211 PA,211.0,0.0,47.0,0.419,,,,,,,,,,,,,,0.219,,-2.9,0.5,7.2,0.7,1.9,0.55,0.633,1.184
678554,Curtis Mead,2022,AAA,11,hitting,,scored,85 PA,85.0,0.0,20.0,0.371,,,,,,,,,,,,,,0.167,,1.4,0.2,2.9,0.3,3.0,0.475,0.34,0.815
678554,Curtis Mead,2022,AA,12,hitting,,scored,246 PA,246.0,0.0,56.0,0.4,,,,,,,,,,,,,,0.193,,4.1,0.3,8.4,0.9,3.0,1.363,1.665,3.028
678554,Curtis Mead,2023,AAA,11,hitting,yes,scored,211 PA,211.0,0.0,46.0,0.358,,,,,,,,,,,,,,0.152,,-0.7,-0.2,7.2,0.7,3.0,0.705,0.894,1.6
678554,Curtis Mead,2023,ROK,16,hitting,yes,insufficient_sample,14 PA (need 40),14.0,0.0,4.0,,,,,,,,,,,,,,,,,,,,,,0.0,0.0,0.0
678662,Ezequiel Tovar,2019,SS-A,15,hitting,,scored,243 PA,243.0,0.0,55.0,0.276,,,,,,,,,,,,,,0.099,,-21.0,1.0,8.3,2.5,3.0,-0.911,0.789,-0.122
678662,Ezequiel Tovar,2021,A+,13,hitting,,scored,143 PA,143.0,0.0,32.0,0.284,,,,,,,,,,,,,,0.104,,-8.7,-0.1,4.9,1.5,3.0,-0.246,0.85,0.0
678662,Ezequiel Tovar,2021,A,14,hitting,,scored,326 PA,326.0,0.0,72.0,0.363,,,,,,,,,,,,,,0.172,,-12.0,1.3,11.1,3.3,2.7,0.376,1.374,1.751
678662,Ezequiel Tovar,2022,AAA,11,hitting,yes,insufficient_sample,23 PA (need 40),23.0,0.0,5.0,,,,,,,,,,,,,,,,,,,,,,0.0,0.0,0.0
678662,Ezequiel Tovar,2022,AA,12,hitting,yes,scored,295 PA,295.0,0.0,66.0,0.397,,,,,,,,,,,,,,0.19,,4.4,1.5,10.1,3.1,3.0,1.903,1.996,3.899
678882,Ceddanne Rafaela,2019,SS-A,15,hitting,,insufficient_sample,12 PA (need 40),12.0,0.0,3.0,,,,,,,,,,,,,,,,,,,,,,0.0,0.0,0.0
678882,Ceddanne Rafaela,2019,ROK,16,hitting,,scored,176 PA,176.0,0.0,41.0,0.328,,,,,,,,,,,,,,0.147,,-13.3,0.3,6.0,1.9,1.4,-0.508,0.259,-0.249
678882,Ceddanne Rafaela,2021,A,14,hitting,,scored,432 PA,432.0,0.0,102.0,0.313,,,,,,,,,,,,,,0.13,,-24.7,1.7,14.8,4.7,1.8,-0.357,1.226,0.0
678882,Ceddanne Rafaela,2022,AA,12,hitting,,scored,313 PA,313.0,0.0,71.0,0.347,,,,,,,,,,,,,,0.148,,-4.2,0.5,10.7,3.3,3.0,1.024,2.118,3.143
678882,Ceddanne Rafaela,2022,A+,13,hitting,,scored,209 PA,209.0,0.0,45.0,0.406,,,,,,,,,,,,,,0.202,,0.6,1.1,7.1,2.1,1.8,1.093,0.712,1.805
678882,Ceddanne Rafaela,2023,AAA,11,hitting,yes,scored,219 PA,219.0,0.0,48.0,0.414,,,,,,,,,,,,,,0.198,,7.2,-0.7,7.5,2.2,3.0,1.619,0.928,2.547
678882,Ceddanne Rafaela,2023,AA,12,hitting,yes,scored,266 PA,266.0,0.0,60.0,0.331,,,,,,,,,,,,,,0.136,,-7.8,1.8,9.1,2.8,2.3,0.589,1.335,1.924
678894,Liover Peguero,2018,ROK,16,hitting,,scored,71 PA,71.0,0.0,19.0,0.211,,,,,,,,,,,,,,0.05,,-7.1,-0.1,2.4,0.9,2.8,-0.386,0.213,-0.173
678894,Liover Peguero,2019,SS-A,15,hitting,,scored,93 PA,93.0,0.0,22.0,0.307,,,,,,,,,,,,,,0.124,,-7.1,0.1,3.2,1.0,3.0,-0.28,0.302,0.0
678894,Liover Peguero,2021,A+,13,hitting,,scored,417 PA,417.0,0.0,90.0,0.335,,,,,,,,,,,,,,0.146,,-15.3,1.8,14.2,4.2,3.0,0.498,2.478,2.976
678894,Liover Peguero,2022,AA,12,hitting,yes,scored,236 PA,236.0,0.0,54.0,0.333,,,,,,,,,,,,,,0.137,,-5.0,1.1,8.1,2.5,3.0,0.664,1.597,2.261
679529,Spencer Torkelson,2021,AAA,11,hitting,,scored,177 PA,177.0,0.0,40.0,0.369,,,,,,,,,,,,,,0.165,,1.4,0.2,6.0,-1.2,3.0,0.636,0.698,1.334
679529,Spencer Torkelson,2021,AA,12,hitting,,scored,212 PA,212.0,0.0,50.0,0.391,,,,,,,,,,,,,,0.187,,1.2,-0.1,7.2,-1.5,3.0,0.679,1.371,2.051
679529,Spencer Torkelson,2021,A+,13,hitting,,scored,141 PA,141.0,0.0,31.0,0.425,,,,,,,,,,,,,,0.22,,1.0,-0.1,4.8,-1.0,1.8,0.469,0.498,0.967
679822,Justin Foscue,2021,AA,12,hitting,,scored,104 PA,104.0,0.0,26.0,0.309,,,,,,,,,,,,,,0.118,,-4.3,-0.3,3.6,-0.8,2.8,-0.178,0.62,0.0
679822,Justin Foscue,2021,A+,13,hitting,,scored,150 PA,150.0,0.0,33.0,0.466,,,,,,,,,,,,,,0.255,,4.0,-0.1,5.1,-1.0,1.3,0.801,0.385,1.187
679822,Justin Foscue,2021,ROK,16,hitting,,insufficient_sample,13 PA (need 40),13.0,0.0,3.0,,,,,,,,,,,,,,,,,,,,,,0.0,0.0,0.0
679822,Justin Foscue,2022,AA,12,hitting,,scored,460 PA,460.0,0.0,101.0,0.365,,,,,,,,,,,,,,0.164,,-1.4,-0.7,15.7,-3.1,1.7,1.046,1.762,2.808
679822,Justin Foscue,2023,AAA,11,hitting,,scored,563 PA,563.0,0.0,122.0,0.377,,,,,,,,,,,,,,0.167,,4.8,-0.1,19.2,-3.8,3.0,2.025,2.386,4.41
679822,Justin Foscue,2024,AAA,11,hitting,yes,insufficient_sample,15 PA (need 40),15.0,0.0,3.0,,,,,,,,,,,,,,,,,,,,,,0.0,0.0,0.0
680570,Grayson Rodriguez,2018,ROK,16,pitching,,scored,"80 BF, 19.3 IP",0.0,80.0,9.0,,2.75,1.24,0.321,3.26,0.25,0.087,0.444,8.0,0.889,2.4,18.1,2.15,starter,,1.35,-4.8,,2.7,,1.7,-0.207,0.125,-0.081
680570,Grayson Rodriguez,2019,A,14,pitching,,scored,"377 BF, 94.0 IP",0.0,377.0,20.0,,2.61,0.99,0.262,3.45,0.342,0.095,0.06,20.0,1.0,4.7,77.3,4.7,starter,,1.12,-22.4,,12.9,,2.8,-0.95,1.442,0.0
680570,Grayson Rodriguez,2021,AA,12,pitching,,scored,"310 BF, 79.7 IP",0.0,310.0,18.0,,2.68,0.87,0.252,2.49,0.39,0.071,0.474,18.0,1.0,4.4,69.8,4.43,starter,,1.69,-1.3,,10.6,,3.0,0.931,0.903,1.834
680570,Grayson Rodriguez,2021,A+,13,pitching,,scored,"88 BF, 23.3 IP",0.0,88.0,5.0,,2.51,0.69,0.237,1.93,0.455,0.057,0.552,5.0,1.0,4.7,66.2,4.67,starter,,2.07,-1.0,,3.0,,2.0,0.198,0.302,0.499
680570,Grayson Rodriguez,2022,AAA,11,pitching,,scored,"271 BF, 69.7 IP",0.0,271.0,14.0,,2.15,0.93,0.28,2.71,0.358,0.077,0.463,14.0,1.0,5.0,77.1,4.98,starter,,2.74,15.6,,9.3,,3.0,2.481,0.453,2.934
680570,Grayson Rodriguez,2022,AA,12,pitching,,insufficient_sample,21 BF (need 60),0.0,21.0,2.0,,,,,,,,,,,,,,,,,,,,,,0.0,0.0,0.0
680570,Grayson Rodriguez,2022,A+,13,pitching,,insufficient_sample,6 BF (need 60),0.0,6.0,1.0,,,,,,,,,,,,,,,,,,,,,,0.0,0.0,0.0
680570,Grayson Rodriguez,2023,AAA,11,pitching,yes,insufficient_sample,21 BF (need 60),0.0,21.0,1.0,,,,,,,,,,,,,,,,,,,,,,0.0,0.0,0.0
680574,Matt McLain,2021,A+,13,hitting,,scored,119 PA,119.0,0.0,29.0,0.358,,,,,,,,,,,,,,0.165,,-3.0,0.7,4.1,0.9,1.7,0.265,0.407,0.672
680574,Matt McLain,2021,ROK,16,hitting,,insufficient_sample,7 PA (need 40),7.0,0.0,2.0,,,,,,,,,,,,,,,,,,,,,,0.0,0.0,0.0
680574,Matt McLain,2022,AA,12,hitting,,scored,452 PA,452.0,0.0,103.0,0.354,,,,,,,,,,,,,,0.154,,-4.2,2.8,15.4,3.2,2.1,1.724,2.17,3.894
680574,Matt McLain,2023,AAA,11,hitting,yes,scored,173 PA,173.0,0.0,38.0,0.488,,,,,,,,,,,,,,0.26,,14.0,-0.0,5.9,1.2,3.0,2.103,0.733,2.836
680695,Brennen Davis,2018,ROK,16,hitting,,scored,72 PA,72.0,0.0,18.0,0.356,,,,,,,,,,,,,,0.17,,-4.2,0.3,2.5,-0.5,1.7,-0.198,0.128,-0.07
680695,Brennen Davis,2019,A,14,hitting,,scored,204 PA,204.0,0.0,50.0,0.387,,,,,,,,,,,,,,0.187,,-7.0,0.2,7.0,-1.3,2.8,-0.109,0.753,0.0
680695,Brennen Davis,2021,AAA,11,hitting,,scored,68 PA,68.0,0.0,15.0,0.4,,,,,,,,,,,,,,0.191,,1.9,0.0,2.3,-0.4,3.0,0.381,0.268,0.649
680695,Brennen Davis,2021,AA,12,hitting,,scored,316 PA,316.0,0.0,76.0,0.365,,,,,,,,,,,,,,0.165,,-2.8,-0.3,10.8,-2.0,3.0,0.572,2.044,2.616
680695,Brennen Davis,2021,A+,13,hitting,,insufficient_sample,32 PA (need 40),32.0,0.0,8.0,,,,,,,,,,,,,,,,,,,,,,0.0,0.0,0.0
680695,Brennen Davis,2022,AAA,11,hitting,,scored,174 PA,174.0,0.0,43.0,0.292,,,,,,,,,,,,,,0.102,,-6.1,-0.3,5.9,-1.1,3.0,-0.159,0.696,0.0
680695,Brennen Davis,2022,A+,13,hitting,,insufficient_sample,23 PA (need 40),23.0,0.0,5.0,,,,,,,,,,,,,,,,,,,,,,0.0,0.0,0.0
680695,Brennen Davis,2022,ROK,16,hitting,,insufficient_sample,17 PA (need 40),17.0,0.0,5.0,,,,,,,,,,,,,,,,,,,,,,0.0,0.0,0.0
680695,Brennen Davis,2023,AAA,11,hitting,,scored,257 PA,257.0,0.0,62.0,0.266,,,,,,,,,,,,,,0.075,,-16.2,0.4,8.8,-1.6,3.0,-0.862,1.089,0.0
680695,Brennen Davis,2023,A+,13,hitting,,insufficient_sample,24 PA (need 40),24.0,0.0,5.0,,,,,,,,,,,,,,,,,,,,,,0.0,0.0,0.0
680695,Brennen Davis,2023,ROK,16,hitting,,insufficient_sample,12 PA (need 40),12.0,0.0,4.0,,,,,,,,,,,,,,,,,,,,,,0.0,0.0,0.0
680695,Brennen Davis,2024,AAA,11,hitting,,scored,181 PA,181.0,0.0,47.0,0.36,,,,,,,,,,,,,,0.156,,0.8,-0.2,6.2,-1.2,2.8,0.564,0.679,1.243
680695,Brennen Davis,2024,A+,13,hitting,,insufficient_sample,36 PA (need 40),36.0,0.0,8.0,,,,,,,,,,,,,,,,,,,,,,0.0,0.0,0.0
680695,Brennen Davis,2025,AAA,11,hitting,,scored,142 PA,142.0,0.0,36.0,0.375,,,,,,,,,,,,,,0.169,,1.9,0.2,4.9,-0.9,1.8,0.599,0.339,0.939
680695,Brennen Davis,2025,AA,12,hitting,,insufficient_sample,35 PA (need 40),35.0,0.0,8.0,,,,,,,,,,,,,,,,,,,,,,0.0,0.0,0.0
680695,Brennen Davis,2025,ROK,16,hitting,,insufficient_sample,21 PA (need 40),21.0,0.0,6.0,,,,,,,,,,,,,,,,,,,,,,0.0,0.0,0.0
680695,Brennen Davis,2026,AAA,11,hitting,,scored,205 PA,205.0,0.0,47.0,0.379,,,,,,,,,,,,,,0.173,,3.3,0.2,7.0,-1.2,1.0,0.922,0.279,1.201
680776,Jarren Duran,2018,A,14,hitting,,scored,134 PA,134.0,0.0,30.0,0.379,,,,,,,,,,,,,,0.177,,-4.0,-0.0,4.6,-0.8,0.7,-0.027,0.117,0.0
680776,Jarren Duran,2018,SS-A,15,hitting,,scored,168 PA,168.0,0.0,37.0,0.399,,,,,,,,,,,,,,0.197,,-6.4,0.3,5.7,-1.0,0.3,-0.13,0.057,-0.073
680776,Jarren Duran,2019,AA,12,hitting,,scored,352 PA,352.0,0.0,82.0,0.281,,,,,,,,,,,,,,0.093,,-21.9,1.6,12.0,-2.1,2.3,-1.043,1.526,0.0
680776,Jarren Duran,2019,A+,13,hitting,,scored,226 PA,226.0,0.0,50.0,0.431,,,,,,,,,,,,,,0.219,,0.3,0.9,7.7,-1.3,1.0,0.764,0.386,1.15
680776,Jarren Duran,2021,AAA,11,hitting,yes,scored,219 PA,219.0,0.0,46.0,0.392,,,,,,,,,,,,,,0.184,,4.9,0.9,7.5,-1.2,2.4,1.206,0.697,1.903
680779,Henry Davis,2021,A+,13,hitting,,insufficient_sample,24 PA (need 40),24.0,0.0,6.0,,,,,,,,,,,,,,,,,,,,,,0.0,0.0,0.0
680779,Henry Davis,2021,ROK,16,hitting,,insufficient_sample,7 PA (need 40),7.0,0.0,2.0,,,,,,,,,,,,,,,,,,,,,,0.0,0.0,0.0
680779,Henry Davis,2022,AA,12,hitting,,scored,136 PA,136.0,0.0,31.0,0.314,,,,,,,,,,,,,,0.121,,-4.4,0.1,4.6,2.4,2.3,0.281,0.691,0.972
680779,Henry Davis,2022,A+,13,hitting,,scored,100 PA,100.0,0.0,22.0,0.442,,,,,,,,,,,,,,0.232,,2.0,0.3,3.4,1.7,0.8,0.747,0.155,0.902
680779,Henry Davis,2022,A,14,hitting,,insufficient_sample,15 PA (need 40),15.0,0.0,5.0,,,,,,,,,,,,,,,,,,,,,,0.0,0.0,0.0
680779,Henry Davis,2022,ROK,16,hitting,,insufficient_sample,4 PA (need 40),4.0,0.0,1.0,,,,,,,,,,,,,,,,,,,,,,0.0,0.0,0.0
680779,Henry Davis,2023,AAA,11,hitting,yes,scored,45 PA,45.0,0.0,10.0,0.409,,,,,,,,,,,,,,0.194,,1.3,-0.0,1.5,0.8,3.0,0.364,0.191,0.555
680779,Henry Davis,2023,AA,12,hitting,yes,scored,187 PA,187.0,0.0,41.0,0.42,,,,,,,,,,,,,,0.21,,4.0,0.1,6.4,3.2,1.3,1.363,0.527,1.89
681082,Bryson Stott,2019,SS-A,15,hitting,,scored,182 PA,182.0,0.0,44.0,0.355,,,,,,,,,,,,,,0.164,,-10.9,-0.1,6.2,2.0,0.3,-0.277,0.06,-0.216
681082,Bryson Stott,2019,ROK,16,hitting,,insufficient_sample,11 PA (need 40),11.0,0.0,4.0,,,,,,,,,,,,,,,,,,,,,,0.0,0.0,0.0
681082,Bryson Stott,2021,AAA,11,hitting,,scored,41 PA,41.0,0.0,10.0,0.379,,,,,,,,,,,,,,0.173,,0.6,0.2,1.4,0.5,3.0,0.258,0.162,0.42
681082,Bryson Stott,2021,AA,12,hitting,,scored,351 PA,351.0,0.0,80.0,0.363,,,,,,,,,,,,,,0.163,,-3.5,0.3,12.0,3.7,1.4,1.245,1.033,2.278
681082,Bryson Stott,2021,A+,13,hitting,,scored,95 PA,95.0,0.0,22.0,0.431,,,,,,,,,,,,,,0.225,,0.9,-0.1,3.2,1.0,-0.1,0.505,-0.02,0.485
681297,Colton Cowser,2021,A,14,hitting,,scored,124 PA,124.0,0.0,25.0,0.407,,,,,,,,,,,,,,0.208,,-2.4,-0.0,4.2,-0.6,1.3,0.123,0.254,0.377
681297,Colton Cowser,2021,ROK,16,hitting,,insufficient_sample,25 PA (need 40),25.0,0.0,7.0,,,,,,,,,,,,,,,,,,,,,,0.0,0.0,0.0
681297,Colton Cowser,2022,AAA,11,hitting,,scored,124 PA,124.0,0.0,27.0,0.337,,,,,,,,,,,,,,0.139,,-0.7,0.0,4.2,-0.7,3.0,0.282,0.496,0.778
681297,Colton Cowser,2022,AA,12,hitting,,scored,224 PA,224.0,0.0,49.0,0.444,,,,,,,,,,,,,,0.229,,9.2,-0.3,7.7,-1.3,2.7,1.531,1.389,2.92
681297,Colton Cowser,2022,A+,13,hitting,,scored,278 PA,278.0,0.0,62.0,0.354,,,,,,,,,,,,,,0.159,,-6.2,1.6,9.5,-1.6,1.3,0.328,0.688,1.016
681297,Colton Cowser,2023,AAA,11,hitting,yes,scored,257 PA,257.0,0.0,56.0,0.427,,,,,,,,,,,,,,0.209,,10.6,0.8,8.8,-1.5,3.0,1.868,1.089,2.957
681351,Logan O'Hoppe,2018,ROK,16,hitting,,scored,124 PA,124.0,0.0,34.0,0.4,,,,,,,,,,,,,,0.207,,-5.8,-0.0,4.2,2.6,1.9,0.109,0.255,0.364
681351,Logan O'Hoppe,2019,SS-A,15,hitting,,scored,177 PA,177.0,0.0,45.0,0.286,,,,,,,,,,,,,,0.107,,-14.7,0.2,6.0,3.5,2.7,-0.495,0.508,0.0
681351,Logan O'Hoppe,2021,AAA,11,hitting,,insufficient_sample,23 PA (need 40),23.0,0.0,6.0,,,,,,,,,,,,,,,,,,,,,,0.0,0.0,0.0
681351,Logan O'Hoppe,2021,AA,12,hitting,,scored,57 PA,57.0,0.0,13.0,0.351,,,,,,,,,,,,,,0.153,,-1.0,0.0,1.9,1.0,3.0,0.198,0.369,0.566
681351,Logan O'Hoppe,2021,A+,13,hitting,,scored,358 PA,358.0,0.0,85.0,0.34,,,,,,,,,,,,,,0.15,,-12.1,-0.0,12.2,6.6,2.2,0.662,1.588,2.25
681351,Logan O'Hoppe,2022,AA,12,hitting,yes,scored,447 PA,447.0,0.0,104.0,0.41,,,,,,,,,,,,,,0.201,,9.9,-0.2,15.3,8.0,2.6,3.3,2.662,5.962
681624,Andy Pages,2018,ROK,16,hitting,,insufficient_sample,34 PA (need 40),34.0,0.0,10.0,,,,,,,,,,,,,,,,,,,,,,0.0,0.0,0.0
681624,Andy Pages,2021,A+,13,hitting,,scored,538 PA,538.0,0.0,120.0,0.397,,,,,,,,,,,,,,0.198,,-3.5,-0.0,18.4,-3.1,3.0,1.175,3.196,4.372
681624,Andy Pages,2022,AA,12,hitting,,scored,571 PA,571.0,0.0,132.0,0.345,,,,,,,,,,,,,,0.146,,-8.4,-0.0,19.5,-3.4,3.0,0.766,3.864,4.63
681624,Andy Pages,2023,AAA,11,hitting,,insufficient_sample,4 PA (need 40),4.0,0.0,1.0,,,,,,,,,,,,,,,,,,,,,,0.0,0.0,0.0
681624,Andy Pages,2023,AA,12,hitting,,scored,142 PA,142.0,0.0,33.0,0.396,,,,,,,,,,,,,,0.19,,1.0,0.1,4.9,-0.9,2.5,0.515,0.782,1.297
681624,Andy Pages,2024,AAA,11,hitting,yes,scored,73 PA,73.0,0.0,15.0,0.475,,,,,,,,,,,,,,0.252,,5.8,-0.0,2.5,-0.4,3.0,0.79,0.294,1.084
682243,Bryce Miller,2021,A,14,pitching,,insufficient_sample,45 BF (need 60),0.0,45.0,5.0,,,,,,,,,,,,,,,,,,,,,,0.0,0.0,0.0
682243,Bryce Miller,2022,AA,12,pitching,,scored,"204 BF, 50.7 IP",0.0,204.0,10.0,,3.23,1.05,0.263,3.38,0.299,0.093,0.391,10.0,1.0,5.1,87.7,5.07,starter,,1.45,1.1,,7.0,,1.2,0.808,0.225,1.033
682243,Bryce Miller,2022,A+,13,pitching,,scored,"316 BF, 77.7 IP",0.0,316.0,16.0,,3.4,1.02,0.264,2.9,0.313,0.079,0.515,15.0,0.938,5.2,83.6,4.85,starter,,0.93,-8.1,,10.8,,-0.3,0.274,-0.128,0.146
682243,Bryce Miller,2022,A,14,pitching,,insufficient_sample,23 BF (need 60),0.0,23.0,1.0,,,,,,,,,,,,,,,,,,,,,,0.0,0.0,0.0
682243,Bryce Miller,2023,AA,12,pitching,yes,scored,"85 BF, 19.7 IP",0.0,85.0,4.0,,5.42,1.32,0.305,1.37,0.212,0.035,0.512,4.0,1.0,4.9,82.2,4.92,starter,,-0.88,-3.9,,2.9,,0.2,-0.101,0.015,-0.087
682616,Diego Cartaya,2019,ROK,16,hitting,,scored,150 PA,150.0,0.0,36.0,0.343,,,,,,,,,,,,,,0.16,,-10.7,0.1,5.1,2.8,2.3,-0.277,0.377,0.0
682616,Diego Cartaya,2021,A,14,hitting,,scored,137 PA,137.0,0.0,31.0,0.427,,,,,,,,,,,,,,0.226,,-1.4,0.0,4.7,2.4,2.8,0.563,0.599,1.162
682616,Diego Cartaya,2022,A+,13,hitting,,scored,282 PA,282.0,0.0,62.0,0.37,,,,,,,,,,,,,,0.172,,-4.2,0.1,9.6,4.8,2.8,1.038,1.474,2.511
682616,Diego Cartaya,2022,A,14,hitting,,scored,163 PA,163.0,0.0,33.0,0.407,,,,,,,,,,,,,,0.206,,-2.2,0.0,5.6,2.5,1.8,0.596,0.441,1.037
682616,Diego Cartaya,2023,AA,12,hitting,,scored,403 PA,403.0,0.0,93.0,0.287,,,,,,,,,,,,,,0.1,,-21.8,0.0,13.8,7.2,3.0,-0.087,2.675,0.0
682616,Diego Cartaya,2024,AAA,11,hitting,,scored,208 PA,208.0,0.0,49.0,0.285,,,,,,,,,,,,,,0.094,,-9.1,0.2,7.1,3.8,3.0,0.19,0.837,1.028
682616,Diego Cartaya,2024,AA,12,hitting,,scored,192 PA,192.0,0.0,46.0,0.326,,,,,,,,,,,,,,0.135,,-4.8,0.1,6.6,3.5,2.3,0.544,0.862,1.407
682616,Diego Cartaya,2025,AAA,11,hitting,,scored,69 PA,69.0,0.0,20.0,0.182,,,,,,,,,,,,,,0.009,,-7.7,0.0,2.4,1.5,3.0,-0.38,0.275,-0.104
682616,Diego Cartaya,2025,A,14,hitting,,insufficient_sample,18 PA (need 40),18.0,0.0,4.0,,,,,,,,,,,,,,,,,,,,,,0.0,0.0,0.0
682616,Diego Cartaya,2026,A+,13,hitting,,insufficient_sample,35 PA (need 40),35.0,0.0,10.0,,,,,,,,,,,,,,,,,,,,,,0.0,0.0,0.0
682617,Marco Luciano,2019,SS-A,15,hitting,,insufficient_sample,38 PA (need 40),38.0,0.0,9.0,,,,,,,,,,,,,,,,,,,,,,0.0,0.0,0.0
682617,Marco Luciano,2019,ROK,16,hitting,,scored,178 PA,178.0,0.0,38.0,0.444,,,,,,,,,,,,,,0.244,,-7.7,-0.3,6.1,1.8,2.3,-0.01,0.449,0.0
682617,Marco Luciano,2021,A+,13,hitting,,scored,145 PA,145.0,0.0,36.0,0.258,,,,,,,,,,,,,,0.082,,-10.7,0.1,5.0,1.7,3.0,-0.391,0.861,0.0
682617,Marco Luciano,2021,A,14,hitting,,scored,308 PA,308.0,0.0,70.0,0.394,,,,,,,,,,,,,,0.198,,-7.5,-0.5,10.5,3.2,2.8,0.577,1.352,1.929
682617,Marco Luciano,2022,A+,13,hitting,,scored,230 PA,230.0,0.0,57.0,0.345,,,,,,,,,,,,,,0.151,,-6.1,0.0,7.9,2.6,2.8,0.435,1.206,1.641
682617,Marco Luciano,2022,ROK,16,hitting,,insufficient_sample,27 PA (need 40),27.0,0.0,8.0,,,,,,,,,,,,,,,,,,,,,,0.0,0.0,0.0
682617,Marco Luciano,2023,AAA,11,hitting,yes,insufficient_sample,27 PA (need 40),27.0,0.0,6.0,,,,,,,,,,,,,,,,,,,,,,0.0,0.0,0.0
682617,Marco Luciano,2023,AA,12,hitting,yes,scored,242 PA,242.0,0.0,56.0,0.34,,,,,,,,,,,,,,0.144,,-5.8,0.8,8.3,2.6,3.0,0.586,1.606,2.193
682619,Orelvis Martinez,2019,ROK,16,hitting,,scored,163 PA,163.0,0.0,40.0,0.378,,,,,,,,,,,,,,0.189,,-10.0,0.1,5.6,0.6,2.5,-0.372,0.444,0.0
682619,Orelvis Martinez,2021,A+,13,hitting,,scored,125 PA,125.0,0.0,27.0,0.326,,,,,,,,,,,,,,0.138,,-5.1,-0.2,4.3,0.4,3.0,-0.066,0.743,0.0
682619,Orelvis Martinez,2021,A,14,hitting,,scored,326 PA,326.0,0.0,71.0,0.397,,,,,,,,,,,,,,0.201,,-7.4,0.2,11.1,1.1,3.0,0.5,1.53,2.03
682619,Orelvis Martinez,2022,AA,12,hitting,,scored,492 PA,492.0,0.0,118.0,0.313,,,,,,,,,,,,,,0.12,,-16.0,-0.0,16.8,1.8,3.0,0.265,3.33,3.595
682619,Orelvis Martinez,2023,AAA,11,hitting,,scored,246 PA,246.0,0.0,55.0,0.356,,,,,,,,,,,,,,0.15,,-1.2,0.3,8.4,0.8,3.0,0.841,1.042,1.884
682619,Orelvis Martinez,2023,AA,12,hitting,,scored,292 PA,292.0,0.0,70.0,0.35,,,,,,,,,,,,,,0.152,,-5.5,0.0,10.0,1.1,3.0,0.558,1.938,2.496
682619,Orelvis Martinez,2024,AAA,11,hitting,yes,scored,269 PA,269.0,0.0,63.0,0.368,,,,,,,,,,,,,,0.163,,2.7,0.0,9.2,1.0,3.0,1.283,1.083,2.366
682622,Noelvi Marte,2021,A+,13,hitting,,insufficient_sample,33 PA (need 40),33.0,0.0,8.0,,,,,,,,,,,,,,,,,,,,,,0.0,0.0,0.0
682622,Noelvi Marte,2021,A,14,hitting,,scored,478 PA,478.0,0.0,99.0,0.361,,,,,,,,,,,,,,0.17,,-18.0,0.8,16.3,-2.6,2.9,-0.342,2.173,0.0
682622,Noelvi Marte,2022,A+,13,hitting,,scored,520 PA,520.0,0.0,115.0,0.36,,,,,,,,,,,,,,0.164,,-10.0,0.5,17.8,-3.0,2.9,0.528,2.822,3.35
682622,Noelvi Marte,2023,AAA,11,hitting,yes,scored,167 PA,167.0,0.0,39.0,0.353,,,,,,,,,,,,,,0.148,,-1.1,0.6,5.7,-1.0,3.0,0.421,0.708,1.128
682622,Noelvi Marte,2023,AA,12,hitting,yes,scored,222 PA,222.0,0.0,50.0,0.352,,,,,,,,,,,,,,0.154,,-3.8,0.8,7.6,-1.3,3.0,0.329,1.473,1.803
682622,Noelvi Marte,2023,ROK,16,hitting,yes,insufficient_sample,10 PA (need 40),10.0,0.0,3.0,,,,,,,,,,,,,,,,,,,,,,0.0,0.0,0.0
682626,Francisco Alvarez,2019,ROK,16,hitting,,insufficient_sample,31 PA (need 40),31.0,0.0,7.0,,,,,,,,,,,,,,,,,,,,,,0.0,0.0,0.0
682626,Francisco Alvarez,2021,A+,13,hitting,,scored,333 PA,333.0,0.0,84.0,0.374,,,,,,,,,,,,,,0.178,,-5.8,-0.0,11.4,6.5,3.0,1.199,1.978,3.178
682626,Francisco Alvarez,2021,A,14,hitting,,scored,67 PA,67.0,0.0,15.0,0.512,,,,,,,,,,,,,,0.296,,1.6,-0.2,2.3,1.2,3.0,0.485,0.314,0.799
682626,Francisco Alvarez,2022,AAA,11,hitting,yes,scored,199 PA,199.0,0.0,45.0,0.36,,,,,,,,,,,,,,0.158,,1.7,0.0,6.8,3.5,3.0,1.197,0.796,1.993
682626,Francisco Alvarez,2022,AA,12,hitting,yes,scored,296 PA,296.0,0.0,67.0,0.387,,,,,,,,,,,,,,0.182,,2.8,0.0,10.1,5.2,3.0,1.805,2.003,3.808
682634,Kevin Alcántara,2019,ROK,16,hitting,,scored,128 PA,128.0,0.0,32.0,0.282,,,,,,,,,,,,,,0.109,,-11.4,-0.2,4.4,-0.8,3.0,-0.803,0.412,-0.39
682634,Kevin Alcántara,2021,ROK,16,hitting,,scored,138 PA,138.0,0.0,34.0,0.427,,,,,,,,,,,,,,0.234,,-5.7,0.3,4.7,-0.9,1.6,-0.158,0.254,0.0
682634,Kevin Alcántara,2022,A,14,hitting,,scored,495 PA,495.0,0.0,112.0,0.35,,,,,,,,,,,,,,0.16,,-17.9,0.8,16.9,-2.9,2.6,-0.314,1.973,0.0
682634,Kevin Alcántara,2023,AA,12,hitting,,insufficient_sample,21 PA (need 40),21.0,0.0,5.0,,,,,,,,,,,,,,,,,,,,,,0.0,0.0,0.0
682634,Kevin Alcántara,2023,A+,13,hitting,,scored,408 PA,408.0,0.0,95.0,0.346,,,,,,,,,,,,,,0.152,,-13.8,0.8,13.9,-2.5,2.7,-0.154,2.054,0.0
682634,Kevin Alcántara,2023,ROK,16,hitting,,insufficient_sample,6 PA (need 40),6.0,0.0,2.0,,,,,,,,,,,,,,,,,,,,,,0.0,0.0,0.0
682634,Kevin Alcántara,2024,AAA,11,hitting,yes,scored,148 PA,148.0,0.0,35.0,0.369,,,,,,,,,,,,,,0.163,,1.6,0.8,5.1,-0.9,3.0,0.647,0.596,1.243
682634,Kevin Alcántara,2024,AA,12,hitting,yes,scored,325 PA,325.0,0.0,76.0,0.329,,,,,,,,,,,,,,0.137,,-7.7,0.1,11.1,-2.0,3.0,0.159,1.933,2.092
682641,Luis Matos,2019,ROK,16,hitting,,insufficient_sample,20 PA (need 40),20.0,0.0,5.0,,,,,,,,,,,,,,,,,,,,,,0.0,0.0,0.0
682641,Luis Matos,2021,A,14,hitting,,scored,491 PA,491.0,0.0,109.0,0.365,,,,,,,,,,,,,,0.174,,-17.7,1.1,16.8,-2.8,3.0,-0.265,2.339,0.0
682641,Luis Matos,2022,A+,13,hitting,,scored,407 PA,407.0,0.0,91.0,0.272,,,,,,,,,,,,,,0.091,,-25.1,0.6,13.9,-2.4,3.0,-1.296,2.29,0.0
682641,Luis Matos,2022,ROK,16,hitting,,insufficient_sample,8 PA (need 40),8.0,0.0,2.0,,,,,,,,,,,,,,,,,,,,,,0.0,0.0,0.0
682641,Luis Matos,2023,AAA,11,hitting,yes,scored,116 PA,116.0,0.0,24.0,0.472,,,,,,,,,,,,,,0.246,,8.1,0.6,4.0,-0.6,3.0,1.208,0.492,1.7
682641,Luis Matos,2023,AA,12,hitting,yes,scored,133 PA,133.0,0.0,31.0,0.371,,,,,,,,,,,,,,0.17,,-0.9,0.1,4.5,-0.8,3.0,0.297,0.883,1.18
682668,Luisangel Acuña,2021,A,14,hitting,,scored,473 PA,473.0,0.0,111.0,0.328,,,,,,,,,,,,,,0.143,,-24.2,2.1,16.2,0.6,3.0,-0.533,2.253,0.0
682668,Luisangel Acuña,2022,AA,12,hitting,,scored,169 PA,169.0,0.0,37.0,0.288,,,,,,,,,,,,,,0.1,,-7.9,0.8,5.8,0.2,3.0,-0.111,1.144,0.0
682668,Luisangel Acuña,2022,A+,13,hitting,,scored,240 PA,240.0,0.0,54.0,0.393,,,,,,,,,,,,,,0.191,,-0.8,1.8,8.2,0.3,3.0,0.95,1.35,2.3
682668,Luisangel Acuña,2023,AA,12,hitting,,scored,569 PA,569.0,0.0,121.0,0.337,,,,,,,,,,,,,,0.141,,-14.6,5.0,19.4,0.6,3.0,1.046,3.776,4.822
682668,Luisangel Acuña,2024,AAA,11,hitting,yes,scored,587 PA,587.0,0.0,131.0,0.286,,,,,,,,,,,,,,0.095,,-25.3,1.8,20.1,0.7,3.0,-0.283,2.363,0.0
682829,Elly De La Cruz,2021,A,14,hitting,,scored,210 PA,210.0,0.0,50.0,0.33,,,,,,,,,,,,,,0.144,,-10.6,-0.2,7.2,1.5,3.0,-0.207,1.0,0.0
682829,Elly De La Cruz,2021,ROK,16,hitting,,scored,55 PA,55.0,0.0,11.0,0.51,,,,,,,,,,,,,,0.303,,-1.0,0.1,1.9,0.3,1.1,0.136,0.07,0.206
682829,Elly De La Cruz,2022,AA,12,hitting,,scored,207 PA,207.0,0.0,47.0,0.383,,,,,,,,,,,,,,0.178,,1.4,2.0,7.1,1.5,3.0,1.192,1.401,2.592
682829,Elly De La Cruz,2022,A+,13,hitting,,scored,306 PA,306.0,0.0,73.0,0.405,,,,,,,,,,,,,,0.201,,0.6,2.3,10.5,2.3,3.0,1.565,1.722,3.287
682829,Elly De La Cruz,2023,AAA,11,hitting,yes,scored,186 PA,186.0,0.0,38.0,0.429,,,,,,,,,,,,,,0.211,,7.9,-0.2,6.4,1.2,3.0,1.524,0.788,2.312
682848,Endy Rodríguez,2019,ROK,16,hitting,,scored,90 PA,90.0,0.0,22.0,0.369,,,,,,,,,,,,,,0.181,,-5.8,0.3,3.1,0.0,1.1,-0.242,0.102,-0.14
682848,Endy Rodríguez,2021,A,14,hitting,,scored,434 PA,434.0,0.0,98.0,0.382,,,,,,,,,,,,,,0.188,,-12.6,0.2,14.8,0.0,1.5,0.238,1.014,1.252
682848,Endy Rodríguez,2022,AAA,11,hitting,,insufficient_sample,23 PA (need 40),23.0,0.0,6.0,,,,,,,,,,,,,,,,,,,,,,0.0,0.0,0.0
682848,Endy Rodríguez,2022,AA,12,hitting,,scored,138 PA,138.0,0.0,31.0,0.466,,,,,,,,,,,,,,0.247,,7.4,0.1,4.7,0.0,2.9,1.229,0.913,2.142
682848,Endy Rodríguez,2022,A+,13,hitting,,scored,370 PA,370.0,0.0,88.0,0.398,,,,,,,,,,,,,,0.195,,-0.5,-0.4,12.6,0.0,1.5,1.181,1.043,2.224
682848,Endy Rodríguez,2023,AAA,11,hitting,yes,scored,315 PA,315.0,0.0,67.0,0.337,,,,,,,,,,,,,,0.135,,-5.3,0.6,10.8,0.0,3.0,0.606,1.335,1.941
682928,CJ Abrams,2019,A,14,hitting,,insufficient_sample,9 PA (need 40),9.0,0.0,2.0,,,,,,,,,,,,,,,,,,,,,,0.0,0.0,0.0
682928,CJ Abrams,2019,ROK,16,hitting,,scored,156 PA,156.0,0.0,32.0,0.461,,,,,,,,,,,,,,0.258,,-6.0,0.1,5.3,1.5,1.4,0.097,0.236,0.334
682928,CJ Abrams,2021,AA,12,hitting,,scored,183 PA,183.0,0.0,42.0,0.342,,,,,,,,,,,,,,0.146,,-4.0,1.2,6.3,1.9,3.0,0.54,1.184,1.723
682982,Daniel Espino,2019,SS-A,15,pitching,,insufficient_sample,45 BF (need 60),0.0,45.0,3.0,,,,,,,,,,,,,,,,,,,,,,0.0,0.0,0.0
682982,Daniel Espino,2019,ROK,16,pitching,,insufficient_sample,53 BF (need 60),0.0,53.0,6.0,,,,,,,,,,,,,,,,,,,,,,0.0,0.0,0.0
682982,Daniel Espino,2021,A+,13,pitching,,scored,"195 BF, 49.0 IP",0.0,195.0,10.0,,3.1,0.94,0.28,2.94,0.451,0.082,0.35,10.0,1.0,4.9,78.9,4.9,starter,,1.48,-4.0,,6.7,,3.0,0.263,0.947,1.21
682982,Daniel Espino,2021,A,14,pitching,,scored,"180 BF, 42.7 IP",0.0,180.0,10.0,,3.2,1.34,0.352,4.85,0.356,0.128,0.542,10.0,1.0,4.3,72.0,4.27,starter,,1.43,-5.9,,6.1,,2.1,0.027,0.484,0.512
682982,Daniel Espino,2022,AA,12,pitching,,scored,"68 BF, 18.3 IP",0.0,68.0,4.0,,3.24,0.71,0.2,1.96,0.515,0.059,0.35,4.0,1.0,4.6,68.2,4.58,starter,,1.44,0.4,,2.3,,3.0,0.271,0.208,0.479
682982,Daniel Espino,2025,AAA,11,pitching,,insufficient_sample,5 BF (need 60),0.0,5.0,1.0,,,,,,,,,,,,,,,,,,,,,,0.0,0.0,0.0
682982,Daniel Espino,2026,AAA,11,pitching,yes,scored,"87 BF, 18.7 IP",0.0,87.0,22.0,,4.53,1.71,0.375,7.23,0.333,0.172,0.28,1.0,0.045,18.7,364.0,0.85,reliever,,0.56,0.5,,3.0,,2.2,0.35,0.088,0.438
682985,Riley Greene,2019,A,14,hitting,,scored,108 PA,108.0,0.0,24.0,0.271,,,,,,,,,,,,,,0.091,,-8.8,0.4,3.7,-0.6,3.0,-0.532,0.43,-0.102
682985,Riley Greene,2019,SS-A,15,hitting,,scored,100 PA,100.0,0.0,24.0,0.342,,,,,,,,,,,,,,0.154,,-6.4,0.1,3.4,-0.6,3.0,-0.355,0.325,-0.031
682985,Riley Greene,2019,ROK,16,hitting,,scored,43 PA,43.0,0.0,9.0,0.442,,,,,,,,,,,,,,0.242,,-1.9,0.0,1.5,-0.2,1.4,-0.064,0.064,0.0
682985,Riley Greene,2021,AAA,11,hitting,,scored,185 PA,185.0,0.0,40.0,0.404,,,,,,,,,,,,,,0.194,,5.6,0.6,6.3,-1.0,3.0,1.15,0.729,1.88
682985,Riley Greene,2021,AA,12,hitting,,scored,373 PA,373.0,0.0,84.0,0.386,,,,,,,,,,,,,,0.182,,1.0,1.4,12.7,-2.2,3.0,1.292,2.412,3.705
682985,Riley Greene,2022,AAA,11,hitting,yes,scored,68 PA,68.0,0.0,15.0,0.32,,,,,,,,,,,,,,0.125,,-1.2,0.5,2.3,-0.4,3.0,0.124,0.272,0.396
682985,Riley Greene,2022,A,14,hitting,yes,insufficient_sample,7 PA (need 40),7.0,0.0,2.0,,,,,,,,,,,,,,,,,,,,,,0.0,0.0,0.0
682987,Spencer Jones,2022,A,14,hitting,,scored,95 PA,95.0,0.0,22.0,0.394,,,,,,,,,,,,,,0.196,,-1.8,1.0,3.2,-0.6,1.5,0.19,0.211,0.401
682987,Spencer Jones,2022,ROK,16,hitting,,insufficient_sample,11 PA (need 40),11.0,0.0,3.0,,,,,,,,,,,,,,,,,,,,,,0.0,0.0,0.0
682987,Spencer Jones,2023,AA,12,hitting,,scored,78 PA,78.0,0.0,17.0,0.323,,,,,,,,,,,,,,0.13,,-2.6,0.3,2.7,-0.4,2.9,-0.014,0.504,0.0
682987,Spencer Jones,2023,A+,13,hitting,,scored,459 PA,459.0,0.0,100.0,0.34,,,,,,,,,,,,,,0.146,,-16.9,1.9,15.7,-2.6,1.5,-0.191,1.314,0.0
682987,Spencer Jones,2024,AA,12,hitting,,scored,544 PA,544.0,0.0,122.0,0.339,,,,,,,,,,,,,,0.145,,-9.8,0.9,18.6,-3.2,1.9,0.647,2.101,2.748
682987,Spencer Jones,2025,AAA,11,hitting,,scored,298 PA,298.0,0.0,67.0,0.376,,,,,,,,,,,,,,0.17,,4.3,1.7,10.2,-1.7,3.0,1.439,1.188,2.627
682987,Spencer Jones,2025,AA,12,hitting,,scored,208 PA,208.0,0.0,49.0,0.414,,,,,,,,,,,,,,0.208,,4.8,0.8,7.1,-1.3,1.0,1.142,0.416,1.558
682987,Spencer Jones,2026,AAA,11,hitting,yes,scored,142 PA,142.0,0.0,33.0,0.401,,,,,,,,,,,,,,0.191,,4.3,0.5,4.9,-0.9,2.5,0.872,0.489,1.361
682990,Quinn Priester,2019,SS-A,15,pitching,,insufficient_sample,19 BF (need 60),0.0,19.0,1.0,,,,,,,,,,,,,,,,,,,,,,0.0,0.0,0.0
682990,Quinn Priester,2019,ROK,16,pitching,,scored,"140 BF, 32.7 IP",0.0,140.0,8.0,,3.16,1.19,0.322,2.76,0.264,0.071,0.0,7.0,0.875,4.7,36.1,4.08,starter,,1.0,-9.8,,4.8,,1.4,-0.501,0.168,-0.332
682990,Quinn Priester,2021,A+,13,pitching,,scored,"407 BF, 97.7 IP",0.0,407.0,20.0,,4.11,1.24,0.285,3.59,0.241,0.096,0.64,20.0,1.0,4.9,78.5,4.88,starter,,0.47,-14.4,,13.9,,2.8,-0.05,1.788,0.0
682990,Quinn Priester,2022,AAA,11,pitching,,insufficient_sample,40 BF (need 60),0.0,40.0,2.0,,,,,,,,,,,,,,,,,,,,,,0.0,0.0,0.0
682990,Quinn Priester,2022,AA,12,pitching,,scored,"312 BF, 75.3 IP",0.0,312.0,15.0,,3.38,1.19,0.314,2.63,0.24,0.071,0.61,15.0,1.0,5.0,74.5,5.02,starter,,1.3,0.8,,10.7,,3.0,1.146,0.854,2.0
682990,Quinn Priester,2022,A+,13,pitching,,insufficient_sample,15 BF (need 60),0.0,15.0,1.0,,,,,,,,,,,,,,,,,,,,,,0.0,0.0,0.0
682990,Quinn Priester,2022,A,14,pitching,,insufficient_sample,10 BF (need 60),0.0,10.0,1.0,,,,,,,,,,,,,,,,,,,,,,0.0,0.0,0.0
682990,Quinn Priester,2023,AAA,11,pitching,yes,scored,"375 BF, 87.7 IP",0.0,375.0,18.0,,3.96,1.36,0.316,3.59,0.224,0.093,0.639,18.0,1.0,4.9,78.8,4.87,starter,,1.38,9.6,,12.8,,3.0,2.242,0.57,2.812
682998,Corbin Carroll,2019,SS-A,15,hitting,,scored,49 PA,49.0,0.0,11.0,0.416,,,,,,,,,,,,,,0.215,,-1.9,0.2,1.7,0.5,3.0,0.04,0.159,0.199
682998,Corbin Carroll,2019,ROK,16,hitting,,scored,137 PA,137.0,0.0,31.0,0.373,,,,,,,,,,,,,,0.185,,-8.6,0.9,4.7,1.4,1.3,-0.157,0.19,0.0
682998,Corbin Carroll,2021,A+,13,hitting,,insufficient_sample,29 PA (need 40),29.0,0.0,7.0,,,,,,,,,,,,,,,,,,,,,,0.0,0.0,0.0
682998,Corbin Carroll,2022,AAA,11,hitting,yes,scored,157 PA,157.0,0.0,33.0,0.404,,,,,,,,,,,,,,0.194,,5.8,1.1,5.4,1.5,3.0,1.379,0.628,2.007
682998,Corbin Carroll,2022,AA,12,hitting,yes,scored,277 PA,277.0,0.0,58.0,0.445,,,,,,,,,,,,,,0.23,,11.6,1.9,9.5,2.7,3.0,2.559,1.875,4.433
682998,Corbin Carroll,2022,ROK,16,hitting,yes,insufficient_sample,8 PA (need 40),8.0,0.0,2.0,,,,,,,,,,,,,,,,,,,,,,0.0,0.0,0.0
683002,Gunnar Henderson,2019,ROK,16,hitting,,scored,121 PA,121.0,0.0,29.0,0.309,,,,,,,,,,,,,,0.132,,-9.8,-0.1,4.1,1.3,2.1,-0.448,0.279,-0.169
683002,Gunnar Henderson,2021,AA,12,hitting,,insufficient_sample,17 PA (need 40),17.0,0.0,5.0,,,,,,,,,,,,,,,,,,,,,,0.0,0.0,0.0
683002,Gunnar Henderson,2021,A+,13,hitting,,scored,289 PA,289.0,0.0,65.0,0.337,,,,,,,,,,,,,,0.147,,-10.3,1.0,9.9,3.0,3.0,0.366,1.717,2.083
683002,Gunnar Henderson,2021,A,14,hitting,,scored,157 PA,157.0,0.0,35.0,0.396,,,,,,,,,,,,,,0.2,,-3.6,0.3,5.4,1.6,2.6,0.363,0.639,1.002
683002,Gunnar Henderson,2022,AAA,11,hitting,yes,scored,295 PA,295.0,0.0,65.0,0.384,,,,,,,,,,,,,,0.178,,7.3,1.2,10.1,3.0,3.0,2.162,1.179,3.341
683002,Gunnar Henderson,2022,AA,12,hitting,yes,scored,208 PA,208.0,0.0,47.0,0.431,,,,,,,,,,,,,,0.218,,7.1,1.1,7.1,2.2,3.0,1.745,1.408,3.152
683003,Jared Jones,2021,A,14,pitching,,scored,"302 BF, 66.0 IP",0.0,302.0,18.0,,4.08,1.47,0.385,4.64,0.341,0.113,0.549,15.0,0.833,4.4,77.8,3.67,starter,,0.55,-12.2,,10.3,,2.7,-0.193,0.959,0.0
683003,Jared Jones,2022,A+,13,pitching,,scored,"532 BF, 122.7 IP",0.0,532.0,26.0,,4.77,1.35,0.31,3.74,0.267,0.096,0.472,26.0,1.0,4.7,78.8,4.72,starter,,-0.44,-23.6,,18.2,,2.7,-0.538,2.134,0.0
683003,Jared Jones,2023,AAA,11,pitching,,scored,"350 BF, 82.0 IP",0.0,350.0,16.0,,4.09,1.32,0.32,3.73,0.283,0.097,0.432,15.0,0.938,5.5,91.9,5.12,starter,,1.25,8.1,,12.0,,3.0,2.003,0.533,2.536
683003,Jared Jones,2023,AA,12,pitching,,scored,"179 BF, 44.3 IP",0.0,179.0,10.0,,3.6,1.08,0.266,3.25,0.263,0.089,0.35,10.0,1.0,4.4,68.8,4.43,starter,,0.94,-2.7,,6.1,,3.0,0.338,0.502,0.841
683004,Jack Leiter,2022,AA,12,pitching,,scored,"425 BF, 92.7 IP",0.0,425.0,23.0,,4.83,1.55,0.322,5.44,0.256,0.132,0.395,22.0,0.957,4.2,81.0,4.03,starter,,-0.15,-9.2,,14.5,,2.8,0.537,0.993,1.53
683004,Jack Leiter,2023,AAA,11,pitching,,insufficient_sample,20 BF (need 60),0.0,20.0,1.0,,,,,,,,,,,,,,,,,,,,,,0.0,0.0,0.0
683004,Jack Leiter,2023,AA,12,pitching,,scored,"351 BF, 81.7 IP",0.0,351.0,19.0,,4.93,1.4,0.303,5.18,0.313,0.134,0.393,19.0,1.0,4.3,78.5,4.3,starter,,-0.39,-13.3,,12.0,,1.9,-0.126,0.573,0.0
683004,Jack Leiter,2024,AAA,11,pitching,yes,insufficient_sample,57 BF (need 60),0.0,57.0,3.0,,,,,,,,,,,,,,,,,,,,,,0.0,0.0,0.0
683011,Anthony Volpe,2021,A+,13,hitting,,scored,256 PA,256.0,0.0,55.0,0.409,,,,,,,,,,,,,,0.207,,-0.2,0.4,8.7,2.5,3.0,1.153,1.521,2.674
683011,Anthony Volpe,2021,A,14,hitting,,scored,257 PA,257.0,0.0,54.0,0.452,,,,,,,,,,,,,,0.246,,-0.1,1.1,8.8,2.5,2.4,1.221,0.977,2.199
683011,Anthony Volpe,2022,AAA,11,hitting,,scored,99 PA,99.0,0.0,22.0,0.314,,,,,,,,,,,,,,0.119,,-2.1,0.6,3.4,1.0,3.0,0.292,0.396,0.688
683011,Anthony Volpe,2022,AA,12,hitting,,scored,497 PA,497.0,0.0,110.0,0.351,,,,,,,,,,,,,,0.152,,-5.5,4.3,17.0,5.1,3.0,2.09,3.363,5.454
683146,Brett Baty,2019,SS-A,15,hitting,,insufficient_sample,17 PA (need 40),17.0,0.0,4.0,,,,,,,,,,,,,,,,,,,,,,0.0,0.0,0.0
683146,Brett Baty,2019,ROK,16,hitting,,insufficient_sample,25 PA (need 40),25.0,0.0,5.0,,,,,,,,,,,,,,,,,,,,,,0.0,0.0,0.0
683146,Brett Baty,2021,AA,12,hitting,,scored,176 PA,176.0,0.0,40.0,0.345,,,,,,,,,,,,,,0.148,,-3.6,0.3,6.0,-0.6,3.0,0.209,1.138,1.347
683146,Brett Baty,2021,A+,13,hitting,,scored,209 PA,209.0,0.0,51.0,0.392,,,,,,,,,,,,,,0.193,,-1.9,-0.2,7.1,-0.8,2.0,0.422,0.827,1.249
683146,Brett Baty,2022,AAA,11,hitting,yes,insufficient_sample,26 PA (need 40),26.0,0.0,6.0,,,,,,,,,,,,,,,,,,,,,,0.0,0.0,0.0
683146,Brett Baty,2022,AA,12,hitting,yes,scored,394 PA,394.0,0.0,89.0,0.408,,,,,,,,,,,,,,0.199,,8.2,-0.6,13.5,-1.4,2.4,1.972,2.132,4.105
683175,Connor Phillips,2021,A+,13,pitching,,insufficient_sample,18 BF (need 60),0.0,18.0,1.0,,,,,,,,,,,,,,,,,,,,,,0.0,0.0,0.0
683175,Connor Phillips,2021,A,14,pitching,,scored,"322 BF, 72.0 IP",0.0,322.0,16.0,,3.27,1.47,0.361,5.5,0.323,0.137,0.426,16.0,1.0,4.5,82.4,4.5,starter,,1.37,-10.2,,11.0,,2.4,0.083,0.945,1.028
683175,Connor Phillips,2022,AA,12,pitching,,scored,"217 BF, 45.7 IP",0.0,217.0,12.0,,4.09,1.8,0.378,6.7,0.276,0.157,0.311,12.0,1.0,3.8,81.0,3.81,starter,,0.59,-2.0,,7.4,,3.0,0.545,0.518,1.062
683175,Connor Phillips,2022,A+,13,pitching,,scored,"256 BF, 64.0 IP",0.0,256.0,12.0,,3.61,1.11,0.279,4.5,0.352,0.125,0.568,12.0,1.0,5.3,88.2,5.33,starter,,0.72,-7.5,,8.7,,2.4,0.123,1.007,1.131
683175,Connor Phillips,2023,AAA,11,pitching,yes,scored,"178 BF, 40.3 IP",0.0,178.0,11.0,,4.18,1.56,0.311,6.69,0.242,0.169,0.563,10.0,0.909,4.0,76.4,3.67,starter,,1.16,3.6,,6.1,,3.0,0.972,0.262,1.235
683175,Connor Phillips,2023,AA,12,pitching,yes,scored,"284 BF, 64.7 IP",0.0,284.0,14.0,,3.39,1.31,0.374,3.76,0.391,0.095,0.415,14.0,1.0,4.6,88.1,4.62,starter,,1.15,-3.0,,9.7,,2.9,0.672,0.707,1.379
683357,Owen Caissie,2021,A,14,hitting,,scored,90 PA,90.0,0.0,22.0,0.319,,,,,,,,,,,,,,0.136,,-4.9,0.0,3.1,-0.6,3.0,-0.241,0.429,0.0
683357,Owen Caissie,2021,ROK,16,hitting,,scored,136 PA,136.0,0.0,32.0,0.458,,,,,,,,,,,,,,0.259,,-4.5,-0.2,4.6,-0.8,1.6,-0.087,0.249,0.0
683357,Owen Caissie,2022,A+,13,hitting,,scored,433 PA,433.0,0.0,105.0,0.332,,,,,,,,,,,,,,0.141,,-14.2,-0.2,14.8,-2.7,3.0,-0.227,2.436,0.0
683357,Owen Caissie,2023,AA,12,hitting,,scored,528 PA,528.0,0.0,120.0,0.393,,,,,,,,,,,,,,0.188,,3.2,-1.6,18.0,-3.1,3.0,1.655,3.504,5.16
683357,Owen Caissie,2024,AAA,11,hitting,,scored,549 PA,549.0,0.0,127.0,0.366,,,,,,,,,,,,,,0.161,,4.6,1.1,18.8,-3.3,3.0,2.118,2.21,4.328
683357,Owen Caissie,2025,AAA,11,hitting,yes,scored,404 PA,404.0,0.0,93.0,0.405,,,,,,,,,,,,,,0.194,,13.4,-0.8,13.8,-2.4,3.0,2.393,1.611,4.005
683737,Michael Busch,2019,A,14,hitting,,insufficient_sample,19 PA (need 40),19.0,0.0,5.0,,,,,,,,,,,,,,,,,,,,,,0.0,0.0,0.0
683737,Michael Busch,2019,ROK,16,hitting,,insufficient_sample,16 PA (need 40),16.0,0.0,5.0,,,,,,,,,,,,,,,,,,,,,,0.0,0.0,0.0
683737,Michael Busch,2021,AA,12,hitting,,scored,495 PA,495.0,0.0,107.0,0.377,,,,,,,,,,,,,,0.174,,-1.2,-0.6,16.9,5.0,1.5,2.011,1.557,3.568
683737,Michael Busch,2022,AAA,11,hitting,,scored,504 PA,504.0,0.0,111.0,0.353,,,,,,,,,,,,,,0.152,,2.0,-0.2,17.2,5.1,2.7,2.423,1.786,4.21
683737,Michael Busch,2022,AA,12,hitting,,scored,137 PA,137.0,0.0,31.0,0.462,,,,,,,,,,,,,,0.243,,7.0,0.1,4.7,1.4,0.4,1.327,0.12,1.447
683737,Michael Busch,2023,AAA,11,hitting,yes,scored,102 PA,102.0,0.0,21.0,0.423,,,,,,,,,,,,,,0.205,,3.9,0.2,3.5,1.0,1.8,0.853,0.255,1.108
683953,Travis Bazzana,2024,A+,13,hitting,,scored,122 PA,122.0,0.0,27.0,0.343,,,,,,,,,,,,,,0.151,,-3.6,0.6,4.2,0.4,1.7,0.159,0.378,0.537
683953,Travis Bazzana,2025,AAA,11,hitting,,scored,120 PA,120.0,0.0,26.0,0.382,,,,,,,,,,,,,,0.175,,2.2,-0.0,4.1,0.4,3.0,0.673,0.479,1.151
683953,Travis Bazzana,2025,AA,12,hitting,,scored,228 PA,228.0,0.0,51.0,0.348,,,,,,,,,,,,,,0.152,,-3.4,0.9,7.8,0.8,2.3,0.615,1.033,1.648
683953,Travis Bazzana,2025,ROK,16,hitting,,insufficient_sample,26 PA (need 40),26.0,0.0,7.0,,,,,,,,,,,,,,,,,,,,,,0.0,0.0,0.0
683953,Travis Bazzana,2026,AAA,11,hitting,yes,scored,117 PA,117.0,0.0,24.0,0.403,,,,,,,,,,,,,,0.193,,3.7,0.6,4.0,0.4,3.0,0.866,0.478,1.344
686217,Sal Frelick,2021,A+,13,hitting,,scored,71 PA,71.0,0.0,15.0,0.257,,,,,,,,,,,,,,0.081,,-5.3,0.3,2.4,-0.4,2.4,-0.287,0.342,0.0
686217,Sal Frelick,2021,A,14,hitting,,scored,81 PA,81.0,0.0,16.0,0.464,,,,,,,,,,,,,,0.256,,0.4,0.2,2.8,-0.4,1.4,0.29,0.176,0.466
686217,Sal Frelick,2021,ROK,16,hitting,,insufficient_sample,17 PA (need 40),17.0,0.0,4.0,,,,,,,,,,,,,,,,,,,,,,0.0,0.0,0.0
686217,Sal Frelick,2022,AAA,11,hitting,,scored,217 PA,217.0,0.0,46.0,0.409,,,,,,,,,,,,,,0.199,,8.9,0.4,7.4,-1.2,3.0,1.553,0.868,2.42
686217,Sal Frelick,2022,AA,12,hitting,,scored,253 PA,253.0,0.0,52.0,0.363,,,,,,,,,,,,,,0.162,,-1.1,0.7,8.6,-1.3,2.8,0.689,1.616,2.305
686217,Sal Frelick,2022,A+,13,hitting,,scored,92 PA,92.0,0.0,21.0,0.367,,,,,,,,,,,,,,0.17,,-1.5,-0.0,3.1,-0.5,1.4,0.111,0.242,0.353
686217,Sal Frelick,2023,AAA,11,hitting,yes,scored,183 PA,183.0,0.0,40.0,0.303,,,,,,,,,,,,,,0.106,,-7.1,-0.0,6.3,-1.0,3.0,-0.196,0.775,0.0
686217,Sal Frelick,2023,ROK,16,hitting,yes,insufficient_sample,12 PA (need 40),12.0,0.0,3.0,,,,,,,,,,,,,,,,,,,,,,0.0,0.0,0.0
686610,Ken Waldichuk,2021,AA,12,pitching,,scored,"340 BF, 79.3 IP",0.0,340.0,16.0,,4.54,1.29,0.293,4.31,0.318,0.112,0.452,14.0,0.875,5.7,98.9,4.96,starter,,-0.17,-12.4,,11.6,,1.6,-0.082,0.486,0.0
686610,Ken Waldichuk,2021,A+,13,pitching,,scored,"113 BF, 30.7 IP",0.0,113.0,7.0,,1.48,0.82,0.267,3.82,0.487,0.115,0.303,7.0,1.0,4.4,69.4,4.38,starter,,3.1,0.7,,3.9,,0.2,0.454,0.03,0.484
686610,Ken Waldichuk,2022,AAA,11,pitching,yes,scored,"285 BF, 66.3 IP",0.0,285.0,15.0,,3.98,1.27,0.333,3.53,0.319,0.091,0.49,15.0,1.0,4.4,78.1,4.42,starter,,0.91,4.3,,9.7,,2.8,1.405,0.406,1.811
686610,Ken Waldichuk,2022,AA,12,pitching,yes,scored,"112 BF, 28.7 IP",0.0,112.0,6.0,,2.41,0.91,0.264,3.14,0.411,0.089,0.487,6.0,1.0,4.8,74.0,4.78,starter,,2.27,2.4,,3.8,,0.6,0.622,0.06,0.682
686611,Dylan Crews,2023,AA,12,hitting,,scored,85 PA,85.0,0.0,20.0,0.277,,,,,,,,,,,,,,0.091,,-5.1,-0.4,2.9,-0.5,3.0,-0.313,0.564,0.0
686611,Dylan Crews,2023,A,14,hitting,,scored,71 PA,71.0,0.0,14.0,0.447,,,,,,,,,,,,,,0.241,,-0.3,-0.5,2.4,-0.4,1.3,0.128,0.135,0.263
686611,Dylan Crews,2023,ROK,16,hitting,,insufficient_sample,3 PA (need 40),3.0,0.0,1.0,,,,,,,,,,,,,,,,,,,,,,0.0,0.0,0.0
686611,Dylan Crews,2024,AAA,11,hitting,yes,scored,238 PA,238.0,0.0,49.0,0.343,,,,,,,,,,,,,,0.142,,-1.5,0.9,8.1,-1.3,3.0,0.628,0.958,1.586
686611,Dylan Crews,2024,AA,12,hitting,yes,scored,211 PA,211.0,0.0,51.0,0.34,,,,,,,,,,,,,,0.147,,-3.6,1.2,7.2,-1.3,2.7,0.347,1.145,1.492
686613,Hunter Brown,2021,AAA,11,pitching,,scored,"216 BF, 51.0 IP",0.0,216.0,11.0,,4.21,1.33,0.311,3.71,0.255,0.097,0.652,8.0,0.727,6.4,104.2,4.64,swingman,,0.59,-0.2,,7.4,,3.0,0.719,0.332,1.05
686613,Hunter Brown,2021,AA,12,pitching,,scored,"217 BF, 49.3 IP",0.0,217.0,13.0,,3.85,1.5,0.379,5.29,0.35,0.134,0.569,11.0,0.846,4.5,83.8,3.79,starter,,0.51,-5.2,,7.4,,2.3,0.224,0.421,0.645
686613,Hunter Brown,2022,AAA,11,pitching,yes,scored,"426 BF, 106.0 IP",0.0,426.0,23.0,,3.03,1.08,0.271,3.82,0.315,0.106,0.606,14.0,0.609,7.6,127.1,4.61,swingman,,1.86,15.6,,14.6,,3.0,3.014,0.689,3.703
686752,Ryan Pepiot,2019,A,14,pitching,,scored,"76 BF, 18.3 IP",0.0,76.0,9.0,,2.81,1.2,0.289,4.42,0.276,0.118,0.053,9.0,1.0,2.0,34.1,2.04,starter,,0.92,-4.6,,2.6,,0.6,-0.196,0.058,-0.138
686752,Ryan Pepiot,2019,ROK,16,pitching,,insufficient_sample,22 BF (need 60),0.0,22.0,4.0,,,,,,,,,,,,,,,,,,,,,,0.0,0.0,0.0
686752,Ryan Pepiot,2021,AAA,11,pitching,,scored,"202 BF, 41.7 IP",0.0,202.0,11.0,,6.74,1.8,0.35,4.54,0.228,0.104,0.481,9.0,0.818,4.6,87.2,3.79,starter,,-1.93,-9.3,,6.9,,3.0,-0.238,0.271,0.0
686752,Ryan Pepiot,2021,AA,12,pitching,,scored,"233 BF, 59.7 IP",0.0,233.0,15.0,,3.74,0.94,0.198,3.92,0.348,0.112,0.344,13.0,0.867,4.6,73.6,3.98,starter,,0.63,-5.7,,8.0,,1.2,0.223,0.279,0.502
686752,Ryan Pepiot,2022,AAA,11,pitching,yes,scored,"109 BF, 26.3 IP",0.0,109.0,6.0,,2.97,1.14,0.293,4.1,0.33,0.11,0.463,6.0,1.0,4.4,68.5,4.39,starter,,1.92,4.0,,3.7,,2.4,0.773,0.139,0.913
686796,Blake Walston,2019,SS-A,15,pitching,,insufficient_sample,25 BF (need 60),0.0,25.0,3.0,,,,,,,,,,,,,,,,,,,,,,0.0,0.0,0.0
686796,Blake Walston,2019,ROK,16,pitching,,insufficient_sample,17 BF (need 60),0.0,17.0,3.0,,,,,,,,,,,,,,,,,,,,,,0.0,0.0,0.0
686796,Blake Walston,2021,A+,13,pitching,,scored,"226 BF, 52.3 IP",0.0,226.0,11.0,,5.57,1.3,0.288,2.75,0.252,0.071,0.42,11.0,1.0,4.8,78.5,4.76,starter,,-0.99,-12.6,,7.7,,3.0,-0.492,1.012,0.0
686796,Blake Walston,2021,A,14,pitching,,scored,"180 BF, 43.3 IP",0.0,180.0,8.0,,3.58,1.18,0.303,3.53,0.333,0.094,0.522,8.0,1.0,5.4,84.9,5.42,starter,,1.05,-6.9,,6.1,,2.6,-0.072,0.604,0.0
686796,Blake Walston,2022,AA,12,pitching,,scored,"459 BF, 106.3 IP",0.0,459.0,21.0,,4.67,1.45,0.345,3.3,0.24,0.085,0.426,21.0,1.0,5.1,83.4,5.06,starter,,0.02,-9.2,,15.7,,3.0,0.648,1.205,1.853
686796,Blake Walston,2022,A+,13,pitching,,scored,"73 BF, 17.7 IP",0.0,73.0,4.0,,1.71,1.13,0.333,3.57,0.37,0.096,0.423,4.0,1.0,4.4,77.0,4.42,starter,,2.62,0.1,,2.5,,2.6,0.258,0.295,0.553
686796,Blake Walston,2023,AAA,11,pitching,,scored,"666 BF, 149.3 IP",0.0,666.0,30.0,,5.13,1.57,0.296,5.6,0.156,0.14,0.412,30.0,1.0,5.0,86.7,4.98,starter,,0.22,1.3,,22.8,,3.0,2.403,0.971,3.373
686796,Blake Walston,2024,AAA,11,pitching,yes,scored,"98 BF, 20.7 IP",0.0,98.0,5.0,,6.02,1.84,0.339,6.53,0.194,0.153,0.487,4.0,0.8,5.2,95.5,4.13,starter,,-1.05,-2.3,,3.3,,3.0,0.109,0.134,0.244
686797,Brooks Lee,2022,AA,12,hitting,,insufficient_sample,8 PA (need 40),8.0,0.0,2.0,,,,,,,,,,,,,,,,,,,,,,0.0,0.0,0.0
686797,Brooks Lee,2022,A+,13,hitting,,scored,114 PA,114.0,0.0,25.0,0.373,,,,,,,,,,,,,,0.175,,-1.5,-0.5,3.9,1.2,2.2,0.308,0.476,0.784
686797,Brooks Lee,2022,ROK,16,hitting,,insufficient_sample,17 PA (need 40),17.0,0.0,4.0,,,,,,,,,,,,,,,,,,,,,,0.0,0.0,0.0
686797,Brooks Lee,2023,AAA,11,hitting,,scored,168 PA,168.0,0.0,38.0,0.314,,,,,,,,,,,,,,0.115,,-5.4,0.2,5.7,1.8,3.0,0.23,0.712,0.942
686797,Brooks Lee,2023,AA,12,hitting,,scored,399 PA,399.0,0.0,87.0,0.361,,,,,,,,,,,,,,0.161,,-4.9,-0.3,13.6,4.0,2.7,1.241,2.362,3.604
686797,Brooks Lee,2024,AAA,11,hitting,yes,scored,94 PA,94.0,0.0,20.0,0.432,,,,,,,,,,,,,,0.216,,4.8,0.2,3.2,0.9,3.0,0.914,0.378,1.292
686797,Brooks Lee,2024,A,14,hitting,yes,insufficient_sample,21 PA (need 40),21.0,0.0,5.0,,,,,,,,,,,,,,,,,,,,,,0.0,0.0,0.0
686797,Brooks Lee,2024,ROK,16,hitting,yes,insufficient_sample,21 PA (need 40),21.0,0.0,5.0,,,,,,,,,,,,,,,,,,,,,,0.0,0.0,0.0
686894,Joey Wiemer,2021,A+,13,hitting,,scored,152 PA,152.0,0.0,34.0,0.465,,,,,,,,,,,,,,0.254,,4.0,0.5,5.2,-0.9,1.2,0.875,0.375,1.25
686894,Joey Wiemer,2021,A,14,hitting,,scored,320 PA,320.0,0.0,75.0,0.377,,,,,,,,,,,,,,0.184,,-10.0,1.4,10.9,-1.9,0.2,0.039,0.094,0.133
686894,Joey Wiemer,2022,AAA,11,hitting,,scored,174 PA,174.0,0.0,43.0,0.376,,,,,,,,,,,,,,0.171,,3.3,0.3,5.9,-1.1,3.0,0.846,0.696,1.542
686894,Joey Wiemer,2022,AA,12,hitting,,scored,374 PA,374.0,0.0,84.0,0.328,,,,,,,,,,,,,,0.133,,-9.0,3.1,12.8,-2.2,1.6,0.473,1.389,1.862
686948,Drake Baldwin,2022,A,14,hitting,,scored,101 PA,101.0,0.0,21.0,0.324,,,,,,,,,,,,,,0.138,,-4.7,0.1,3.5,1.6,1.3,0.043,0.204,0.248
686948,Drake Baldwin,2022,ROK,16,hitting,,insufficient_sample,10 PA (need 40),10.0,0.0,3.0,,,,,,,,,,,,,,,,,,,,,,0.0,0.0,0.0
686948,Drake Baldwin,2023,AAA,11,hitting,,insufficient_sample,12 PA (need 40),12.0,0.0,3.0,,,,,,,,,,,,,,,,,,,,,,0.0,0.0,0.0
686948,Drake Baldwin,2023,AA,12,hitting,,scored,59 PA,59.0,0.0,14.0,0.35,,,,,,,,,,,,,,0.152,,-1.1,0.0,2.0,1.1,2.8,0.201,0.364,0.566
686948,Drake Baldwin,2023,A+,13,hitting,,scored,405 PA,405.0,0.0,92.0,0.371,,,,,,,,,,,,,,0.172,,-8.9,0.0,13.8,7.1,1.4,1.207,1.062,2.269
686948,Drake Baldwin,2024,AAA,11,hitting,,scored,334 PA,334.0,0.0,72.0,0.386,,,,,,,,,,,,,,0.177,,7.2,0.2,11.4,5.6,3.0,2.429,1.345,3.773
686948,Drake Baldwin,2024,AA,12,hitting,,scored,217 PA,217.0,0.0,52.0,0.289,,,,,,,,,,,,,,0.105,,-9.9,-0.1,7.4,4.0,1.8,0.133,0.783,0.916
687075,Brandon Sproat,2024,AAA,11,pitching,,scored,"129 BF, 28.7 IP",0.0,129.0,7.0,,6.72,1.64,0.333,3.45,0.163,0.085,0.569,7.0,1.0,4.1,66.1,4.1,starter,,-1.75,-4.9,,4.4,,3.0,-0.046,0.186,0.0
687075,Brandon Sproat,2024,AA,12,pitching,,scored,"232 BF, 62.3 IP",0.0,232.0,11.0,,2.87,0.87,0.248,2.17,0.332,0.065,0.505,11.0,1.0,5.7,83.0,5.67,starter,,1.07,-4.7,,7.9,,1.3,0.323,0.305,0.628
687075,Brandon Sproat,2024,A+,13,pitching,,scored,"102 BF, 25.3 IP",0.0,102.0,6.0,,3.42,1.11,0.216,5.68,0.324,0.157,0.675,5.0,0.833,5.1,86.4,4.22,starter,,0.63,-3.9,,3.5,,-0.2,-0.038,-0.034,-0.072
687075,Brandon Sproat,2025,AAA,11,pitching,yes,scored,"512 BF, 121.0 IP",0.0,512.0,26.0,,4.33,1.24,0.271,3.94,0.221,0.104,0.595,25.0,0.962,4.8,80.1,4.65,starter,,0.59,2.5,,17.5,,2.7,2.004,0.701,2.705
687221,Dalton Rushing,2022,A,14,hitting,,scored,128 PA,128.0,0.0,28.0,0.538,,,,,,,,,,,,,,0.315,,5.1,0.1,4.4,0.4,1.2,1.004,0.24,1.244
687221,Dalton Rushing,2022,ROK,16,hitting,,insufficient_sample,6 PA (need 40),6.0,0.0,2.0,,,,,,,,,,,,,,,,,,,,,,0.0,0.0,0.0
687221,Dalton Rushing,2023,A+,13,hitting,,scored,381 PA,381.0,0.0,89.0,0.378,,,,,,,,,,,,,,0.178,,-7.0,0.1,13.0,1.4,1.3,0.749,0.931,1.679
687221,Dalton Rushing,2024,AAA,11,hitting,,scored,169 PA,169.0,0.0,37.0,0.391,,,,,,,,,,,,,,0.182,,4.2,-0.0,5.8,0.6,3.0,1.053,0.68,1.733
687221,Dalton Rushing,2024,AA,12,hitting,,scored,334 PA,334.0,0.0,77.0,0.382,,,,,,,,,,,,,,0.181,,2.1,-0.6,11.4,1.2,1.7,1.415,1.141,2.556
687221,Dalton Rushing,2025,AAA,11,hitting,yes,scored,132 PA,132.0,0.0,31.0,0.402,,,,,,,,,,,,,,0.191,,4.1,0.2,4.5,0.5,3.0,0.924,0.526,1.45
687263,Zach Neto,2022,AA,12,hitting,,scored,136 PA,136.0,0.0,30.0,0.378,,,,,,,,,,,,,,0.174,,0.5,-0.0,4.6,1.4,3.0,0.654,0.92,1.575
687263,Zach Neto,2022,A+,13,hitting,,insufficient_sample,31 PA (need 40),31.0,0.0,7.0,,,,,,,,,,,,,,,,,,,,,,0.0,0.0,0.0
687263,Zach Neto,2023,AA,12,hitting,yes,insufficient_sample,34 PA (need 40),34.0,0.0,7.0,,,,,,,,,,,,,,,,,,,,,,0.0,0.0,0.0
687273,Quinn Mathews,2024,AAA,11,pitching,,scored,"79 BF, 16.7 IP",0.0,79.0,4.0,,4.31,1.92,0.415,7.56,0.278,0.177,0.52,4.0,1.0,4.2,83.0,4.17,starter,,0.66,0.7,,2.7,,3.0,0.335,0.108,0.443
687273,Quinn Mathews,2024,AA,12,pitching,,scored,"207 BF, 52.3 IP",0.0,207.0,9.0,,2.46,0.96,0.278,2.58,0.338,0.072,0.464,9.0,1.0,5.8,92.8,5.81,starter,,1.47,-2.4,,7.1,,1.3,0.472,0.265,0.737
687273,Quinn Mathews,2024,A+,13,pitching,,scored,"167 BF, 43.7 IP",0.0,167.0,7.0,,2.4,0.76,0.237,1.85,0.347,0.054,0.549,7.0,1.0,6.2,90.0,6.24,starter,,1.65,-3.8,,5.7,,-0.2,0.192,-0.045,0.147
687273,Quinn Mathews,2024,A,14,pitching,,scored,"117 BF, 30.7 IP",0.0,117.0,6.0,,2.33,0.82,0.235,3.23,0.444,0.094,0.615,6.0,1.0,5.1,82.3,5.11,starter,,1.83,-3.9,,4.0,,-1.3,0.012,-0.212,-0.2
687273,Quinn Mathews,2025,AAA,11,pitching,,scored,"422 BF, 94.0 IP",0.0,422.0,22.0,,4.65,1.6,0.304,7.09,0.254,0.175,0.497,22.0,1.0,4.3,78.5,4.27,starter,,0.27,-0.7,,14.4,,2.7,1.375,0.554,1.929
687273,Quinn Mathews,2025,A,14,pitching,,insufficient_sample,11 BF (need 60),0.0,11.0,1.0,,,,,,,,,,,,,,,,,,,,,,0.0,0.0,0.0
687273,Quinn Mathews,2025,ROK,16,pitching,,insufficient_sample,7 BF (need 60),0.0,7.0,1.0,,,,,,,,,,,,,,,,,,,,,,0.0,0.0,0.0
687273,Quinn Mathews,2026,AAA,11,pitching,,scored,"372 BF, 92.0 IP",0.0,372.0,19.0,,4.81,1.14,0.216,5.09,0.298,0.14,0.56,19.0,1.0,4.8,79.6,4.84,starter,,0.27,0.3,,12.7,,1.9,1.302,0.383,1.685
687401,Joey Ortiz,2021,AA,12,hitting,,scored,67 PA,67.0,0.0,16.0,0.335,,,,,,,,,,,,,,0.14,,-1.7,0.1,2.3,0.7,2.1,0.144,0.308,0.452
687401,Joey Ortiz,2021,A+,13,hitting,,scored,89 PA,89.0,0.0,19.0,0.357,,,,,,,,,,,,,,0.164,,-2.3,0.3,3.0,0.9,0.7,0.195,0.117,0.312
687401,Joey Ortiz,2022,AAA,11,hitting,,scored,115 PA,115.0,0.0,26.0,0.41,,,,,,,,,,,,,,0.2,,4.7,0.6,3.9,1.2,3.0,1.05,0.46,1.51
687401,Joey Ortiz,2022,AA,12,hitting,,scored,485 PA,485.0,0.0,111.0,0.34,,,,,,,,,,,,,,0.143,,-8.3,-0.0,16.6,5.1,1.1,1.336,1.166,2.502
687401,Joey Ortiz,2023,AAA,11,hitting,yes,scored,72 PA,72.0,0.0,16.0,0.375,,,,,,,,,,,,,,0.166,,0.5,0.2,2.5,0.7,2.4,0.388,0.249,0.636
687551,Drew Gilbert,2022,A,14,hitting,,insufficient_sample,22 PA (need 40),22.0,0.0,6.0,,,,,,,,,,,,,,,,,,,,,,0.0,0.0,0.0
687551,Drew Gilbert,2022,ROK,16,hitting,,insufficient_sample,17 PA (need 40),17.0,0.0,4.0,,,,,,,,,,,,,,,,,,,,,,0.0,0.0,0.0
687551,Drew Gilbert,2023,AA,12,hitting,,scored,418 PA,418.0,0.0,95.0,0.353,,,,,,,,,,,,,,0.154,,-7.1,-0.3,14.3,-2.5,2.3,0.437,2.12,2.558
687551,Drew Gilbert,2023,A+,13,hitting,,scored,95 PA,95.0,0.0,21.0,0.463,,,,,,,,,,,,,,0.249,,2.2,0.5,3.2,-0.5,0.9,0.533,0.161,0.693
687551,Drew Gilbert,2024,AAA,11,hitting,,scored,247 PA,247.0,0.0,56.0,0.311,,,,,,,,,,,,,,0.115,,-6.7,0.1,8.4,-1.5,3.0,0.043,0.994,1.037
687551,Drew Gilbert,2024,A,14,hitting,,insufficient_sample,11 PA (need 40),11.0,0.0,3.0,,,,,,,,,,,,,,,,,,,,,,0.0,0.0,0.0
687551,Drew Gilbert,2024,ROK,16,hitting,,insufficient_sample,11 PA (need 40),11.0,0.0,3.0,,,,,,,,,,,,,,,,,,,,,,0.0,0.0,0.0
687551,Drew Gilbert,2025,AAA,11,hitting,yes,scored,381 PA,381.0,0.0,87.0,0.353,,,,,,,,,,,,,,0.151,,-0.1,-0.0,13.0,-2.3,2.7,1.059,1.368,2.428
687551,Drew Gilbert,2025,A,14,hitting,yes,insufficient_sample,27 PA (need 40),27.0,0.0,6.0,,,,,,,,,,,,,,,,,,,,,,0.0,0.0,0.0
687597,Jordan Beck,2022,A,14,hitting,,scored,52 PA,52.0,0.0,11.0,0.418,,,,,,,,,,,,,,0.216,,-0.5,0.0,1.8,-0.3,1.4,0.104,0.11,0.214
687597,Jordan Beck,2022,ROK,16,hitting,,scored,57 PA,57.0,0.0,15.0,0.381,,,,,,,,,,,,,,0.193,,-2.8,0.0,1.9,-0.4,-0.6,-0.121,-0.036,-0.157
687597,Jordan Beck,2023,AA,12,hitting,,scored,223 PA,223.0,0.0,50.0,0.33,,,,,,,,,,,,,,0.135,,-6.7,0.7,7.6,-1.3,2.9,0.031,1.407,1.438
687597,Jordan Beck,2023,A+,13,hitting,,scored,341 PA,341.0,0.0,76.0,0.398,,,,,,,,,,,,,,0.195,,-2.9,0.6,11.7,-2.0,1.5,0.731,0.932,1.663
687597,Jordan Beck,2024,AAA,11,hitting,yes,scored,121 PA,121.0,0.0,25.0,0.417,,,,,,,,,,,,,,0.203,,5.1,0.8,4.1,-0.6,3.0,0.932,0.487,1.419
687931,Carson Whisenhunt,2022,A,14,pitching,,insufficient_sample,20 BF (need 60),0.0,20.0,2.0,,,,,,,,,,,,,,,,,,,,,,0.0,0.0,0.0
687931,Carson Whisenhunt,2022,ROK,16,pitching,,insufficient_sample,10 BF (need 60),0.0,10.0,2.0,,,,,,,,,,,,,,,,,,,,,,0.0,0.0,0.0
687931,Carson Whisenhunt,2023,AA,12,pitching,,scored,"84 BF, 19.7 IP",0.0,84.0,6.0,,3.08,1.37,0.333,5.03,0.321,0.131,0.533,6.0,1.0,3.3,55.5,3.28,starter,,1.46,-0.4,,2.9,,2.4,0.243,0.175,0.418
687931,Carson Whisenhunt,2023,A+,13,pitching,,scored,"94 BF, 25.3 IP",0.0,94.0,6.0,,2.48,0.67,0.17,2.84,0.383,0.085,0.462,6.0,1.0,4.2,61.5,4.22,starter,,1.84,-2.1,,3.2,,1.0,0.111,0.158,0.269
687931,Carson Whisenhunt,2023,A,14,pitching,,insufficient_sample,57 BF (need 60),0.0,57.0,4.0,,,,,,,,,,,,,,,,,,,,,,0.0,0.0,0.0
687931,Carson Whisenhunt,2024,AAA,11,pitching,,scored,"476 BF, 104.7 IP",0.0,476.0,25.0,,4.47,1.61,0.382,4.56,0.284,0.111,0.497,25.0,1.0,4.2,74.3,4.19,starter,,0.5,2.6,,16.3,,3.0,1.889,0.68,2.57
687931,Carson Whisenhunt,2024,A,14,pitching,,insufficient_sample,20 BF (need 60),0.0,20.0,2.0,,,,,,,,,,,,,,,,,,,,,,0.0,0.0,0.0
687931,Carson Whisenhunt,2025,AAA,11,pitching,yes,scored,"409 BF, 97.7 IP",0.0,409.0,18.0,,4.37,1.33,0.321,2.58,0.21,0.068,0.505,18.0,1.0,5.4,84.8,5.43,starter,,0.55,1.7,,14.0,,2.8,1.568,0.585,2.153
688457,Gavin Cross,2022,A,14,hitting,,scored,123 PA,123.0,0.0,26.0,0.428,,,,,,,,,,,,,,0.224,,-0.6,-0.0,4.2,-0.7,1.2,0.297,0.227,0.524
688457,Gavin Cross,2022,ROK,16,hitting,,insufficient_sample,12 PA (need 40),12.0,0.0,3.0,,,,,,,,,,,,,,,,,,,,,,0.0,0.0,0.0
688457,Gavin Cross,2023,AA,12,hitting,,insufficient_sample,6 PA (need 40),6.0,0.0,2.0,,,,,,,,,,,,,,,,,,,,,,0.0,0.0,0.0
688457,Gavin Cross,2023,A+,13,hitting,,scored,407 PA,407.0,0.0,94.0,0.297,,,,,,,,,,,,,,0.112,,-23.3,2.0,13.9,-2.4,1.3,-0.986,0.977,-0.008
688457,Gavin Cross,2024,AA,12,hitting,,scored,436 PA,436.0,0.0,101.0,0.332,,,,,,,,,,,,,,0.14,,-9.5,3.5,14.9,-2.6,1.7,0.63,1.471,2.101
688457,Gavin Cross,2025,AA,12,hitting,,scored,507 PA,507.0,0.0,114.0,0.302,,,,,,,,,,,,,,0.114,,-20.6,1.7,17.3,-3.0,0.8,-0.448,0.768,0.0
688457,Gavin Cross,2026,AAA,11,hitting,,scored,362 PA,362.0,0.0,93.0,0.314,,,,,,,,,,,,,,0.119,,-9.5,1.7,12.4,-2.4,2.3,0.211,1.125,1.336
689672,Drew Thorpe,2023,AA,12,pitching,,scored,"110 BF, 30.3 IP",0.0,110.0,5.0,,2.36,0.66,0.211,1.48,0.4,0.045,0.578,5.0,1.0,6.1,85.8,6.07,starter,,2.18,1.0,,3.8,,2.3,0.472,0.264,0.736
689672,Drew Thorpe,2023,A+,13,pitching,,scored,"426 BF, 109.0 IP",0.0,426.0,18.0,,3.2,1.07,0.303,2.72,0.324,0.077,0.538,18.0,1.0,6.1,87.6,6.06,starter,,1.13,-14.1,,14.6,,0.9,0.05,0.642,0.692
689672,Drew Thorpe,2024,AA,12,pitching,yes,scored,"224 BF, 60.0 IP",0.0,224.0,11.0,,3.0,0.87,0.218,2.55,0.25,0.076,0.44,11.0,1.0,5.5,83.3,5.45,starter,,0.94,-5.1,,7.7,,1.3,0.254,0.302,0.556
690291,Jace Jung,2022,A+,13,hitting,,scored,134 PA,134.0,0.0,30.0,0.321,,,,,,,,,,,,,,0.132,,-5.1,0.1,4.6,-2.3,1.9,-0.27,0.468,0.0
690291,Jace Jung,2023,AA,12,hitting,,scored,209 PA,209.0,0.0,47.0,0.397,,,,,,,,,,,,,,0.191,,1.7,0.0,7.1,-3.6,2.3,0.523,1.069,1.593
690291,Jace Jung,2023,A+,13,hitting,,scored,366 PA,366.0,0.0,81.0,0.364,,,,,,,,,,,,,,0.167,,-9.2,0.3,12.5,-6.2,0.9,-0.264,0.631,0.0
690291,Jace Jung,2024,AAA,11,hitting,yes,scored,415 PA,415.0,0.0,91.0,0.361,,,,,,,,,,,,,,0.157,,2.3,-0.3,14.2,-7.0,3.0,0.913,1.671,2.584
690291,Jace Jung,2024,A,14,hitting,yes,insufficient_sample,15 PA (need 40),15.0,0.0,4.0,,,,,,,,,,,,,,,,,,,,,,0.0,0.0,0.0
690953,Mick Abel,2021,A,14,pitching,,scored,"189 BF, 44.7 IP",0.0,189.0,14.0,,4.69,1.21,0.259,5.44,0.349,0.143,0.46,14.0,1.0,3.2,59.1,3.19,starter,,-0.06,-9.8,,6.5,,2.7,-0.332,0.657,0.0
690953,Mick Abel,2022,AA,12,pitching,,scored,"99 BF, 23.0 IP",0.0,99.0,5.0,,5.87,1.35,0.264,4.7,0.273,0.121,0.282,5.0,1.0,4.6,77.8,4.6,starter,,-1.19,-4.1,,3.4,,3.0,-0.07,0.261,0.0
690953,Mick Abel,2022,A+,13,pitching,,scored,"372 BF, 85.3 IP",0.0,372.0,18.0,,3.62,1.32,0.315,4.01,0.277,0.102,0.44,18.0,1.0,4.7,81.3,4.74,starter,,0.7,-10.1,,12.7,,2.7,0.261,1.502,1.763
690953,Mick Abel,2023,AAA,11,pitching,,insufficient_sample,24 BF (need 60),0.0,24.0,1.0,,,,,,,,,,,,,,,,,,,,,,0.0,0.0,0.0
690953,Mick Abel,2023,AA,12,pitching,,scored,"458 BF, 108.7 IP",0.0,458.0,22.0,,4.81,1.24,0.233,5.13,0.275,0.135,0.422,22.0,1.0,4.9,86.0,4.94,starter,,-0.27,-16.7,,15.6,,3.0,-0.101,1.232,0.0
690953,Mick Abel,2024,AAA,11,pitching,,scored,"515 BF, 108.7 IP",0.0,515.0,24.0,,5.55,1.81,0.346,6.46,0.227,0.151,0.538,24.0,1.0,4.5,87.1,4.53,starter,,-0.59,-7.5,,17.6,,3.0,1.012,0.706,1.719
690953,Mick Abel,2025,AAA,11,pitching,yes,scored,"192 BF, 46.3 IP",0.0,192.0,8.0,,3.86,1.21,0.282,3.69,0.266,0.099,0.512,8.0,1.0,5.8,88.4,5.79,starter,,1.06,2.9,,6.6,,3.0,0.942,0.301,1.244
690976,Alex Freeland,2022,A,14,hitting,,insufficient_sample,36 PA (need 40),36.0,0.0,8.0,,,,,,,,,,,,,,,,,,,,,,0.0,0.0,0.0
690976,Alex Freeland,2023,A+,13,hitting,,scored,461 PA,461.0,0.0,106.0,0.315,,,,,,,,,,,,,,0.126,,-22.5,1.7,15.8,4.9,1.8,-0.012,1.561,0.0
690976,Alex Freeland,2024,AAA,11,hitting,,scored,164 PA,164.0,0.0,39.0,0.323,,,,,,,,,,,,,,0.125,,-3.2,0.3,5.6,1.8,3.0,0.457,0.66,1.117
690976,Alex Freeland,2024,AA,12,hitting,,scored,341 PA,341.0,0.0,74.0,0.35,,,,,,,,,,,,,,0.155,,-3.9,2.7,11.7,3.4,2.2,1.385,1.506,2.89
690976,Alex Freeland,2024,A+,13,hitting,,scored,110 PA,110.0,0.0,23.0,0.474,,,,,,,,,,,,,,0.261,,3.8,0.6,3.8,1.1,0.7,0.916,0.143,1.059
690976,Alex Freeland,2025,AAA,11,hitting,yes,scored,453 PA,453.0,0.0,94.0,0.351,,,,,,,,,,,,,,0.149,,-0.8,0.7,15.5,4.4,3.0,1.976,1.807,3.782
690986,Kyle Harrison,2021,A,14,pitching,,scored,"440 BF, 98.7 IP",0.0,440.0,23.0,,3.23,1.4,0.393,4.74,0.357,0.118,0.562,23.0,1.0,4.3,76.5,4.29,starter,,1.41,-13.7,,15.0,,2.7,0.132,1.442,1.574
690986,Kyle Harrison,2022,AA,12,pitching,,scored,"349 BF, 84.0 IP",0.0,349.0,18.0,,3.89,1.18,0.301,4.18,0.364,0.112,0.431,18.0,1.0,4.7,79.9,4.67,starter,,0.79,-2.3,,11.9,,3.0,0.96,0.952,1.912
690986,Kyle Harrison,2022,A+,13,pitching,,scored,"118 BF, 29.0 IP",0.0,118.0,7.0,,1.54,1.0,0.378,3.1,0.5,0.085,0.552,7.0,1.0,4.1,69.9,4.14,starter,,2.78,0.5,,4.0,,2.7,0.449,0.508,0.956
690986,Kyle Harrison,2023,AAA,11,pitching,yes,scored,"295 BF, 65.7 IP",0.0,295.0,20.0,,4.89,1.52,0.331,6.58,0.356,0.163,0.388,20.0,1.0,3.3,62.5,3.28,starter,,0.45,1.9,,10.1,,3.0,1.199,0.427,1.625
690986,Kyle Harrison,2023,ROK,16,pitching,yes,insufficient_sample,6 BF (need 60),0.0,6.0,1.0,,,,,,,,,,,,,,,,,,,,,,0.0,0.0,0.0
690987,Robert Hassell III,2021,A+,13,hitting,,scored,87 PA,87.0,0.0,18.0,0.302,,,,,,,,,,,,,,0.118,,-4.6,0.3,3.0,-0.5,3.0,-0.17,0.517,0.0
690987,Robert Hassell III,2021,A,14,hitting,,scored,429 PA,429.0,0.0,92.0,0.39,,,,,,,,,,,,,,0.194,,-11.1,1.8,14.7,-2.4,2.7,0.298,1.834,2.132
690987,Robert Hassell III,2022,AA,12,hitting,,scored,122 PA,122.0,0.0,27.0,0.278,,,,,,,,,,,,,,0.091,,-6.4,0.1,4.2,-0.7,3.0,-0.281,0.826,0.0
690987,Robert Hassell III,2022,A+,13,hitting,,scored,391 PA,391.0,0.0,85.0,0.353,,,,,,,,,,,,,,0.158,,-8.9,2.0,13.4,-2.2,2.7,0.418,1.998,2.416
690987,Robert Hassell III,2023,AA,12,hitting,,scored,476 PA,476.0,0.0,106.0,0.289,,,,,,,,,,,,,,0.101,,-25.2,0.4,16.3,-2.7,3.0,-1.131,3.159,0.0
690987,Robert Hassell III,2023,A,14,hitting,,scored,69 PA,69.0,0.0,15.0,0.321,,,,,,,,,,,,,,0.136,,-3.8,0.2,2.4,-0.4,0.7,-0.165,0.075,-0.09
690987,Robert Hassell III,2024,AAA,11,hitting,,scored,69 PA,69.0,0.0,17.0,0.163,,,,,,,,,,,,,,-0.007,,-8.5,0.5,2.4,-0.4,3.0,-0.609,0.278,-0.331
690987,Robert Hassell III,2024,AA,12,hitting,,scored,264 PA,264.0,0.0,60.0,0.324,,,,,,,,,,,,,,0.133,,-7.0,0.5,9.0,-1.6,2.2,0.103,1.153,1.256
690987,Robert Hassell III,2024,A+,13,hitting,,insufficient_sample,29 PA (need 40),29.0,0.0,8.0,,,,,,,,,,,,,,,,,,,,,,0.0,0.0,0.0
690987,Robert Hassell III,2025,AAA,11,hitting,yes,scored,175 PA,175.0,0.0,43.0,0.323,,,,,,,,,,,,,,0.126,,-3.5,1.1,6.0,-1.1,3.0,0.244,0.698,0.942
690990,Cade Horton,2023,AA,12,pitching,,scored,"109 BF, 27.0 IP",0.0,109.0,6.0,,2.41,1.07,0.273,3.67,0.284,0.101,0.449,6.0,1.0,4.5,66.5,4.5,starter,,2.13,0.8,,3.7,,3.0,0.448,0.306,0.754
690990,Cade Horton,2023,A+,13,pitching,,scored,"185 BF, 47.0 IP",0.0,185.0,11.0,,3.35,1.0,0.287,2.3,0.351,0.065,0.514,11.0,1.0,4.3,66.5,4.27,starter,,0.97,-6.5,,6.3,,1.8,-0.021,0.545,0.0
690990,Cade Horton,2023,A,14,pitching,,insufficient_sample,55 BF (need 60),0.0,55.0,4.0,,,,,,,,,,,,,,,,,,,,,,0.0,0.0,0.0
690990,Cade Horton,2024,AAA,11,pitching,,scored,"81 BF, 18.0 IP",0.0,81.0,5.0,,5.93,1.56,0.295,5.5,0.272,0.136,0.258,5.0,1.0,3.6,65.0,3.6,starter,,-0.96,-1.8,,2.8,,3.0,0.095,0.117,0.212
690990,Cade Horton,2024,AA,12,pitching,,scored,"62 BF, 16.3 IP",0.0,62.0,4.0,,2.87,0.92,0.316,1.1,0.29,0.032,0.577,4.0,1.0,4.1,57.5,4.08,starter,,1.06,-1.2,,2.1,,2.2,0.088,0.137,0.225
690990,Cade Horton,2025,AAA,11,pitching,yes,scored,"108 BF, 29.0 IP",0.0,108.0,6.0,,3.71,0.86,0.169,4.03,0.306,0.12,0.388,6.0,1.0,4.8,72.3,4.83,starter,,1.21,2.2,,3.7,,3.0,0.585,0.189,0.774
690993,Colt Keith,2021,A+,13,hitting,,scored,76 PA,76.0,0.0,18.0,0.23,,,,,,,,,,,,,,0.058,,-6.6,0.0,2.6,0.3,3.0,-0.376,0.452,0.0
690993,Colt Keith,2021,A,14,hitting,,scored,181 PA,181.0,0.0,44.0,0.382,,,,,,,,,,,,,,0.188,,-5.2,0.2,6.2,0.7,2.7,0.181,0.773,0.955
690993,Colt Keith,2021,ROK,16,hitting,,insufficient_sample,13 PA (need 40),13.0,0.0,3.0,,,,,,,,,,,,,,,,,,,,,,0.0,0.0,0.0
690993,Colt Keith,2022,A+,13,hitting,,scored,216 PA,216.0,0.0,48.0,0.388,,,,,,,,,,,,,,0.187,,-1.3,0.5,7.4,0.7,2.7,0.728,1.102,1.831
690993,Colt Keith,2023,AAA,11,hitting,,scored,301 PA,301.0,0.0,67.0,0.377,,,,,,,,,,,,,,0.168,,2.6,-0.2,10.3,1.0,3.0,1.38,1.275,2.656
690993,Colt Keith,2023,AA,12,hitting,,scored,276 PA,276.0,0.0,59.0,0.411,,,,,,,,,,,,,,0.203,,4.4,-0.0,9.4,0.9,3.0,1.477,1.832,3.309
691003,Tre' Morgan,2023,A,14,hitting,,scored,44 PA,44.0,0.0,11.0,0.431,,,,,,,,,,,,,,0.228,,-0.5,0.2,1.5,-0.7,1.6,0.056,0.109,0.165
691003,Tre' Morgan,2023,ROK,16,hitting,,insufficient_sample,12 PA (need 40),12.0,0.0,3.0,,,,,,,,,,,,,,,,,,,,,,0.0,0.0,0.0
691003,Tre' Morgan,2024,AA,12,hitting,,scored,91 PA,91.0,0.0,21.0,0.298,,,,,,,,,,,,,,0.112,,-3.7,-0.1,3.1,-1.3,3.0,-0.204,0.541,0.0
691003,Tre' Morgan,2024,A+,13,hitting,,scored,231 PA,231.0,0.0,53.0,0.431,,,,,,,,,,,,,,0.225,,3.1,0.9,7.9,-3.3,1.6,0.86,0.667,1.527
691003,Tre' Morgan,2024,A,14,hitting,,scored,115 PA,115.0,0.0,26.0,0.37,,,,,,,,,,,,,,0.177,,-3.5,-0.1,3.9,-1.6,0.5,-0.129,0.085,-0.044
691003,Tre' Morgan,2025,AAA,11,hitting,,scored,402 PA,402.0,0.0,92.0,0.359,,,,,,,,,,,,,,0.155,,1.3,-0.0,13.7,-5.7,3.0,0.928,1.603,2.532
691003,Tre' Morgan,2026,AAA,11,hitting,,scored,113 PA,113.0,0.0,27.0,0.348,,,,,,,,,,,,,,0.146,,-0.5,0.0,3.9,-1.7,3.0,0.168,0.462,0.63
691003,Tre' Morgan,2026,ROK,16,hitting,,scored,51 PA,51.0,0.0,13.0,0.497,,,,,,,,,,,,,,0.292,,-1.0,0.1,1.7,-0.8,-3.0,0.002,-0.21,-0.208
691006,Kevin Parada,2022,A,14,hitting,,scored,41 PA,41.0,0.0,10.0,0.396,,,,,,,,,,,,,,0.197,,-0.7,-0.2,1.4,0.8,1.7,0.125,0.105,0.23
691006,Kevin Parada,2022,ROK,16,hitting,,insufficient_sample,14 PA (need 40),14.0,0.0,3.0,,,,,,,,,,,,,,,,,,,,,,0.0,0.0,0.0
691006,Kevin Parada,2023,AA,12,hitting,,scored,60 PA,60.0,0.0,14.0,0.274,,,,,,,,,,,,,,0.089,,-3.7,0.0,2.0,1.1,3.0,-0.056,0.398,0.0
691006,Kevin Parada,2023,A+,13,hitting,,scored,382 PA,382.0,0.0,87.0,0.341,,,,,,,,,,,,,,0.148,,-13.8,-0.4,13.1,6.7,1.8,0.557,1.252,1.809
691006,Kevin Parada,2023,A,14,hitting,,insufficient_sample,15 PA (need 40),15.0,0.0,4.0,,,,,,,,,,,,,,,,,,,,,,0.0,0.0,0.0
691006,Kevin Parada,2024,AA,12,hitting,,scored,454 PA,454.0,0.0,114.0,0.293,,,,,,,,,,,,,,0.108,,-19.8,-0.3,15.5,8.8,2.2,0.423,1.953,2.376
691006,Kevin Parada,2025,AAA,11,hitting,,scored,64 PA,64.0,0.0,16.0,0.257,,,,,,,,,,,,,,0.071,,-4.0,-0.0,2.2,1.2,3.0,-0.061,0.255,0.0
691006,Kevin Parada,2025,AA,12,hitting,,scored,360 PA,360.0,0.0,92.0,0.325,,,,,,,,,,,,,,0.133,,-9.9,0.5,12.3,7.1,1.2,1.006,0.876,1.882
691006,Kevin Parada,2026,AAA,11,hitting,,scored,84 PA,84.0,0.0,24.0,0.349,,,,,,,,,,,,,,0.148,,-0.3,0.2,2.9,1.9,2.8,0.458,0.315,0.772
691006,Kevin Parada,2026,AA,12,hitting,,scored,190 PA,190.0,0.0,46.0,0.235,,,,,,,,,,,,,,0.059,,-15.0,0.8,6.5,3.5,0.3,-0.415,0.142,-0.274
691011,Drew Romo,2021,A,14,hitting,,scored,339 PA,339.0,0.0,79.0,0.336,,,,,,,,,,,,,,0.15,,-16.2,1.0,11.6,6.1,2.7,0.258,1.47,1.728
691011,Drew Romo,2022,A+,13,hitting,,scored,420 PA,420.0,0.0,101.0,0.304,,,,,,,,,,,,,,0.117,,-19.4,1.4,14.3,7.8,2.8,0.411,2.176,2.587
691011,Drew Romo,2023,AAA,11,hitting,,insufficient_sample,18 PA (need 40),18.0,0.0,4.0,,,,,,,,,,,,,,,,,,,,,,0.0,0.0,0.0
691011,Drew Romo,2023,AA,12,hitting,,scored,368 PA,368.0,0.0,91.0,0.321,,,,,,,,,,,,,,0.128,,-12.8,-1.1,12.6,7.0,3.0,0.571,2.442,3.013
691011,Drew Romo,2024,AAA,11,hitting,yes,scored,370 PA,370.0,0.0,85.0,0.357,,,,,,,,,,,,,,0.153,,0.9,0.1,12.6,6.6,3.0,2.026,1.49,3.516
691016,Tyler Soderstrom,2021,A,14,hitting,,scored,254 PA,254.0,0.0,57.0,0.405,,,,,,,,,,,,,,0.207,,-5.0,-0.0,8.7,4.4,3.0,0.805,1.198,2.002
691016,Tyler Soderstrom,2022,AAA,11,hitting,,insufficient_sample,38 PA (need 40),38.0,0.0,9.0,,,,,,,,,,,,,,,,,,,,,,0.0,0.0,0.0
691016,Tyler Soderstrom,2022,AA,12,hitting,,scored,147 PA,147.0,0.0,36.0,0.345,,,,,,,,,,,,,,0.147,,-2.2,-0.3,5.0,2.8,3.0,0.536,0.995,1.531
691016,Tyler Soderstrom,2022,A+,13,hitting,,scored,371 PA,371.0,0.0,89.0,0.353,,,,,,,,,,,,,,0.158,,-8.5,0.0,12.7,6.9,3.0,1.109,2.087,3.197
691016,Tyler Soderstrom,2023,AAA,11,hitting,yes,scored,304 PA,304.0,0.0,69.0,0.349,,,,,,,,,,,,,,0.144,,-2.8,0.2,10.4,5.3,3.0,1.31,1.288,2.598
691019,Kyle Teel,2023,AA,12,hitting,,insufficient_sample,39 PA (need 40),39.0,0.0,9.0,,,,,,,,,,,,,,,,,,,,,,0.0,0.0,0.0
691019,Kyle Teel,2023,A+,13,hitting,,scored,66 PA,66.0,0.0,14.0,0.416,,,,,,,,,,,,,,0.21,,0.0,0.1,2.3,1.1,2.3,0.346,0.283,0.628
691019,Kyle Teel,2023,ROK,16,hitting,,insufficient_sample,9 PA (need 40),9.0,0.0,3.0,,,,,,,,,,,,,,,,,,,,,,0.0,0.0,0.0
691019,Kyle Teel,2024,AAA,11,hitting,,scored,123 PA,123.0,0.0,28.0,0.327,,,,,,,,,,,,,,0.129,,-2.1,0.5,4.2,2.2,3.0,0.477,0.495,0.972
691019,Kyle Teel,2024,AA,12,hitting,,scored,382 PA,382.0,0.0,84.0,0.37,,,,,,,,,,,,,,0.172,,-0.0,-0.2,13.1,6.5,2.7,1.934,2.05,3.984
691019,Kyle Teel,2025,AAA,11,hitting,yes,scored,213 PA,213.0,0.0,50.0,0.384,,,,,,,,,,,,,,0.177,,4.2,0.8,7.3,3.9,3.0,1.611,0.849,2.46
691023,Jordan Walker,2021,A+,13,hitting,,scored,244 PA,244.0,0.0,55.0,0.355,,,,,,,,,,,,,,0.163,,-6.5,1.0,8.3,2.5,3.0,0.538,1.45,1.987
691023,Jordan Walker,2021,A,14,hitting,,scored,122 PA,122.0,0.0,27.0,0.482,,,,,,,,,,,,,,0.271,,1.4,0.1,4.2,1.2,3.0,0.692,0.581,1.273
691023,Jordan Walker,2022,AA,12,hitting,,scored,536 PA,536.0,0.0,119.0,0.384,,,,,,,,,,,,,,0.179,,3.9,1.6,18.3,5.5,3.0,2.928,3.627,6.555
691026,Masyn Winn,2021,A+,13,hitting,,scored,154 PA,154.0,0.0,37.0,0.238,,,,,,,,,,,,,,0.065,,-12.8,1.1,5.3,1.7,3.0,-0.471,0.915,0.0
691026,Masyn Winn,2021,A,14,hitting,,scored,284 PA,284.0,0.0,61.0,0.337,,,,,,,,,,,,,,0.15,,-13.5,1.2,9.7,2.8,3.0,0.02,1.353,1.373
691026,Masyn Winn,2022,AA,12,hitting,,scored,403 PA,403.0,0.0,86.0,0.34,,,,,,,,,,,,,,0.142,,-7.1,2.4,13.8,4.0,3.0,1.302,2.727,4.029
691026,Masyn Winn,2022,A+,13,hitting,,scored,147 PA,147.0,0.0,33.0,0.407,,,,,,,,,,,,,,0.203,,0.5,1.7,5.0,1.5,3.0,0.877,0.827,1.704
691026,Masyn Winn,2023,AAA,11,hitting,yes,scored,498 PA,498.0,0.0,105.0,0.36,,,,,,,,,,,,,,0.153,,-1.2,2.0,17.0,4.9,3.0,2.269,2.11,4.38
691176,Jasson Domínguez,2021,A,14,hitting,,scored,214 PA,214.0,0.0,49.0,0.326,,,,,,,,,,,,,,0.141,,-11.1,0.1,7.3,-1.3,3.0,-0.495,1.019,0.0
691176,Jasson Domínguez,2021,ROK,16,hitting,,insufficient_sample,27 PA (need 40),27.0,0.0,7.0,,,,,,,,,,,,,,,,,,,,,,0.0,0.0,0.0
691176,Jasson Domínguez,2022,AA,12,hitting,,insufficient_sample,22 PA (need 40),22.0,0.0,5.0,,,,,,,,,,,,,,,,,,,,,,0.0,0.0,0.0
691176,Jasson Domínguez,2022,A+,13,hitting,,scored,184 PA,184.0,0.0,40.0,0.388,,,,,,,,,,,,,,0.188,,-1.0,1.7,6.3,-1.0,3.0,0.595,1.035,1.63
691176,Jasson Domínguez,2022,A,14,hitting,,scored,324 PA,324.0,0.0,75.0,0.356,,,,,,,,,,,,,,0.164,,-11.0,0.7,11.1,-1.9,3.0,-0.125,1.479,0.0
691176,Jasson Domínguez,2023,AAA,11,hitting,yes,insufficient_sample,37 PA (need 40),37.0,0.0,9.0,,,,,,,,,,,,,,,,,,,,,,0.0,0.0,0.0
691176,Jasson Domínguez,2023,AA,12,hitting,yes,scored,507 PA,507.0,0.0,109.0,0.343,,,,,,,,,,,,,,0.146,,-11.3,3.1,17.3,-2.8,3.0,0.626,3.365,3.991
691181,Emmanuel Rodriguez,2021,ROK,16,hitting,,scored,153 PA,153.0,0.0,37.0,0.369,,,,,,,,,,,,,,0.185,,-8.9,0.1,5.2,-1.0,2.3,-0.458,0.392,-0.066
691181,Emmanuel Rodriguez,2022,A,14,hitting,,scored,199 PA,199.0,0.0,47.0,0.447,,,,,,,,,,,,,,0.24,,0.6,0.1,6.8,-1.2,3.0,0.628,0.908,1.537
691181,Emmanuel Rodriguez,2023,A+,13,hitting,,scored,455 PA,455.0,0.0,99.0,0.377,,,,,,,,,,,,,,0.177,,-8.6,1.1,15.5,-2.6,3.0,0.551,2.554,3.105
691181,Emmanuel Rodriguez,2024,AAA,11,hitting,,insufficient_sample,30 PA (need 40),30.0,0.0,7.0,,,,,,,,,,,,,,,,,,,,,,0.0,0.0,0.0
691181,Emmanuel Rodriguez,2024,AA,12,hitting,,scored,167 PA,167.0,0.0,37.0,0.461,,,,,,,,,,,,,,0.247,,8.6,0.4,5.7,-1.0,3.0,1.371,0.993,2.364
691181,Emmanuel Rodriguez,2024,A,14,hitting,,insufficient_sample,4 PA (need 40),4.0,0.0,1.0,,,,,,,,,,,,,,,,,,,,,,0.0,0.0,0.0
691181,Emmanuel Rodriguez,2024,ROK,16,hitting,,insufficient_sample,8 PA (need 40),8.0,0.0,2.0,,,,,,,,,,,,,,,,,,,,,,0.0,0.0,0.0
691181,Emmanuel Rodriguez,2025,AAA,11,hitting,,scored,212 PA,212.0,0.0,52.0,0.383,,,,,,,,,,,,,,0.176,,4.1,0.4,7.2,-1.3,3.0,1.04,0.845,1.885
691181,Emmanuel Rodriguez,2025,A,14,hitting,,insufficient_sample,36 PA (need 40),36.0,0.0,8.0,,,,,,,,,,,,,,,,,,,,,,0.0,0.0,0.0
691181,Emmanuel Rodriguez,2025,ROK,16,hitting,,insufficient_sample,19 PA (need 40),19.0,0.0,5.0,,,,,,,,,,,,,,,,,,,,,,0.0,0.0,0.0
691181,Emmanuel Rodriguez,2026,AAA,11,hitting,,scored,108 PA,108.0,0.0,25.0,0.397,,,,,,,,,,,,,,0.188,,3.0,-0.2,3.7,-0.6,3.0,0.587,0.441,1.029
691181,Emmanuel Rodriguez,2026,A,14,hitting,,insufficient_sample,11 PA (need 40),11.0,0.0,3.0,,,,,,,,,,,,,,,,,,,,,,0.0,0.0,0.0
691182,Adael Amador,2021,ROK,16,hitting,,scored,200 PA,200.0,0.0,47.0,0.365,,,,,,,,,,,,,,0.182,,-11.8,-0.3,6.8,0.7,2.4,-0.457,0.538,0.0
691182,Adael Amador,2022,A,14,hitting,,scored,555 PA,555.0,0.0,115.0,0.379,,,,,,,,,,,,,,0.183,,-13.7,0.1,19.0,1.8,3.0,0.721,2.533,3.254
691182,Adael Amador,2023,AA,12,hitting,,scored,41 PA,41.0,0.0,10.0,0.221,,,,,,,,,,,,,,0.044,,-3.8,0.1,1.4,0.2,3.0,-0.207,0.272,0.0
691182,Adael Amador,2023,A+,13,hitting,,scored,259 PA,259.0,0.0,54.0,0.388,,,,,,,,,,,,,,0.187,,-3.5,0.4,8.8,0.8,3.0,0.661,1.454,2.115
691182,Adael Amador,2023,ROK,16,hitting,,insufficient_sample,22 PA (need 40),22.0,0.0,5.0,,,,,,,,,,,,,,,,,,,,,,0.0,0.0,0.0
691182,Adael Amador,2024,AA,12,hitting,yes,scored,209 PA,209.0,0.0,46.0,0.306,,,,,,,,,,,,,,0.118,,-7.7,2.2,7.1,0.7,3.0,0.235,1.243,1.478
691267,Alex Ramírez,2021,A,14,hitting,,scored,334 PA,334.0,0.0,76.0,0.313,,,,,,,,,,,,,,0.13,,-19.1,0.2,11.4,-2.0,3.0,-0.951,1.591,0.0
691267,Alex Ramírez,2022,A+,13,hitting,,scored,246 PA,246.0,0.0,54.0,0.328,,,,,,,,,,,,,,0.137,,-8.6,-1.2,8.4,-1.4,3.0,-0.276,1.384,0.0
691267,Alex Ramírez,2022,A,14,hitting,,scored,306 PA,306.0,0.0,67.0,0.349,,,,,,,,,,,,,,0.158,,-11.3,-0.1,10.5,-1.7,3.0,-0.272,1.396,0.0
691267,Alex Ramírez,2023,A+,13,hitting,,scored,521 PA,521.0,0.0,120.0,0.283,,,,,,,,,,,,,,0.1,,-33.4,1.0,17.8,-3.1,3.0,-1.773,2.924,0.0
691267,Alex Ramírez,2024,AA,12,hitting,,scored,542 PA,542.0,0.0,123.0,0.266,,,,,,,,,,,,,,0.085,,-31.9,3.2,18.5,-3.2,3.0,-1.338,3.224,0.0
691267,Alex Ramírez,2025,AA,12,hitting,,scored,191 PA,191.0,0.0,54.0,0.274,,,,,,,,,,,,,,0.091,,-10.8,1.3,6.5,-1.4,2.7,-0.435,1.007,0.0
691267,Alex Ramírez,2026,AA,12,hitting,,scored,412 PA,412.0,0.0,93.0,0.324,,,,,,,,,,,,,,0.133,,-11.8,2.8,14.1,-2.4,1.8,0.267,1.694,1.96
691406,Junior Caminero,2022,A,14,hitting,,scored,117 PA,117.0,0.0,26.0,0.371,,,,,,,,,,,,,,0.177,,-3.2,0.5,4.0,0.4,3.0,0.164,0.534,0.698
691406,Junior Caminero,2022,ROK,16,hitting,,scored,154 PA,154.0,0.0,36.0,0.386,,,,,,,,,,,,,,0.197,,-7.3,0.3,5.3,0.6,1.7,-0.114,0.285,0.0
691406,Junior Caminero,2023,AA,12,hitting,yes,scored,351 PA,351.0,0.0,81.0,0.39,,,,,,,,,,,,,,0.185,,1.4,-0.7,12.0,1.2,3.0,1.392,2.33,3.721
691406,Junior Caminero,2023,A+,13,hitting,yes,scored,159 PA,159.0,0.0,36.0,0.457,,,,,,,,,,,,,,0.244,,3.1,-0.0,5.4,0.6,3.0,0.912,0.892,1.805
691587,Eury Pérez,2021,A+,13,pitching,,scored,"83 BF, 22.0 IP",0.0,83.0,5.0,,5.34,0.73,0.133,2.05,0.313,0.06,0.385,5.0,1.0,4.4,70.8,4.4,starter,,-0.76,-5.0,,2.8,,3.0,-0.215,0.425,0.0
691587,Eury Pérez,2021,A,14,pitching,,scored,"222 BF, 56.0 IP",0.0,222.0,15.0,,2.9,0.95,0.268,3.38,0.369,0.095,0.39,15.0,1.0,3.7,62.4,3.73,starter,,1.73,-6.8,,7.6,,3.0,0.078,0.915,0.993
691587,Eury Pérez,2022,AA,12,pitching,,scored,"311 BF, 75.0 IP",0.0,311.0,17.0,,3.5,1.16,0.319,3.0,0.341,0.08,0.469,17.0,1.0,4.4,72.7,4.41,starter,,1.18,0.1,,10.6,,3.0,1.075,0.85,1.925
691587,Eury Pérez,2022,A,14,pitching,,insufficient_sample,7 BF (need 60),0.0,7.0,1.0,,,,,,,,,,,,,,,,,,,,,,0.0,0.0,0.0
691587,Eury Pérez,2023,AA,12,pitching,yes,scored,"117 BF, 31.0 IP",0.0,117.0,6.0,,3.74,0.81,0.18,2.61,0.359,0.077,0.56,6.0,1.0,5.2,82.8,5.17,starter,,0.8,-2.3,,4.0,,3.0,0.175,0.351,0.526
691620,Jeferson Quero,2021,ROK,16,hitting,,scored,83 PA,83.0,0.0,23.0,0.407,,,,,,,,,,,,,,0.217,,-3.9,-0.1,2.8,1.8,1.9,0.054,0.176,0.23
691620,Jeferson Quero,2022,A+,13,hitting,,scored,85 PA,85.0,0.0,20.0,0.364,,,,,,,,,,,,,,0.167,,-1.5,0.0,2.9,1.5,3.0,0.298,0.478,0.776
691620,Jeferson Quero,2022,A,14,hitting,,scored,320 PA,320.0,0.0,75.0,0.33,,,,,,,,,,,,,,0.143,,-14.2,0.6,10.9,5.8,2.9,0.31,1.393,1.703
691620,Jeferson Quero,2023,AA,12,hitting,,scored,381 PA,381.0,0.0,90.0,0.338,,,,,,,,,,,,,,0.142,,-9.7,0.7,13.0,6.9,3.0,1.091,2.529,3.619
691620,Jeferson Quero,2024,AAA,11,hitting,,insufficient_sample,1 PA (need 40),1.0,0.0,1.0,,,,,,,,,,,,,,,,,,,,,,0.0,0.0,0.0
691620,Jeferson Quero,2025,AAA,11,hitting,,scored,250 PA,250.0,0.0,58.0,0.325,,,,,,,,,,,,,,0.128,,-4.6,0.3,8.5,4.5,3.0,0.873,0.997,1.87
691620,Jeferson Quero,2025,ROK,16,hitting,,scored,44 PA,44.0,0.0,11.0,0.557,,,,,,,,,,,,,,0.34,,-0.1,0.0,1.5,0.8,-2.4,0.224,-0.125,0.098
691620,Jeferson Quero,2026,AAA,11,hitting,yes,insufficient_sample,4 PA (need 40),4.0,0.0,1.0,,,,,,,,,,,,,,,,,,,,,,0.0,0.0,0.0
691718,Pete Crow-Armstrong,2021,A,14,hitting,,insufficient_sample,32 PA (need 40),32.0,0.0,6.0,,,,,,,,,,,,,,,,,,,,,,0.0,0.0,0.0
691718,Pete Crow-Armstrong,2022,A+,13,hitting,,scored,288 PA,288.0,0.0,63.0,0.351,,,,,,,,,,,,,,0.157,,-6.8,0.5,9.8,2.9,3.0,0.652,1.62,2.272
691718,Pete Crow-Armstrong,2022,A,14,hitting,,scored,183 PA,183.0,0.0,38.0,0.428,,,,,,,,,,,,,,0.224,,-0.8,0.5,6.3,1.8,2.3,0.767,0.646,1.413
691718,Pete Crow-Armstrong,2023,AAA,11,hitting,yes,scored,158 PA,158.0,0.0,34.0,0.357,,,,,,,,,,,,,,0.151,,-0.6,0.9,5.4,1.6,3.0,0.725,0.67,1.395
691718,Pete Crow-Armstrong,2023,AA,12,hitting,yes,scored,342 PA,342.0,0.0,73.0,0.382,,,,,,,,,,,,,,0.179,,-0.1,1.4,11.7,3.4,3.0,1.642,2.27,3.912
691723,Coby Mayo,2021,A,14,hitting,,scored,125 PA,125.0,0.0,27.0,0.413,,,,,,,,,,,,,,0.214,,-2.0,0.5,4.3,-0.8,3.0,0.188,0.595,0.783
691723,Coby Mayo,2021,ROK,16,hitting,,scored,91 PA,91.0,0.0,26.0,0.431,,,,,,,,,,,,,,0.237,,-3.7,0.4,3.1,-0.8,1.0,-0.098,0.107,0.0
691723,Coby Mayo,2022,AA,12,hitting,,scored,145 PA,145.0,0.0,34.0,0.321,,,,,,,,,,,,,,0.127,,-4.1,0.0,5.0,-1.0,3.0,-0.017,0.981,0.0
691723,Coby Mayo,2022,A+,13,hitting,,scored,288 PA,288.0,0.0,68.0,0.347,,,,,,,,,,,,,,0.153,,-7.4,0.3,9.8,-2.1,3.0,0.073,1.62,1.694
691723,Coby Mayo,2022,ROK,16,hitting,,insufficient_sample,6 PA (need 40),6.0,0.0,2.0,,,,,,,,,,,,,,,,,,,,,,0.0,0.0,0.0
691723,Coby Mayo,2023,AAA,11,hitting,,scored,267 PA,267.0,0.0,62.0,0.388,,,,,,,,,,,,,,0.177,,4.3,0.2,9.1,-1.9,3.0,1.164,1.131,2.296
691723,Coby Mayo,2023,AA,12,hitting,,scored,347 PA,347.0,0.0,78.0,0.432,,,,,,,,,,,,,,0.22,,9.7,0.3,11.9,-2.4,3.0,1.942,2.303,4.245
691723,Coby Mayo,2024,AAA,11,hitting,yes,scored,341 PA,341.0,0.0,77.0,0.404,,,,,,,,,,,,,,0.192,,11.2,-0.7,11.7,-2.4,3.0,1.985,1.373,3.358
691723,Coby Mayo,2024,A+,13,hitting,yes,insufficient_sample,16 PA (need 40),16.0,0.0,4.0,,,,,,,,,,,,,,,,,,,,,,0.0,0.0,0.0
691725,Andrew Painter,2021,ROK,16,pitching,,insufficient_sample,21 BF (need 60),0.0,21.0,4.0,,,,,,,,,,,,,,,,,,,,,,0.0,0.0,0.0
691725,Andrew Painter,2022,AA,12,pitching,,scored,"109 BF, 28.3 IP",0.0,109.0,5.0,,2.75,0.95,0.338,0.64,0.339,0.018,0.372,5.0,1.0,5.7,82.6,5.67,starter,,1.93,1.6,,3.7,,3.0,0.537,0.321,0.858
691725,Andrew Painter,2022,A+,13,pitching,,scored,"143 BF, 36.7 IP",0.0,143.0,8.0,,2.27,0.87,0.274,1.72,0.343,0.049,0.426,8.0,1.0,4.6,63.2,4.58,starter,,2.06,-1.1,,4.9,,3.0,0.375,0.709,1.084
691725,Andrew Painter,2022,A,14,pitching,,scored,"149 BF, 38.7 IP",0.0,149.0,9.0,,1.57,0.85,0.27,3.72,0.463,0.107,0.37,9.0,1.0,4.3,69.8,4.3,starter,,2.88,-1.6,,5.1,,3.0,0.352,0.632,0.983
691725,Andrew Painter,2025,AAA,11,pitching,,scored,"475 BF, 106.7 IP",0.0,475.0,22.0,,5.05,1.55,0.338,3.88,0.234,0.097,0.533,22.0,1.0,4.8,83.7,4.85,starter,,-0.13,-4.4,,16.2,,3.0,1.182,0.693,1.875
691725,Andrew Painter,2025,A,14,pitching,,insufficient_sample,45 BF (need 60),0.0,45.0,4.0,,,,,,,,,,,,,,,,,,,,,,0.0,0.0,0.0
691728,Zac Veen,2021,A,14,hitting,,scored,479 PA,479.0,0.0,106.0,0.386,,,,,,,,,,,,,,0.191,,-13.1,0.1,16.4,-2.7,3.0,0.065,2.281,2.347
691728,Zac Veen,2022,AA,12,hitting,,scored,141 PA,141.0,0.0,34.0,0.23,,,,,,,,,,,,,,0.051,,-11.2,-0.7,4.8,-0.9,3.0,-0.798,0.954,0.0
691728,Zac Veen,2022,A+,13,hitting,,scored,400 PA,400.0,0.0,92.0,0.351,,,,,,,,,,,,,,0.157,,-9.4,4.8,13.7,-2.4,3.0,0.675,2.251,2.925
691728,Zac Veen,2023,AA,12,hitting,,scored,201 PA,201.0,0.0,46.0,0.276,,,,,,,,,,,,,,0.09,,-12.2,2.4,6.9,-1.2,3.0,-0.406,1.334,0.0
691728,Zac Veen,2024,AAA,11,hitting,,scored,92 PA,92.0,0.0,21.0,0.321,,,,,,,,,,,,,,0.124,,-1.9,0.6,3.1,-0.5,3.0,0.133,0.37,0.503
691728,Zac Veen,2024,AA,12,hitting,,scored,145 PA,145.0,0.0,36.0,0.354,,,,,,,,,,,,,,0.159,,-1.3,1.1,5.0,-0.9,2.5,0.378,0.727,1.105
691728,Zac Veen,2024,A+,13,hitting,,insufficient_sample,23 PA (need 40),23.0,0.0,5.0,,,,,,,,,,,,,,,,,,,,,,0.0,0.0,0.0
691728,Zac Veen,2024,ROK,16,hitting,,insufficient_sample,10 PA (need 40),10.0,0.0,3.0,,,,,,,,,,,,,,,,,,,,,,0.0,0.0,0.0
691728,Zac Veen,2025,AAA,11,hitting,yes,insufficient_sample,37 PA (need 40),37.0,0.0,8.0,,,,,,,,,,,,,,,,,,,,,,0.0,0.0,0.0
691730,Alejandro Rosario,2024,A+,13,pitching,,scored,"163 BF, 41.3 IP",0.0,163.0,8.0,,1.25,0.99,0.351,1.74,0.368,0.049,0.475,7.0,0.875,5.9,90.4,5.17,starter,,2.81,-0.5,,5.6,,1.1,0.505,0.292,0.797
691730,Alejandro Rosario,2024,A,14,pitching,,scored,"187 BF, 47.0 IP",0.0,187.0,10.0,,1.76,0.87,0.312,0.96,0.369,0.027,0.6,10.0,1.0,4.7,71.7,4.7,starter,,2.4,-4.5,,6.4,,-0.0,0.19,-0.003,0.186
691775,Ryan Clifford,2022,A,14,hitting,,scored,51 PA,51.0,0.0,12.0,0.363,,,,,,,,,,,,,,0.17,,-1.6,0.0,1.7,-0.7,3.0,-0.058,0.233,0.0
691775,Ryan Clifford,2022,ROK,16,hitting,,scored,50 PA,50.0,0.0,13.0,0.381,,,,,,,,,,,,,,0.193,,-2.4,0.1,1.7,-0.8,1.7,-0.139,0.095,-0.044
691775,Ryan Clifford,2023,A+,13,hitting,,scored,390 PA,390.0,0.0,90.0,0.352,,,,,,,,,,,,,,0.157,,-12.1,-0.0,13.3,-5.6,3.0,-0.429,2.189,0.0
691775,Ryan Clifford,2023,A,14,hitting,,scored,121 PA,121.0,0.0,25.0,0.421,,,,,,,,,,,,,,0.219,,-1.7,0.1,4.1,-1.5,2.7,0.095,0.484,0.579
691775,Ryan Clifford,2024,AA,12,hitting,,scored,405 PA,405.0,0.0,98.0,0.352,,,,,,,,,,,,,,0.157,,-4.3,-0.1,13.8,-6.0,3.0,0.339,2.409,2.748
691775,Ryan Clifford,2024,A+,13,hitting,,scored,136 PA,136.0,0.0,31.0,0.341,,,,,,,,,,,,,,0.15,,-4.1,0.1,4.6,-1.9,2.6,-0.122,0.638,0.0
691775,Ryan Clifford,2025,AAA,11,hitting,,scored,142 PA,142.0,0.0,34.0,0.336,,,,,,,,,,,,,,0.137,,-1.6,-0.2,4.9,-2.1,3.0,0.094,0.566,0.661
691775,Ryan Clifford,2025,AA,12,hitting,,scored,437 PA,437.0,0.0,105.0,0.362,,,,,,,,,,,,,,0.164,,-2.8,-0.0,14.9,-6.5,3.0,0.564,2.573,3.137
691775,Ryan Clifford,2026,AAA,11,hitting,,scored,402 PA,402.0,0.0,97.0,0.282,,,,,,,,,,,,,,0.092,,-18.9,0.6,13.7,-6.0,3.0,-1.052,1.642,0.0
691781,Brady House,2021,ROK,16,hitting,,scored,66 PA,66.0,0.0,16.0,0.412,,,,,,,,,,,,,,0.221,,-3.0,0.0,2.3,0.2,2.5,-0.052,0.189,0.0
691781,Brady House,2022,A,14,hitting,,scored,203 PA,203.0,0.0,45.0,0.326,,,,,,,,,,,,,,0.139,,-9.4,0.1,6.9,0.7,3.0,-0.162,0.926,0.0
691781,Brady House,2023,AA,12,hitting,,scored,148 PA,148.0,0.0,36.0,0.358,,,,,,,,,,,,,,0.159,,-2.1,-0.1,5.1,0.6,3.0,0.338,0.982,1.321
691781,Brady House,2023,A+,13,hitting,,scored,68 PA,68.0,0.0,16.0,0.388,,,,,,,,,,,,,,0.186,,-0.9,0.3,2.3,0.2,3.0,0.199,0.382,0.58
691781,Brady House,2023,A,14,hitting,,scored,158 PA,158.0,0.0,36.0,0.372,,,,,,,,,,,,,,0.178,,-5.5,0.3,5.4,0.6,2.5,0.078,0.602,0.68
691781,Brady House,2024,AAA,11,hitting,,scored,236 PA,236.0,0.0,54.0,0.283,,,,,,,,,,,,,,0.092,,-10.6,-0.2,8.1,0.8,3.0,-0.19,0.95,0.0
691781,Brady House,2024,AA,12,hitting,,scored,306 PA,306.0,0.0,75.0,0.319,,,,,,,,,,,,,,0.129,,-9.0,0.1,10.5,1.2,3.0,0.277,1.82,2.098
691781,Brady House,2025,AAA,11,hitting,yes,scored,283 PA,283.0,0.0,65.0,0.37,,,,,,,,,,,,,,0.165,,3.0,-0.3,9.7,1.0,3.0,1.337,1.129,2.465
691783,Jordan Lawlar,2021,ROK,16,hitting,,insufficient_sample,6 PA (need 40),6.0,0.0,2.0,,,,,,,,,,,,,,,,,,,,,,0.0,0.0,0.0
691783,Jordan Lawlar,2022,AA,12,hitting,,scored,97 PA,97.0,0.0,20.0,0.285,,,,,,,,,,,,,,0.097,,-4.7,-0.0,3.3,0.9,3.0,-0.047,0.656,0.0
691783,Jordan Lawlar,2022,A+,13,hitting,,scored,130 PA,130.0,0.0,30.0,0.373,,,,,,,,,,,,,,0.174,,-1.7,1.3,4.4,1.4,3.0,0.539,0.731,1.271
691783,Jordan Lawlar,2022,A,14,hitting,,scored,208 PA,208.0,0.0,44.0,0.443,,,,,,,,,,,,,,0.236,,0.3,1.5,7.1,2.0,2.6,1.1,0.833,1.933
691783,Jordan Lawlar,2022,ROK,16,hitting,,insufficient_sample,24 PA (need 40),24.0,0.0,6.0,,,,,,,,,,,,,,,,,,,,,,0.0,0.0,0.0
691783,Jordan Lawlar,2023,AAA,11,hitting,yes,scored,80 PA,80.0,0.0,16.0,0.44,,,,,,,,,,,,,,0.22,,4.0,0.1,2.7,0.7,3.0,0.759,0.339,1.098
691783,Jordan Lawlar,2023,AA,12,hitting,yes,scored,410 PA,410.0,0.0,89.0,0.364,,,,,,,,,,,,,,0.163,,-4.4,3.4,14.0,4.1,3.0,1.708,2.721,4.429
691785,Marcelo Mayer,2021,ROK,16,hitting,,scored,107 PA,107.0,0.0,26.0,0.359,,,,,,,,,,,,,,0.177,,-6.5,0.3,3.7,1.2,2.0,-0.133,0.248,0.0
691785,Marcelo Mayer,2022,A+,13,hitting,,scored,116 PA,116.0,0.0,25.0,0.36,,,,,,,,,,,,,,0.164,,-2.2,0.1,4.0,1.2,3.0,0.301,0.653,0.954
691785,Marcelo Mayer,2022,A,14,hitting,,scored,308 PA,308.0,0.0,66.0,0.39,,,,,,,,,,,,,,0.192,,-6.2,1.6,10.5,3.1,3.0,0.896,1.406,2.302
691785,Marcelo Mayer,2023,AA,12,hitting,,scored,190 PA,190.0,0.0,43.0,0.263,,,,,,,,,,,,,,0.08,,-12.8,-0.3,6.5,2.0,3.0,-0.465,1.261,0.0
691785,Marcelo Mayer,2023,A+,13,hitting,,scored,164 PA,164.0,0.0,35.0,0.379,,,,,,,,,,,,,,0.179,,-2.9,0.1,5.6,1.6,3.0,0.438,0.921,1.359
691785,Marcelo Mayer,2024,AA,12,hitting,,scored,335 PA,335.0,0.0,77.0,0.365,,,,,,,,,,,,,,0.168,,-1.0,1.2,11.4,3.6,3.0,1.519,1.993,3.512
691785,Marcelo Mayer,2025,AAA,11,hitting,yes,scored,193 PA,193.0,0.0,43.0,0.35,,,,,,,,,,,,,,0.148,,-0.5,0.3,6.6,2.0,3.0,0.84,0.77,1.61
692225,Kristian Campbell,2023,A+,13,hitting,,scored,55 PA,55.0,0.0,14.0,0.367,,,,,,,,,,,,,,0.169,,-1.3,-0.4,1.9,0.1,2.7,0.028,0.273,0.301
692225,Kristian Campbell,2023,ROK,16,hitting,,insufficient_sample,29 PA (need 40),29.0,0.0,8.0,,,,,,,,,,,,,,,,,,,,,,0.0,0.0,0.0
692225,Kristian Campbell,2024,AAA,11,hitting,,scored,85 PA,85.0,0.0,19.0,0.393,,,,,,,,,,,,,,0.183,,2.2,-0.0,2.9,0.1,3.0,0.518,0.342,0.86
692225,Kristian Campbell,2024,AA,12,hitting,,scored,255 PA,255.0,0.0,56.0,0.447,,,,,,,,,,,,,,0.235,,10.9,0.9,8.7,0.3,3.0,2.086,1.517,3.603
692225,Kristian Campbell,2024,A+,13,hitting,,scored,177 PA,177.0,0.0,40.0,0.415,,,,,,,,,,,,,,0.211,,0.9,0.1,6.0,0.2,1.6,0.731,0.496,1.226
692585,Yanquiel Fernández,2022,A,14,hitting,,scored,523 PA,523.0,0.0,112.0,0.36,,,,,,,,,,,,,,0.167,,-16.9,0.3,17.9,-2.9,3.0,-0.166,2.387,0.0
692585,Yanquiel Fernández,2023,AA,12,hitting,,scored,237 PA,237.0,0.0,56.0,0.271,,,,,,,,,,,,,,0.086,,-15.0,0.0,8.1,-1.5,3.0,-0.833,1.573,0.0
692585,Yanquiel Fernández,2023,A+,13,hitting,,scored,268 PA,268.0,0.0,58.0,0.396,,,,,,,,,,,,,,0.194,,-2.6,-0.1,9.2,-1.5,3.0,0.497,1.504,2.001
692585,Yanquiel Fernández,2023,A,14,hitting,,insufficient_sample,16 PA (need 40),16.0,0.0,3.0,,,,,,,,,,,,,,,,,,,,,,0.0,0.0,0.0
692585,Yanquiel Fernández,2024,AAA,11,hitting,,scored,138 PA,138.0,0.0,33.0,0.258,,,,,,,,,,,,,,0.071,,-8.5,0.0,4.7,-0.9,3.0,-0.462,0.556,0.0
692585,Yanquiel Fernández,2024,AA,12,hitting,,scored,346 PA,346.0,0.0,89.0,0.334,,,,,,,,,,,,,,0.141,,-7.2,0.1,11.8,-2.3,3.0,0.242,2.058,2.3
692585,Yanquiel Fernández,2025,AAA,11,hitting,yes,scored,271 PA,271.0,0.0,64.0,0.362,,,,,,,,,,,,,,0.158,,1.4,-0.3,9.3,-1.7,3.0,0.868,1.081,1.949
693049,Oscar Colás,2022,AAA,11,hitting,,insufficient_sample,33 PA (need 40),33.0,0.0,7.0,,,,,,,,,,,,,,,,,,,,,,0.0,0.0,0.0
693049,Oscar Colás,2022,AA,12,hitting,,scored,225 PA,225.0,0.0,51.0,0.391,,,,,,,,,,,,,,0.185,,2.6,-0.4,7.7,-1.3,1.2,0.852,0.631,1.483
693049,Oscar Colás,2022,A+,13,hitting,,scored,268 PA,268.0,0.0,59.0,0.363,,,,,,,,,,,,,,0.167,,-4.7,-0.1,9.2,-1.5,-0.2,0.277,-0.094,0.184
693304,Nick Gonzales,2021,A+,13,hitting,,scored,369 PA,369.0,0.0,80.0,0.402,,,,,,,,,,,,,,0.201,,-1.6,0.3,12.6,1.2,1.5,1.257,1.12,2.377
693304,Nick Gonzales,2022,AA,12,hitting,,scored,316 PA,316.0,0.0,71.0,0.358,,,,,,,,,,,,,,0.157,,-2.4,-0.2,10.8,1.1,1.9,0.935,1.378,2.313
693304,Nick Gonzales,2022,A,14,hitting,,insufficient_sample,4 PA (need 40),4.0,0.0,1.0,,,,,,,,,,,,,,,,,,,,,,0.0,0.0,0.0
693304,Nick Gonzales,2022,ROK,16,hitting,,insufficient_sample,7 PA (need 40),7.0,0.0,2.0,,,,,,,,,,,,,,,,,,,,,,0.0,0.0,0.0
693304,Nick Gonzales,2023,AAA,11,hitting,yes,scored,262 PA,262.0,0.0,57.0,0.355,,,,,,,,,,,,,,0.149,,-1.4,-0.8,9.0,0.9,3.0,0.762,1.11,1.872
693308,Nick Frasso,2021,A,14,pitching,,insufficient_sample,21 BF (need 60),0.0,21.0,3.0,,,,,,,,,,,,,,,,,,,,,,0.0,0.0,0.0
693308,Nick Frasso,2022,AA,12,pitching,,insufficient_sample,54 BF (need 60),0.0,54.0,4.0,,,,,,,,,,,,,,,,,,,,,,0.0,0.0,0.0
693308,Nick Frasso,2022,A+,13,pitching,,scored,"60 BF, 16.7 IP",0.0,60.0,5.0,,1.84,0.6,0.212,1.08,0.4,0.033,0.462,5.0,1.0,3.3,56.2,3.33,starter,,2.49,-0.1,,2.0,,-0.1,0.2,-0.011,0.189
693308,Nick Frasso,2022,A,14,pitching,,scored,"98 BF, 25.7 IP",0.0,98.0,7.0,,1.6,0.82,0.277,2.81,0.429,0.082,0.441,7.0,1.0,3.7,54.0,3.67,starter,,2.85,-1.1,,3.3,,-1.1,0.226,-0.155,0.071
693308,Nick Frasso,2023,AAA,11,pitching,,scored,"84 BF, 19.3 IP",0.0,84.0,4.0,,3.9,1.34,0.311,3.26,0.155,0.083,0.357,4.0,1.0,4.8,83.2,4.83,starter,,1.45,2.2,,2.9,,2.7,0.51,0.113,0.624
693308,Nick Frasso,2023,AA,12,pitching,,scored,"315 BF, 73.7 IP",0.0,315.0,21.0,,2.9,1.25,0.344,2.93,0.298,0.076,0.492,21.0,1.0,3.5,59.2,3.51,starter,,1.64,-0.7,,10.8,,0.3,1.01,0.097,1.107
693308,Nick Frasso,2025,AAA,11,pitching,,scored,"346 BF, 77.0 IP",0.0,346.0,43.0,,5.36,1.58,0.318,4.91,0.197,0.121,0.48,7.0,0.163,11.0,200.4,1.79,reliever,,-0.44,-5.2,,11.8,,0.8,0.658,0.126,0.784
693308,Nick Frasso,2026,AAA,11,pitching,,scored,"131 BF, 29.3 IP",0.0,131.0,25.0,,3.23,1.53,0.403,5.52,0.366,0.137,0.541,1.0,0.04,29.3,589.0,1.17,reliever,,1.86,4.1,,4.5,,-0.0,0.86,-0.003,0.858
693311,Tink Hence,2021,ROK,16,pitching,,insufficient_sample,41 BF (need 60),0.0,41.0,8.0,,,,,,,,,,,,,,,,,,,,,,0.0,0.0,0.0
693311,Tink Hence,2022,A,14,pitching,,scored,"195 BF, 52.3 IP",0.0,195.0,16.0,,1.89,0.88,0.309,2.58,0.415,0.077,0.552,16.0,1.0,3.3,50.6,3.27,starter,,2.56,-3.0,,6.7,,2.7,0.362,0.766,1.128
693311,Tink Hence,2023,AA,12,pitching,,scored,"239 BF, 54.3 IP",0.0,239.0,12.0,,4.77,1.51,0.342,3.64,0.222,0.092,0.49,12.0,1.0,4.5,77.4,4.53,starter,,-0.23,-8.2,,8.2,,3.0,-0.001,0.616,0.0
693311,Tink Hence,2023,A+,13,pitching,,scored,"165 BF, 41.7 IP",0.0,165.0,11.0,,3.6,1.1,0.294,2.59,0.279,0.073,0.472,11.0,1.0,3.8,60.5,3.79,starter,,0.72,-6.5,,5.6,,2.8,-0.083,0.741,0.0
693311,Tink Hence,2024,AA,12,pitching,,scored,"320 BF, 79.7 IP",0.0,320.0,20.0,,2.46,1.07,0.303,2.94,0.341,0.081,0.488,20.0,1.0,4.0,66.3,3.98,starter,,1.48,-3.6,,10.9,,3.0,0.738,0.903,1.641
693311,Tink Hence,2025,AA,12,pitching,,insufficient_sample,42 BF (need 60),0.0,42.0,3.0,,,,,,,,,,,,,,,,,,,,,,0.0,0.0,0.0
693311,Tink Hence,2025,A+,13,pitching,,insufficient_sample,15 BF (need 60),0.0,15.0,1.0,,,,,,,,,,,,,,,,,,,,,,0.0,0.0,0.0
693311,Tink Hence,2025,A,14,pitching,,insufficient_sample,24 BF (need 60),0.0,24.0,3.0,,,,,,,,,,,,,,,,,,,,,,0.0,0.0,0.0
693311,Tink Hence,2025,ROK,16,pitching,,insufficient_sample,5 BF (need 60),0.0,5.0,1.0,,,,,,,,,,,,,,,,,,,,,,0.0,0.0,0.0
693311,Tink Hence,2026,AAA,11,pitching,,scored,"99 BF, 20.3 IP",0.0,99.0,19.0,,7.36,1.82,0.283,7.97,0.202,0.182,0.615,3.0,0.158,6.8,130.3,1.07,reliever,,-2.27,-4.4,,3.4,,3.0,-0.104,0.132,0.0
694183,Cristian Hernández,2022,ROK,16,hitting,,scored,175 PA,175.0,0.0,44.0,0.298,,,,,,,,,,,,,,0.124,,-12.6,-0.0,6.0,1.4,2.1,-0.528,0.411,-0.117
694183,Cristian Hernández,2023,A,14,hitting,,scored,431 PA,431.0,0.0,106.0,0.273,,,,,,,,,,,,,,0.096,,-32.3,1.6,14.7,3.3,3.0,-1.263,1.951,0.0
694183,Cristian Hernández,2024,A+,13,hitting,,scored,99 PA,99.0,0.0,23.0,0.289,,,,,,,,,,,,,,0.107,,-5.5,0.1,3.4,0.7,3.0,-0.127,0.53,0.0
694183,Cristian Hernández,2024,A,14,hitting,,scored,414 PA,414.0,0.0,95.0,0.349,,,,,,,,,,,,,,0.159,,-16.1,2.6,14.1,2.9,1.9,0.361,1.146,1.507
694183,Cristian Hernández,2025,A+,13,hitting,,scored,507 PA,507.0,0.0,115.0,0.307,,,,,,,,,,,,,,0.12,,-24.6,3.9,17.3,3.5,2.1,0.021,1.852,1.873
694183,Cristian Hernández,2026,AA,12,hitting,,scored,353 PA,353.0,0.0,86.0,0.325,,,,,,,,,,,,,,0.133,,-9.9,1.2,12.1,2.7,2.7,0.598,2.203,2.8
694192,Jackson Chourio,2022,AA,12,hitting,,insufficient_sample,26 PA (need 40),26.0,0.0,6.0,,,,,,,,,,,,,,,,,,,,,,0.0,0.0,0.0
694192,Jackson Chourio,2022,A+,13,hitting,,scored,142 PA,142.0,0.0,31.0,0.342,,,,,,,,,,,,,,0.148,,-4.0,0.2,4.9,-0.8,3.0,0.027,0.799,0.826
694192,Jackson Chourio,2022,A,14,hitting,,scored,271 PA,271.0,0.0,62.0,0.407,,,,,,,,,,,,,,0.207,,-3.5,0.6,9.3,-1.6,3.0,0.471,1.237,1.707
694192,Jackson Chourio,2023,AAA,11,hitting,,insufficient_sample,24 PA (need 40),24.0,0.0,6.0,,,,,,,,,,,,,,,,,,,,,,0.0,0.0,0.0
694192,Jackson Chourio,2023,AA,12,hitting,,scored,559 PA,559.0,0.0,122.0,0.345,,,,,,,,,,,,,,0.148,,-12.0,3.3,19.1,-3.2,3.0,0.728,3.71,4.438
694194,Miguel Bleis,2022,ROK,16,hitting,,scored,167 PA,167.0,0.0,40.0,0.378,,,,,,,,,,,,,,0.191,,-8.3,0.8,5.7,-1.0,2.3,-0.279,0.433,0.0
694194,Miguel Bleis,2023,A,14,hitting,,scored,142 PA,142.0,0.0,31.0,0.264,,,,,,,,,,,,,,0.089,,-11.1,0.3,4.9,-0.8,3.0,-0.679,0.643,-0.036
694194,Miguel Bleis,2024,A+,13,hitting,,scored,234 PA,234.0,0.0,52.0,0.26,,,,,,,,,,,,,,0.082,,-16.2,1.8,8.0,-1.3,3.0,-0.773,1.252,0.0
694194,Miguel Bleis,2024,A,14,hitting,,scored,195 PA,195.0,0.0,43.0,0.33,,,,,,,,,,,,,,0.144,,-9.0,0.2,6.7,-1.1,2.1,-0.332,0.601,0.0
694194,Miguel Bleis,2025,AA,12,hitting,,scored,118 PA,118.0,0.0,30.0,0.248,,,,,,,,,,,,,,0.069,,-8.4,0.4,4.0,-0.8,3.0,-0.475,0.695,0.0
694194,Miguel Bleis,2025,A+,13,hitting,,scored,325 PA,325.0,0.0,77.0,0.32,,,,,,,,,,,,,,0.131,,-13.8,1.4,11.1,-2.0,2.3,-0.329,1.312,0.0
694194,Miguel Bleis,2026,AA,12,hitting,,scored,310 PA,310.0,0.0,79.0,0.28,,,,,,,,,,,,,,0.096,,-16.6,0.8,10.6,-2.0,2.9,-0.722,2.09,0.0
694197,Angel Genao,2022,A,14,hitting,,insufficient_sample,33 PA (need 40),33.0,0.0,8.0,,,,,,,,,,,,,,,,,,,,,,0.0,0.0,0.0
694197,Angel Genao,2022,ROK,16,hitting,,scored,171 PA,171.0,0.0,38.0,0.358,,,,,,,,,,,,,,0.174,,-9.5,-0.0,5.8,1.8,2.5,-0.187,0.485,0.0
694197,Angel Genao,2023,A,14,hitting,,scored,316 PA,316.0,0.0,72.0,0.323,,,,,,,,,,,,,,0.137,,-17.2,-0.0,10.8,3.3,3.0,-0.313,1.43,0.0
694197,Angel Genao,2024,A+,13,hitting,,scored,300 PA,300.0,0.0,66.0,0.363,,,,,,,,,,,,,,0.168,,-5.9,1.0,10.2,3.1,3.0,0.843,1.605,2.448
694197,Angel Genao,2024,A,14,hitting,,scored,196 PA,196.0,0.0,44.0,0.394,,,,,,,,,,,,,,0.197,,-4.0,0.6,6.7,2.0,2.4,0.527,0.665,1.192
694197,Angel Genao,2025,AA,12,hitting,,scored,341 PA,341.0,0.0,77.0,0.301,,,,,,,,,,,,,,0.113,,-14.0,0.8,11.7,3.6,3.0,0.205,2.008,2.213
694197,Angel Genao,2025,ROK,16,hitting,,insufficient_sample,32 PA (need 40),32.0,0.0,8.0,,,,,,,,,,,,,,,,,,,,,,0.0,0.0,0.0
694197,Angel Genao,2026,AAA,11,hitting,,scored,294 PA,294.0,0.0,69.0,0.368,,,,,,,,,,,,,,0.163,,2.5,-0.0,10.0,3.2,3.0,1.576,1.201,2.777
694197,Angel Genao,2026,AA,12,hitting,,scored,110 PA,110.0,0.0,24.0,0.371,,,,,,,,,,,,,,0.171,,-0.3,0.3,3.8,1.1,3.0,0.489,0.768,1.257
694208,Moisés Ballesteros,2022,A,14,hitting,,scored,129 PA,129.0,0.0,31.0,0.328,,,,,,,,,,,,,,0.141,,-5.9,-0.2,4.4,2.4,3.0,0.074,0.589,0.663
694208,Moisés Ballesteros,2022,ROK,16,hitting,,scored,110 PA,110.0,0.0,32.0,0.379,,,,,,,,,,,,,,0.191,,-5.4,0.0,3.8,2.5,2.0,0.08,0.247,0.326
694208,Moisés Ballesteros,2023,AA,12,hitting,,insufficient_sample,22 PA (need 40),22.0,0.0,5.0,,,,,,,,,,,,,,,,,,,,,,0.0,0.0,0.0
694208,Moisés Ballesteros,2023,A+,13,hitting,,scored,231 PA,231.0,0.0,56.0,0.352,,,,,,,,,,,,,,0.157,,-7.1,0.2,7.9,4.3,3.0,0.532,1.297,1.829
694208,Moisés Ballesteros,2023,A,14,hitting,,scored,241 PA,241.0,0.0,56.0,0.372,,,,,,,,,,,,,,0.178,,-8.4,0.5,8.2,4.3,3.0,0.469,1.075,1.544
694208,Moisés Ballesteros,2024,AAA,11,hitting,,scored,285 PA,285.0,0.0,68.0,0.343,,,,,,,,,,,,,,0.142,,-1.8,-0.3,9.7,5.2,3.0,1.29,1.147,2.438
694208,Moisés Ballesteros,2024,AA,12,hitting,,scored,223 PA,223.0,0.0,56.0,0.37,,,,,,,,,,,,,,0.171,,-0.1,0.1,7.6,4.3,3.0,1.194,1.326,2.521
694208,Moisés Ballesteros,2025,AAA,11,hitting,yes,scored,150 PA,150.0,0.0,34.0,0.406,,,,,,,,,,,,,,0.195,,5.1,0.1,5.1,2.6,3.0,1.299,0.598,1.898
694212,Samuel Basallo,2022,ROK,16,hitting,,scored,180 PA,180.0,0.0,43.0,0.337,,,,,,,,,,,,,,0.157,,-11.0,0.1,6.1,0.0,2.8,-0.477,0.558,0.0
694212,Samuel Basallo,2023,AA,12,hitting,,insufficient_sample,16 PA (need 40),16.0,0.0,4.0,,,,,,,,,,,,,,,,,,,,,,0.0,0.0,0.0
694212,Samuel Basallo,2023,A+,13,hitting,,scored,115 PA,115.0,0.0,27.0,0.465,,,,,,,,,,,,,,0.251,,2.7,0.1,3.9,0.0,3.0,0.676,0.645,1.322
694212,Samuel Basallo,2023,A,14,hitting,,scored,352 PA,352.0,0.0,83.0,0.381,,,,,,,,,,,,,,0.186,,-10.8,0.1,12.0,0.0,3.0,0.132,1.593,1.725
694212,Samuel Basallo,2024,AAA,11,hitting,,scored,86 PA,86.0,0.0,21.0,0.277,,,,,,,,,,,,,,0.087,,-4.2,0.2,2.9,0.0,3.0,-0.113,0.346,0.0
694212,Samuel Basallo,2024,AA,12,hitting,,scored,446 PA,446.0,0.0,106.0,0.353,,,,,,,,,,,,,,0.157,,-4.4,-0.2,15.2,0.0,3.0,1.063,2.653,3.716
694212,Samuel Basallo,2025,AAA,11,hitting,yes,scored,321 PA,321.0,0.0,76.0,0.403,,,,,,,,,,,,,,0.192,,10.2,0.0,11.0,0.0,3.0,2.119,1.28,3.399
694224,Gabriel Gonzalez,2022,A,14,hitting,,scored,150 PA,150.0,0.0,32.0,0.357,,,,,,,,,,,,,,0.165,,-5.0,0.2,5.1,-0.8,3.0,-0.053,0.685,0.0
694224,Gabriel Gonzalez,2022,ROK,16,hitting,,scored,140 PA,140.0,0.0,35.0,0.418,,,,,,,,,,,,,,0.224,,-5.4,-0.1,4.8,-0.9,2.2,-0.156,0.338,0.0
694224,Gabriel Gonzalez,2023,A+,13,hitting,,scored,200 PA,200.0,0.0,43.0,0.297,,,,,,,,,,,,,,0.111,,-11.5,0.2,6.8,-1.1,3.0,-0.555,1.123,0.0
694224,Gabriel Gonzalez,2023,A,14,hitting,,scored,335 PA,335.0,0.0,73.0,0.398,,,,,,,,,,,,,,0.2,,-8.1,0.8,11.4,-1.9,3.0,0.227,1.516,1.743
694224,Gabriel Gonzalez,2024,A+,13,hitting,,scored,315 PA,315.0,0.0,76.0,0.312,,,,,,,,,,,,,,0.125,,-14.0,-0.1,10.8,-2.0,3.0,-0.53,1.685,0.0
694224,Gabriel Gonzalez,2024,ROK,16,hitting,,insufficient_sample,22 PA (need 40),22.0,0.0,5.0,,,,,,,,,,,,,,,,,,,,,,0.0,0.0,0.0
694224,Gabriel Gonzalez,2025,AAA,11,hitting,,scored,148 PA,148.0,0.0,34.0,0.365,,,,,,,,,,,,,,0.161,,1.1,-0.3,5.1,-0.9,3.0,0.495,0.59,1.086
694224,Gabriel Gonzalez,2025,AA,12,hitting,,scored,246 PA,246.0,0.0,55.0,0.407,,,,,,,,,,,,,,0.201,,4.6,0.4,8.4,-1.4,3.0,1.195,1.449,2.644
694224,Gabriel Gonzalez,2025,A+,13,hitting,,scored,156 PA,156.0,0.0,34.0,0.384,,,,,,,,,,,,,,0.184,,-1.7,0.1,5.3,-0.9,2.1,0.283,0.587,0.869
694224,Gabriel Gonzalez,2026,AAA,11,hitting,yes,scored,197 PA,197.0,0.0,44.0,0.299,,,,,,,,,,,,,,0.106,,-7.0,-1.3,6.7,-1.1,3.0,-0.272,0.805,0.0
694297,Brandon Pfaadt,2021,AA,12,pitching,,scored,"142 BF, 33.3 IP",0.0,142.0,6.0,,6.71,1.32,0.291,1.89,0.254,0.049,0.344,6.0,1.0,5.6,88.8,5.56,starter,,-2.34,-10.7,,4.9,,2.4,-0.584,0.301,-0.283
694297,Brandon Pfaadt,2021,A+,13,pitching,,scored,"227 BF, 58.0 IP",0.0,227.0,9.0,,3.49,0.91,0.246,2.17,0.295,0.062,0.433,9.0,1.0,6.4,93.2,6.44,starter,,1.1,-6.2,,7.8,,0.9,0.155,0.344,0.498
694297,Brandon Pfaadt,2021,A,14,pitching,,scored,"160 BF, 40.3 IP",0.0,160.0,7.0,,3.36,0.89,0.267,1.56,0.356,0.044,0.47,7.0,1.0,5.8,81.7,5.76,starter,,1.28,-5.9,,5.5,,-0.1,-0.043,-0.031,-0.073
694297,Brandon Pfaadt,2022,AAA,11,pitching,,scored,"242 BF, 61.7 IP",0.0,242.0,10.0,,3.94,0.99,0.27,2.04,0.306,0.058,0.375,10.0,1.0,6.2,89.3,6.17,starter,,0.95,4.2,,8.3,,3.0,1.248,0.401,1.649
694297,Brandon Pfaadt,2022,AA,12,pitching,,scored,"447 BF, 105.3 IP",0.0,447.0,19.0,,4.03,1.25,0.372,1.62,0.322,0.043,0.403,19.0,1.0,5.5,87.9,5.54,starter,,0.65,-4.1,,15.3,,1.3,1.121,0.525,1.647
694297,Brandon Pfaadt,2023,AAA,11,pitching,yes,scored,"105 BF, 25.3 IP",0.0,105.0,5.0,,4.72,1.18,0.302,2.13,0.286,0.057,0.432,5.0,1.0,5.1,86.0,5.07,starter,,0.63,1.1,,3.6,,2.7,0.471,0.148,0.619
694351,Jacob Berry,2022,A,14,hitting,,scored,148 PA,148.0,0.0,33.0,0.332,,,,,,,,,,,,,,0.144,,-6.4,-0.1,5.1,-0.5,1.4,-0.2,0.323,0.0
694351,Jacob Berry,2022,ROK,16,hitting,,insufficient_sample,18 PA (need 40),18.0,0.0,4.0,,,,,,,,,,,,,,,,,,,,,,0.0,0.0,0.0
694351,Jacob Berry,2023,AA,12,hitting,,scored,123 PA,123.0,0.0,28.0,0.318,,,,,,,,,,,,,,0.125,,-4.5,0.7,4.2,-0.4,2.9,-0.007,0.788,0.0
694351,Jacob Berry,2023,A+,13,hitting,,scored,345 PA,345.0,0.0,79.0,0.28,,,,,,,,,,,,,,0.097,,-22.6,0.3,11.8,-1.2,1.5,-1.17,0.972,-0.198
694351,Jacob Berry,2024,AAA,11,hitting,,scored,103 PA,103.0,0.0,25.0,0.295,,,,,,,,,,,,,,0.102,,-3.9,0.3,3.5,-0.4,3.0,-0.043,0.415,0.0
694351,Jacob Berry,2024,AA,12,hitting,,scored,425 PA,425.0,0.0,104.0,0.295,,,,,,,,,,,,,,0.109,,-18.3,1.1,14.5,-1.6,1.9,-0.426,1.621,0.0
694351,Jacob Berry,2025,AAA,11,hitting,,scored,469 PA,469.0,0.0,123.0,0.327,,,,,,,,,,,,,,0.129,,-8.2,1.7,16.0,-1.9,3.0,0.758,1.87,2.628
694351,Jacob Berry,2026,AAA,11,hitting,,scored,302 PA,302.0,0.0,72.0,0.329,,,,,,,,,,,,,,0.131,,-5.0,0.6,10.3,-1.1,2.5,0.478,1.03,1.508
694357,Ricky Tiedemann,2022,AA,12,pitching,,insufficient_sample,41 BF (need 60),0.0,41.0,4.0,,,,,,,,,,,,,,,,,,,,,,0.0,0.0,0.0
694357,Ricky Tiedemann,2022,A+,13,pitching,,scored,"150 BF, 37.7 IP",0.0,150.0,8.0,,2.83,0.93,0.276,2.87,0.36,0.08,0.527,8.0,1.0,4.7,75.4,4.71,starter,,1.49,-2.5,,5.1,,3.0,0.258,0.728,0.987
694357,Ricky Tiedemann,2022,A,14,pitching,,scored,"110 BF, 30.0 IP",0.0,110.0,6.0,,2.38,0.8,0.217,3.9,0.445,0.118,0.5,6.0,1.0,5.0,69.8,5.0,starter,,2.07,-2.6,,3.8,,2.7,0.12,0.444,0.565
694357,Ricky Tiedemann,2023,AAA,11,pitching,,insufficient_sample,14 BF (need 60),0.0,14.0,1.0,,,,,,,,,,,,,,,,,,,,,,0.0,0.0,0.0
694357,Ricky Tiedemann,2023,AA,12,pitching,,scored,"146 BF, 32.0 IP",0.0,146.0,11.0,,2.33,1.5,0.422,5.62,0.397,0.137,0.553,11.0,1.0,2.9,55.3,2.91,starter,,2.21,1.1,,5.0,,3.0,0.608,0.363,0.971
694357,Ricky Tiedemann,2023,A,14,pitching,,insufficient_sample,20 BF (need 60),0.0,20.0,2.0,,,,,,,,,,,,,,,,,,,,,,0.0,0.0,0.0
694357,Ricky Tiedemann,2023,ROK,16,pitching,,insufficient_sample,6 BF (need 60),0.0,6.0,1.0,,,,,,,,,,,,,,,,,,,,,,0.0,0.0,0.0
694357,Ricky Tiedemann,2024,AAA,11,pitching,,insufficient_sample,49 BF (need 60),0.0,49.0,4.0,,,,,,,,,,,,,,,,,,,,,,0.0,0.0,0.0
694357,Ricky Tiedemann,2024,A,14,pitching,,insufficient_sample,29 BF (need 60),0.0,29.0,3.0,,,,,,,,,,,,,,,,,,,,,,0.0,0.0,0.0
694357,Ricky Tiedemann,2024,ROK,16,pitching,,insufficient_sample,5 BF (need 60),0.0,5.0,1.0,,,,,,,,,,,,,,,,,,,,,,0.0,0.0,0.0
694357,Ricky Tiedemann,2026,A,14,pitching,,insufficient_sample,7 BF (need 60),0.0,7.0,2.0,,,,,,,,,,,,,,,,,,,,,,0.0,0.0,0.0
694357,Ricky Tiedemann,2026,ROK,16,pitching,,insufficient_sample,8 BF (need 60),0.0,8.0,2.0,,,,,,,,,,,,,,,,,,,,,,0.0,0.0,0.0
694358,Tekoah Roby,2021,A,14,pitching,,scored,"90 BF, 22.0 IP",0.0,90.0,6.0,,2.75,0.95,0.295,2.86,0.389,0.078,0.484,6.0,1.0,3.7,60.0,3.67,starter,,1.89,-2.5,,3.1,,2.8,0.059,0.334,0.393
694358,Tekoah Roby,2022,A+,13,pitching,,scored,"444 BF, 104.7 IP",0.0,444.0,22.0,,4.71,1.24,0.298,3.01,0.284,0.079,0.467,21.0,0.955,5.0,80.0,4.76,starter,,-0.38,-19.7,,15.2,,2.8,-0.451,1.9,0.0
694358,Tekoah Roby,2023,AA,12,pitching,,scored,"239 BF, 58.3 IP",0.0,239.0,14.0,,3.33,1.2,0.333,2.31,0.289,0.063,0.469,14.0,1.0,4.2,64.4,4.17,starter,,1.21,-2.4,,8.2,,3.0,0.575,0.661,1.236
694358,Tekoah Roby,2024,AA,12,pitching,,scored,"154 BF, 33.3 IP",0.0,154.0,7.0,,6.54,1.65,0.34,3.24,0.214,0.078,0.422,7.0,1.0,4.8,79.1,4.76,starter,,-2.61,-11.8,,5.3,,2.3,-0.651,0.289,-0.362
694358,Tekoah Roby,2024,A,14,pitching,,insufficient_sample,22 BF (need 60),0.0,22.0,3.0,,,,,,,,,,,,,,,,,,,,,,0.0,0.0,0.0
694358,Tekoah Roby,2025,AAA,11,pitching,,scored,"133 BF, 31.3 IP",0.0,133.0,6.0,,4.15,1.31,0.322,2.3,0.226,0.06,0.492,6.0,1.0,5.2,81.3,5.22,starter,,0.77,1.1,,4.5,,3.0,0.568,0.204,0.772
694358,Tekoah Roby,2025,AA,12,pitching,,scored,"183 BF, 47.0 IP",0.0,183.0,10.0,,2.76,0.96,0.275,2.11,0.311,0.06,0.5,10.0,1.0,4.7,67.2,4.7,starter,,1.16,-3.6,,6.3,,1.4,0.262,0.243,0.504
694371,Tommy Troy,2023,A+,13,hitting,,scored,99 PA,99.0,0.0,23.0,0.343,,,,,,,,,,,,,,0.149,,-3.5,0.9,3.4,-0.4,2.2,0.044,0.409,0.453
694371,Tommy Troy,2023,ROK,16,hitting,,insufficient_sample,16 PA (need 40),16.0,0.0,4.0,,,,,,,,,,,,,,,,,,,,,,0.0,0.0,0.0
694371,Tommy Troy,2024,A+,13,hitting,,scored,288 PA,288.0,0.0,65.0,0.298,,,,,,,,,,,,,,0.114,,-14.6,0.7,9.8,-1.0,1.1,-0.514,0.579,0.0
694371,Tommy Troy,2024,ROK,16,hitting,,insufficient_sample,26 PA (need 40),26.0,0.0,7.0,,,,,,,,,,,,,,,,,,,,,,0.0,0.0,0.0
694371,Tommy Troy,2025,AAA,11,hitting,,scored,182 PA,182.0,0.0,38.0,0.356,,,,,,,,,,,,,,0.153,,0.2,0.1,6.2,-0.6,3.0,0.603,0.726,1.328
694371,Tommy Troy,2025,AA,12,hitting,,scored,399 PA,399.0,0.0,87.0,0.368,,,,,,,,,,,,,,0.169,,-1.4,1.7,13.6,-1.3,1.7,1.266,1.329,2.595
694371,Tommy Troy,2026,AAA,11,hitting,yes,scored,205 PA,205.0,0.0,44.0,0.37,,,,,,,,,,,,,,0.165,,2.1,0.6,7.0,-0.7,3.0,0.903,0.837,1.74
694377,Nick Yorke,2021,A+,13,hitting,,scored,96 PA,96.0,0.0,21.0,0.414,,,,,,,,,,,,,,0.211,,0.1,-0.0,3.3,0.3,3.0,0.374,0.57,0.944
694377,Nick Yorke,2021,A,14,hitting,,scored,346 PA,346.0,0.0,76.0,0.392,,,,,,,,,,,,,,0.196,,-8.6,-0.5,11.8,1.2,3.0,0.382,1.648,2.029
694377,Nick Yorke,2022,A+,13,hitting,,scored,373 PA,373.0,0.0,80.0,0.295,,,,,,,,,,,,,,0.11,,-18.9,-0.0,12.7,1.2,3.0,-0.499,2.099,0.0
694377,Nick Yorke,2023,AA,12,hitting,,scored,506 PA,506.0,0.0,110.0,0.341,,,,,,,,,,,,,,0.144,,-12.1,1.1,17.3,1.7,3.0,0.798,3.358,4.156
694377,Nick Yorke,2024,AAA,11,hitting,yes,scored,344 PA,344.0,0.0,78.0,0.397,,,,,,,,,,,,,,0.187,,9.9,0.4,11.8,1.2,3.0,2.328,1.385,3.713
694377,Nick Yorke,2024,AA,12,hitting,yes,scored,197 PA,197.0,0.0,45.0,0.306,,,,,,,,,,,,,,0.118,,-7.2,0.5,6.7,0.7,2.8,0.073,1.106,1.179
694384,Nolan Schanuel,2023,AA,12,hitting,yes,scored,76 PA,76.0,0.0,17.0,0.417,,,,,,,,,,,,,,0.207,,1.5,0.1,2.6,-1.3,3.0,0.289,0.504,0.793
694384,Nolan Schanuel,2023,A,14,hitting,yes,insufficient_sample,9 PA (need 40),9.0,0.0,2.0,,,,,,,,,,,,,,,,,,,,,,0.0,0.0,0.0
694384,Nolan Schanuel,2023,ROK,16,hitting,yes,insufficient_sample,12 PA (need 40),12.0,0.0,3.0,,,,,,,,,,,,,,,,,,,,,,0.0,0.0,0.0
694462,Hurston Waldrep,2023,AAA,11,pitching,,insufficient_sample,20 BF (need 60),0.0,20.0,1.0,,,,,,,,,,,,,,,,,,,,,,0.0,0.0,0.0
694462,Hurston Waldrep,2023,AA,12,pitching,,insufficient_sample,45 BF (need 60),0.0,45.0,3.0,,,,,,,,,,,,,,,,,,,,,,0.0,0.0,0.0
694462,Hurston Waldrep,2023,A+,13,pitching,,insufficient_sample,45 BF (need 60),0.0,45.0,3.0,,,,,,,,,,,,,,,,,,,,,,0.0,0.0,0.0
694462,Hurston Waldrep,2023,A,14,pitching,,insufficient_sample,13 BF (need 60),0.0,13.0,1.0,,,,,,,,,,,,,,,,,,,,,,0.0,0.0,0.0
694462,Hurston Waldrep,2024,AAA,11,pitching,yes,insufficient_sample,24 BF (need 60),0.0,24.0,1.0,,,,,,,,,,,,,,,,,,,,,,0.0,0.0,0.0
694462,Hurston Waldrep,2024,AA,12,pitching,yes,scored,"214 BF, 49.3 IP",0.0,214.0,9.0,,3.04,1.4,0.345,3.1,0.224,0.079,0.463,9.0,1.0,5.5,85.3,5.48,starter,,0.9,-4.4,,7.3,,2.7,0.295,0.512,0.807
694497,Evan Carter,2021,A,14,hitting,,scored,146 PA,146.0,0.0,32.0,0.376,,,,,,,,,,,,,,0.183,,-4.6,0.4,5.0,-0.8,3.0,-0.008,0.695,0.0
694497,Evan Carter,2022,AA,12,hitting,,insufficient_sample,28 PA (need 40),28.0,0.0,6.0,,,,,,,,,,,,,,,,,,,,,,0.0,0.0,0.0
694497,Evan Carter,2022,A+,13,hitting,,scored,447 PA,447.0,0.0,100.0,0.373,,,,,,,,,,,,,,0.175,,-5.8,0.2,15.3,-2.6,3.0,0.706,2.515,3.221
694497,Evan Carter,2023,AAA,11,hitting,yes,insufficient_sample,39 PA (need 40),39.0,0.0,8.0,,,,,,,,,,,,,,,,,,,,,,0.0,0.0,0.0
694497,Evan Carter,2023,AA,12,hitting,yes,scored,462 PA,462.0,0.0,97.0,0.378,,,,,,,,,,,,,,0.176,,-1.1,0.2,15.8,-2.5,3.0,1.236,3.066,4.302
694497,Evan Carter,2023,ROK,16,hitting,yes,insufficient_sample,12 PA (need 40),12.0,0.0,3.0,,,,,,,,,,,,,,,,,,,,,,0.0,0.0,0.0
694633,Chase Hampton,2023,AA,12,pitching,,scored,"248 BF, 59.7 IP",0.0,248.0,11.0,,4.0,1.26,0.305,3.17,0.274,0.085,0.381,11.0,1.0,5.4,87.8,5.42,starter,,0.54,-5.5,,8.5,,3.0,0.296,0.676,0.972
694633,Chase Hampton,2023,A+,13,pitching,,scored,"190 BF, 47.0 IP",0.0,190.0,9.0,,2.75,1.0,0.283,3.06,0.405,0.084,0.394,9.0,1.0,5.2,83.8,5.22,starter,,1.57,-4.7,,6.5,,1.8,0.177,0.534,0.711
694633,Chase Hampton,2024,AA,12,pitching,,insufficient_sample,24 BF (need 60),0.0,24.0,2.0,,,,,,,,,,,,,,,,,,,,,,0.0,0.0,0.0
694633,Chase Hampton,2024,A,14,pitching,,insufficient_sample,36 BF (need 60),0.0,36.0,3.0,,,,,,,,,,,,,,,,,,,,,,0.0,0.0,0.0
694633,Chase Hampton,2024,ROK,16,pitching,,insufficient_sample,16 BF (need 60),0.0,16.0,2.0,,,,,,,,,,,,,,,,,,,,,,0.0,0.0,0.0
694633,Chase Hampton,2026,AA,12,pitching,,scored,"122 BF, 25.3 IP",0.0,122.0,7.0,,5.16,1.93,0.347,7.82,0.213,0.18,0.468,7.0,1.0,3.6,63.7,3.62,starter,,-0.33,-3.1,,4.2,,0.3,0.103,0.032,0.135
694633,Chase Hampton,2026,A+,13,pitching,,insufficient_sample,48 BF (need 60),0.0,48.0,3.0,,,,,,,,,,,,,,,,,,,,,,0.0,0.0,0.0
694633,Chase Hampton,2026,A,14,pitching,,insufficient_sample,36 BF (need 60),0.0,36.0,3.0,,,,,,,,,,,,,,,,,,,,,,0.0,0.0,0.0
694671,Wyatt Langford,2023,AAA,11,hitting,,insufficient_sample,26 PA (need 40),26.0,0.0,5.0,,,,,,,,,,,,,,,,,,,,,,0.0,0.0,0.0
694671,Wyatt Langford,2023,AA,12,hitting,,scored,54 PA,54.0,0.0,12.0,0.523,,,,,,,,,,,,,,0.295,,4.3,-0.4,1.8,0.6,3.0,0.625,0.358,0.984
694671,Wyatt Langford,2023,A+,13,hitting,,scored,106 PA,106.0,0.0,24.0,0.46,,,,,,,,,,,,,,0.246,,2.2,0.6,3.6,1.1,2.0,0.753,0.404,1.157
694671,Wyatt Langford,2023,ROK,16,hitting,,insufficient_sample,14 PA (need 40),14.0,0.0,3.0,,,,,,,,,,,,,,,,,,,,,,0.0,0.0,0.0
694813,Gavin Stone,2021,A+,13,pitching,,scored,"83 BF, 21.0 IP",0.0,83.0,5.0,,2.22,1.1,0.41,2.14,0.446,0.06,0.696,5.0,1.0,4.2,66.2,4.2,starter,,2.36,-0.5,,2.8,,0.9,0.229,0.124,0.354
694813,Gavin Stone,2021,A,14,pitching,,scored,"295 BF, 70.0 IP",0.0,295.0,18.0,,2.92,1.27,0.381,2.57,0.342,0.068,0.519,17.0,0.944,4.1,66.7,3.89,starter,,1.72,-8.6,,10.1,,-0.1,0.152,-0.054,0.098
694813,Gavin Stone,2022,AAA,11,pitching,,scored,"93 BF, 23.3 IP",0.0,93.0,6.0,,2.63,0.94,0.265,3.09,0.355,0.086,0.5,6.0,1.0,3.9,58.7,3.89,starter,,2.26,4.2,,3.2,,3.0,0.742,0.152,0.894
694813,Gavin Stone,2022,AA,12,pitching,,scored,"303 BF, 73.3 IP",0.0,303.0,14.0,,2.05,1.21,0.356,3.68,0.353,0.099,0.505,13.0,0.929,5.6,92.3,5.24,starter,,2.63,8.1,,10.4,,1.3,1.849,0.366,2.215
694813,Gavin Stone,2022,A+,13,pitching,,scored,"100 BF, 25.0 IP",0.0,100.0,6.0,,2.7,1.0,0.281,2.16,0.28,0.06,0.587,6.0,1.0,4.2,58.2,4.17,starter,,1.63,-1.5,,3.4,,-0.1,0.195,-0.018,0.177
694813,Gavin Stone,2023,AAA,11,pitching,yes,scored,"105 BF, 24.7 IP",0.0,105.0,6.0,,4.54,1.26,0.254,4.38,0.257,0.114,0.553,6.0,1.0,4.1,73.2,4.11,starter,,0.8,1.5,,3.6,,2.7,0.506,0.144,0.65
694819,Jacob Misiorowski,2022,A,14,pitching,,insufficient_sample,14 BF (need 60),0.0,14.0,2.0,,,,,,,,,,,,,,,,,,,,,,0.0,0.0,0.0
694819,Jacob Misiorowski,2023,AA,12,pitching,,scored,"107 BF, 21.0 IP",0.0,107.0,5.0,,5.15,1.57,0.357,6.86,0.336,0.15,0.444,5.0,1.0,4.2,85.2,4.2,starter,,-0.61,-3.8,,3.7,,3.0,-0.01,0.238,0.0
694819,Jacob Misiorowski,2023,A+,13,pitching,,scored,"106 BF, 23.7 IP",0.0,106.0,6.0,,3.67,1.23,0.254,5.32,0.264,0.132,0.386,6.0,1.0,3.9,76.2,3.94,starter,,0.66,-3.8,,3.6,,2.4,-0.015,0.369,0.0
694819,Jacob Misiorowski,2023,A,14,pitching,,scored,"101 BF, 26.7 IP",0.0,101.0,9.0,,1.96,0.82,0.244,4.05,0.455,0.119,0.484,9.0,1.0,3.0,49.8,2.96,starter,,2.47,-2.8,,3.5,,1.4,0.068,0.197,0.265
694819,Jacob Misiorowski,2024,AAA,11,pitching,,scored,"70 BF, 17.7 IP",0.0,70.0,14.0,,4.1,0.85,0.118,5.09,0.314,0.143,0.5,2.0,0.143,8.8,147.5,1.26,reliever,,0.87,1.0,,2.4,,3.0,0.34,0.115,0.455
694819,Jacob Misiorowski,2024,AA,12,pitching,,scored,"347 BF, 79.7 IP",0.0,347.0,19.0,,4.13,1.28,0.259,5.65,0.303,0.144,0.546,19.0,1.0,4.2,75.5,4.19,starter,,-0.19,-13.6,,11.9,,2.8,-0.175,0.853,0.0
694819,Jacob Misiorowski,2025,AAA,11,pitching,yes,scored,"253 BF, 63.3 IP",0.0,253.0,13.0,,3.45,1.09,0.254,4.41,0.316,0.123,0.456,12.0,0.923,5.3,84.5,4.87,starter,,1.47,6.1,,8.6,,3.0,1.478,0.412,1.89
694966,Brayden Taylor,2023,A,14,hitting,,scored,96 PA,96.0,0.0,22.0,0.369,,,,,,,,,,,,,,0.176,,-3.4,0.9,3.3,0.3,1.5,0.109,0.216,0.325
694966,Brayden Taylor,2023,ROK,16,hitting,,insufficient_sample,12 PA (need 40),12.0,0.0,3.0,,,,,,,,,,,,,,,,,,,,,,0.0,0.0,0.0
694966,Brayden Taylor,2024,AA,12,hitting,,scored,125 PA,125.0,0.0,30.0,0.31,,,,,,,,,,,,,,0.122,,-4.2,0.1,4.3,0.5,3.0,0.062,0.736,0.797
694966,Brayden Taylor,2024,A+,13,hitting,,scored,383 PA,383.0,0.0,84.0,0.386,,,,,,,,,,,,,,0.187,,-3.2,1.6,13.1,1.3,1.5,1.273,1.003,2.276
694966,Brayden Taylor,2025,AA,12,hitting,,scored,437 PA,437.0,0.0,108.0,0.264,,,,,,,,,,,,,,0.083,,-27.1,1.5,14.9,1.7,2.0,-0.902,1.75,0.0
694966,Brayden Taylor,2026,AA,12,hitting,,scored,374 PA,374.0,0.0,87.0,0.381,,,,,,,,,,,,,,0.18,,1.4,0.8,12.8,1.3,1.1,1.627,0.975,2.602
694973,Paul Skenes,2023,AA,12,pitching,,insufficient_sample,14 BF (need 60),0.0,14.0,2.0,,,,,,,,,,,,,,,,,,,,,,0.0,0.0,0.0
694973,Paul Skenes,2023,A,14,pitching,,insufficient_sample,11 BF (need 60),0.0,11.0,2.0,,,,,,,,,,,,,,,,,,,,,,0.0,0.0,0.0
694973,Paul Skenes,2023,ROK,16,pitching,,insufficient_sample,3 BF (need 60),0.0,3.0,1.0,,,,,,,,,,,,,,,,,,,,,,0.0,0.0,0.0
694973,Paul Skenes,2024,AAA,11,pitching,yes,scored,"105 BF, 27.3 IP",0.0,105.0,7.0,,1.71,0.91,0.314,2.63,0.429,0.076,0.629,7.0,1.0,3.9,60.3,3.9,starter,,3.26,7.2,,3.6,,3.0,1.081,0.178,1.259
695076,Rhett Lowder,2024,AAA,11,pitching,yes,insufficient_sample,21 BF (need 60),0.0,21.0,1.0,,,,,,,,,,,,,,,,,,,,,,0.0,0.0,0.0
695076,Rhett Lowder,2024,AA,12,pitching,yes,scored,"324 BF, 77.3 IP",0.0,324.0,16.0,,3.36,1.27,0.333,2.09,0.238,0.056,0.596,16.0,1.0,4.8,73.5,4.83,starter,,0.57,-8.7,,11.1,,2.8,0.234,0.807,1.042
695076,Rhett Lowder,2024,A+,13,pitching,yes,scored,"102 BF, 25.3 IP",0.0,102.0,5.0,,3.18,0.95,0.254,2.13,0.284,0.059,0.596,5.0,1.0,5.1,75.0,5.07,starter,,0.87,-3.5,,3.5,,1.3,0.001,0.206,0.207
695490,Edwin Arroyo,2021,ROK,16,hitting,,scored,86 PA,86.0,0.0,21.0,0.303,,,,,,,,,,,,,,0.131,,-6.6,0.1,2.9,0.6,2.7,-0.287,0.268,-0.02
695490,Edwin Arroyo,2022,A,14,hitting,,scored,519 PA,519.0,0.0,114.0,0.367,,,,,,,,,,,,,,0.173,,-15.3,1.2,17.7,3.5,3.0,0.723,2.369,3.091
695490,Edwin Arroyo,2022,ROK,16,hitting,,insufficient_sample,9 PA (need 40),9.0,0.0,2.0,,,,,,,,,,,,,,,,,,,,,,0.0,0.0,0.0
695490,Edwin Arroyo,2023,AA,12,hitting,,insufficient_sample,20 PA (need 40),20.0,0.0,4.0,,,,,,,,,,,,,,,,,,,,,,0.0,0.0,0.0
695490,Edwin Arroyo,2023,A+,13,hitting,,scored,534 PA,534.0,0.0,119.0,0.323,,,,,,,,,,,,,,0.132,,-24.1,1.6,18.2,3.7,3.0,-0.055,2.997,0.0
695490,Edwin Arroyo,2025,AA,12,hitting,,scored,521 PA,521.0,0.0,120.0,0.316,,,,,,,,,,,,,,0.126,,-17.0,-0.3,17.8,3.7,3.0,0.414,3.068,3.482
695490,Edwin Arroyo,2026,AAA,11,hitting,yes,scored,250 PA,250.0,0.0,53.0,0.399,,,,,,,,,,,,,,0.189,,7.2,1.4,8.5,1.6,3.0,1.879,1.021,2.9
695505,Chase Burns,2025,AAA,11,pitching,yes,insufficient_sample,46 BF (need 60),0.0,46.0,2.0,,,,,,,,,,,,,,,,,,,,,,0.0,0.0,0.0
695505,Chase Burns,2025,AA,12,pitching,yes,scored,"151 BF, 42.0 IP",0.0,151.0,8.0,,1.91,0.71,0.258,0.86,0.364,0.026,0.5,8.0,1.0,5.2,73.1,5.25,starter,,2.02,-0.5,,5.2,,2.7,0.461,0.427,0.889
695505,Chase Burns,2025,A+,13,pitching,yes,insufficient_sample,45 BF (need 60),0.0,45.0,3.0,,,,,,,,,,,,,,,,,,,,,,0.0,0.0,0.0
695506,Jac Caglianone,2024,A+,13,hitting,,scored,126 PA,126.0,0.0,29.0,0.298,,,,,,,,,,,,,,0.114,,-6.4,0.2,4.3,-1.8,2.2,-0.366,0.492,0.0
695506,Jac Caglianone,2025,AAA,11,hitting,yes,scored,54 PA,54.0,0.0,12.0,0.436,,,,,,,,,,,,,,0.22,,2.9,0.0,1.8,-0.7,3.0,0.399,0.215,0.614
695506,Jac Caglianone,2025,AA,12,hitting,yes,scored,175 PA,175.0,0.0,38.0,0.399,,,,,,,,,,,,,,0.195,,2.5,-0.0,6.0,-2.3,2.8,0.617,0.948,1.565
695534,Chase Petty,2021,ROK,16,pitching,,insufficient_sample,21 BF (need 60),0.0,21.0,2.0,,,,,,,,,,,,,,,,,,,,,,0.0,0.0,0.0
695534,Chase Petty,2022,A+,13,pitching,,scored,"130 BF, 30.7 IP",0.0,130.0,7.0,,3.45,1.11,0.301,2.05,0.254,0.054,0.5,7.0,1.0,4.4,63.1,4.38,starter,,0.88,-3.3,,4.4,,3.0,0.116,0.593,0.709
695534,Chase Petty,2022,A,14,pitching,,scored,"275 BF, 67.7 IP",0.0,275.0,18.0,,4.2,1.2,0.292,3.19,0.229,0.087,0.675,13.0,0.722,5.2,78.7,3.76,swingman,,0.25,-12.5,,9.4,,3.0,-0.307,1.105,0.0
695534,Chase Petty,2023,AA,12,pitching,,insufficient_sample,31 BF (need 60),0.0,31.0,2.0,,,,,,,,,,,,,,,,,,,,,,0.0,0.0,0.0
695534,Chase Petty,2023,A+,13,pitching,,scored,"243 BF, 60.0 IP",0.0,243.0,16.0,,2.39,1.2,0.349,2.1,0.251,0.058,0.648,16.0,1.0,3.8,56.1,3.75,starter,,1.93,-4.6,,8.3,,3.0,0.367,1.16,1.527
695534,Chase Petty,2024,AAA,11,pitching,,insufficient_sample,40 BF (need 60),0.0,40.0,2.0,,,,,,,,,,,,,,,,,,,,,,0.0,0.0,0.0
695534,Chase Petty,2024,AA,12,pitching,,scored,"540 BF, 127.0 IP",0.0,540.0,26.0,,3.97,1.35,0.303,3.97,0.228,0.104,0.502,26.0,1.0,4.9,78.9,4.88,starter,,-0.03,-20.2,,18.4,,3.0,-0.17,1.439,0.0
695534,Chase Petty,2025,AAA,11,pitching,yes,scored,"100 BF, 23.0 IP",0.0,100.0,5.0,,4.73,1.3,0.288,3.52,0.27,0.09,0.558,5.0,1.0,4.6,73.4,4.6,starter,,0.19,-0.3,,3.4,,3.0,0.31,0.15,0.46
695549,Jackson Jobe,2022,A+,13,pitching,,scored,"63 BF, 15.7 IP",0.0,63.0,3.0,,5.11,0.96,0.178,2.87,0.159,0.079,0.432,3.0,1.0,5.2,73.0,5.22,starter,,-0.78,-3.4,,2.2,,3.0,-0.12,0.303,0.0
695549,Jackson Jobe,2022,A,14,pitching,,scored,"270 BF, 61.7 IP",0.0,270.0,18.0,,5.5,1.36,0.299,3.65,0.263,0.093,0.445,18.0,1.0,3.4,55.9,3.43,starter,,-1.05,-15.7,,9.2,,2.7,-0.65,0.896,0.0
695549,Jackson Jobe,2023,AA,12,pitching,,insufficient_sample,24 BF (need 60),0.0,24.0,1.0,,,,,,,,,,,,,,,,,,,,,,0.0,0.0,0.0
695549,Jackson Jobe,2023,A+,13,pitching,,scored,"160 BF, 40.0 IP",0.0,160.0,8.0,,3.43,1.05,0.337,0.68,0.338,0.019,0.516,8.0,1.0,5.0,73.8,5.0,starter,,0.9,-5.8,,5.5,,2.7,-0.029,0.706,0.0
695549,Jackson Jobe,2023,A,14,pitching,,scored,"68 BF, 16.0 IP",0.0,68.0,6.0,,3.9,1.06,0.293,1.69,0.294,0.044,0.379,6.0,1.0,2.7,43.8,2.67,starter,,0.53,-3.3,,2.3,,1.7,-0.102,0.146,0.0
695549,Jackson Jobe,2023,ROK,16,pitching,,insufficient_sample,6 BF (need 60),0.0,6.0,1.0,,,,,,,,,,,,,,,,,,,,,,0.0,0.0,0.0
695549,Jackson Jobe,2024,AAA,11,pitching,yes,insufficient_sample,43 BF (need 60),0.0,43.0,2.0,,,,,,,,,,,,,,,,,,,,,,0.0,0.0,0.0
695549,Jackson Jobe,2024,AA,12,pitching,yes,scored,"299 BF, 73.7 IP",0.0,299.0,16.0,,3.15,1.09,0.229,4.64,0.271,0.127,0.397,16.0,1.0,4.6,76.1,4.6,starter,,0.79,-7.1,,10.2,,3.0,0.311,0.835,1.146
695549,Jackson Jobe,2024,A+,13,pitching,yes,insufficient_sample,33 BF (need 60),0.0,33.0,3.0,,,,,,,,,,,,,,,,,,,,,,0.0,0.0,0.0
695578,James Wood,2021,ROK,16,hitting,,scored,101 PA,101.0,0.0,26.0,0.435,,,,,,,,,,,,,,0.24,,-4.0,0.7,3.5,1.2,1.8,0.135,0.207,0.342
695578,James Wood,2022,A,14,hitting,,scored,329 PA,329.0,0.0,71.0,0.422,,,,,,,,,,,,,,0.219,,-2.3,0.9,11.2,3.3,2.8,1.307,1.403,2.71
695578,James Wood,2022,ROK,16,hitting,,insufficient_sample,19 PA (need 40),19.0,0.0,5.0,,,,,,,,,,,,,,,,,,,,,,0.0,0.0,0.0
695578,James Wood,2023,AA,12,hitting,,scored,368 PA,368.0,0.0,87.0,0.353,,,,,,,,,,,,,,0.154,,-6.3,0.8,12.6,4.0,3.0,1.115,2.442,3.557
695578,James Wood,2023,A+,13,hitting,,scored,181 PA,181.0,0.0,42.0,0.403,,,,,,,,,,,,,,0.2,,-1.1,0.7,6.2,1.9,2.9,0.771,0.973,1.744
695578,James Wood,2024,AAA,11,hitting,yes,scored,231 PA,231.0,0.0,52.0,0.449,,,,,,,,,,,,,,0.23,,14.4,1.2,7.9,2.4,3.0,2.595,0.93,3.525
695600,Carter Jensen,2021,ROK,16,hitting,,scored,67 PA,67.0,0.0,19.0,0.352,,,,,,,,,,,,,,0.172,,-4.2,0.3,2.3,1.5,2.6,-0.018,0.198,0.0
695600,Carter Jensen,2022,A,14,hitting,,scored,485 PA,485.0,0.0,113.0,0.333,,,,,,,,,,,,,,0.145,,-21.1,-0.4,16.6,8.7,3.0,0.381,2.213,2.594
695600,Carter Jensen,2023,A+,13,hitting,,scored,497 PA,497.0,0.0,116.0,0.324,,,,,,,,,,,,,,0.133,,-22.2,1.0,17.0,9.0,3.0,0.481,2.79,3.271
695600,Carter Jensen,2024,AA,12,hitting,,scored,170 PA,170.0,0.0,41.0,0.327,,,,,,,,,,,,,,0.136,,-4.2,-0.1,5.8,3.2,3.0,0.467,1.011,1.478
695600,Carter Jensen,2024,A+,13,hitting,,scored,376 PA,376.0,0.0,84.0,0.358,,,,,,,,,,,,,,0.164,,-8.2,1.4,12.8,6.5,2.6,1.253,1.732,2.985
695600,Carter Jensen,2025,AAA,11,hitting,yes,scored,184 PA,184.0,0.0,43.0,0.436,,,,,,,,,,,,,,0.22,,9.8,0.5,6.3,3.3,3.0,1.99,0.734,2.724
695600,Carter Jensen,2025,AA,12,hitting,yes,scored,308 PA,308.0,0.0,68.0,0.341,,,,,,,,,,,,,,0.146,,-5.7,0.7,10.5,5.2,3.0,1.072,1.814,2.885
695657,Colson Montgomery,2021,ROK,16,hitting,,scored,111 PA,111.0,0.0,26.0,0.345,,,,,,,,,,,,,,0.166,,-7.2,-0.1,3.8,0.8,1.2,-0.274,0.158,-0.116
695657,Colson Montgomery,2022,AA,12,hitting,,scored,52 PA,52.0,0.0,14.0,0.21,,,,,,,,,,,,,,0.034,,-4.7,0.0,1.8,0.4,3.0,-0.253,0.352,0.0
695657,Colson Montgomery,2022,A+,13,hitting,,scored,164 PA,164.0,0.0,37.0,0.356,,,,,,,,,,,,,,0.161,,-3.5,0.1,5.6,1.1,3.0,0.338,0.923,1.26
695657,Colson Montgomery,2022,A,14,hitting,,scored,205 PA,205.0,0.0,45.0,0.393,,,,,,,,,,,,,,0.195,,-3.9,-0.2,7.0,1.4,2.3,0.432,0.702,1.134
695657,Colson Montgomery,2023,AA,12,hitting,,scored,167 PA,167.0,0.0,37.0,0.369,,,,,,,,,,,,,,0.168,,-1.3,-0.3,5.7,1.1,3.0,0.53,1.108,1.638
695657,Colson Montgomery,2023,A+,13,hitting,,scored,82 PA,82.0,0.0,17.0,0.466,,,,,,,,,,,,,,0.252,,2.0,-0.5,2.8,0.5,2.3,0.483,0.356,0.839
695657,Colson Montgomery,2023,ROK,16,hitting,,scored,45 PA,45.0,0.0,10.0,0.465,,,,,,,,,,,,,,0.263,,-1.5,0.1,1.5,0.3,-0.8,0.052,-0.041,0.011
695657,Colson Montgomery,2024,AAA,11,hitting,,scored,573 PA,573.0,0.0,130.0,0.315,,,,,,,,,,,,,,0.119,,-14.0,0.6,19.6,4.0,3.0,1.018,2.307,3.325
695657,Colson Montgomery,2025,AAA,11,hitting,yes,scored,242 PA,242.0,0.0,55.0,0.316,,,,,,,,,,,,,,0.12,,-6.0,-0.0,8.3,1.7,3.0,0.4,0.965,1.365
695657,Colson Montgomery,2025,ROK,16,hitting,yes,insufficient_sample,19 PA (need 40),19.0,0.0,5.0,,,,,,,,,,,,,,,,,,,,,,0.0,0.0,0.0
695670,Harry Ford,2021,ROK,16,hitting,,scored,65 PA,65.0,0.0,19.0,0.416,,,,,,,,,,,,,,0.224,,-2.9,0.2,2.2,1.5,2.2,0.097,0.165,0.262
695670,Harry Ford,2022,A,14,hitting,,scored,499 PA,499.0,0.0,104.0,0.384,,,,,,,,,,,,,,0.187,,-11.3,1.2,17.0,8.0,3.0,1.504,2.277,3.782
695670,Harry Ford,2023,A+,13,hitting,,scored,563 PA,563.0,0.0,118.0,0.374,,,,,,,,,,,,,,0.175,,-11.5,0.9,19.2,9.1,3.0,1.77,3.16,4.931
695670,Harry Ford,2024,AA,12,hitting,,scored,523 PA,523.0,0.0,116.0,0.338,,,,,,,,,,,,,,0.145,,-9.7,2.3,17.9,9.0,3.0,1.932,3.111,5.043
695670,Harry Ford,2025,AAA,11,hitting,yes,scored,458 PA,458.0,0.0,97.0,0.381,,,,,,,,,,,,,,0.174,,8.2,-0.2,15.6,7.5,3.0,3.112,1.827,4.939
695681,Christian Moore,2024,AA,12,hitting,,scored,98 PA,98.0,0.0,23.0,0.39,,,,,,,,,,,,,,0.188,,1.1,0.3,3.3,0.4,3.0,0.505,0.583,1.088
695681,Christian Moore,2024,A,14,hitting,,insufficient_sample,12 PA (need 40),12.0,0.0,2.0,,,,,,,,,,,,,,,,,,,,,,0.0,0.0,0.0
695681,Christian Moore,2025,AAA,11,hitting,yes,scored,92 PA,92.0,0.0,20.0,0.421,,,,,,,,,,,,,,0.207,,4.0,0.1,3.1,0.3,3.0,0.762,0.367,1.129
695681,Christian Moore,2025,AA,12,hitting,yes,scored,146 PA,146.0,0.0,34.0,0.302,,,,,,,,,,,,,,0.115,,-5.9,-0.2,5.0,0.5,2.5,-0.052,0.704,0.0
695731,Braden Montgomery,2025,AA,12,hitting,,scored,143 PA,143.0,0.0,34.0,0.341,,,,,,,,,,,,,,0.147,,-2.6,-0.4,4.9,-0.9,2.9,0.095,0.825,0.92
695731,Braden Montgomery,2025,A+,13,hitting,,scored,290 PA,290.0,0.0,69.0,0.344,,,,,,,,,,,,,,0.151,,-8.8,0.1,9.9,-1.8,1.4,-0.06,0.72,0.0
695731,Braden Montgomery,2025,A,14,hitting,,scored,84 PA,84.0,0.0,18.0,0.378,,,,,,,,,,,,,,0.184,,-2.4,0.2,2.9,-0.5,0.2,0.023,0.026,0.049
695731,Braden Montgomery,2026,AAA,11,hitting,yes,scored,132 PA,132.0,0.0,29.0,0.396,,,,,,,,,,,,,,0.187,,3.5,-0.8,4.5,-0.8,3.0,0.648,0.539,1.187
695731,Braden Montgomery,2026,AA,12,hitting,yes,scored,126 PA,126.0,0.0,27.0,0.429,,,,,,,,,,,,,,0.22,,3.8,-0.3,4.3,-0.7,2.0,0.716,0.593,1.308
695865,Wilmer Flores,2021,A,14,pitching,,scored,"224 BF, 53.0 IP",0.0,224.0,11.0,,2.98,1.3,0.368,3.74,0.321,0.098,0.582,11.0,1.0,4.8,79.5,4.82,starter,,1.66,-6.6,,7.7,,2.2,0.101,0.638,0.739
695865,Wilmer Flores,2021,ROK,16,pitching,,insufficient_sample,57 BF (need 60),0.0,57.0,3.0,,,,,,,,,,,,,,,,,,,,,,0.0,0.0,0.0
695865,Wilmer Flores,2022,AA,12,pitching,,scored,"345 BF, 83.7 IP",0.0,345.0,19.0,,3.65,1.05,0.28,2.26,0.275,0.061,0.533,19.0,1.0,4.4,67.4,4.4,starter,,1.03,-0.8,,11.8,,3.0,1.098,0.948,2.046
695865,Wilmer Flores,2022,A+,13,pitching,,scored,"77 BF, 19.7 IP",0.0,77.0,6.0,,1.95,0.81,0.333,0.92,0.455,0.026,0.583,5.0,0.833,3.9,59.2,3.28,starter,,2.38,-0.2,,2.6,,2.2,0.242,0.284,0.527
695865,Wilmer Flores,2023,AA,12,pitching,,scored,"337 BF, 80.7 IP",0.0,337.0,18.0,,3.56,1.29,0.313,3.57,0.243,0.095,0.534,18.0,1.0,4.5,69.2,4.48,starter,,0.98,-4.7,,11.5,,2.7,0.677,0.821,1.498
695865,Wilmer Flores,2023,A+,13,pitching,,insufficient_sample,38 BF (need 60),0.0,38.0,3.0,,,,,,,,,,,,,,,,,,,,,,0.0,0.0,0.0
695865,Wilmer Flores,2024,AAA,11,pitching,,scored,"128 BF, 25.3 IP",0.0,128.0,16.0,,6.33,2.09,0.338,8.53,0.18,0.188,0.451,0.0,0.0,,,1.58,reliever,,-1.37,-3.5,,4.4,,3.0,0.092,0.165,0.257
695865,Wilmer Flores,2024,A+,13,pitching,,insufficient_sample,11 BF (need 60),0.0,11.0,2.0,,,,,,,,,,,,,,,,,,,,,,0.0,0.0,0.0
695865,Wilmer Flores,2024,A,14,pitching,,insufficient_sample,14 BF (need 60),0.0,14.0,2.0,,,,,,,,,,,,,,,,,,,,,,0.0,0.0,0.0
695865,Wilmer Flores,2025,A,14,pitching,,insufficient_sample,17 BF (need 60),0.0,17.0,5.0,,,,,,,,,,,,,,,,,,,,,,0.0,0.0,0.0
696135,Kahlil Watson,2021,ROK,16,hitting,,scored,42 PA,42.0,0.0,9.0,0.482,,,,,,,,,,,,,,0.279,,-1.1,0.1,1.4,-0.2,2.4,0.023,0.114,0.137
696135,Kahlil Watson,2022,A,14,hitting,,scored,358 PA,358.0,0.0,83.0,0.299,,,,,,,,,,,,,,0.117,,-20.4,1.0,12.2,-2.2,3.0,-0.931,1.634,0.0
696135,Kahlil Watson,2022,ROK,16,hitting,,insufficient_sample,18 PA (need 40),18.0,0.0,5.0,,,,,,,,,,,,,,,,,,,,,,0.0,0.0,0.0
696135,Kahlil Watson,2023,A+,13,hitting,,scored,341 PA,341.0,0.0,81.0,0.316,,,,,,,,,,,,,,0.127,,-16.5,2.2,11.7,-2.1,3.0,-0.473,1.914,0.0
696135,Kahlil Watson,2023,ROK,16,hitting,,insufficient_sample,6 PA (need 40),6.0,0.0,2.0,,,,,,,,,,,,,,,,,,,,,,0.0,0.0,0.0
696135,Kahlil Watson,2024,AA,12,hitting,,scored,407 PA,407.0,0.0,96.0,0.309,,,,,,,,,,,,,,0.121,,-14.1,-0.5,13.9,-2.5,3.0,-0.313,2.421,0.0
696135,Kahlil Watson,2025,AAA,11,hitting,,scored,176 PA,176.0,0.0,43.0,0.359,,,,,,,,,,,,,,0.156,,0.6,0.9,6.0,-1.1,3.0,0.645,0.702,1.347
696135,Kahlil Watson,2025,AA,12,hitting,,scored,253 PA,253.0,0.0,59.0,0.343,,,,,,,,,,,,,,0.148,,-4.4,-0.4,8.6,-1.5,2.9,0.232,1.46,1.692
696135,Kahlil Watson,2026,AAA,11,hitting,yes,scored,254 PA,254.0,0.0,56.0,0.37,,,,,,,,,,,,,,0.165,,2.6,0.4,8.7,-1.5,3.0,1.025,1.038,2.063
696143,Anthony Solometo,2022,A,14,pitching,,scored,"188 BF, 47.7 IP",0.0,188.0,13.0,,3.12,1.05,0.272,3.59,0.271,0.101,0.614,8.0,0.615,6.0,91.5,3.67,swingman,,1.32,-6.0,,6.4,,3.0,0.044,0.779,0.822
696143,Anthony Solometo,2023,AA,12,pitching,,scored,"217 BF, 51.7 IP",0.0,217.0,12.0,,4.05,1.22,0.299,2.44,0.23,0.065,0.485,12.0,1.0,4.3,70.8,4.31,starter,,0.5,-4.9,,7.4,,3.0,0.248,0.586,0.833
696143,Anthony Solometo,2023,A+,13,pitching,,scored,"234 BF, 58.7 IP",0.0,234.0,12.0,,3.03,1.16,0.295,3.84,0.291,0.107,0.551,12.0,1.0,4.9,78.0,4.89,starter,,1.29,-6.9,,8.0,,3.0,0.106,1.134,1.24
696143,Anthony Solometo,2024,AA,12,pitching,,scored,"269 BF, 58.7 IP",0.0,269.0,20.0,,5.49,1.62,0.308,5.37,0.171,0.13,0.612,17.0,0.85,3.5,61.5,2.93,starter,,-1.56,-16.1,,9.2,,3.0,-0.688,0.665,-0.023
696143,Anthony Solometo,2024,A,14,pitching,,insufficient_sample,34 BF (need 60),0.0,34.0,2.0,,,,,,,,,,,,,,,,,,,,,,0.0,0.0,0.0
696143,Anthony Solometo,2024,ROK,16,pitching,,insufficient_sample,11 BF (need 60),0.0,11.0,1.0,,,,,,,,,,,,,,,,,,,,,,0.0,0.0,0.0
696143,Anthony Solometo,2025,AA,12,pitching,,insufficient_sample,36 BF (need 60),0.0,36.0,2.0,,,,,,,,,,,,,,,,,,,,,,0.0,0.0,0.0
696143,Anthony Solometo,2025,A,14,pitching,,insufficient_sample,6 BF (need 60),0.0,6.0,1.0,,,,,,,,,,,,,,,,,,,,,,0.0,0.0,0.0
696143,Anthony Solometo,2026,AA,12,pitching,,insufficient_sample,13 BF (need 60),0.0,13.0,2.0,,,,,,,,,,,,,,,,,,,,,,0.0,0.0,0.0
696146,Hagen Smith,2024,A+,13,pitching,,insufficient_sample,33 BF (need 60),0.0,33.0,3.0,,,,,,,,,,,,,,,,,,,,,,0.0,0.0,0.0
696146,Hagen Smith,2025,AA,12,pitching,,scored,"319 BF, 75.7 IP",0.0,319.0,20.0,,3.81,1.3,0.264,6.66,0.339,0.176,0.538,20.0,1.0,3.8,68.0,3.78,starter,,0.11,-11.9,,10.9,,3.0,-0.099,0.858,0.0
696146,Hagen Smith,2026,AAA,11,pitching,,scored,"248 BF, 57.3 IP",0.0,248.0,19.0,,4.73,1.36,0.282,6.12,0.347,0.157,0.537,14.0,0.737,4.1,76.6,3.02,swingman,,0.35,0.6,,8.5,,3.0,0.905,0.373,1.278
696149,Bubba Chandler,2022,A,14,pitching,,scored,"114 BF, 26.0 IP",0.0,114.0,8.0,,5.09,1.46,0.293,6.23,0.289,0.158,0.512,6.0,0.75,4.3,76.7,3.25,swingman,,-0.64,-6.0,,3.9,,2.8,-0.215,0.396,0.0
696149,Bubba Chandler,2022,ROK,16,pitching,,insufficient_sample,59 BF (need 60),0.0,59.0,6.0,,,,,,,,,,,,,,,,,,,,,,0.0,0.0,0.0
696149,Bubba Chandler,2023,AA,12,pitching,,insufficient_sample,16 BF (need 60),0.0,16.0,1.0,,,,,,,,,,,,,,,,,,,,,,0.0,0.0,0.0
696149,Bubba Chandler,2023,A+,13,pitching,,scored,"468 BF, 106.0 IP",0.0,468.0,24.0,,4.9,1.5,0.341,4.33,0.256,0.109,0.5,24.0,1.0,4.4,75.4,4.42,starter,,-0.58,-25.3,,16.0,,2.9,-0.932,1.958,0.0
696149,Bubba Chandler,2024,AAA,11,pitching,,scored,"159 BF, 39.3 IP",0.0,159.0,7.0,,2.86,1.04,0.279,3.43,0.34,0.094,0.516,7.0,1.0,5.6,86.9,5.62,starter,,2.11,6.5,,5.4,,3.0,1.191,0.256,1.446
696149,Bubba Chandler,2024,AA,12,pitching,,scored,"320 BF, 80.3 IP",0.0,320.0,19.0,,3.24,1.01,0.255,2.91,0.294,0.081,0.468,16.0,0.842,5.0,80.7,4.23,starter,,0.7,-8.3,,10.9,,3.0,0.262,0.91,1.173
696149,Bubba Chandler,2025,AAA,11,pitching,yes,scored,"442 BF, 100.0 IP",0.0,442.0,24.0,,4.03,1.48,0.344,4.77,0.274,0.12,0.395,24.0,1.0,4.2,76.5,4.17,starter,,0.89,4.7,,15.1,,3.0,1.977,0.65,2.627
699073,Thayron Liranzo,2022,ROK,16,hitting,,scored,171 PA,171.0,0.0,41.0,0.354,,,,,,,,,,,,,,0.171,,-9.6,0.0,5.8,0.0,1.7,-0.377,0.317,-0.06
699073,Thayron Liranzo,2023,A,14,hitting,,scored,418 PA,418.0,0.0,94.0,0.409,,,,,,,,,,,,,,0.209,,-8.2,-0.0,14.3,0.0,2.6,0.61,1.646,2.257
699073,Thayron Liranzo,2024,A+,13,hitting,,scored,429 PA,429.0,0.0,100.0,0.349,,,,,,,,,,,,,,0.156,,-11.4,0.1,14.7,0.0,2.6,0.342,1.98,2.323
699073,Thayron Liranzo,2025,AA,12,hitting,,scored,394 PA,394.0,0.0,88.0,0.294,,,,,,,,,,,,,,0.107,,-17.7,0.0,13.5,0.0,3.0,-0.428,2.32,0.0
699073,Thayron Liranzo,2026,AA,12,hitting,,scored,218 PA,218.0,0.0,49.0,0.33,,,,,,,,,,,,,,0.138,,-5.5,-0.1,7.4,0.0,2.2,0.181,1.137,1.317
699073,Thayron Liranzo,2026,A,14,hitting,,scored,43 PA,43.0,0.0,12.0,0.401,,,,,,,,,,,,,,0.201,,-0.9,0.0,1.5,0.0,-0.3,0.06,-0.021,0.039
700246,Carson Williams,2021,ROK,16,hitting,,scored,47 PA,47.0,0.0,11.0,0.372,,,,,,,,,,,,,,0.188,,-2.7,-0.1,1.6,0.5,2.6,-0.072,0.137,0.0
700246,Carson Williams,2022,A,14,hitting,,scored,523 PA,523.0,0.0,113.0,0.352,,,,,,,,,,,,,,0.161,,-18.6,0.7,17.9,5.2,3.0,0.525,2.387,2.912
700246,Carson Williams,2023,AAA,11,hitting,,insufficient_sample,15 PA (need 40),15.0,0.0,4.0,,,,,,,,,,,,,,,,,,,,,,0.0,0.0,0.0
700246,Carson Williams,2023,AA,12,hitting,,insufficient_sample,26 PA (need 40),26.0,0.0,6.0,,,,,,,,,,,,,,,,,,,,,,0.0,0.0,0.0
700246,Carson Williams,2023,A+,13,hitting,,scored,462 PA,462.0,0.0,105.0,0.366,,,,,,,,,,,,,,0.168,,-11.2,-0.2,15.8,4.9,3.0,0.932,2.593,3.525
700246,Carson Williams,2024,AA,12,hitting,,scored,505 PA,505.0,0.0,115.0,0.353,,,,,,,,,,,,,,0.158,,-5.0,1.4,17.3,5.3,3.0,1.903,3.004,4.907
700246,Carson Williams,2025,AAA,11,hitting,yes,scored,451 PA,451.0,0.0,111.0,0.33,,,,,,,,,,,,,,0.132,,-6.8,1.5,15.4,5.1,3.0,1.527,1.799,3.326
700337,Edgar Quero,2021,A,14,hitting,,scored,42 PA,42.0,0.0,10.0,0.291,,,,,,,,,,,,,,0.112,,-2.8,0.1,1.4,0.8,3.0,-0.047,0.2,0.0
700337,Edgar Quero,2021,ROK,16,hitting,,scored,116 PA,116.0,0.0,29.0,0.412,,,,,,,,,,,,,,0.221,,-5.3,-0.1,4.0,2.2,2.4,0.082,0.31,0.392
700337,Edgar Quero,2022,A,14,hitting,,scored,515 PA,515.0,0.0,111.0,0.415,,,,,,,,,,,,,,0.213,,-5.0,0.2,17.6,8.6,3.0,2.131,2.35,4.481
700337,Edgar Quero,2023,AA,12,hitting,,scored,455 PA,455.0,0.0,101.0,0.332,,,,,,,,,,,,,,0.137,,-13.0,-0.4,15.5,7.8,3.0,0.987,3.02,4.007
700337,Edgar Quero,2024,AAA,11,hitting,,scored,110 PA,110.0,0.0,26.0,0.368,,,,,,,,,,,,,,0.162,,1.1,0.0,3.8,2.0,3.0,0.681,0.443,1.124
700337,Edgar Quero,2024,AA,12,hitting,,scored,292 PA,292.0,0.0,72.0,0.357,,,,,,,,,,,,,,0.161,,-2.2,-0.1,10.0,5.6,3.0,1.314,1.737,3.051
700337,Edgar Quero,2025,AAA,11,hitting,yes,scored,63 PA,63.0,0.0,15.0,0.383,,,,,,,,,,,,,,0.176,,1.2,0.0,2.2,1.2,3.0,0.452,0.251,0.703
700363,AJ Smith-Shawver,2021,ROK,16,pitching,,insufficient_sample,38 BF (need 60),0.0,38.0,4.0,,,,,,,,,,,,,,,,,,,,,,0.0,0.0,0.0
700363,AJ Smith-Shawver,2022,A,14,pitching,,scored,"299 BF, 68.7 IP",0.0,299.0,17.0,,3.5,1.35,0.338,5.11,0.344,0.13,0.388,17.0,1.0,4.0,70.5,4.04,starter,,0.95,-10.0,,10.2,,3.0,0.02,1.114,1.134
700363,AJ Smith-Shawver,2023,AAA,11,pitching,yes,insufficient_sample,47 BF (need 60),0.0,47.0,2.0,,,,,,,,,,,,,,,,,,,,,,0.0,0.0,0.0
700363,AJ Smith-Shawver,2023,AA,12,pitching,yes,insufficient_sample,29 BF (need 60),0.0,29.0,2.0,,,,,,,,,,,,,,,,,,,,,,0.0,0.0,0.0
700363,AJ Smith-Shawver,2023,A+,13,pitching,yes,insufficient_sample,52 BF (need 60),0.0,52.0,3.0,,,,,,,,,,,,,,,,,,,,,,0.0,0.0,0.0
700669,Gordon Graceffo,2021,A,14,pitching,,scored,"116 BF, 26.0 IP",0.0,116.0,11.0,,2.9,1.42,0.403,3.12,0.319,0.078,0.625,1.0,0.091,26.0,433.0,2.36,reliever,,1.73,-3.2,,4.0,,1.3,0.081,0.181,0.262
700669,Gordon Graceffo,2022,AA,12,pitching,,scored,"379 BF, 93.7 IP",0.0,379.0,18.0,,4.88,1.07,0.237,2.31,0.219,0.063,0.534,18.0,1.0,5.2,77.7,5.2,starter,,-0.2,-9.6,,12.9,,2.7,0.334,0.97,1.304
700669,Gordon Graceffo,2022,A+,13,pitching,,scored,"165 BF, 45.7 IP",0.0,165.0,8.0,,1.8,0.68,0.255,0.79,0.339,0.024,0.474,8.0,1.0,5.7,81.4,5.71,starter,,2.52,-0.0,,5.6,,1.3,0.559,0.386,0.945
700669,Gordon Graceffo,2023,AAA,11,pitching,,scored,"387 BF, 86.0 IP",0.0,387.0,21.0,,4.81,1.53,0.313,4.71,0.209,0.116,0.468,18.0,0.857,4.8,83.6,4.1,starter,,0.54,3.1,,13.2,,3.0,1.637,0.559,2.196
700669,Gordon Graceffo,2024,AAA,11,pitching,yes,scored,"327 BF, 75.0 IP",0.0,327.0,14.0,,4.58,1.35,0.292,3.48,0.214,0.089,0.379,14.0,1.0,5.4,90.9,5.36,starter,,0.39,1.2,,11.2,,3.0,1.233,0.487,1.721
700932,Kyle Manzardo,2021,ROK,16,hitting,,scored,50 PA,50.0,0.0,13.0,0.445,,,,,,,,,,,,,,0.248,,-1.8,0.0,1.7,-1.0,-0.4,-0.112,-0.021,-0.133
700932,Kyle Manzardo,2022,AA,12,hitting,,scored,122 PA,122.0,0.0,30.0,0.402,,,,,,,,,,,,,,0.194,,2.2,-0.1,4.2,-2.3,3.0,0.388,0.826,1.214
700932,Kyle Manzardo,2022,A+,13,hitting,,scored,275 PA,275.0,0.0,63.0,0.447,,,,,,,,,,,,,,0.236,,6.2,0.0,9.4,-4.9,1.6,1.074,0.85,1.923
700932,Kyle Manzardo,2023,AAA,11,hitting,,scored,405 PA,405.0,0.0,94.0,0.35,,,,,,,,,,,,,,0.145,,-3.5,-0.2,13.8,-7.3,3.0,0.295,1.716,2.011
700932,Kyle Manzardo,2023,ROK,16,hitting,,insufficient_sample,10 PA (need 40),10.0,0.0,3.0,,,,,,,,,,,,,,,,,,,,,,0.0,0.0,0.0
700932,Kyle Manzardo,2024,AAA,11,hitting,yes,scored,128 PA,128.0,0.0,29.0,0.414,,,,,,,,,,,,,,0.201,,5.1,0.0,4.4,-2.2,3.0,0.722,0.515,1.237
701327,Elijah Green,2022,ROK,16,hitting,,scored,52 PA,52.0,0.0,12.0,0.4,,,,,,,,,,,,,,0.209,,-2.3,0.1,1.8,-0.3,2.1,-0.072,0.121,0.0
701327,Elijah Green,2023,A,14,hitting,,scored,332 PA,332.0,0.0,75.0,0.288,,,,,,,,,,,,,,0.109,,-22.7,1.9,11.3,-1.9,3.0,-1.142,1.502,0.0
701327,Elijah Green,2023,ROK,16,hitting,,insufficient_sample,29 PA (need 40),29.0,0.0,8.0,,,,,,,,,,,,,,,,,,,,,,0.0,0.0,0.0
701327,Elijah Green,2024,A,14,hitting,,scored,468 PA,468.0,0.0,106.0,0.287,,,,,,,,,,,,,,0.108,,-30.0,3.2,16.0,-2.7,1.9,-1.35,1.279,-0.071
701327,Elijah Green,2025,A+,13,hitting,,scored,140 PA,140.0,0.0,35.0,0.246,,,,,,,,,,,,,,0.07,,-10.9,0.6,4.8,-0.9,2.0,-0.642,0.505,-0.137
701327,Elijah Green,2025,A,14,hitting,,scored,113 PA,113.0,0.0,26.0,0.291,,,,,,,,,,,,,,0.111,,-7.2,0.5,3.9,-0.7,0.8,-0.352,0.139,-0.213
701327,Elijah Green,2025,ROK,16,hitting,,scored,78 PA,78.0,0.0,20.0,0.442,,,,,,,,,,,,,,0.244,,-2.7,0.4,2.7,-0.5,-1.2,-0.018,-0.114,-0.133
701327,Elijah Green,2026,A+,13,hitting,,scored,373 PA,373.0,0.0,89.0,0.314,,,,,,,,,,,,,,0.124,,-17.4,2.4,12.7,-2.3,1.2,-0.455,0.924,0.0
701328,Jackson Ferris,2023,A,14,pitching,,scored,"237 BF, 56.0 IP",0.0,237.0,18.0,,3.41,1.21,0.283,5.3,0.325,0.139,0.605,18.0,1.0,3.1,57.4,3.11,starter,,1.02,-10.2,,8.1,,3.0,-0.212,0.915,0.0
701328,Jackson Ferris,2024,AA,12,pitching,,scored,"122 BF, 28.3 IP",0.0,122.0,7.0,,4.35,1.27,0.263,4.45,0.213,0.115,0.518,7.0,1.0,4.0,70.6,4.05,starter,,-0.42,-5.3,,4.2,,3.0,-0.115,0.321,0.0
701328,Jackson Ferris,2024,A+,13,pitching,,scored,"408 BF, 98.3 IP",0.0,408.0,20.0,,3.04,1.16,0.283,3.94,0.292,0.105,0.48,20.0,1.0,4.9,80.8,4.92,starter,,1.01,-12.6,,13.9,,3.0,0.134,1.901,2.036
701328,Jackson Ferris,2025,AA,12,pitching,,scored,"557 BF, 126.0 IP",0.0,557.0,26.0,,3.88,1.46,0.323,4.71,0.242,0.118,0.546,24.0,0.923,5.2,91.9,4.85,starter,,0.04,-20.5,,19.0,,3.0,-0.143,1.428,0.0
701328,Jackson Ferris,2026,AAA,11,pitching,,scored,"294 BF, 62.7 IP",0.0,294.0,16.0,,5.23,1.74,0.348,5.31,0.197,0.126,0.618,16.0,1.0,3.9,71.6,3.92,starter,,-0.15,-2.1,,10.0,,3.0,0.796,0.407,1.204
701350,Roman Anthony,2022,A,14,hitting,,scored,43 PA,43.0,0.0,10.0,0.241,,,,,,,,,,,,,,0.069,,-3.5,0.0,1.5,-0.3,3.0,-0.225,0.196,-0.029
701350,Roman Anthony,2022,ROK,16,hitting,,scored,40 PA,40.0,0.0,10.0,0.419,,,,,,,,,,,,,,0.224,,-1.5,0.1,1.4,-0.3,2.5,-0.035,0.113,0.0
701350,Roman Anthony,2023,AA,12,hitting,,scored,44 PA,44.0,0.0,10.0,0.442,,,,,,,,,,,,,,0.229,,1.5,0.4,1.5,-0.3,3.0,0.313,0.292,0.605
701350,Roman Anthony,2023,A+,13,hitting,,scored,245 PA,245.0,0.0,54.0,0.417,,,,,,,,,,,,,,0.21,,0.1,-0.0,8.4,-1.4,3.0,0.703,1.375,2.078
701350,Roman Anthony,2023,A,14,hitting,,scored,202 PA,202.0,0.0,42.0,0.321,,,,,,,,,,,,,,0.136,,-11.2,-0.1,6.9,-1.1,3.0,-0.552,0.914,0.0
701350,Roman Anthony,2024,AAA,11,hitting,,scored,164 PA,164.0,0.0,35.0,0.425,,,,,,,,,,,,,,0.21,,7.7,0.1,5.6,-0.9,3.0,1.251,0.66,1.911
701350,Roman Anthony,2024,AA,12,hitting,,scored,376 PA,376.0,0.0,84.0,0.367,,,,,,,,,,,,,,0.169,,-0.8,0.8,12.8,-2.2,3.0,1.061,2.237,3.297
701350,Roman Anthony,2025,AAA,11,hitting,yes,scored,265 PA,265.0,0.0,58.0,0.397,,,,,,,,,,,,,,0.187,,7.4,-0.5,9.1,-1.5,3.0,1.448,1.057,2.505
701358,Cam Smith,2024,AA,12,hitting,,insufficient_sample,20 PA (need 40),20.0,0.0,5.0,,,,,,,,,,,,,,,,,,,,,,0.0,0.0,0.0
701358,Cam Smith,2024,A+,13,hitting,,scored,57 PA,57.0,0.0,12.0,0.392,,,,,,,,,,,,,,0.192,,-0.3,-0.1,1.9,0.2,2.2,0.169,0.226,0.395
701358,Cam Smith,2024,A,14,hitting,,scored,57 PA,57.0,0.0,15.0,0.469,,,,,,,,,,,,,,0.259,,0.6,0.1,1.9,0.2,1.1,0.285,0.092,0.376
701398,Sal Stewart,2022,ROK,16,hitting,,insufficient_sample,28 PA (need 40),28.0,0.0,8.0,,,,,,,,,,,,,,,,,,,,,,0.0,0.0,0.0
701398,Sal Stewart,2023,A+,13,hitting,,scored,131 PA,131.0,0.0,29.0,0.351,,,,,,,,,,,,,,0.156,,-4.1,0.6,4.5,1.3,3.0,0.226,0.735,0.962
701398,Sal Stewart,2023,A,14,hitting,,scored,387 PA,387.0,0.0,88.0,0.363,,,,,,,,,,,,,,0.171,,-14.8,0.2,13.2,4.1,3.0,0.272,1.751,2.023
701398,Sal Stewart,2024,A+,13,hitting,,scored,338 PA,338.0,0.0,80.0,0.368,,,,,,,,,,,,,,0.172,,-5.7,0.7,11.5,3.7,3.0,1.022,1.808,2.83
701398,Sal Stewart,2025,AAA,11,hitting,yes,scored,165 PA,165.0,0.0,38.0,0.426,,,,,,,,,,,,,,0.212,,7.7,0.3,5.6,1.8,3.0,1.544,0.658,2.202
701398,Sal Stewart,2025,AA,12,hitting,yes,scored,329 PA,329.0,0.0,80.0,0.369,,,,,,,,,,,,,,0.17,,-0.9,1.2,11.2,3.7,3.0,1.529,1.937,3.466
701538,Jackson Merrill,2021,ROK,16,hitting,,scored,120 PA,120.0,0.0,31.0,0.317,,,,,,,,,,,,,,0.142,,-8.7,0.2,4.1,0.0,2.4,-0.445,0.326,-0.119
701538,Jackson Merrill,2022,A,14,hitting,,scored,219 PA,219.0,0.0,45.0,0.377,,,,,,,,,,,,,,0.181,,-5.6,-0.2,7.5,0.0,3.0,0.169,0.999,1.168
701538,Jackson Merrill,2022,ROK,16,hitting,,insufficient_sample,31 PA (need 40),31.0,0.0,10.0,,,,,,,,,,,,,,,,,,,,,,0.0,0.0,0.0
701538,Jackson Merrill,2023,AA,12,hitting,,scored,211 PA,211.0,0.0,46.0,0.337,,,,,,,,,,,,,,0.141,,-5.5,0.4,7.2,0.0,3.0,0.211,1.4,1.611
701538,Jackson Merrill,2023,A+,13,hitting,,scored,300 PA,300.0,0.0,68.0,0.326,,,,,,,,,,,,,,0.136,,-13.0,0.4,10.2,0.0,3.0,-0.227,1.684,0.0
701649,James Triantos,2021,ROK,16,hitting,,scored,109 PA,109.0,0.0,25.0,0.407,,,,,,,,,,,,,,0.217,,-5.2,-0.2,3.7,-0.1,2.2,-0.177,0.269,0.0
701649,James Triantos,2022,A,14,hitting,,scored,504 PA,504.0,0.0,113.0,0.317,,,,,,,,,,,,,,0.132,,-25.0,1.4,17.2,-0.6,3.0,-0.705,2.3,0.0
701649,James Triantos,2023,AA,12,hitting,,insufficient_sample,13 PA (need 40),13.0,0.0,3.0,,,,,,,,,,,,,,,,,,,,,,0.0,0.0,0.0
701649,James Triantos,2023,A+,13,hitting,,scored,350 PA,350.0,0.0,80.0,0.333,,,,,,,,,,,,,,0.141,,-14.1,0.9,12.0,-0.4,3.0,-0.163,1.965,0.0
701649,James Triantos,2024,AAA,11,hitting,,scored,94 PA,94.0,0.0,26.0,0.323,,,,,,,,,,,,,,0.125,,-1.8,0.8,3.2,-0.1,3.0,0.2,0.378,0.579
701649,James Triantos,2024,AA,12,hitting,,scored,391 PA,391.0,0.0,89.0,0.338,,,,,,,,,,,,,,0.145,,-7.3,3.2,13.4,-0.5,3.0,0.883,2.326,3.209
701649,James Triantos,2025,AAA,11,hitting,,scored,444 PA,444.0,0.0,102.0,0.301,,,,,,,,,,,,,,0.108,,-15.2,1.2,15.2,-0.5,3.0,0.065,1.771,1.835
701649,James Triantos,2025,A+,13,hitting,,insufficient_sample,36 PA (need 40),36.0,0.0,8.0,,,,,,,,,,,,,,,,,,,,,,0.0,0.0,0.0
701649,James Triantos,2026,AAA,11,hitting,yes,scored,378 PA,378.0,0.0,88.0,0.338,,,,,,,,,,,,,,0.139,,-4.0,1.2,12.9,-0.5,3.0,0.962,1.544,2.506
701762,Nick Kurtz,2024,AA,12,hitting,,insufficient_sample,15 PA (need 40),15.0,0.0,5.0,,,,,,,,,,,,,,,,,,,,,,0.0,0.0,0.0
701762,Nick Kurtz,2024,A,14,hitting,,insufficient_sample,35 PA (need 40),35.0,0.0,7.0,,,,,,,,,,,,,,,,,,,,,,0.0,0.0,0.0
701762,Nick Kurtz,2025,AAA,11,hitting,yes,scored,97 PA,97.0,0.0,20.0,0.426,,,,,,,,,,,,,,0.212,,4.5,0.0,3.3,-1.5,3.0,0.632,0.387,1.019
702056,Trey Yesavage,2025,AAA,11,pitching,yes,scored,"72 BF, 17.3 IP",0.0,72.0,6.0,,2.55,1.15,0.257,5.71,0.361,0.153,0.385,4.0,0.667,4.3,82.2,2.89,swingman,,2.37,3.0,,2.5,,3.0,0.55,0.113,0.663
702056,Trey Yesavage,2025,AA,12,pitching,yes,scored,"121 BF, 30.0 IP",0.0,121.0,8.0,,2.64,1.07,0.3,3.3,0.38,0.091,0.233,7.0,0.875,4.3,74.0,3.75,starter,,1.28,-2.1,,4.1,,3.0,0.207,0.34,0.547
702056,Trey Yesavage,2025,A+,13,pitching,yes,scored,"69 BF, 17.3 IP",0.0,69.0,4.0,,3.0,0.92,0.13,5.71,0.478,0.159,0.6,4.0,1.0,4.3,74.2,4.33,starter,,1.08,-2.3,,2.4,,1.7,0.008,0.188,0.196
702056,Trey Yesavage,2025,A,14,pitching,yes,scored,"127 BF, 33.3 IP",0.0,127.0,7.0,,2.35,0.81,0.267,2.16,0.433,0.063,0.523,7.0,1.0,4.8,69.7,4.76,starter,,1.88,-4.3,,4.3,,0.5,0.007,0.089,0.096
702222,Justin Crawford,2022,A,14,hitting,,insufficient_sample,23 PA (need 40),23.0,0.0,5.0,,,,,,,,,,,,,,,,,,,,,,0.0,0.0,0.0
702222,Justin Crawford,2022,ROK,16,hitting,,scored,43 PA,43.0,0.0,11.0,0.34,,,,,,,,,,,,,,0.159,,-2.6,0.1,1.5,0.5,2.2,-0.049,0.105,0.0
702222,Justin Crawford,2023,A+,13,hitting,,scored,82 PA,82.0,0.0,18.0,0.346,,,,,,,,,,,,,,0.152,,-2.8,0.6,2.8,0.8,3.0,0.145,0.46,0.605
702222,Justin Crawford,2023,A,14,hitting,,scored,308 PA,308.0,0.0,69.0,0.378,,,,,,,,,,,,,,0.183,,-9.9,2.5,10.5,3.2,3.0,0.636,1.394,2.03
702222,Justin Crawford,2024,AA,12,hitting,,scored,180 PA,180.0,0.0,40.0,0.363,,,,,,,,,,,,,,0.166,,-0.8,1.8,6.1,1.9,3.0,0.901,1.071,1.972
702222,Justin Crawford,2024,A+,13,hitting,,scored,317 PA,317.0,0.0,70.0,0.341,,,,,,,,,,,,,,0.15,,-9.5,1.2,10.8,3.2,3.0,0.582,1.696,2.278
702222,Justin Crawford,2025,AAA,11,hitting,,scored,506 PA,506.0,0.0,112.0,0.379,,,,,,,,,,,,,,0.172,,8.2,3.7,17.3,5.2,3.0,3.436,2.018,5.454
702253,Cam Collier,2022,ROK,16,hitting,,insufficient_sample,35 PA (need 40),35.0,0.0,9.0,,,,,,,,,,,,,,,,,,,,,,0.0,0.0,0.0
702253,Cam Collier,2023,A,14,hitting,,scored,461 PA,461.0,0.0,111.0,0.317,,,,,,,,,,,,,,0.132,,-26.3,0.3,15.8,-3.4,3.0,-1.369,2.086,0.0
702253,Cam Collier,2024,A+,13,hitting,,scored,507 PA,507.0,0.0,119.0,0.347,,,,,,,,,,,,,,0.154,,-13.9,-0.0,17.3,-3.7,3.0,-0.029,2.712,0.0
702253,Cam Collier,2025,AA,12,hitting,,scored,308 PA,308.0,0.0,74.0,0.327,,,,,,,,,,,,,,0.135,,-8.1,-0.3,10.5,-2.3,3.0,-0.011,1.814,0.0
702253,Cam Collier,2025,A+,13,hitting,,scored,46 PA,46.0,0.0,11.0,0.346,,,,,,,,,,,,,,0.153,,-1.4,0.0,1.6,-0.3,3.0,-0.013,0.245,0.0
702253,Cam Collier,2025,ROK,16,hitting,,scored,42 PA,42.0,0.0,10.0,0.491,,,,,,,,,,,,,,0.285,,-0.9,0.1,1.4,-0.3,-0.3,0.031,-0.013,0.018
702253,Cam Collier,2026,AA,12,hitting,,scored,418 PA,418.0,0.0,98.0,0.3,,,,,,,,,,,,,,0.113,,-17.6,0.1,14.3,-3.0,3.0,-0.62,2.919,0.0
702258,Druw Jones,2023,A,14,hitting,,scored,131 PA,131.0,0.0,29.0,0.326,,,,,,,,,,,,,,0.14,,-7.0,0.2,4.5,-0.8,3.0,-0.308,0.593,0.0
702258,Druw Jones,2023,ROK,16,hitting,,scored,42 PA,42.0,0.0,12.0,0.263,,,,,,,,,,,,,,0.095,,-3.8,0.1,1.4,-0.3,1.0,-0.257,0.05,-0.207
702258,Druw Jones,2024,A,14,hitting,,scored,471 PA,471.0,0.0,109.0,0.363,,,,,,,,,,,,,,0.171,,-15.6,0.9,16.1,-2.8,1.9,-0.15,1.276,0.0
702258,Druw Jones,2025,A+,13,hitting,,scored,545 PA,545.0,0.0,123.0,0.308,,,,,,,,,,,,,,0.121,,-26.1,2.3,18.6,-3.2,2.0,-0.836,1.951,0.0
702258,Druw Jones,2026,AA,12,hitting,,scored,358 PA,358.0,0.0,82.0,0.332,,,,,,,,,,,,,,0.139,,-8.6,1.0,12.2,-2.1,2.6,0.25,2.2,2.449
702261,Termarr Johnson,2022,A,14,hitting,,scored,53 PA,53.0,0.0,14.0,0.363,,,,,,,,,,,,,,0.17,,-1.6,0.2,1.8,0.2,3.0,0.057,0.242,0.299
702261,Termarr Johnson,2022,ROK,16,hitting,,insufficient_sample,29 PA (need 40),29.0,0.0,9.0,,,,,,,,,,,,,,,,,,,,,,0.0,0.0,0.0
702261,Termarr Johnson,2023,A+,13,hitting,,scored,132 PA,132.0,0.0,30.0,0.381,,,,,,,,,,,,,,0.181,,-2.3,0.3,4.5,0.5,3.0,0.307,0.741,1.048
702261,Termarr Johnson,2023,A,14,hitting,,scored,330 PA,330.0,0.0,75.0,0.383,,,,,,,,,,,,,,0.188,,-9.8,0.3,11.3,1.2,3.0,0.287,1.493,1.781
702261,Termarr Johnson,2024,AA,12,hitting,,scored,57 PA,57.0,0.0,14.0,0.301,,,,,,,,,,,,,,0.114,,-2.2,-0.0,1.9,0.2,3.0,-0.008,0.339,0.0
702261,Termarr Johnson,2024,A+,13,hitting,,scored,487 PA,487.0,0.0,110.0,0.34,,,,,,,,,,,,,,0.149,,-14.9,1.4,16.6,1.7,3.0,0.479,2.605,3.083
702261,Termarr Johnson,2025,AA,12,hitting,,scored,503 PA,503.0,0.0,119.0,0.331,,,,,,,,,,,,,,0.138,,-12.2,-0.6,17.2,1.8,3.0,0.616,2.962,3.578
702261,Termarr Johnson,2026,AAA,11,hitting,,scored,381 PA,381.0,0.0,89.0,0.303,,,,,,,,,,,,,,0.11,,-12.6,1.7,13.0,1.4,3.0,0.343,1.556,1.899
702266,Dylan Lesko,2023,A+,13,pitching,,insufficient_sample,53 BF (need 60),0.0,53.0,3.0,,,,,,,,,,,,,,,,,,,,,,0.0,0.0,0.0
702266,Dylan Lesko,2023,A,14,pitching,,scored,"68 BF, 16.0 IP",0.0,68.0,5.0,,3.65,1.31,0.353,4.5,0.338,0.118,0.364,5.0,1.0,3.2,52.8,3.2,starter,,0.78,-3.1,,2.3,,2.8,-0.081,0.243,0.0
702266,Dylan Lesko,2023,ROK,16,pitching,,insufficient_sample,24 BF (need 60),0.0,24.0,4.0,,,,,,,,,,,,,,,,,,,,,,0.0,0.0,0.0
702266,Dylan Lesko,2024,A+,13,pitching,,scored,"390 BF, 84.0 IP",0.0,390.0,22.0,,6.31,1.64,0.269,8.04,0.256,0.192,0.336,19.0,0.864,4.4,83.7,3.82,starter,,-2.25,-28.4,,13.3,,2.8,-1.512,1.496,-0.016
702266,Dylan Lesko,2025,A+,13,pitching,,insufficient_sample,21 BF (need 60),0.0,21.0,4.0,,,,,,,,,,,,,,,,,,,,,,0.0,0.0,0.0
702266,Dylan Lesko,2025,A,14,pitching,,scored,"60 BF, 10.3 IP",0.0,60.0,11.0,,9.67,3.1,0.323,18.29,0.117,0.35,0.429,0.0,0.0,,,0.94,reliever,,-5.44,-5.4,,2.0,,0.6,-0.339,0.034,-0.305
702266,Dylan Lesko,2025,ROK,16,pitching,,insufficient_sample,22 BF (need 60),0.0,22.0,3.0,,,,,,,,,,,,,,,,,,,,,,0.0,0.0,0.0
702266,Dylan Lesko,2026,A,14,pitching,,scored,"120 BF, 27.0 IP",0.0,120.0,21.0,,6.19,1.52,0.224,8.67,0.233,0.217,0.422,0.0,0.0,,,1.29,reliever,,-1.26,-7.1,,4.1,,-0.1,-0.297,-0.018,-0.315
702273,Noah Schultz,2023,A,14,pitching,,scored,"104 BF, 27.0 IP",0.0,104.0,10.0,,3.25,0.85,0.25,2.0,0.365,0.058,0.548,10.0,1.0,2.7,42.5,2.7,starter,,1.19,-4.7,,3.6,,2.7,-0.113,0.396,0.0
702273,Noah Schultz,2024,AA,12,pitching,,scored,"248 BF, 61.0 IP",0.0,248.0,16.0,,2.62,1.02,0.291,2.51,0.294,0.069,0.648,16.0,1.0,3.8,60.5,3.81,starter,,1.31,-3.5,,8.5,,3.0,0.499,0.691,1.19
702273,Noah Schultz,2024,A+,13,pitching,,scored,"110 BF, 27.3 IP",0.0,110.0,7.0,,2.11,0.91,0.304,2.3,0.382,0.064,0.436,7.0,1.0,3.9,59.0,3.9,starter,,1.95,-1.9,,3.8,,2.7,0.19,0.471,0.661
702273,Noah Schultz,2025,AAA,11,pitching,,scored,"77 BF, 16.3 IP",0.0,77.0,5.0,,5.66,1.96,0.435,4.96,0.234,0.117,0.462,5.0,1.0,3.3,61.2,3.27,starter,,-0.74,-1.5,,2.6,,3.0,0.109,0.106,0.215
702273,Noah Schultz,2025,AA,12,pitching,,scored,"250 BF, 56.7 IP",0.0,250.0,12.0,,4.07,1.59,0.345,5.72,0.232,0.144,0.582,12.0,1.0,4.7,82.1,4.72,starter,,-0.15,-10.0,,8.5,,3.0,-0.146,0.642,0.0
702273,Noah Schultz,2026,AAA,11,pitching,yes,insufficient_sample,47 BF (need 60),0.0,47.0,3.0,,,,,,,,,,,,,,,,,,,,,,0.0,0.0,0.0
702281,Robby Snelling,2023,AA,12,pitching,,scored,"73 BF, 17.3 IP",0.0,73.0,4.0,,3.77,1.27,0.256,5.19,0.26,0.137,0.531,4.0,1.0,4.3,71.8,4.33,starter,,0.77,-1.3,,2.5,,3.0,0.12,0.196,0.316
702281,Robby Snelling,2023,A+,13,pitching,,scored,"144 BF, 34.7 IP",0.0,144.0,7.0,,2.73,1.21,0.333,2.86,0.278,0.076,0.393,7.0,1.0,5.0,84.9,4.95,starter,,1.59,-3.4,,4.9,,3.0,0.148,0.67,0.819
702281,Robby Snelling,2023,A,14,pitching,,scored,"199 BF, 51.7 IP",0.0,199.0,11.0,,2.81,1.01,0.296,2.26,0.296,0.065,0.545,11.0,1.0,4.7,72.3,4.7,starter,,1.62,-7.7,,6.8,,3.0,-0.095,0.844,0.0
702281,Robby Snelling,2024,AAA,11,pitching,,insufficient_sample,25 BF (need 60),0.0,25.0,1.0,,,,,,,,,,,,,,,,,,,,,,0.0,0.0,0.0
702281,Robby Snelling,2024,AA,12,pitching,,scored,"483 BF, 109.3 IP",0.0,483.0,23.0,,4.58,1.53,0.345,3.62,0.224,0.091,0.498,23.0,1.0,4.8,77.7,4.75,starter,,-0.64,-22.4,,16.5,,3.0,-0.589,1.239,0.0
702281,Robby Snelling,2025,AAA,11,pitching,,scored,"246 BF, 63.7 IP",0.0,246.0,11.0,,2.76,0.99,0.294,2.4,0.329,0.069,0.604,11.0,1.0,5.8,86.9,5.79,starter,,2.16,10.0,,8.4,,3.0,1.838,0.414,2.252
702281,Robby Snelling,2025,AA,12,pitching,,scored,"301 BF, 72.3 IP",0.0,301.0,14.0,,3.03,1.22,0.323,2.74,0.282,0.073,0.619,14.0,1.0,5.2,85.1,5.17,starter,,0.89,-7.1,,10.3,,3.0,0.317,0.82,1.137
702281,Robby Snelling,2026,AAA,11,pitching,yes,scored,"110 BF, 29.0 IP",0.0,110.0,6.0,,3.08,0.9,0.184,4.66,0.4,0.136,0.675,6.0,1.0,4.8,82.0,4.83,starter,,2.0,4.4,,3.8,,3.0,0.82,0.189,1.008
702284,Cole Young,2022,A,14,hitting,,scored,45 PA,45.0,0.0,10.0,0.406,,,,,,,,,,,,,,0.206,,-0.6,-0.3,1.5,0.3,3.0,0.093,0.205,0.299
702284,Cole Young,2022,ROK,16,hitting,,insufficient_sample,26 PA (need 40),26.0,0.0,7.0,,,,,,,,,,,,,,,,,,,,,,0.0,0.0,0.0
702284,Cole Young,2023,A+,13,hitting,,scored,230 PA,230.0,0.0,48.0,0.385,,,,,,,,,,,,,,0.184,,-3.5,-0.6,7.9,1.5,3.0,0.522,1.291,1.813
702284,Cole Young,2023,A,14,hitting,,scored,376 PA,376.0,0.0,78.0,0.364,,,,,,,,,,,,,,0.172,,-14.2,0.7,12.8,2.4,2.7,0.173,1.518,1.692
702284,Cole Young,2024,AA,12,hitting,,scored,552 PA,552.0,0.0,124.0,0.338,,,,,,,,,,,,,,0.145,,-10.2,0.1,18.9,3.8,3.0,1.251,3.284,4.534
702284,Cole Young,2025,AAA,11,hitting,yes,scored,245 PA,245.0,0.0,54.0,0.373,,,,,,,,,,,,,,0.168,,3.1,-0.0,8.4,1.7,3.0,1.312,0.977,2.289
702518,Jett Williams,2022,ROK,16,hitting,,scored,41 PA,41.0,0.0,10.0,0.346,,,,,,,,,,,,,,0.164,,-2.4,0.4,1.4,0.1,2.0,-0.054,0.091,0.0
702518,Jett Williams,2023,AA,12,hitting,,insufficient_sample,26 PA (need 40),26.0,0.0,6.0,,,,,,,,,,,,,,,,,,,,,,0.0,0.0,0.0
702518,Jett Williams,2023,A+,13,hitting,,scored,162 PA,162.0,0.0,36.0,0.435,,,,,,,,,,,,,,0.226,,1.5,1.2,5.5,0.2,3.0,0.833,0.909,1.742
702518,Jett Williams,2023,A,14,hitting,,scored,346 PA,346.0,0.0,79.0,0.374,,,,,,,,,,,,,,0.18,,-11.7,1.9,11.8,0.4,2.9,0.246,1.536,1.782
702518,Jett Williams,2024,AAA,11,hitting,,insufficient_sample,30 PA (need 40),30.0,0.0,6.0,,,,,,,,,,,,,,,,,,,,,,0.0,0.0,0.0
702518,Jett Williams,2024,AA,12,hitting,,scored,101 PA,101.0,0.0,22.0,0.25,,,,,,,,,,,,,,0.072,,-6.9,-0.3,3.5,0.1,3.0,-0.361,0.601,0.0
702518,Jett Williams,2024,A,14,hitting,,insufficient_sample,17 PA (need 40),17.0,0.0,5.0,,,,,,,,,,,,,,,,,,,,,,0.0,0.0,0.0
702518,Jett Williams,2025,AAA,11,hitting,,scored,151 PA,151.0,0.0,34.0,0.306,,,,,,,,,,,,,,0.112,,-4.7,-0.3,5.2,0.2,3.0,0.035,0.602,0.637
702518,Jett Williams,2025,AA,12,hitting,,scored,421 PA,421.0,0.0,96.0,0.376,,,,,,,,,,,,,,0.175,,0.5,2.4,14.4,0.5,3.0,1.779,2.479,4.258
702518,Jett Williams,2026,AAA,11,hitting,,scored,358 PA,358.0,0.0,80.0,0.321,,,,,,,,,,,,,,0.125,,-7.7,2.0,12.2,0.4,3.0,0.696,1.462,2.158
702548,Brock Porter,2023,A,14,pitching,,scored,"293 BF, 69.3 IP",0.0,293.0,21.0,,3.45,1.17,0.259,5.45,0.324,0.143,0.468,21.0,1.0,3.3,56.6,3.3,starter,,0.98,-12.8,,10.0,,2.5,-0.279,0.953,0.0
702548,Brock Porter,2024,A+,13,pitching,,insufficient_sample,45 BF (need 60),0.0,45.0,3.0,,,,,,,,,,,,,,,,,,,,,,0.0,0.0,0.0
702548,Brock Porter,2024,ROK,16,pitching,,insufficient_sample,56 BF (need 60),0.0,56.0,5.0,,,,,,,,,,,,,,,,,,,,,,0.0,0.0,0.0
702548,Brock Porter,2025,A+,13,pitching,,insufficient_sample,4 BF (need 60),0.0,4.0,1.0,,,,,,,,,,,,,,,,,,,,,,0.0,0.0,0.0
702548,Brock Porter,2025,A,14,pitching,,scored,"290 BF, 67.7 IP",0.0,290.0,41.0,,5.15,1.21,0.232,5.05,0.266,0.131,0.378,0.0,0.0,,,1.65,reliever,,-0.92,-19.0,,9.9,,0.3,-0.907,0.126,-0.781
702548,Brock Porter,2026,A+,13,pitching,,scored,"247 BF, 53.0 IP",0.0,247.0,16.0,,5.68,1.6,0.292,6.79,0.255,0.162,0.376,1.0,0.062,53.0,1028.0,3.31,reliever,,-0.57,-9.1,,8.4,,0.7,-0.063,0.226,0.0
702616,Jackson Holliday,2022,A,14,hitting,,scored,57 PA,57.0,0.0,12.0,0.357,,,,,,,,,,,,,,0.166,,-1.9,-0.1,1.9,0.4,3.0,0.032,0.26,0.292
702616,Jackson Holliday,2022,ROK,16,hitting,,insufficient_sample,33 PA (need 40),33.0,0.0,8.0,,,,,,,,,,,,,,,,,,,,,,0.0,0.0,0.0
702616,Jackson Holliday,2023,AAA,11,hitting,,scored,91 PA,91.0,0.0,18.0,0.357,,,,,,,,,,,,,,0.151,,-0.4,-0.2,3.1,0.6,3.0,0.312,0.386,0.698
702616,Jackson Holliday,2023,AA,12,hitting,,scored,164 PA,164.0,0.0,36.0,0.397,,,,,,,,,,,,,,0.191,,1.3,0.1,5.6,1.1,3.0,0.814,1.088,1.903
702616,Jackson Holliday,2023,A+,13,hitting,,scored,259 PA,259.0,0.0,57.0,0.412,,,,,,,,,,,,,,0.206,,-0.6,0.3,8.8,1.8,3.0,1.036,1.454,2.49
702616,Jackson Holliday,2023,A,14,hitting,,scored,67 PA,67.0,0.0,14.0,0.498,,,,,,,,,,,,,,0.283,,1.1,0.3,2.3,0.4,3.0,0.415,0.303,0.718
702616,Jackson Holliday,2024,AAA,11,hitting,yes,scored,56 PA,56.0,0.0,10.0,0.455,,,,,,,,,,,,,,0.235,,3.7,0.2,1.9,0.3,3.0,0.609,0.225,0.835
702674,Caden Dana,2022,A,14,pitching,,insufficient_sample,12 BF (need 60),0.0,12.0,1.0,,,,,,,,,,,,,,,,,,,,,,0.0,0.0,0.0
702674,Caden Dana,2022,ROK,16,pitching,,insufficient_sample,25 BF (need 60),0.0,25.0,3.0,,,,,,,,,,,,,,,,,,,,,,0.0,0.0,0.0
702674,Caden Dana,2023,A+,13,pitching,,scored,"224 BF, 53.3 IP",0.0,224.0,11.0,,3.16,1.29,0.339,4.05,0.317,0.107,0.451,11.0,1.0,4.8,79.6,4.85,starter,,1.17,-6.7,,7.7,,3.0,0.091,1.031,1.122
702674,Caden Dana,2023,A,14,pitching,,insufficient_sample,57 BF (need 60),0.0,57.0,3.0,,,,,,,,,,,,,,,,,,,,,,0.0,0.0,0.0
702674,Caden Dana,2024,AA,12,pitching,yes,scored,"537 BF, 135.7 IP",0.0,537.0,23.0,,3.22,0.94,0.239,2.59,0.274,0.073,0.381,23.0,1.0,5.9,90.3,5.9,starter,,0.72,-13.8,,18.3,,3.0,0.454,1.538,1.992
702693,Jaison Chourio,2023,A,14,hitting,,scored,42 PA,42.0,0.0,9.0,0.255,,,,,,,,,,,,,,0.081,,-3.4,0.1,1.4,-0.2,3.0,-0.215,0.19,-0.025
702693,Jaison Chourio,2023,ROK,16,hitting,,scored,189 PA,189.0,0.0,39.0,0.415,,,,,,,,,,,,,,0.222,,-8.8,1.0,6.5,-1.0,2.5,-0.232,0.562,0.0
702693,Jaison Chourio,2024,A,14,hitting,,scored,432 PA,432.0,0.0,98.0,0.363,,,,,,,,,,,,,,0.171,,-14.3,2.1,14.8,-2.5,3.0,0.005,1.87,1.875
702693,Jaison Chourio,2025,A+,13,hitting,,scored,353 PA,353.0,0.0,79.0,0.314,,,,,,,,,,,,,,0.126,,-15.9,-0.6,12.1,-2.0,3.0,-0.649,1.878,0.0
702693,Jaison Chourio,2025,ROK,16,hitting,,insufficient_sample,27 PA (need 40),27.0,0.0,8.0,,,,,,,,,,,,,,,,,,,,,,0.0,0.0,0.0
702693,Jaison Chourio,2026,AA,12,hitting,,scored,267 PA,267.0,0.0,60.0,0.336,,,,,,,,,,,,,,0.142,,-5.9,1.2,9.1,-1.6,3.0,0.285,1.864,2.149
702693,Jaison Chourio,2026,A+,13,hitting,,scored,102 PA,102.0,0.0,22.0,0.395,,,,,,,,,,,,,,0.192,,-0.8,0.2,3.5,-0.6,2.6,0.235,0.568,0.803
703149,Roderick Arias,2023,ROK,16,hitting,,scored,130 PA,130.0,0.0,27.0,0.401,,,,,,,,,,,,,,0.21,,-6.6,0.3,4.4,1.2,1.8,-0.054,0.278,0.0
703149,Roderick Arias,2024,A,14,hitting,,scored,552 PA,552.0,0.0,124.0,0.321,,,,,,,,,,,,,,0.136,,-27.7,1.0,18.9,5.7,2.7,-0.206,2.119,0.0
703149,Roderick Arias,2025,A,14,hitting,,scored,465 PA,465.0,0.0,103.0,0.293,,,,,,,,,,,,,,0.113,,-29.2,1.3,15.9,4.8,1.6,-0.719,1.087,0.0
703149,Roderick Arias,2026,A+,13,hitting,,scored,383 PA,383.0,0.0,90.0,0.34,,,,,,,,,,,,,,0.146,,-13.0,1.0,13.1,4.2,1.9,0.525,1.572,2.097
703155,Lazaro Montes,2023,A,14,hitting,,scored,156 PA,156.0,0.0,33.0,0.424,,,,,,,,,,,,,,0.221,,-2.1,0.1,5.3,-0.9,3.0,0.248,0.706,0.954
703155,Lazaro Montes,2023,ROK,16,hitting,,scored,146 PA,146.0,0.0,37.0,0.43,,,,,,,,,,,,,,0.234,,-6.2,-0.2,5.0,-1.0,1.9,-0.235,0.333,0.0
703155,Lazaro Montes,2024,A+,13,hitting,,scored,233 PA,233.0,0.0,51.0,0.348,,,,,,,,,,,,,,0.156,,-6.2,-0.2,8.0,-1.3,3.0,0.019,1.246,1.265
703155,Lazaro Montes,2024,A,14,hitting,,scored,309 PA,309.0,0.0,65.0,0.401,,,,,,,,,,,,,,0.203,,-5.4,0.1,10.6,-1.7,2.8,0.356,1.239,1.595
703155,Lazaro Montes,2025,AA,12,hitting,,scored,282 PA,282.0,0.0,64.0,0.326,,,,,,,,,,,,,,0.134,,-7.6,-0.0,9.6,-1.7,3.0,0.034,1.661,1.694
703155,Lazaro Montes,2025,A+,13,hitting,,scored,301 PA,301.0,0.0,67.0,0.403,,,,,,,,,,,,,,0.2,,-0.6,0.1,10.3,-1.7,2.9,0.801,1.559,2.36
703155,Lazaro Montes,2026,AAA,11,hitting,,scored,90 PA,90.0,0.0,19.0,0.343,,,,,,,,,,,,,,0.143,,-0.7,0.2,3.1,-0.5,3.0,0.206,0.368,0.574
703155,Lazaro Montes,2026,AA,12,hitting,,scored,339 PA,339.0,0.0,79.0,0.388,,,,,,,,,,,,,,0.185,,2.4,-0.2,11.6,-2.0,3.0,1.181,2.367,3.548
703186,Jarlin Susana,2022,A,14,pitching,,insufficient_sample,44 BF (need 60),0.0,44.0,3.0,,,,,,,,,,,,,,,,,,,,,,0.0,0.0,0.0
703186,Jarlin Susana,2022,ROK,16,pitching,,scored,"135 BF, 34.7 IP",0.0,135.0,10.0,,2.76,0.98,0.286,3.89,0.393,0.111,0.667,9.0,0.9,3.9,32.9,3.47,starter,,1.73,-7.1,,4.6,,2.4,-0.245,0.31,0.0
703186,Jarlin Susana,2023,A,14,pitching,,scored,"284 BF, 63.0 IP",0.0,284.0,17.0,,4.68,1.52,0.308,5.71,0.218,0.141,0.546,17.0,1.0,3.7,64.9,3.71,starter,,-0.25,-15.9,,9.7,,3.0,-0.615,1.029,0.0
703186,Jarlin Susana,2024,A+,13,pitching,,scored,"201 BF, 47.3 IP",0.0,201.0,10.0,,2.19,1.25,0.375,3.42,0.368,0.09,0.585,10.0,1.0,4.7,77.0,4.73,starter,,1.87,-3.5,,6.9,,3.0,0.34,0.915,1.256
703186,Jarlin Susana,2024,A,14,pitching,,scored,"243 BF, 56.3 IP",0.0,243.0,14.0,,2.56,1.37,0.373,4.79,0.342,0.123,0.696,14.0,1.0,4.0,69.1,4.02,starter,,1.6,-7.8,,8.3,,2.2,0.047,0.674,0.72
703186,Jarlin Susana,2025,AA,12,pitching,,scored,"208 BF, 47.3 IP",0.0,208.0,11.0,,3.14,1.39,0.356,6.08,0.38,0.154,0.526,11.0,1.0,4.3,75.9,4.3,starter,,0.78,-5.0,,7.1,,3.0,0.207,0.536,0.743
703186,Jarlin Susana,2025,A+,13,pitching,,insufficient_sample,36 BF (need 60),0.0,36.0,3.0,,,,,,,,,,,,,,,,,,,,,,0.0,0.0,0.0
703197,Michael Arroyo,2023,A,14,hitting,,scored,265 PA,265.0,0.0,57.0,0.347,,,,,,,,,,,,,,0.157,,-11.9,-0.1,9.1,-0.9,3.0,-0.383,1.199,0.0
703197,Michael Arroyo,2023,ROK,16,hitting,,insufficient_sample,13 PA (need 40),13.0,0.0,4.0,,,,,,,,,,,,,,,,,,,,,,0.0,0.0,0.0
703197,Michael Arroyo,2024,A+,13,hitting,,scored,290 PA,290.0,0.0,60.0,0.392,,,,,,,,,,,,,,0.192,,-1.6,-0.0,9.9,-0.9,3.0,0.735,1.551,2.286
703197,Michael Arroyo,2024,A,14,hitting,,scored,302 PA,302.0,0.0,60.0,0.39,,,,,,,,,,,,,,0.194,,-6.6,0.6,10.3,-0.9,2.8,0.333,1.225,1.558
703197,Michael Arroyo,2025,AA,12,hitting,,scored,250 PA,250.0,0.0,56.0,0.329,,,,,,,,,,,,,,0.137,,-6.3,0.4,8.5,-0.9,3.0,0.172,1.472,1.645
703197,Michael Arroyo,2025,A+,13,hitting,,scored,306 PA,306.0,0.0,65.0,0.407,,,,,,,,,,,,,,0.203,,-0.1,-0.1,10.5,-1.0,3.0,0.925,1.602,2.527
703197,Michael Arroyo,2026,AAA,11,hitting,,scored,89 PA,89.0,0.0,18.0,0.393,,,,,,,,,,,,,,0.185,,2.2,-0.0,3.0,-0.3,3.0,0.5,0.364,0.863
703197,Michael Arroyo,2026,AA,12,hitting,,scored,297 PA,297.0,0.0,65.0,0.355,,,,,,,,,,,,,,0.158,,-3.4,1.2,10.1,-1.0,3.0,0.697,2.074,2.771
703601,Max Clark,2023,A,14,hitting,,scored,51 PA,51.0,0.0,11.0,0.275,,,,,,,,,,,,,,0.098,,-3.8,0.1,1.7,-0.3,3.0,-0.222,0.231,0.0
703601,Max Clark,2023,ROK,16,hitting,,scored,56 PA,56.0,0.0,12.0,0.408,,,,,,,,,,,,,,0.215,,-2.7,0.1,1.9,-0.3,2.1,-0.099,0.139,0.0
703601,Max Clark,2024,A+,13,hitting,,scored,157 PA,157.0,0.0,34.0,0.332,,,,,,,,,,,,,,0.142,,-5.4,-0.1,5.4,-0.9,3.0,-0.103,0.84,0.0
703601,Max Clark,2024,A,14,hitting,,scored,333 PA,333.0,0.0,73.0,0.355,,,,,,,,,,,,,,0.165,,-12.1,2.1,11.4,-1.9,2.9,-0.043,1.414,0.0
703601,Max Clark,2025,AA,12,hitting,,scored,203 PA,203.0,0.0,43.0,0.348,,,,,,,,,,,,,,0.152,,-3.0,1.0,6.9,-1.1,3.0,0.379,1.195,1.575
703601,Max Clark,2025,A+,13,hitting,,scored,330 PA,330.0,0.0,68.0,0.383,,,,,,,,,,,,,,0.183,,-3.9,0.9,11.3,-1.8,3.0,0.648,1.755,2.404
703601,Max Clark,2026,AAA,11,hitting,yes,scored,418 PA,418.0,0.0,90.0,0.35,,,,,,,,,,,,,,0.148,,-1.3,2.6,14.3,-2.3,3.0,1.331,1.708,3.038
800050,Chase DeLauter,2023,AA,12,hitting,,insufficient_sample,28 PA (need 40),28.0,0.0,6.0,,,,,,,,,,,,,,,,,,,,,,0.0,0.0,0.0
800050,Chase DeLauter,2023,A+,13,hitting,,scored,176 PA,176.0,0.0,42.0,0.405,,,,,,,,,,,,,,0.201,,-0.9,-0.4,6.0,-1.1,1.9,0.365,0.636,1.001
800050,Chase DeLauter,2023,ROK,16,hitting,,insufficient_sample,38 PA (need 40),38.0,0.0,9.0,,,,,,,,,,,,,,,,,,,,,,0.0,0.0,0.0
800050,Chase DeLauter,2024,AAA,11,hitting,,insufficient_sample,27 PA (need 40),27.0,0.0,6.0,,,,,,,,,,,,,,,,,,,,,,0.0,0.0,0.0
800050,Chase DeLauter,2024,AA,12,hitting,,scored,128 PA,128.0,0.0,30.0,0.33,,,,,,,,,,,,,,0.138,,-2.9,-0.1,4.4,-0.8,2.4,0.052,0.597,0.648
800050,Chase DeLauter,2024,ROK,16,hitting,,insufficient_sample,9 PA (need 40),9.0,0.0,3.0,,,,,,,,,,,,,,,,,,,,,,0.0,0.0,0.0
800050,Chase DeLauter,2025,AAA,11,hitting,yes,scored,149 PA,149.0,0.0,34.0,0.372,,,,,,,,,,,,,,0.167,,1.7,0.0,5.1,-0.9,3.0,0.595,0.594,1.19
800050,Chase DeLauter,2025,ROK,16,hitting,yes,insufficient_sample,28 PA (need 40),28.0,0.0,8.0,,,,,,,,,,,,,,,,,,,,,,0.0,0.0,0.0
800060,Xavier Isaac,2022,ROK,16,hitting,,insufficient_sample,21 PA (need 40),21.0,0.0,5.0,,,,,,,,,,,,,,,,,,,,,,0.0,0.0,0.0
800060,Xavier Isaac,2023,A+,13,hitting,,scored,57 PA,57.0,0.0,12.0,0.563,,,,,,,,,,,,,,0.332,,4.0,0.2,1.9,-0.9,3.0,0.528,0.32,0.848
800060,Xavier Isaac,2023,A,14,hitting,,scored,376 PA,376.0,0.0,90.0,0.365,,,,,,,,,,,,,,0.172,,-14.0,1.0,12.8,-6.9,3.0,-0.716,1.702,0.0
800060,Xavier Isaac,2024,AA,12,hitting,,scored,133 PA,133.0,0.0,31.0,0.315,,,,,,,,,,,,,,0.126,,-4.2,-0.1,4.5,-2.4,3.0,-0.218,0.791,0.0
800060,Xavier Isaac,2024,A+,13,hitting,,scored,302 PA,302.0,0.0,71.0,0.39,,,,,,,,,,,,,,0.19,,-2.0,1.1,10.3,-5.5,3.0,0.395,1.615,2.01
800060,Xavier Isaac,2025,AA,12,hitting,,scored,175 PA,175.0,0.0,41.0,0.357,,,,,,,,,,,,,,0.16,,-1.7,-0.4,6.0,-3.2,3.0,0.071,1.03,1.102
800060,Xavier Isaac,2026,AA,12,hitting,,scored,344 PA,344.0,0.0,82.0,0.374,,,,,,,,,,,,,,0.174,,-0.2,1.6,11.8,-6.3,2.7,0.686,2.155,2.841
800473,Jefferson Rojas,2023,A,14,hitting,,scored,307 PA,307.0,0.0,70.0,0.33,,,,,,,,,,,,,,0.143,,-15.8,0.5,10.5,2.2,3.0,-0.272,1.389,0.0
800473,Jefferson Rojas,2023,ROK,16,hitting,,insufficient_sample,3 PA (need 40),3.0,0.0,1.0,,,,,,,,,,,,,,,,,,,,,,0.0,0.0,0.0
800473,Jefferson Rojas,2024,A+,13,hitting,,scored,419 PA,419.0,0.0,96.0,0.286,,,,,,,,,,,,,,0.104,,-23.6,0.5,14.3,3.0,3.0,-0.583,2.241,0.0
800473,Jefferson Rojas,2025,AA,12,hitting,,scored,172 PA,172.0,0.0,39.0,0.234,,,,,,,,,,,,,,0.057,,-13.6,0.7,5.9,1.2,3.0,-0.585,1.013,0.0
800473,Jefferson Rojas,2025,A+,13,hitting,,scored,299 PA,299.0,0.0,67.0,0.375,,,,,,,,,,,,,,0.176,,-4.7,0.9,10.2,2.1,3.0,0.845,1.591,2.436
800473,Jefferson Rojas,2026,AA,12,hitting,,scored,386 PA,386.0,0.0,90.0,0.347,,,,,,,,,,,,,,0.152,,-6.0,0.9,13.2,2.8,3.0,1.087,2.695,3.782
800522,Josue Briceño,2023,A,14,hitting,,scored,48 PA,48.0,0.0,11.0,0.367,,,,,,,,,,,,,,0.174,,-1.7,0.0,1.6,0.0,3.0,-0.011,0.217,0.0
800522,Josue Briceño,2023,ROK,16,hitting,,scored,198 PA,198.0,0.0,44.0,0.404,,,,,,,,,,,,,,0.212,,-9.9,0.1,6.8,0.0,1.8,-0.302,0.433,0.0
800522,Josue Briceño,2024,A,14,hitting,,scored,176 PA,176.0,0.0,40.0,0.339,,,,,,,,,,,,,,0.151,,-7.5,-0.3,6.0,0.0,2.7,-0.183,0.686,0.0
800522,Josue Briceño,2025,AA,12,hitting,,scored,198 PA,198.0,0.0,45.0,0.315,,,,,,,,,,,,,,0.125,,-6.6,-0.3,6.8,0.0,3.0,-0.008,1.166,0.0
800522,Josue Briceño,2025,A+,13,hitting,,scored,244 PA,244.0,0.0,55.0,0.426,,,,,,,,,,,,,,0.219,,2.2,0.1,8.3,0.0,2.8,1.066,1.229,2.295
800522,Josue Briceño,2026,AA,12,hitting,,scored,49 PA,49.0,0.0,11.0,0.453,,,,,,,,,,,,,,0.239,,2.1,0.0,1.7,0.0,3.0,0.382,0.342,0.724
800522,Josue Briceño,2026,A,14,hitting,,insufficient_sample,25 PA (need 40),25.0,0.0,7.0,,,,,,,,,,,,,,,,,,,,,,0.0,0.0,0.0
800522,Josue Briceño,2026,ROK,16,hitting,,insufficient_sample,9 PA (need 40),9.0,0.0,3.0,,,,,,,,,,,,,,,,,,,,,,0.0,0.0,0.0
800543,Josue De Paula,2023,A,14,hitting,,scored,340 PA,340.0,0.0,74.0,0.348,,,,,,,,,,,,,,0.158,,-15.1,0.8,11.6,-1.9,3.0,-0.464,1.539,0.0
800543,Josue De Paula,2024,A+,13,hitting,,scored,230 PA,230.0,0.0,52.0,0.358,,,,,,,,,,,,,,0.164,,-5.1,0.8,7.9,-1.3,3.0,0.224,1.23,1.454
800543,Josue De Paula,2024,A,14,hitting,,scored,251 PA,251.0,0.0,55.0,0.365,,,,,,,,,,,,,,0.173,,-8.1,1.4,8.6,-1.4,3.0,0.044,1.086,1.13
800543,Josue De Paula,2025,AA,12,hitting,,insufficient_sample,19 PA (need 40),19.0,0.0,4.0,,,,,,,,,,,,,,,,,,,,,,0.0,0.0,0.0
800543,Josue De Paula,2025,A+,13,hitting,,scored,426 PA,426.0,0.0,98.0,0.369,,,,,,,,,,,,,,0.172,,-7.9,1.8,14.6,-2.5,3.0,0.591,2.266,2.857
800543,Josue De Paula,2026,AA,12,hitting,,scored,440 PA,440.0,0.0,92.0,0.404,,,,,,,,,,,,,,0.199,,7.3,1.9,15.0,-2.4,3.0,2.184,3.072,5.256
800611,Noble Meyer,2023,A,14,pitching,,insufficient_sample,34 BF (need 60),0.0,34.0,3.0,,,,,,,,,,,,,,,,,,,,,,0.0,0.0,0.0
800611,Noble Meyer,2023,ROK,16,pitching,,insufficient_sample,17 BF (need 60),0.0,17.0,2.0,,,,,,,,,,,,,,,,,,,,,,0.0,0.0,0.0
800611,Noble Meyer,2024,A+,13,pitching,,scored,"179 BF, 40.0 IP",0.0,179.0,11.0,,6.2,1.43,0.207,7.2,0.235,0.179,0.419,10.0,0.909,4.0,78.7,3.64,starter,,-2.14,-13.3,,6.1,,3.0,-0.715,0.773,0.0
800611,Noble Meyer,2024,A,14,pitching,,scored,"141 BF, 34.0 IP",0.0,141.0,8.0,,4.23,1.18,0.214,6.09,0.305,0.163,0.418,8.0,1.0,4.2,74.2,4.25,starter,,-0.07,-7.8,,4.8,,3.0,-0.3,0.555,0.0
800611,Noble Meyer,2025,A+,13,pitching,,scored,"296 BF, 65.3 IP",0.0,296.0,19.0,,4.11,1.39,0.287,5.23,0.243,0.128,0.415,19.0,1.0,3.4,62.9,3.44,starter,,-0.03,-13.2,,10.1,,3.0,-0.312,1.263,0.0
800611,Noble Meyer,2026,A,14,pitching,,insufficient_sample,24 BF (need 60),0.0,24.0,3.0,,,,,,,,,,,,,,,,,,,,,,0.0,0.0,0.0
800614,Bryce Rainer,2025,A,14,hitting,,scored,149 PA,149.0,0.0,35.0,0.361,,,,,,,,,,,,,,0.17,,-5.2,0.3,5.1,1.6,2.4,0.179,0.524,0.703
800614,Bryce Rainer,2026,A+,13,hitting,,scored,304 PA,304.0,0.0,69.0,0.362,,,,,,,,,,,,,,0.165,,-7.1,0.7,10.4,3.2,2.7,0.717,1.773,2.49
800614,Bryce Rainer,2026,A,14,hitting,,scored,49 PA,49.0,0.0,11.0,0.256,,,,,,,,,,,,,,0.081,,-3.9,0.4,1.7,0.5,1.7,-0.129,0.137,0.0
801403,Chase Dollander,2024,AA,12,pitching,,scored,"199 BF, 48.0 IP",0.0,199.0,9.0,,2.72,1.1,0.284,3.56,0.291,0.095,0.434,9.0,1.0,5.3,88.6,5.33,starter,,1.22,-3.1,,6.8,,2.4,0.372,0.435,0.807
801403,Chase Dollander,2024,A+,13,pitching,,scored,"300 BF, 70.0 IP",0.0,300.0,14.0,,3.03,1.26,0.37,3.6,0.37,0.093,0.38,14.0,1.0,5.0,90.9,5.0,starter,,1.03,-8.9,,10.2,,0.9,0.135,0.406,0.54
801403,Chase Dollander,2025,AAA,11,pitching,yes,insufficient_sample,19 BF (need 60),0.0,19.0,1.0,,,,,,,,,,,,,,,,,,,,,,0.0,0.0,0.0
802139,JJ Wetherholt,2024,A,14,hitting,,scored,126 PA,126.0,0.0,29.0,0.361,,,,,,,,,,,,,,0.17,,-4.3,0.2,4.3,1.3,0.7,0.157,0.121,0.277
802139,JJ Wetherholt,2025,AAA,11,hitting,,scored,221 PA,221.0,0.0,47.0,0.415,,,,,,,,,,,,,,0.202,,8.8,1.1,7.6,2.2,3.0,1.959,0.881,2.841
802139,JJ Wetherholt,2025,AA,12,hitting,,scored,275 PA,275.0,0.0,62.0,0.392,,,,,,,,,,,,,,0.189,,2.8,1.3,9.4,2.9,2.3,1.641,1.265,2.906
802419,Thomas Harrington,2023,A+,13,pitching,,scored,"376 BF, 88.3 IP",0.0,376.0,18.0,,4.0,1.3,0.335,2.95,0.282,0.077,0.315,18.0,1.0,4.9,81.0,4.91,starter,,0.32,-16.0,,12.8,,1.7,-0.312,0.963,0.0
802419,Thomas Harrington,2023,A,14,pitching,,scored,"150 BF, 39.0 IP",0.0,150.0,8.0,,3.79,1.1,0.304,2.77,0.267,0.08,0.409,8.0,1.0,4.9,68.8,4.88,starter,,0.64,-7.9,,5.1,,0.6,-0.279,0.134,-0.145
802419,Thomas Harrington,2024,AAA,11,pitching,,scored,"179 BF, 46.0 IP",0.0,179.0,8.0,,4.06,0.93,0.24,1.57,0.212,0.045,0.389,8.0,1.0,5.8,81.0,5.75,starter,,0.91,2.8,,6.1,,3.0,0.89,0.299,1.189
802419,Thomas Harrington,2024,AA,12,pitching,,scored,"270 BF, 68.3 IP",0.0,270.0,13.0,,2.53,1.0,0.303,1.32,0.274,0.037,0.4,12.0,0.923,5.7,79.5,5.26,starter,,1.41,-3.4,,9.2,,2.1,0.582,0.545,1.126
802419,Thomas Harrington,2024,A,14,pitching,,insufficient_sample,9 BF (need 60),0.0,9.0,1.0,,,,,,,,,,,,,,,,,,,,,,0.0,0.0,0.0
804606,Konnor Griffin,2025,AA,12,hitting,,scored,98 PA,98.0,0.0,21.0,0.411,,,,,,,,,,,,,,0.205,,2.1,0.3,3.3,1.0,3.0,0.664,0.577,1.241
804606,Konnor Griffin,2025,A+,13,hitting,,scored,234 PA,234.0,0.0,51.0,0.407,,,,,,,,,,,,,,0.203,,-0.0,2.2,8.0,2.4,3.0,1.247,1.245,2.492
804606,Konnor Griffin,2025,A,14,hitting,,scored,231 PA,231.0,0.0,50.0,0.399,,,,,,,,,,,,,,0.201,,-4.6,1.7,7.9,2.3,3.0,0.739,1.005,1.744
804606,Konnor Griffin,2026,AAA,11,hitting,yes,insufficient_sample,21 PA (need 40),21.0,0.0,5.0,,,,,,,,,,,,,,,,,,,,,,0.0,0.0,0.0
805779,Jacob Wilson,2023,A+,13,hitting,,scored,99 PA,99.0,0.0,23.0,0.362,,,,,,,,,,,,,,0.165,,-2.6,0.2,3.4,1.1,2.4,0.207,0.446,0.653
805779,Jacob Wilson,2023,ROK,16,hitting,,insufficient_sample,12 PA (need 40),12.0,0.0,3.0,,,,,,,,,,,,,,,,,,,,,,0.0,0.0,0.0
805779,Jacob Wilson,2024,AAA,11,hitting,yes,scored,90 PA,90.0,0.0,19.0,0.46,,,,,,,,,,,,,,0.239,,6.2,0.0,3.1,0.9,3.0,1.02,0.362,1.382
805779,Jacob Wilson,2024,AA,12,hitting,yes,scored,93 PA,93.0,0.0,22.0,0.497,,,,,,,,,,,,,,0.277,,6.6,-0.0,3.2,1.0,2.8,1.083,0.521,1.604
805779,Jacob Wilson,2024,ROK,16,hitting,yes,insufficient_sample,17 PA (need 40),17.0,0.0,5.0,,,,,,,,,,,,,,,,,,,,,,0.0,0.0,0.0
805795,Aidan Miller,2023,A,14,hitting,,scored,44 PA,44.0,0.0,10.0,0.296,,,,,,,,,,,,,,0.115,,-2.9,0.2,1.5,0.5,3.0,-0.073,0.199,0.0
805795,Aidan Miller,2023,ROK,16,hitting,,insufficient_sample,36 PA (need 40),36.0,0.0,10.0,,,,,,,,,,,,,,,,,,,,,,0.0,0.0,0.0
805795,Aidan Miller,2024,AA,12,hitting,,insufficient_sample,22 PA (need 40),22.0,0.0,5.0,,,,,,,,,,,,,,,,,,,,,,0.0,0.0,0.0
805795,Aidan Miller,2024,A+,13,hitting,,scored,258 PA,258.0,0.0,58.0,0.347,,,,,,,,,,,,,,0.154,,-7.1,0.4,8.8,2.7,3.0,0.487,1.38,1.867
805795,Aidan Miller,2024,A,14,hitting,,scored,182 PA,182.0,0.0,39.0,0.385,,,,,,,,,,,,,,0.189,,-4.4,0.8,6.2,1.8,2.4,0.441,0.633,1.073
805795,Aidan Miller,2025,AAA,11,hitting,,insufficient_sample,37 PA (need 40),37.0,0.0,8.0,,,,,,,,,,,,,,,,,,,,,,0.0,0.0,0.0
805795,Aidan Miller,2025,AA,12,hitting,,scored,489 PA,489.0,0.0,108.0,0.358,,,,,,,,,,,,,,0.161,,-4.4,3.2,16.7,5.0,3.0,2.052,2.879,4.931
805796,Arjun Nimmala,2023,ROK,16,hitting,,scored,40 PA,40.0,0.0,9.0,0.398,,,,,,,,,,,,,,0.207,,-2.1,0.1,1.4,0.4,2.9,-0.02,0.139,0.0
805796,Arjun Nimmala,2024,A,14,hitting,,scored,361 PA,361.0,0.0,82.0,0.336,,,,,,,,,,,,,,0.149,,-15.9,0.7,12.3,3.8,3.0,0.092,1.562,1.655
805796,Arjun Nimmala,2024,ROK,16,hitting,,insufficient_sample,30 PA (need 40),30.0,0.0,8.0,,,,,,,,,,,,,,,,,,,,,,0.0,0.0,0.0
805796,Arjun Nimmala,2025,A+,13,hitting,,scored,543 PA,543.0,0.0,120.0,0.303,,,,,,,,,,,,,,0.117,,-27.3,1.3,18.6,5.6,3.0,-0.19,2.889,0.0
805796,Arjun Nimmala,2026,AA,12,hitting,,scored,133 PA,133.0,0.0,32.0,0.351,,,,,,,,,,,,,,0.155,,-1.8,-0.0,4.5,1.5,3.0,0.421,0.929,1.35
805796,Arjun Nimmala,2026,A+,13,hitting,,scored,105 PA,105.0,0.0,23.0,0.36,,,,,,,,,,,,,,0.163,,-2.5,-0.0,3.6,1.1,3.0,0.21,0.669,0.879
805796,Arjun Nimmala,2026,A,14,hitting,,insufficient_sample,12 PA (need 40),12.0,0.0,3.0,,,,,,,,,,,,,,,,,,,,,,0.0,0.0,0.0
805796,Arjun Nimmala,2026,ROK,16,hitting,,insufficient_sample,9 PA (need 40),9.0,0.0,3.0,,,,,,,,,,,,,,,,,,,,,,0.0,0.0,0.0
805805,Walker Jenkins,2023,A,14,hitting,,scored,56 PA,56.0,0.0,12.0,0.448,,,,,,,,,,,,,,0.241,,-0.2,-0.0,1.9,-0.3,3.0,0.139,0.253,0.393
805805,Walker Jenkins,2023,ROK,16,hitting,,scored,59 PA,59.0,0.0,14.0,0.396,,,,,,,,,,,,,,0.206,,-3.1,-0.0,2.0,-0.4,2.2,-0.141,0.158,0.0
805805,Walker Jenkins,2024,AA,12,hitting,,insufficient_sample,28 PA (need 40),28.0,0.0,6.0,,,,,,,,,,,,,,,,,,,,,,0.0,0.0,0.0
805805,Walker Jenkins,2024,A+,13,hitting,,scored,152 PA,152.0,0.0,34.0,0.373,,,,,,,,,,,,,,0.176,,-2.3,0.5,5.2,-0.9,3.0,0.25,0.813,1.063
805805,Walker Jenkins,2024,A,14,hitting,,scored,151 PA,151.0,0.0,33.0,0.363,,,,,,,,,,,,,,0.172,,-5.0,0.2,5.2,-0.9,3.0,-0.048,0.653,0.0
805805,Walker Jenkins,2024,ROK,16,hitting,,insufficient_sample,37 PA (need 40),37.0,0.0,9.0,,,,,,,,,,,,,,,,,,,,,,0.0,0.0,0.0
805805,Walker Jenkins,2025,AAA,11,hitting,,scored,102 PA,102.0,0.0,23.0,0.316,,,,,,,,,,,,,,0.12,,-2.5,0.6,3.5,-0.6,3.0,0.102,0.407,0.509
805805,Walker Jenkins,2025,AA,12,hitting,,scored,235 PA,235.0,0.0,52.0,0.397,,,,,,,,,,,,,,0.193,,3.1,0.7,8.0,-1.3,3.0,1.046,1.384,2.43
805805,Walker Jenkins,2025,A,14,hitting,,insufficient_sample,31 PA (need 40),31.0,0.0,8.0,,,,,,,,,,,,,,,,,,,,,,0.0,0.0,0.0
805805,Walker Jenkins,2025,ROK,16,hitting,,insufficient_sample,3 PA (need 40),3.0,0.0,1.0,,,,,,,,,,,,,,,,,,,,,,0.0,0.0,0.0
805805,Walker Jenkins,2026,AAA,11,hitting,,scored,223 PA,223.0,0.0,51.0,0.356,,,,,,,,,,,,,,0.153,,0.2,0.9,7.6,-1.3,3.0,0.739,0.911,1.65
805805,Walker Jenkins,2026,A+,13,hitting,,insufficient_sample,12 PA (need 40),12.0,0.0,3.0,,,,,,,,,,,,,,,,,,,,,,0.0,0.0,0.0
805805,Walker Jenkins,2026,A,14,hitting,,insufficient_sample,5 PA (need 40),5.0,0.0,1.0,,,,,,,,,,,,,,,,,,,,,,0.0,0.0,0.0
805808,Kevin McGonigle,2023,A,14,hitting,,scored,48 PA,48.0,0.0,12.0,0.397,,,,,,,,,,,,,,0.199,,-1.2,-0.2,1.6,0.6,3.0,0.083,0.217,0.3
805808,Kevin McGonigle,2023,ROK,16,hitting,,scored,45 PA,45.0,0.0,9.0,0.379,,,,,,,,,,,,,,0.191,,-2.6,-0.0,1.5,0.4,1.7,-0.061,0.093,0.0
805808,Kevin McGonigle,2024,A+,13,hitting,,scored,57 PA,57.0,0.0,14.0,0.325,,,,,,,,,,,,,,0.136,,-2.2,0.2,1.9,0.6,3.0,0.066,0.305,0.371
805808,Kevin McGonigle,2024,A,14,hitting,,scored,271 PA,271.0,0.0,60.0,0.38,,,,,,,,,,,,,,0.185,,-7.1,1.6,9.3,2.8,2.6,0.649,1.017,1.666
805808,Kevin McGonigle,2025,AA,12,hitting,,scored,206 PA,206.0,0.0,46.0,0.385,,,,,,,,,,,,,,0.183,,1.3,0.4,7.0,2.1,3.0,1.091,1.213,2.304
805808,Kevin McGonigle,2025,A+,13,hitting,,scored,171 PA,171.0,0.0,36.0,0.467,,,,,,,,,,,,,,0.253,,4.9,-0.8,5.8,1.7,2.7,1.156,0.831,1.987
805808,Kevin McGonigle,2025,A,14,hitting,,insufficient_sample,20 PA (need 40),20.0,0.0,6.0,,,,,,,,,,,,,,,,,,,,,,0.0,0.0,0.0
805809,Travis Sykora,2024,A,14,pitching,,scored,"329 BF, 85.0 IP",0.0,329.0,20.0,,1.99,0.91,0.286,2.86,0.392,0.082,0.455,20.0,1.0,4.2,68.9,4.25,starter,,2.17,-9.2,,11.2,,2.3,0.205,1.062,1.267
805809,Travis Sykora,2025,AA,12,pitching,,insufficient_sample,25 BF (need 60),0.0,25.0,2.0,,,,,,,,,,,,,,,,,,,,,,0.0,0.0,0.0
805809,Travis Sykora,2025,A+,13,pitching,,scored,"106 BF, 29.7 IP",0.0,106.0,6.0,,1.15,0.67,0.24,2.43,0.443,0.075,0.5,6.0,1.0,4.9,76.2,4.94,starter,,2.94,-0.3,,3.6,,2.4,0.328,0.466,0.793
805809,Travis Sykora,2025,A,14,pitching,,insufficient_sample,21 BF (need 60),0.0,21.0,2.0,,,,,,,,,,,,,,,,,,,,,,0.0,0.0,0.0
805809,Travis Sykora,2025,ROK,16,pitching,,insufficient_sample,17 BF (need 60),0.0,17.0,2.0,,,,,,,,,,,,,,,,,,,,,,0.0,0.0,0.0
805810,Blake Mitchell,2023,ROK,16,hitting,,scored,52 PA,52.0,0.0,13.0,0.319,,,,,,,,,,,,,,0.142,,-3.8,0.1,1.8,1.0,1.7,-0.098,0.105,0.0
805810,Blake Mitchell,2024,A+,13,hitting,,insufficient_sample,20 PA (need 40),20.0,0.0,5.0,,,,,,,,,,,,,,,,,,,,,,0.0,0.0,0.0
805810,Blake Mitchell,2024,A,14,hitting,,scored,466 PA,466.0,0.0,106.0,0.357,,,,,,,,,,,,,,0.166,,-16.6,1.0,15.9,8.2,2.6,0.852,1.721,2.574
805810,Blake Mitchell,2025,A+,13,hitting,,scored,216 PA,216.0,0.0,49.0,0.311,,,,,,,,,,,,,,0.124,,-10.0,0.1,7.4,3.8,2.7,0.123,1.035,1.157
805810,Blake Mitchell,2025,ROK,16,hitting,,insufficient_sample,39 PA (need 40),39.0,0.0,11.0,,,,,,,,,,,,,,,,,,,,,,0.0,0.0,0.0
805810,Blake Mitchell,2026,A+,13,hitting,,scored,386 PA,386.0,0.0,87.0,0.384,,,,,,,,,,,,,,0.183,,-4.9,1.6,13.2,6.7,1.8,1.658,1.501,3.159
805811,Bryce Eldridge,2023,A,14,hitting,,scored,69 PA,69.0,0.0,15.0,0.355,,,,,,,,,,,,,,0.164,,-2.9,0.1,2.4,-1.2,3.0,-0.155,0.312,0.0
805811,Bryce Eldridge,2023,ROK,16,hitting,,scored,61 PA,61.0,0.0,16.0,0.425,,,,,,,,,,,,,,0.23,,-2.7,0.0,2.1,-1.2,1.9,-0.182,0.139,-0.043
805811,Bryce Eldridge,2024,AAA,11,hitting,,insufficient_sample,35 PA (need 40),35.0,0.0,8.0,,,,,,,,,,,,,,,,,,,,,,0.0,0.0,0.0
805811,Bryce Eldridge,2024,AA,12,hitting,,scored,40 PA,40.0,0.0,9.0,0.327,,,,,,,,,,,,,,0.136,,-1.0,0.1,1.4,-0.7,3.0,-0.018,0.238,0.0
805811,Bryce Eldridge,2024,A+,13,hitting,,scored,215 PA,215.0,0.0,48.0,0.44,,,,,,,,,,,,,,0.232,,3.8,0.3,7.3,-3.7,3.0,0.778,1.15,1.928
805811,Bryce Eldridge,2024,A,14,hitting,,scored,229 PA,229.0,0.0,51.0,0.34,,,,,,,,,,,,,,0.153,,-9.7,0.2,7.8,-3.9,2.8,-0.558,0.916,0.0
805811,Bryce Eldridge,2025,AAA,11,hitting,yes,scored,286 PA,286.0,0.0,66.0,0.349,,,,,,,,,,,,,,0.147,,-1.0,0.2,9.8,-5.1,3.0,0.387,1.141,1.528
805811,Bryce Eldridge,2025,AA,12,hitting,yes,scored,140 PA,140.0,0.0,34.0,0.365,,,,,,,,,,,,,,0.166,,-0.7,-0.3,4.8,-2.6,3.0,0.118,0.824,0.943
805811,Bryce Eldridge,2025,ROK,16,hitting,yes,insufficient_sample,7 PA (need 40),7.0,0.0,2.0,,,,,,,,,,,,,,,,,,,,,,0.0,0.0,0.0
806068,Colt Emerson,2023,A,14,hitting,,scored,79 PA,79.0,0.0,16.0,0.393,,,,,,,,,,,,,,0.195,,-2.1,0.4,2.7,0.7,3.0,0.177,0.358,0.534
806068,Colt Emerson,2023,ROK,16,hitting,,insufficient_sample,35 PA (need 40),35.0,0.0,8.0,,,,,,,,,,,,,,,,,,,,,,0.0,0.0,0.0
806068,Colt Emerson,2024,A+,13,hitting,,scored,139 PA,139.0,0.0,29.0,0.297,,,,,,,,,,,,,,0.113,,-7.2,0.8,4.7,1.3,3.0,-0.026,0.743,0.0
806068,Colt Emerson,2024,A,14,hitting,,scored,193 PA,193.0,0.0,40.0,0.388,,,,,,,,,,,,,,0.192,,-4.4,0.4,6.6,1.9,3.0,0.44,0.835,1.275
806068,Colt Emerson,2024,ROK,16,hitting,,insufficient_sample,4 PA (need 40),4.0,0.0,1.0,,,,,,,,,,,,,,,,,,,,,,0.0,0.0,0.0
806068,Colt Emerson,2025,AAA,11,hitting,,insufficient_sample,27 PA (need 40),27.0,0.0,6.0,,,,,,,,,,,,,,,,,,,,,,0.0,0.0,0.0
806068,Colt Emerson,2025,AA,12,hitting,,scored,161 PA,161.0,0.0,34.0,0.343,,,,,,,,,,,,,,0.148,,-2.8,1.0,5.5,1.6,3.0,0.526,0.948,1.474
806068,Colt Emerson,2025,A+,13,hitting,,scored,412 PA,412.0,0.0,90.0,0.366,,,,,,,,,,,,,,0.169,,-8.2,-0.3,14.1,4.2,3.0,0.975,2.192,3.166
806068,Colt Emerson,2026,AAA,11,hitting,yes,scored,169 PA,169.0,0.0,38.0,0.35,,,,,,,,,,,,,,0.149,,-0.5,0.6,5.8,1.8,3.0,0.765,0.69,1.456
806071,Jonny Farmelo,2024,A,14,hitting,,scored,221 PA,221.0,0.0,46.0,0.362,,,,,,,,,,,,,,0.171,,-7.4,1.4,7.6,-1.2,2.7,0.033,0.849,0.882
806071,Jonny Farmelo,2025,A+,13,hitting,,scored,129 PA,129.0,0.0,29.0,0.333,,,,,,,,,,,,,,0.142,,-4.6,-0.0,4.4,-0.8,2.8,-0.096,0.641,0.0
806071,Jonny Farmelo,2026,AA,12,hitting,,scored,48 PA,48.0,0.0,10.0,0.325,,,,,,,,,,,,,,0.133,,-1.4,0.3,1.6,-0.3,3.0,0.03,0.335,0.365
806071,Jonny Farmelo,2026,A+,13,hitting,,scored,399 PA,399.0,0.0,83.0,0.375,,,,,,,,,,,,,,0.175,,-6.9,-0.3,13.6,-2.2,1.9,0.428,1.638,2.066
806198,Cooper Pratt,2023,ROK,16,hitting,,scored,54 PA,54.0,0.0,12.0,0.379,,,,,,,,,,,,,,0.192,,-3.1,0.3,1.8,0.6,1.7,-0.039,0.112,0.0
806198,Cooper Pratt,2024,A+,13,hitting,,scored,95 PA,95.0,0.0,23.0,0.294,,,,,,,,,,,,,,0.111,,-5.0,-0.0,3.2,1.1,3.0,-0.071,0.508,0.0
806198,Cooper Pratt,2024,A,14,hitting,,scored,311 PA,311.0,0.0,73.0,0.351,,,,,,,,,,,,,,0.162,,-11.7,2.0,10.6,3.4,2.6,0.43,1.167,1.597
806198,Cooper Pratt,2025,AA,12,hitting,,scored,527 PA,527.0,0.0,120.0,0.309,,,,,,,,,,,,,,0.12,,-19.2,2.8,18.0,5.6,3.0,0.723,3.103,3.826
806198,Cooper Pratt,2026,AAA,11,hitting,yes,scored,261 PA,261.0,0.0,58.0,0.327,,,,,,,,,,,,,,0.129,,-4.7,2.3,8.9,2.7,3.0,0.922,1.066,1.988
806258,Thomas White,2023,A,14,pitching,,insufficient_sample,18 BF (need 60),0.0,18.0,2.0,,,,,,,,,,,,,,,,,,,,,,0.0,0.0,0.0
806258,Thomas White,2023,ROK,16,pitching,,insufficient_sample,6 BF (need 60),0.0,6.0,1.0,,,,,,,,,,,,,,,,,,,,,,0.0,0.0,0.0
806258,Thomas White,2024,A+,13,pitching,,scored,"254 BF, 62.0 IP",0.0,254.0,13.0,,3.47,1.16,0.304,3.05,0.299,0.083,0.476,13.0,1.0,4.8,78.7,4.77,starter,,0.59,-9.6,,8.7,,3.0,-0.096,1.199,0.0
806258,Thomas White,2024,A,14,pitching,,scored,"157 BF, 34.0 IP",0.0,157.0,8.0,,3.05,1.59,0.407,4.5,0.28,0.108,0.574,8.0,1.0,4.2,78.5,4.25,starter,,1.11,-5.6,,5.4,,2.7,-0.027,0.503,0.0
806258,Thomas White,2025,AAA,11,pitching,,insufficient_sample,40 BF (need 60),0.0,40.0,2.0,,,,,,,,,,,,,,,,,,,,,,0.0,0.0,0.0
806258,Thomas White,2025,AA,12,pitching,,scored,"191 BF, 45.3 IP",0.0,191.0,10.0,,2.36,1.19,0.322,4.76,0.393,0.126,0.475,10.0,1.0,4.5,86.2,4.53,starter,,1.56,-2.2,,6.5,,3.0,0.437,0.514,0.951
806258,Thomas White,2025,A+,13,pitching,,scored,"145 BF, 35.0 IP",0.0,145.0,9.0,,2.0,1.11,0.301,4.37,0.366,0.117,0.51,9.0,1.0,3.9,62.8,3.89,starter,,2.08,-2.3,,5.0,,2.9,0.261,0.644,0.906
806258,Thomas White,2026,AAA,11,pitching,,scored,"81 BF, 18.7 IP",0.0,81.0,5.0,,4.85,1.45,0.366,4.34,0.309,0.111,0.556,5.0,1.0,3.7,76.4,3.73,starter,,0.24,0.0,,2.8,,3.0,0.277,0.121,0.398
806258,Thomas White,2026,A,14,pitching,,insufficient_sample,26 BF (need 60),0.0,26.0,2.0,,,,,,,,,,,,,,,,,,,,,,0.0,0.0,0.0
806953,Eduardo Tait,2024,A,14,hitting,,scored,114 PA,114.0,0.0,28.0,0.331,,,,,,,,,,,,,,0.144,,-5.3,0.0,3.9,2.2,3.0,0.079,0.493,0.573
806953,Eduardo Tait,2024,ROK,16,hitting,,scored,212 PA,212.0,0.0,51.0,0.373,,,,,,,,,,,,,,0.187,,-11.3,0.3,7.2,3.9,2.6,0.021,0.635,0.655
806953,Eduardo Tait,2025,A+,13,hitting,,scored,154 PA,154.0,0.0,37.0,0.297,,,,,,,,,,,,,,0.112,,-8.2,0.0,5.3,2.9,3.0,-0.006,0.819,0.0
806953,Eduardo Tait,2025,A,14,hitting,,scored,332 PA,332.0,0.0,75.0,0.326,,,,,,,,,,,,,,0.14,,-16.4,0.0,11.3,5.8,3.0,0.072,1.444,1.517
806953,Eduardo Tait,2026,A+,13,hitting,,scored,401 PA,401.0,0.0,90.0,0.313,,,,,,,,,,,,,,0.124,,-18.8,-0.2,13.7,6.9,3.0,0.158,2.554,2.712
806956,Ethan Salas,2023,AA,12,hitting,,insufficient_sample,33 PA (need 40),33.0,0.0,9.0,,,,,,,,,,,,,,,,,,,,,,0.0,0.0,0.0
806956,Ethan Salas,2023,A+,13,hitting,,insufficient_sample,37 PA (need 40),37.0,0.0,9.0,,,,,,,,,,,,,,,,,,,,,,0.0,0.0,0.0
806956,Ethan Salas,2023,A,14,hitting,,scored,220 PA,220.0,0.0,48.0,0.357,,,,,,,,,,,,,,0.166,,-8.9,0.1,7.5,3.7,3.0,0.241,0.996,1.237
806956,Ethan Salas,2024,A+,13,hitting,,scored,469 PA,469.0,0.0,111.0,0.268,,,,,,,,,,,,,,0.089,,-30.7,0.4,16.0,8.6,3.0,-0.566,2.509,0.0
806956,Ethan Salas,2025,AA,12,hitting,,scored,41 PA,41.0,0.0,10.0,0.264,,,,,,,,,,,,,,0.083,,-2.5,0.3,1.4,0.8,3.0,-0.01,0.241,0.0
806956,Ethan Salas,2026,AAA,11,hitting,,insufficient_sample,15 PA (need 40),15.0,0.0,3.0,,,,,,,,,,,,,,,,,,,,,,0.0,0.0,0.0
806956,Ethan Salas,2026,AA,12,hitting,,scored,300 PA,300.0,0.0,72.0,0.337,,,,,,,,,,,,,,0.143,,-6.4,0.2,10.2,5.6,3.0,0.967,2.095,3.062
806958,Felnin Celesten,2024,ROK,16,hitting,,scored,144 PA,144.0,0.0,32.0,0.424,,,,,,,,,,,,,,0.23,,-5.6,0.1,4.9,1.5,1.6,0.087,0.271,0.358
806958,Felnin Celesten,2025,A+,13,hitting,,scored,48 PA,48.0,0.0,11.0,0.279,,,,,,,,,,,,,,0.097,,-3.0,-0.1,1.6,0.5,3.0,-0.096,0.255,0.0
806958,Felnin Celesten,2025,A,14,hitting,,scored,424 PA,424.0,0.0,93.0,0.324,,,,,,,,,,,,,,0.139,,-21.3,0.4,14.5,4.3,2.6,-0.213,1.616,0.0
806958,Felnin Celesten,2026,AA,12,hitting,,insufficient_sample,38 PA (need 40),38.0,0.0,9.0,,,,,,,,,,,,,,,,,,,,,,0.0,0.0,0.0
806958,Felnin Celesten,2026,A+,13,hitting,,scored,364 PA,364.0,0.0,80.0,0.402,,,,,,,,,,,,,,0.198,,-1.4,1.1,12.4,3.7,2.9,1.583,2.279,3.863
806964,Sebastian Walcott,2023,A+,13,hitting,,insufficient_sample,16 PA (need 40),16.0,0.0,4.0,,,,,,,,,,,,,,,,,,,,,,0.0,0.0,0.0
806964,Sebastian Walcott,2023,ROK,16,hitting,,scored,157 PA,157.0,0.0,35.0,0.357,,,,,,,,,,,,,,0.173,,-9.9,-0.1,5.4,1.6,3.0,-0.3,0.569,0.0
806964,Sebastian Walcott,2024,AA,12,hitting,,insufficient_sample,24 PA (need 40),24.0,0.0,5.0,,,,,,,,,,,,,,,,,,,,,,0.0,0.0,0.0
806964,Sebastian Walcott,2024,A+,13,hitting,,scored,491 PA,491.0,0.0,116.0,0.339,,,,,,,,,,,,,,0.148,,-15.3,1.1,16.8,5.4,3.0,0.795,2.626,3.421
806964,Sebastian Walcott,2025,AA,12,hitting,,scored,552 PA,552.0,0.0,124.0,0.33,,,,,,,,,,,,,,0.137,,-13.7,1.6,18.9,5.7,3.0,1.244,3.25,4.495
806964,Sebastian Walcott,2026,AA,12,hitting,,scored,53 PA,53.0,0.0,12.0,0.417,,,,,,,,,,,,,,0.209,,1.2,0.4,1.8,0.6,3.0,0.402,0.37,0.772
806964,Sebastian Walcott,2026,ROK,16,hitting,,insufficient_sample,7 PA (need 40),7.0,0.0,2.0,,,,,,,,,,,,,,,,,,,,,,0.0,0.0,0.0
806965,Starlyn Caba,2024,A,14,hitting,,scored,115 PA,115.0,0.0,26.0,0.243,,,,,,,,,,,,,,0.072,,-9.4,0.5,3.9,0.8,3.0,-0.421,0.498,0.0
806965,Starlyn Caba,2024,ROK,16,hitting,,scored,225 PA,225.0,0.0,52.0,0.356,,,,,,,,,,,,,,0.173,,-13.1,1.4,7.7,1.6,1.8,-0.237,0.483,0.0
806965,Starlyn Caba,2025,A,14,hitting,,scored,231 PA,231.0,0.0,51.0,0.285,,,,,,,,,,,,,,0.107,,-15.2,0.2,7.9,1.6,2.9,-0.558,0.956,0.0
806965,Starlyn Caba,2026,A+,13,hitting,,scored,304 PA,304.0,0.0,66.0,0.347,,,,,,,,,,,,,,0.152,,-9.3,2.1,10.4,2.0,3.0,0.522,1.937,2.458
807284,Cam Caminiti,2024,A,14,pitching,,insufficient_sample,12 BF (need 60),0.0,12.0,1.0,,,,,,,,,,,,,,,,,,,,,,0.0,0.0,0.0
807284,Cam Caminiti,2025,A,14,pitching,,scored,"235 BF, 56.3 IP",0.0,235.0,13.0,,2.83,1.22,0.326,4.15,0.319,0.111,0.552,13.0,1.0,4.3,74.7,4.33,starter,,1.39,-8.7,,8.0,,3.0,-0.068,0.92,0.0
807284,Cam Caminiti,2025,ROK,16,pitching,,scored,"60 BF, 13.7 IP",0.0,60.0,4.0,,6.07,1.39,0.342,1.32,0.25,0.033,0.731,4.0,1.0,3.4,45.8,3.42,starter,,-1.04,-4.2,,2.0,,1.5,-0.216,0.075,-0.141
807284,Cam Caminiti,2026,A+,13,pitching,,scored,"357 BF, 83.3 IP",0.0,357.0,18.0,,3.79,1.21,0.284,4.0,0.261,0.104,0.572,17.0,0.944,4.9,80.9,4.63,starter,,1.33,-4.1,,12.2,,3.0,0.812,1.611,2.423
807712,Luke Keaschall,2023,A+,13,hitting,,insufficient_sample,34 PA (need 40),34.0,0.0,8.0,,,,,,,,,,,,,,,,,,,,,,0.0,0.0,0.0
807712,Luke Keaschall,2023,A,14,hitting,,scored,94 PA,94.0,0.0,20.0,0.386,,,,,,,,,,,,,,0.19,,-2.7,0.8,3.2,-0.7,1.7,0.056,0.244,0.301
807712,Luke Keaschall,2023,ROK,16,hitting,,insufficient_sample,12 PA (need 40),12.0,0.0,3.0,,,,,,,,,,,,,,,,,,,,,,0.0,0.0,0.0
807712,Luke Keaschall,2024,AA,12,hitting,,scored,267 PA,267.0,0.0,58.0,0.365,,,,,,,,,,,,,,0.168,,-0.8,-0.2,9.1,-2.1,3.0,0.609,1.588,2.198
807712,Luke Keaschall,2024,A+,13,hitting,,scored,197 PA,197.0,0.0,44.0,0.431,,,,,,,,,,,,,,0.225,,2.6,1.4,6.7,-1.6,1.7,0.915,0.598,1.513
807712,Luke Keaschall,2025,AAA,11,hitting,yes,scored,58 PA,58.0,0.0,14.0,0.329,,,,,,,,,,,,,,0.131,,-0.9,0.3,2.0,-0.5,3.0,0.084,0.231,0.316
807713,Matt Shaw,2023,AA,12,hitting,,scored,70 PA,70.0,0.0,15.0,0.358,,,,,,,,,,,,,,0.159,,-1.0,0.5,2.4,0.7,3.0,0.266,0.465,0.73
807713,Matt Shaw,2023,A+,13,hitting,,scored,89 PA,89.0,0.0,20.0,0.454,,,,,,,,,,,,,,0.241,,1.6,0.6,3.0,0.9,2.0,0.615,0.335,0.951
807713,Matt Shaw,2023,ROK,16,hitting,,insufficient_sample,11 PA (need 40),11.0,0.0,3.0,,,,,,,,,,,,,,,,,,,,,,0.0,0.0,0.0
807713,Matt Shaw,2024,AAA,11,hitting,,scored,152 PA,152.0,0.0,35.0,0.399,,,,,,,,,,,,,,0.188,,4.5,-0.0,5.2,1.6,3.0,1.131,0.612,1.743
807713,Matt Shaw,2024,AA,12,hitting,,scored,371 PA,371.0,0.0,86.0,0.363,,,,,,,,,,,,,,0.166,,-1.6,1.2,12.7,4.0,2.4,1.619,1.787,3.406
808265,Franklin Arias,2024,A,14,hitting,,scored,166 PA,166.0,0.0,36.0,0.313,,,,,,,,,,,,,,0.13,,-8.8,0.1,5.7,1.7,3.0,-0.141,0.718,0.0
808265,Franklin Arias,2024,ROK,16,hitting,,scored,206 PA,206.0,0.0,51.0,0.449,,,,,,,,,,,,,,0.251,,-6.6,1.5,7.0,2.4,1.8,0.433,0.431,0.864
808265,Franklin Arias,2025,AA,12,hitting,,scored,48 PA,48.0,0.0,10.0,0.282,,,,,,,,,,,,,,0.098,,-2.5,-0.1,1.6,0.5,3.0,-0.051,0.283,0.0
808265,Franklin Arias,2025,A+,13,hitting,,scored,392 PA,392.0,0.0,87.0,0.31,,,,,,,,,,,,,,0.123,,-18.4,-0.9,13.4,4.0,3.0,-0.179,2.085,0.0
808265,Franklin Arias,2025,A,14,hitting,,scored,86 PA,86.0,0.0,19.0,0.359,,,,,,,,,,,,,,0.168,,-3.1,0.2,2.9,0.9,2.8,0.094,0.35,0.444
808265,Franklin Arias,2026,AAA,11,hitting,,insufficient_sample,35 PA (need 40),35.0,0.0,7.0,,,,,,,,,,,,,,,,,,,,,,0.0,0.0,0.0
808265,Franklin Arias,2026,AA,12,hitting,,scored,332 PA,332.0,0.0,75.0,0.415,,,,,,,,,,,,,,0.208,,7.5,0.1,11.3,3.5,3.0,2.244,2.318,4.562
809707,Charlie Condon,2024,A+,13,hitting,,scored,109 PA,109.0,0.0,25.0,0.234,,,,,,,,,,,,,,0.061,,-8.9,0.5,3.7,-1.5,2.4,-0.623,0.459,-0.164
809707,Charlie Condon,2025,AA,12,hitting,,scored,237 PA,237.0,0.0,55.0,0.347,,,,,,,,,,,,,,0.152,,-3.5,0.1,8.1,-3.4,2.9,0.133,1.365,1.498
809707,Charlie Condon,2025,A+,13,hitting,,scored,167 PA,167.0,0.0,35.0,0.382,,,,,,,,,,,,,,0.182,,-2.1,-0.5,5.7,-2.2,1.4,0.1,0.413,0.513
809707,Charlie Condon,2025,ROK,16,hitting,,insufficient_sample,29 PA (need 40),29.0,0.0,9.0,,,,,,,,,,,,,,,,,,,,,,0.0,0.0,0.0
809707,Charlie Condon,2026,AAA,11,hitting,,scored,415 PA,415.0,0.0,90.0,0.403,,,,,,,,,,,,,,0.193,,13.0,-0.0,14.2,-5.6,3.0,2.165,1.695,3.86
814307,Zyhir Hope,2023,ROK,16,hitting,,scored,43 PA,43.0,0.0,11.0,0.413,,,,,,,,,,,,,,0.22,,-2.0,0.1,1.5,-0.3,2.1,-0.078,0.111,0.0
814307,Zyhir Hope,2024,A,14,hitting,,scored,248 PA,248.0,0.0,54.0,0.395,,,,,,,,,,,,,,0.198,,-5.0,0.4,8.5,-1.4,3.0,0.25,1.073,1.323
814307,Zyhir Hope,2024,ROK,16,hitting,,insufficient_sample,24 PA (need 40),24.0,0.0,7.0,,,,,,,,,,,,,,,,,,,,,,0.0,0.0,0.0
814307,Zyhir Hope,2025,AA,12,hitting,,insufficient_sample,20 PA (need 40),20.0,0.0,6.0,,,,,,,,,,,,,,,,,,,,,,0.0,0.0,0.0
814307,Zyhir Hope,2025,A+,13,hitting,,scored,524 PA,524.0,0.0,121.0,0.354,,,,,,,,,,,,,,0.159,,-13.6,1.6,17.9,-3.1,3.0,0.273,2.787,3.06
814307,Zyhir Hope,2026,AA,12,hitting,,scored,425 PA,425.0,0.0,94.0,0.381,,,,,,,,,,,,,,0.179,,1.3,1.6,14.5,-2.4,3.0,1.504,2.967,4.472
815394,Theo Gillen,2024,A,14,hitting,,insufficient_sample,34 PA (need 40),34.0,0.0,8.0,,,,,,,,,,,,,,,,,,,,,,0.0,0.0,0.0
815394,Theo Gillen,2025,A,14,hitting,,scored,324 PA,324.0,0.0,73.0,0.373,,,,,,,,,,,,,,0.18,,-9.7,2.9,11.1,-1.9,2.6,0.237,1.231,1.468
815394,Theo Gillen,2026,AA,12,hitting,,scored,128 PA,128.0,0.0,27.0,0.398,,,,,,,,,,,,,,0.194,,1.7,0.3,4.4,-0.7,3.0,0.559,0.894,1.452
815394,Theo Gillen,2026,A+,13,hitting,,scored,265 PA,265.0,0.0,57.0,0.441,,,,,,,,,,,,,,0.23,,3.9,2.1,9.1,-1.5,2.9,1.355,1.655,3.01
815888,Leo De Vries,2024,A,14,hitting,,scored,360 PA,360.0,0.0,75.0,0.351,,,,,,,,,,,,,,0.161,,-13.7,0.9,12.3,3.5,3.0,0.299,1.558,1.857
815888,Leo De Vries,2025,AA,12,hitting,,scored,103 PA,103.0,0.0,21.0,0.379,,,,,,,,,,,,,,0.178,,0.3,-0.0,3.5,1.0,3.0,0.476,0.607,1.083
815888,Leo De Vries,2025,A+,13,hitting,,scored,433 PA,433.0,0.0,97.0,0.34,,,,,,,,,,,,,,0.148,,-14.1,-0.6,14.8,4.5,3.0,0.459,2.303,2.762
815888,Leo De Vries,2026,AA,12,hitting,,scored,388 PA,388.0,0.0,84.0,0.359,,,,,,,,,,,,,,0.161,,-3.5,3.1,13.3,3.9,3.0,1.672,2.709,4.381
815908,Jesús Made,2025,AA,12,hitting,,insufficient_sample,24 PA (need 40),24.0,0.0,5.0,,,,,,,,,,,,,,,,,,,,,,0.0,0.0,0.0
815908,Jesús Made,2025,A+,13,hitting,,scored,123 PA,123.0,0.0,27.0,0.395,,,,,,,,,,,,,,0.193,,-0.7,-0.4,4.2,1.2,3.0,0.434,0.654,1.088
815908,Jesús Made,2025,A,14,hitting,,scored,378 PA,378.0,0.0,83.0,0.34,,,,,,,,,,,,,,0.152,,-16.5,2.1,12.9,3.8,3.0,0.235,1.644,1.879
815908,Jesús Made,2026,AA,12,hitting,,scored,414 PA,414.0,0.0,90.0,0.352,,,,,,,,,,,,,,0.155,,-5.5,1.2,14.1,4.2,3.0,1.401,2.891,4.292
